fundraiser_name,fundraiser_type,organizations,public_numbers,start_date,end_date,address,status,expected_donation,credited,org_type,,
Item Sale Benefitting THON,Item Sale,Jill Getty and Ellie Sams (2024),3075,8/1/2023,8/8/2023,,Denied,100,,Independent Couple,,
August Step Competiton Benefitting THON,Sporting Event,Mia Paschuck and Sophia Reinke (2024),3100,8/1/2023,8/14/2023,,Approved,120,,Independent Couple,,
Diane and Anna's 5k Bake Sale Benefitting THON,Bake Sale,Anna Boyer and Diane Friedman (2024),3086,8/7/2023,8/7/2023,The Sidney And Pauline Friedman Jewish Community Center: 613 SJ STRAUSS LN  KINGSTON PA 18704,Canceled,200,,Independent Couple,,
Volé x Alpha Sigma Phi Popsicle Sale Benefitting THON,100 Days 'Til THON Alternative Fundraiser,Alpha Sigma Phi & Volé,126 & 34,10/22/2023,10/22/2023,THON 5K:,Canceled,100,,General,,
Fayette 100 Days 'Til THON Benefitting THON,100 Days 'Til THON Alternative Fundraiser,Fayette,44,10/23/2023,10/23/2023,Penn State University Park:     ,Denied,200,,Commonwealth,,
Diane and Anna's 5k Ribbon Sale Benefitting THON,Item Sale,Anna Boyer and Diane Friedman (2024),3086,8/7/2023,8/7/2023,The Sidney and Pauline Friedman Jewish Community Center: 613 SJ STRAUSS LN  KINGSTON PA 18704,Approved,200,92,Independent Couple,,
YETI Auction Benefitting THON,Item Auction,Maggie Fechtman and Maddie Shine (2024),3071,8/8/2023,8/20/2023,,Approved,200,,Independent Couple,,
South Moon Benefitting THON,Item Sale,Maeve Riley and Sophie Sclafani (2024),3138,8/8/2023,8/17/2023,,Approved,250,,Independent Couple,,
Abbey and Ana IDC Ribbon Sale Benefitting THON,Restaurant Fundraiser,Abbey Picozzi and Ana Sophy (2024),3113,8/11/2023,8/11/2023,Nat's Pizza: 138 W STATE ST  DOYLESTOWN PA 18901,Approved,200,,Independent Couple,,
Cornhole Tournament Benefitting THON,Sporting Event,Abbey Picozzi and Ana Sophy (2024),3113,8/13/2023,8/13/2023,Picozzi House: 116 KATHERINE WAY  HATFIELD PA 19440,Approved,300,,Independent Couple,,
Penn State Scranton Ultimate Tailgate Raffle Benefitting THON,100 Days 'Til THON Alternative Fundraiser,Scranton,171,10/30/2023,11/8/2023,Penn State Scranton:     ,Approved,350,335,Commonwealth,,
Sigma Sigma Sigma x Zeta Beta Tau 100 Days Alt Funds Benefitting THON,100 Days 'Til THON Alternative Fundraiser,Sigma Sigma Sigma Tri Sigma & Zeta Beta Tau ZBT,33 & 1476,10/31/2023,10/31/2023,The Hub:     ,Denied,250,,Greek,,
Lollipop Sale Benefitting THON,Item Sale,Emily McGourty and Andrea DeLeon-Rivera (2024),3106,8/14/2023,8/20/2023,Allison’s Clothing Co.: 522 PENN AVE  WEST READING PA 19611,Denied,100,,Independent Couple,,
Maggie and Maddie Dance Class Benefitting THON,Event/Concert,Maggie Fechtman and Maddie Shine (2024),3071,8/16/2023,8/16/2023,On Edge Movement Dance Studio: 1019 EGYPT RD STE 1  PHOENIXVILLE PA 19460,Approved,120,,Independent Couple,,
Penn State Lehigh Valley 100 Days Til THON Ribbon Sale Benefitting THON,100 Days 'Til THON Alternative Fundraiser,Lehigh Valley,113,11/6/2023,11/10/2023,Penn State Lehigh Valley:     ,Canceled,100,,Commonwealth,,
Penn State Lehigh Valley 100 Days Til THON Benefitting THON,100 Days 'Til THON Alternative Fundraiser,Lehigh Valley,113,11/6/2023,11/10/2023,Penn State Lehigh Valley:     ,Approved,100,210.11,Commonwealth,,
Brooke & McKenna X Emmthrifts Benefitting THON,Item Sale,Brooke Rockovits and McKenna Byrne (2024),3112,8/22/2023,9/4/2023,,Approved,350,,Independent Couple,,
Penn State Law Sandcastle Contest for 100 Days 'Til THON Alternative Fundraisers Benefitting THON,100 Days 'Til THON Alternative Fundraiser,Penn State Law,1552,11/8/2023,11/8/2023,HUB:     ,Denied,100,,Commonwealth,,
Penn State Law Seashell Sale for 100 Days 'Til THON Alternative Fundraisers Benefitting THON,100 Days 'Til THON Alternative Fundraiser,Penn State Law,1552,11/8/2023,11/8/2023,HUB:     ,Denied,20,,Commonwealth,,
Penn State Law Seashell Guessing Contest for 100 Days 'Til THON Alternative Fundraisers Benefitting THON,100 Days 'Til THON Alternative Fundraiser,Penn State Law,1552,11/8/2023,11/8/2023,HUB:     ,Denied,25,,Commonwealth,,
Penn State Law Friendship Bracelets for 100 Days 'Til THON Alternative Fundraisers Benefitting THON,100 Days 'Til THON Alternative Fundraiser,Penn State Law,1552,11/8/2023,11/8/2023,HUB:     ,Denied,100,,Commonwealth,,
Clothing Sale Benefitting THON,Item Sale,Bridget Monaco and Dana Szczublewski (2024),3098,8/24/2023,8/24/2023,Dana Szczblewski's House: 625 S ALLEN ST  STATE COLLEGE PA 16801,Approved,125,100,Independent Couple,,
Back to School Goodie Bags Benefitting THON,Item Sale,Carly Weisfelner and Emily Locker (2024),3085,8/29/2023,9/1/2023,Carly Weisfelner: 131 HIESTER ST Unit 907 STATE COLLEGE PA 16801,Approved,50,,Independent Couple,,
FOTO 100 Days Seashell Decorating Benefitting THON,100 Days 'Til THON Alternative Fundraiser,FOTO ,1336,11/8/2023,11/8/2023,HUB:     ,Denied,100,,Special Interest,,
FOTO 100 Days 'til THON Sand Art Benefitting THON,100 Days 'Til THON Alternative Fundraiser,FOTO ,1336,11/8/2023,11/8/2023,HUB:     ,Denied,100,,Special Interest,,
FOTO Sand Art Benefitting THON,100 Days 'Til THON Alternative Fundraiser,FOTO ,1336,11/8/2023,11/8/2023,HUB:     ,Canceled,100,,Special Interest,,
FOTO 100 Days Sunglasses Decorating Benefitting THON,100 Days 'Til THON Alternative Fundraiser,FOTO ,1336,11/8/2023,11/8/2023,HUB:     ,Denied,100,,Special Interest,,
Pasta Sale Benefitting THON,Benefit Dinner,Carly Weisfelner and Emily Locker (2024),3085,8/30/2023,8/30/2023,Carly Weisfelner: 131 HIESTER ST Unit 907 STATE COLLEGE PA 16801,Approved,200,,Independent Couple,,
"Mr. 100 Days ""Ken"" Pageant Benefitting THON",100 Days 'Til THON Alternative Fundraiser,Delta Sigma Pi ,85,11/8/2023,11/8/2023,Alumni Hall in the Hub Robeson Center:     ,Denied,300,,General,,
Chi Phi and Phi Sigma Rho 100 Days Fundraiser Benefitting THON,100 Days 'Til THON Alternative Fundraiser,Chi Phi & Phi Sigma Rho Phi Rho,81 & 160,11/8/2023,11/8/2023,HUB-Robeson Building:     ,Denied,200,,General,,
Volé x Alpha Sigma Phi Beach Towel Sale Benefitting THON,100 Days 'Til THON Alternative Fundraiser,Alpha Sigma Phi & Volé,126 & 34,11/8/2023,11/8/2023,HUB-Robeson Center:     ,Canceled,100,,General,,
World Campus 100 Days Benefitting THON,100 Days 'Til THON Alternative Fundraiser,World Campus,1318,11/8/2023,11/8/2023,HUB-Robeson Center:     ,Denied,200,,Commonwealth,,
Pasta Sale Benefitting THON,Benefit Dinner,Carly Weisfelner and Emily Locker (2024),3085,8/30/2023,8/30/2023,Carly Weisfelner: 131 HIESTER ST Unit 907 STATE COLLEGE PA 16801,Canceled,200,,Independent Couple,,
HEAL x 100 Days Beach Art Benefitting THON,100 Days 'Til THON Alternative Fundraiser,HEAL: Help Every Angel Live ,1540,11/8/2023,11/8/2023,The HUB:     ,Denied,50,,Special Interest,,
Maeve and Sophie Back to School Clothing Sale Benefitting THON,Item Sale,Maeve Riley and Sophie Sclafani (2024),3138,8/31/2023,9/8/2023,,Canceled,250,,Independent Couple,,
100 Days Fundraiser with Atlas Benefitting THON,100 Days 'Til THON Alternative Fundraiser,Atlas ,312,11/8/2023,11/8/2023,HUB Robenson Center:     ,Denied,200,,Special Interest,,
Beaded Bracelets Alexa and Kayla Breisch x Benefitting THON,Item Sale,Alexa Breisch and Kayla Breisch (2024),3108,8/31/2023,9/13/2023,,Denied,100,,Independent Couple,,
TEPandGSS x 100 Days Fundraiser Benefitting THON,100 Days 'Til THON Alternative Fundraiser,Gamma Sigma Sigma  & Tau Epsilon Phi TEP,46 & 2213,11/8/2023,11/8/2023,HUB - Robeson Center:     ,Denied,150,,Greek,,
Penn State Harrisburg x 100 Days Til THON Bowling Benefitting THON,100 Days 'Til THON Alternative Fundraiser,Harrisburg,164,11/8/2023,11/8/2023,Trindle Bowl: 4695 E TRINDLE RD  MECHANICSBURG PA 17050,Approved,100,105,Commonwealth,,
Kappa Kappa Gamma 100 Days Raffle Benefitting THON,100 Days 'Til THON Alternative Fundraiser,Kappa Kappa Gamma,22,11/8/2023,11/8/2023,HUB Robeson Center:     ,Approved,299.99,100,Greek,,
Hotdog Eating Contest Benefitting THON,Benefit Dinner,Maddie Blonder and Olivia Sanders (2024),3090,9/1/2023,9/1/2023,House in downtown State College: 122 E HAMILTON AVE  STATE COLLEGE PA 16801,Approved,100,300,Independent Couple,,
Alpha Epsilon Delta 100 Days Fundraiser Benefitting THON,100 Days 'Til THON Alternative Fundraiser,Alpha Epsilon Delta,65,11/8/2023,11/8/2023,Alumni Hall in the HUB:     ,Denied,100,,General,,
Ella Palmieri x Paige Blankenhorn Benefitting THON,Item Sale,Ella Palmieri and Paige Blankenhorn (2024),3084,9/2/2023,9/2/2023,Family Clothesline: 352 E COLLEGE AVE STE B  STATE COLLEGE PA 16801,Approved,300,,Independent Couple,,
Sigma Kappa and Fiji 100 days to THON Benefitting THON,100 Days 'Til THON Alternative Fundraiser,Phi Gamma Delta & Sigma Kappa,35 & 19,11/8/2023,11/8/2023,HUB Robertson Center:     ,Denied,200,,Greek,,
100 Days 'Till THON - Create Your Own Sand Art Benefitting THON,100 Days 'Til THON Alternative Fundraiser,Alpha Epsilon Pi AEPi & Alpha Phi,12 & 118,11/8/2023,11/8/2023,HUB Atrium:     ,Canceled,100,,Greek,,
Mack Madness 100 Days Fundraiser Benefitting THON,100 Days 'Til THON Alternative Fundraiser,"Mack Madness ""Mackie""",2685,11/8/2023,11/8/2023,HUB:     ,Denied,125,,Special Interest,,
Beaded Bracelets Alexa and Kayla Breisch x Benefitting THON,Item Sale,Alexa Breisch and Kayla Breisch (2024),3108,9/3/2023,9/16/2023,,Approved,100,55,Independent Couple,,
100 Days 'Till THON - Jar Sand Art Benefitting THON,100 Days 'Til THON Alternative Fundraiser,Alpha Epsilon Pi AEPi & Alpha Phi,12 & 118,11/8/2023,11/8/2023,The HUB atrium:     ,Denied,100,,Greek,,
Ayuda 100 Days Until THON Benefitting THON,100 Days 'Til THON Alternative Fundraiser,Ayuda ,1923,11/8/2023,11/8/2023,HUB-Robenson Center:     ,Denied,500,,Special Interest,,
100 Days 'Til THON Sand Art Benefitting THON,100 Days 'Til THON Alternative Fundraiser,Boulevard BLVD,1784,11/8/2023,11/8/2023,HUB-Robeson Center:     ,Denied,400,,General,,
Game Day Pins Benefitting THON,Item Sale,Riley Neglia and Kari Jim (2024),3137,9/4/2023,9/16/2023,Riley Neglia's Apartment: 320 E BEAVER AVE Apartment 423 STATE COLLEGE PA 16801,Canceled,200,,Independent Couple,,
PSU Football Whiteout Ticket/Parking Spot Auction Benefitting THON,Item Auction,Mia Paschuck and Sophia Reinke (2024),3100,9/7/2023,9/10/2023,,Approved,200,,Independent Couple,,
Shop Don't Blink x Carly and Emily Benefitting THON,Item Sale,Carly Weisfelner and Emily Locker (2024),3085,9/9/2023,9/9/2023,,Approved,200,,Independent Couple,,
Gameday Friendship Bracelets Benefitting THON,Item Sale,Kayla Best and Simone Garafalo (2024),3118,9/10/2023,9/22/2023,Penn Tower (Kayla's Apartment): 255 E BEAVER AVE Apt 402 STATE COLLEGE PA 16801,Approved,80,216,Independent Couple,,
Hot Dog Sale Benefitting THON,Bake Sale,Anna Boyer and Diane Friedman (2024),3086,9/17/2023,9/17/2023,Anna's House: 429 W COLLEGE AVE  STATE COLLEGE PA 16801,Canceled,100,,Independent Couple,,
SDT 100 Days Benefitting THON,100 Days 'Til THON Alternative Fundraiser,Sigma Delta Tau,24,11/8/2023,11/8/2023,Hub- Robenson Center:     ,Approved,100,37.02,Greek,,
Brooke & McKenna Pasta Dinner Benefitting THON,Benefit Dinner,Brooke Rockovits and McKenna Byrne (2024),3112,9/17/2023,9/17/2023,Bryce Jordan Tower: 463 E BEAVER AVE  STATE COLLEGE PA 16801,Canceled,200,,Independent Couple,,
Brooke & McKenna Pasta Dinner Benefitting THON,Benefit Dinner,Brooke Rockovits and McKenna Byrne (2024),3112,9/17/2023,9/17/2023,Bryce Jordan Tower: 463 E BEAVER AVE Apt 607 STATE COLLEGE PA 16801,Approved,200,290,Independent Couple,,
Kaizen x Operation Blue and Gold 100 Days Fundraiser Benefitting THON,100 Days 'Til THON Alternative Fundraiser,Kaizen  & Operation Blue and Gold OBG,133 & 1896,11/8/2023,11/8/2023,HUB:     ,Denied,70,,Special Interest,,
Pasta Dinner Benefitting THON,Benefit Dinner,Gigi Corazzi and Alyssa Aprahamian (2024),3125,9/17/2023,9/17/2023,Gigi Corazzi:     ,Approved,200,,Independent Couple,,
100 Days Personalized Bows X Benefitting THON,100 Days 'Til THON Alternative Fundraiser,Eberly College of Science Student Council ,140,11/8/2023,11/8/2023,The Hub-Robeson Center:     ,Denied,200,,General,,
Used Clothing Sale Benefitting THON,Item Sale,Maggie Fechtman and Maddie Shine (2024),3071,9/17/2023,9/17/2023,Pugh Centre: 150 E BEAVER AVE  STATE COLLEGE PA 16801,Approved,100,100,Independent Couple,,
100 Days Everyday Beach Tote Bag Sale x Benefitting THON,100 Days 'Til THON Alternative Fundraiser,Everyday Benefitting THON Everyday,1194,11/8/2023,11/8/2023,HUB:     ,Denied,50,,Special Interest,,
100 Days til' THON™ Axis Seashell Spectacle Benefitting THON,100 Days 'Til THON Alternative Fundraiser,Axis ,1747,11/8/2023,11/8/2023,HUB Robeson Center:     ,Denied,500,,Special Interest,,
Instagram BINGO Board Benefitting THON,100 Days 'Til THON Alternative Fundraiser,Brianna Lewis and Makenna Shields (2024),3107,9/18/2023,9/18/2023,,Denied,90,,Independent Couple,,
Build Your Own Pasta Benefitting THON,Benefit Dinner,Julia Krieder and Katie Fink (2024),3087,9/18/2023,9/18/2023,The Graduate - Julia Kreider: 138 S ATHERTON ST  STATE COLLEGE PA 16801,Denied,200,,Independent Couple,,
Oceans Calling Music Festival Ticket Sale Benefitting THON,Item Sale,Maggie Fechtman and Maddie Shine (2024),3071,9/18/2023,9/28/2023,,Canceled,210,,Independent Couple,,
Gab and Ashtyn's IDC X Coffee Stand Benefitting THON,Item Sale,Ashtyn Webb and Gab Zuckerman (2024),3089,9/18/2023,9/18/2023,HUB-Robeson Center:     ,Denied,240,,Independent Couple,,
Sigma Kappa and Phi Gamma Delta 100 Days 'Til THON Fundraiser Benefitting THON,100 Days 'Til THON Alternative Fundraiser,Phi Gamma Delta & Sigma Kappa,35 & 19,11/8/2023,11/8/2023,The Hub:     ,Denied,300,,Greek,,
Pasta Party Benefitting THON,Benefit Dinner,Sammy Topkis and Alexis Mason (2024),3092,9/20/2023,9/20/2023,Sammy Topkis: 532 E COLLEGE AVE Apartment 903 STATE COLLEGE PA 16801,Approved,300,305,Independent Couple,,
Rainbow Sand Art Station Benefitting THON,100 Days 'Til THON Alternative Fundraiser,Club Sailing  & Dance Alliance PSDA,408 & 1553,11/8/2023,11/8/2023,HUB:     ,Denied,100,,General,,
100 Days til THON Digging for Diamonds Benefitting THON,100 Days 'Til THON Alternative Fundraiser,Acacia & Gamma Phi Beta,16 & 7,11/8/2023,11/8/2023,HUB-Robeson Center:     ,Denied,50,,greek,,
Alexa and Kayla Bake Sale and Ribbon Sale Benefitting THON,Bake Sale,Alexa Breisch and Kayla Breisch (2024),3108,9/21/2023,9/21/2023,"Student Bookstore, Inc:     ",Approved,100,122,Independent Couple,,
Beach in a Jar x Circle K 100 Days Fundraiser Benefitting THON,100 Days 'Til THON Alternative Fundraiser,Circle K ,84,11/8/2023,11/8/2023,HUB:     ,Denied,100,,General,,
Treasure Chest 100 Days x Apollo Benefitting THON,100 Days 'Til THON Alternative Fundraiser,Apollo ,1745,11/8/2023,11/8/2023,HUB:     ,Approved,200,85,Special Interest,,
Vibe Coffee Benefitting THON,Restaurant Fundraiser,Jill Getty and Ellie Sams (2024),3075,9/21/2023,9/21/2023,Vibe Coffee: 401 W BEAVER AVE  STATE COLLEGE PA 16801,Approved,200,,Independent Couple,,
Emily Martin and Danielle Manni X Ice Bath Challenge Benefitting THON,Sporting Event,Emily Martin and Danielle Manni (2024),3152,9/22/2023,9/22/2023,Beaver Gardens: 525 E BEAVER AVE  STATE COLLEGE PA 16801,Approved,100,272,Independent Couple,,
Pi Beta Phi and Sigma Phi Epsilon Shell Guessing Competition Benefitting THON,100 Days 'Til THON Alternative Fundraiser,Pi Beta Phi Pi Phi,18,11/8/2023,11/8/2023,The HUB:     ,Denied,400,,Greek,,
Ohana X 100 Days Beach Snacks Sale Benefitting THON,100 Days 'Til THON Alternative Fundraiser,Ohana ,1161,11/8/2023,11/8/2023,HUB:     ,Denied,50,,Special Interest,,
Penn State CHAARG X 100 Days Benefitting THON,100 Days 'Til THON Alternative Fundraiser,"Changing Health, Attitudes, and Actions To Recreate Girls at Penn State CHAARG",2098,11/8/2023,11/8/2023,HUB:     ,Canceled,100,,General,,
Penn State CHAARG X 100 Days Benefitting THON,100 Days 'Til THON Alternative Fundraiser,"Changing Health, Attitudes, and Actions To Recreate Girls at Penn State CHAARG",2098,11/8/2023,11/8/2023,HUB:     ,Canceled,100,,General,,
Penn State DuBois 100 Days Benefitting THON,100 Days 'Til THON Alternative Fundraiser,Dubois,166,11/8/2023,11/8/2023,Penn State DuBois:     ,Approved,300,422.45,Commonwealth,,
Penn State York 100 Days Til THON Celebration Benefitting THON,100 Days 'Til THON Alternative Fundraiser,York,170,11/8/2023,11/8/2023,Penn State York:     ,Approved,20,,Commonwealth,,
"Penn State Scranton Bracelet, Bow, and Headband Sale Benefitting THON",100 Days 'Til THON Alternative Fundraiser,Scranton,171,11/8/2023,11/8/2023,Penn State Scranton:     ,Approved,75,70,Commonwealth,,
Paige Blankenhorn x Ella Palmieri Benefitting THON,Item Sale,Ella Palmieri and Paige Blankenhorn (2024),3084,9/23/2023,9/23/2023,352 E College Ave B:,Approved,300,,Independent Couple,,
Altoona Pie an ABT Member Benefitting THON,100 Days 'Til THON Alternative Fundraiser,Altoona,165,11/10/2023,11/10/2023,Penn State Altoona: 3000 IVYSIDE PARK  ALTOONA PA 16601,Approved,50,283,Commonwealth,,
Gameday Button Sale Benefitting THON,Item Sale,Danielle Valletti and Haley Begany (2024),3081,9/23/2023,9/23/2023,HUB Information Table #4:,Approved,375,270,Independent Couple,,
Club Hockey Jeopardy Night Benefitting THON,100 Days 'Til THON Alternative Fundraiser,Men's Ice Hockey Club Ice Lions & Whiplash Dance Team,215 & 129,12/5/2023,12/5/2023,UP: Forum Bldg RM 108:,Approved,250,100,General,,
12 Days of Holidays Benefitting THON,100 Days 'Til THON Alternative Fundraiser,OPPerations - LT Liaison,401,12/12/2023,12/23/2023,,Denied,2028,,General,,
Club Wrestling Pie an Exec Benefitting THON,100 Days 'Til THON Alternative Fundraiser,Club Wrestling ,1546,1/19/2024,1/19/2024,Hub Lawn:     ,Approved,75,151,General,,
Game Night Benefitting THON,100 Days 'Til THON Alternative Fundraiser,Alpha Epsilon Delta & Phi Epsilon Kappa PEK,65 & 2457,1/28/2024,1/28/2024,022 Biobehavioral Health Building:,Approved,1500,1521,General,,
Kaizen X OBG 5K 2023 Benefitting THON,5K,Kaizen  & Operation Blue and Gold OBG,133 & 1896,9/10/2023,9/10/2023,Wagner Building:     ,Approved,200,670,General,,
ur mom Benefitting THON,5K,R&R Test Org,777,9/18/2023,9/18/2023,ur mom:  227d hub house,Denied,500000,,General,,
ur mom Benefitting THON,5K,R&R Test Org,777,9/18/2023,9/18/2023,ur mom:  227d hub house,Denied,500000,,General,,
Club soccer running Benefitting THON,5K,Men's Club Soccer  & Women's Club Soccer ,69 & 145,9/20/2023,9/22/2023,,Approved,200,,General,,
Fayette 5k Fundraiser Benefitting THON,5K,Fayette,44,10/2/2023,10/2/2023,Penn State University Park:     ,Denied,1000,,Commonwealth,,
Phi Chi Theta 5k Fundraiser Benefitting THON,5K,Phi Chi Theta ,206,10/8/2023,10/15/2023,THOn 5k:,Denied,200,,General,,
Phi Chi Theta 5k Fundraiser Benefitting THON,5K,Phi Chi Theta ,206,10/8/2023,10/15/2023,THON 5k:,Denied,300,,General,,
Phi Chi Theta 5k Fundraiser Benefitting THON,5K,Phi Chi Theta ,206,10/8/2023,10/15/2023,THON 5k:,Denied,200,,General,,
5K Face Painting x Benefitting THON,5K,Eberly College of Science Student Council ,140,10/20/2023,10/22/2023,BJC:     ,Denied,150,,General,,
Phi Kappa Theta & Sigma Delta Tau Kite Flying 5K Fundraiser Benefitting THON,5K,Phi Kappa Theta & Sigma Delta Tau,24 & 49,10/22/2023,10/22/2023,Bryce Jordan Center:     ,Denied,500,,Greek,,
Sign Language Organization 5k Beat the Heat Benefitting THON,5K,Sign Language Organization ,237,10/22/2023,10/22/2023,BJC at 5k:,Denied,200,,General,,
Mack Madness 5k Fundraiser Benefitting THON,5K,"Mack Madness ""Mackie""",2685,10/22/2023,10/22/2023,THON 5k:,Approved,150,,Special Interest,,
Ski Club Does Costume Contest at 5K Benefitting THON,5K,Ski Club (Recreational) PSU Ski Club,392,10/22/2023,10/22/2023,BJC:     ,Denied,102,,General,,
Ski Club Holds a Game Of Tag During the 5K Benefitting THON,5K,Ski Club (Recreational) PSU Ski Club,392,10/22/2023,10/22/2023,BJC:     ,Denied,102,,General,,
Trilogy 5K Fundraiser Benefitting THON,5K,Trilogy ,10,10/22/2023,10/22/2023,THON 5K:,Denied,500,,Special Interest,,
Kappa Alpha Theta 5k Fundraiser Benefitting THON,5K,Kappa Alpha Theta,14,10/22/2023,10/22/2023,5k Finish Line:,Denied,300,,Greek,,
Penn State Law Sprint Race/Long Jump for 5k Benefitting THON,5K,Penn State Law,1552,10/22/2023,10/22/2023,5k:,Denied,100,,Commonwealth,,
Phi Gamma Nu Superhero Capes at 5K Benefitting THON,5K,Phi Gamma Nu ,29,10/22/2023,10/22/2023,Bryce Jordan Center:     ,Denied,200,,General,,
Breakfast Sandwiches Benefitting THON,Bake Sale,Maggie DeVito and Janine Fiorella (2024),3168,9/24/2023,9/24/2023,Pugh Centre: 150 E BEAVER AVE Apt. 414 STATE COLLEGE PA 16801,Approved,50,565,Independent Couple,,
"5K ""Fear Being Booed"" Bag Benefitting THON",5K,Alpha Epsilon Pi AEPi & Alpha Phi,12 & 118,10/22/2023,10/22/2023,Outside the BJC:     ,Denied,200,,Greek,,
Hot Dog Sale Benefitting THON,Bake Sale,Anna Boyer and Diane Friedman (2024),3086,9/24/2023,9/24/2023,Anna's House: 429 W COLLEGE AVE  STATE COLLEGE PA 16801,Approved,100,25,Independent Couple,,
! Hot Dog Eating Contest Benefitting THON,Bake Sale,Ian Cox and Sara Almasy (2024),3174,9/24/2023,10/1/2023,Ian Cox's House: 302 LOCUST LN  STATE COLLEGE PA 16801,Approved,200,,Independent Couple,,
Phi Gamma Delta and Sigma Kappa 5k Fundraiser Benefitting THON,5K,Phi Gamma Delta & Sigma Kappa,35 & 19,10/22/2023,10/22/2023,Along the 5k route:,Denied,500,,Greek,,
Whiplash x PKT 5K Fundraiser Benefitting THON,5K,Phi Kappa Tau PKT/ Phi Tau  & Whiplash Dance Team,47 & 215,10/22/2023,10/22/2023,THON 5K powered by PNC:,Denied,1500,,General,,
Boulevard 5k Fundraiser Benefitting THON,5K,Boulevard BLVD,1784,10/22/2023,10/22/2023,Outside of the Bryce Jordan Center:     ,Denied,50,,General,,
Take off Into the Future 5k x Apollo Benefitting THON,5K,Apollo ,1745,10/22/2023,10/22/2023,BJC- Curtain Rd:     ,Denied,200,,Special Interest,,
Sigma Kappa and Phi Gamma Delta 5K Fundraiser Benefitting THON,5K,Phi Gamma Delta & Sigma Kappa,35 & 19,10/22/2023,10/22/2023,Along the 5K Route:,Denied,500,,Greek,,
Delta Zeta / Sigma Pi 5k Fundraiser Benefitting THON,5K,Delta Zeta DZ & Sigma Pi,39 & 36,10/22/2023,10/22/2023,Bryce Jordan Center:     ,Approved,500,30,Greek,,
Blue & White Society BWS 5k Fundraiser Benefitting THON,5K,Blue & White Society BWS ,53,10/22/2023,10/22/2023,THON 5k:,Denied,200,,General,,
Phi Kappa Tau & Whiplash 5k Fundraiser Benefitting THON,5K,Phi Kappa Tau PKT/ Phi Tau  & Whiplash Dance Team,47 & 215,10/22/2023,10/22/2023,THON 5k powered by PNC:,Denied,1500,,General,,
Alphi Phi Omgea Benefitting THON,5K,Alpha Phi Omega ,54,10/22/2023,10/22/2023,Hub Lawn:     ,Denied,100,,General,,
Club Track and Field 5k Fundraiser Benefitting THON,5K,Club Track and Field ,270,10/22/2023,10/22/2023,Bryce Jordan Center (where the Thon 5k is located):,Denied,700,,General,,
Alpha Epsilon Delta and Phi Epsilon Kappa 5k Fundraiser Benefitting THON,5K,Alpha Epsilon Delta & Phi Epsilon Kappa PEK,65 & 2457,10/22/2023,10/22/2023,Bryce Jordan Center:     ,Denied,100,,General,,
DGDU Chasing Fearless Futures (Taylor's Version) Benefitting THON,5K,Delta Gamma & Delta Upsilon International Fraternity Delta Upsilon,1544 & 37,10/22/2023,10/22/2023,Bryce Jordan Center:     ,Denied,300,,Greek,,
Ayuda 5K Fundraiser Benefitting THON,5K,Ayuda ,1923,10/22/2023,10/22/2023,Bryce Jordan Center:     ,Denied,450,,Special Interest,,
Chi Phi and Phi Sigma Rho 5k Fundraiser Benefitting THON,5K,Chi Phi & Phi Sigma Rho Phi Rho,81 & 160,10/22/2023,10/22/2023,Bryce Jordan Center:     ,Denied,200,,Greek,,
Atlas 5k Fundraiser Benefitting THON,5K,Atlas ,312,10/22/2023,10/22/2023,Bryce Jordan Center:     ,Denied,100,,Special Interest,,
SPN Make a Vision 5K Fundraising Benefitting THON,5K,Student Philanthropy Network SPN,3198,10/22/2023,10/22/2023,Bryce Jordan Center:     ,Denied,300,,NewMC,,
SPN Make a Vision 5K Fundraiser Benefitting THON,5K,Student Philanthropy Network SPN,3198,10/22/2023,10/22/2023,Bryce Jordan Center:     ,Denied,300,,NewMC,,
Ohana 5k Fundraiser Benefitting THON,5K,Ohana ,1161,10/22/2023,10/22/2023,Bryce Jordan Center:     ,Denied,100,,Special Interest,,
Axis 5k Fundraiser Benefitting THON,5K,Axis ,1747,10/22/2023,10/22/2023,,Denied,300,,Special Interest,,
Science LionPride 5k Fundraiser Benefitting THON,5K,Science Lionpride SLP,1379,10/22/2023,10/22/2023,Outside Bryce Jordan Center:     ,Denied,100,,General,,
World Campus 5k Fundraiser Benefitting THON,5K,World Campus,1318,10/22/2023,10/22/2023,Penn State (University Park):     ,Denied,100,,Commonwealth,,
Scented Candles Sale Benefitting THON,Item Sale,Leah Jacobs and Ainsley Novotny (2024),3189,9/24/2023,10/7/2023,,Approved,50,316,Independent Couple,,
Alpha Omicron Pi & Phi Kappa Psi 5k Fundraiser Benefitting THON,5K,Alpha Omicron Pi AOII & Phi Kappa Psi,8 & 32,10/22/2023,10/22/2023,Bryce Jordan Center:     ,Denied,100,,Greek,,
Pasta Dinner Benefitting THON,Benefit Dinner,Riley Neglia and Kari Jim (2024),3137,9/25/2023,9/25/2023,Riley's Apartment: 320 E BEAVER AVE Apartment 423 STATE COLLEGE PA 16801,Approved,100,96,Independent Couple,,
Dance Alliance 5k Fundraiser Benefitting THON,5K,Club Sailing  & Dance Alliance PSDA,408 & 1553,10/22/2023,10/22/2023,THON 5k:,Denied,50,,General,,
Club Cross Country THON 5K Fundraiser Benefitting THON,5K,Club Cross Country XC,305,10/22/2023,10/23/2023,Bryce Jordan Center:     ,Denied,500,,General,,
Alpha Xi Delta 5k Fundraiser Benefitting THON,5K,Alpha Xi Delta AXID,31,10/22/2023,10/22/2023,Beaver Stadium:     ,Denied,200,,Greek,,
Puerto Rican Student Association 5k Fundraiser Benefitting THON,5K,Puerto Rican Student Association PRSA,688,10/22/2023,10/22/2023,Bryce Jordan Center:     ,Denied,245,,General,,
Kappa Kappa Gamma 5k Fundraiser Benefitting THON,5K,Kappa Kappa Gamma,22,10/22/2023,10/22/2023,Beaver Stadium: 1 Beaver Stadium  University park PA 16802,Denied,999.99,,Greek,,
Alpha Delta Pi 5k Fundraiser Benefitting THON,5K,Alpha Delta Pi ADPi,20,10/22/2023,10/22/2023,Bryce Jordan Center:     ,Denied,100,,Greek,,
Stick to Chasing Fearless Futures 5k Fundraiser - Club Sailing x Benefitting THON,5K,Club Sailing  & Dance Alliance PSDA,408 & 1553,10/22/2023,10/22/2023,University Park:     ,Denied,50,,General,,
Schreyer StuCo Pre-5k Hair Benefitting THON,5K,Schreyer Honors College Student Council SHC StuCo,1731,10/22/2023,10/22/2023,THON 5k:,Approved,300,81,General,,
Sigma Sigma Sigma x Zeta Beta Tau 5k Fundraiser Benefitting THON,5K,Sigma Sigma Sigma Tri Sigma & Zeta Beta Tau ZBT,33 & 1476,10/22/2023,10/22/2023,THON 5K:,Denied,100,,Greek,,
Photoshoot Benefitting THON,Item Sale,Riley Neglia and Kari Jim (2024),3137,9/25/2023,10/8/2023,Old Main:     ,Approved,200,115,Independent Couple,,
Sign Language Bake Sale Benefitting THON,Bake Sale,Sign Language Organization ,237,8/5/2023,8/5/2023,McCaffrey's Food Market - Newtown: 2890 S EAGLE RD  NEWTOWN PA 18940,Approved,100,218.25,General,,
Devon Bertram and Katelin Johndrow (2023) Bracelet Sale #1 Benefitting THON,Item Sale,Devon Bertram and Katelin Johndrow (2024),3069,9/25/2023,10/1/2023,Campus:     ,Approved,60,180,Independent Couple,,
FOTO Bake Sale Benefitting THON,Bake Sale,FOTO ,1336,9/1/2023,9/1/2023,First National Bank: 366 E COLLEGE AVE  STATE COLLEGE PA 16801,Approved,50,199.29,Special Interest,,
Tau Kappa Epsilon x Epsilon Sigma Alpha Bake Sale Benefitting THON,Bake Sale,Epsilon Sigma Alpha ESA & Tau Kappa Epsilon TKE,27 & 562,9/1/2023,9/1/2023,Student Bookstore: 330 E COLLEGE AVE  STATE COLLEGE PA 16801,Approved,60,124,Greek,,
Ayuda X Bake Sale Benefitting THON,Bake Sale,Ayuda ,1923,9/3/2023,9/3/2023,t. Paul's United Methodist Church: 250 E COLLEGE AVE  STATE COLLEGE PA 16801,Approved,188,473,Special Interest,,
SDT & Phi Who Ribbon and Bake Sale Benefitting THON,Bake Sale,Phi Kappa Theta & Sigma Delta Tau,24 & 49,9/8/2023,9/8/2023,Student Book Store: 330 E COLLEGE AVE  STATE COLLEGE PA 16801,Approved,500,276.75,Greek,,
FOTO Bake Sale Benefitting THON,Bake Sale,FOTO ,1336,9/8/2023,9/8/2023,Urban Outfitters: 234 E COLLEGE AVE  STATE COLLEGE PA 16801,Approved,49.98,330.57,Special Interest,,
Babka Benefitting THON,Bake Sale,Hillel ,50,9/14/2023,9/15/2023,180 S. Garner Stree:,Approved,100,220,General,,
Ohana Bake Sale Benefitting THON,Bake Sale,Apollo  & Ohana ,1161 & 1745,9/15/2023,9/15/2023,,Canceled,100,,Special Interest,,
Ohana Bake Sale Benefitting THON,Bake Sale,Ohana ,1161,9/15/2023,9/15/2023,Martin Luther King Jr Plaza: 123 S FRASER ST  STATE COLLEGE PA 16801,Approved,100,77,Special Interest,,
Bachelor in Paradise Fantasy League Benefitting THON,Sporting Event,Emily Shank and Esha Sharma (2024),3181,9/26/2023,9/28/2023,,Denied,150,,Independent Couple,,
Laura's Lions 46 Strong Sweatshirt Fundraiser Benefitting THON,Merchandise Sale,Brooke Rockovits and McKenna Byrne (2024),3112,9/27/2023,10/10/2023,,Approved,200,260,Independent Couple,,
FOTO Bake Sale Benefitting THON,Bake Sale,FOTO ,1336,9/22/2023,9/22/2023,Urban Outfitters: 234 E COLLEGE AVE  STATE COLLEGE PA 16801,Approved,50,372,Special Interest,,
Bake Sale Benefitting THON,Bake Sale,Atlas ,312,9/22/2023,9/22/2023,The Corner Room: 100 W COLLEGE AVE  STATE COLLEGE PA 16801,Approved,500,627,Special Interest,,
Epsilon Sigma Alpha Bake Sale Benefitting THON,Bake Sale,Epsilon Sigma Alpha ESA & Tau Kappa Epsilon TKE,27 & 562,9/22/2023,9/22/2023,Student Bookstore: 330 E COLLEGE AVE  STATE COLLEGE PA 16801,Approved,200,272,Greek,,
Chi Phi and Phi Sigma Rho Bake Sale Benefitting THON,Bake Sale,Chi Phi & Phi Sigma Rho Phi Rho,81 & 160,9/22/2023,9/22/2023,Family Clothesline: 352 E COLLEGE AVE  STATE COLLEGE PA 16801,Approved,100,187,Greek,,
Bake Sale Fundraiser for Alpha Kappa Psi and Phi Beta Lambda Benefitting THON,Bake Sale,Alpha Kappa Psi  & Phi Beta Lambda,61 & 1029,9/22/2023,9/22/2023,State College Theatre: 130 W COLLEGE AVE  STATE COLLEGE PA 16801,Approved,200,360,General,,
Anna & Diane Dare Board Benefitting THON,Item Sale,Anna Boyer and Diane Friedman (2024),3086,9/28/2023,9/28/2023,,Denied,125,,Independent Couple,,
Hot dogs Benefitting THON,Bake Sale,Mackenzie Lee and Cade Helfrich (2024),3133,9/29/2023,9/29/2023,Cade Helfrich: 229 LOCUST LN  STATE COLLEGE PA 16801,Approved,180,,Independent Couple,,
Pasta Fundraiser Benefitting THON,Benefit Dinner,Brianna Lewis and Makenna Shields (2024),3107,9/30/2023,9/30/2023,Makenna Shields:     ,Approved,200,197,Independent Couple,,
Bake Sale Phi Sigma Pi Benefitting THON,Bake Sale,Phi Sigma Pi PSP,60,9/24/2023,9/24/2023,In front of Urban Outfitters: 234 E COLLEGE AVE  STATE COLLEGE PA 16801,Canceled,250,,General,,
Tri-STATE Bake Sale Benefitting THON,Bake Sale,Tri-STATE ,1177,9/27/2023,9/27/2023,MISKA Jewelers: 100 E COLLEGE AVE  STATE COLLEGE PA 16801,Approved,200,302.05,Special Interest,,
ServeState Bake Sale Benefitting THON,Bake Sale,Servestate: Students For Philanthropy ServeState,546,9/29/2023,9/29/2023,HUB:     ,Canceled,80,,General,,
Andrew Spence and Dylan Lantz-Goldstein x Concert Benefitting THON,Event/Concert,Dylan Lantz-Goldstein and Andrew Spence (2024),3170,9/30/2023,9/30/2023,Andrew Spence: 144 N PATTERSON ST  STATE COLLEGE PA 16801,Denied,250,,Independent Couple,,
Bake Sale: SNAPS x KINES Benefitting THON,Bake Sale,Kinesiology Club KINES club & Student Nurses' Association at Penn State SNAPS,104 & 100,9/29/2023,9/29/2023,Student Book Store: 330 E COLLEGE AVE  STATE COLLEGE PA 16801,Approved,200,509.48,General,,
Tapestry Dance Company Bake Sale Benefitting THON,Bake Sale,Tapestry Dance Company ,142,10/1/2023,10/1/2023,The Student Book Store: 330 E COLLEGE AVE  STATE COLLEGE PA 16801,Approved,200,116,General,,
Bake Sale #1 x Apollo Benefitting THON,Bake Sale,Apollo ,1745,10/5/2023,10/6/2023,The Corner Room: 100 W COLLEGE AVE  STATE COLLEGE PA 16801,Approved,500,533,Special Interest,,
Maddie and Katie's Penn State Stickers Benefitting THON,Item Sale,Madelyn Ade and Katherine Dinsmore (2024),3151,9/30/2023,10/8/2023,,Approved,250,,Independent Couple,,
Ultimate Frisbee Bake Sale Benefitting THON,Bake Sale,Men's Club Ultimate Frisbee & Women's Club Ultimate Frisbee ,2067 & 348,10/7/2023,10/8/2023,IM fields on Park Ave:     ,Denied,100,,General,,
SfW Bake Sale Benefitting THON,Bake Sale,Empowering Women in Law EWIL & Schreyer for Women SFW,2886 & 2927,10/8/2023,10/8/2023,The Corner Room Restaurant: 100 W COLLEGE AVE  STATE COLLEGE PA 16801,Approved,300,280,General,,
Womens Club Soccer Bakesale Benefitting THON,Bake Sale,Women's Club Soccer ,69,10/8/2023,10/8/2023,West Campus soccer field:     ,Denied,150,,General,,
CIES Bake Sale Benefitting THON,Bake Sale,Corporate Innovation & Entrepreneurship Society CIES,727,10/10/2023,10/10/2023,Business Building 106:,Approved,30,65,General,,
Eclipse Bake Sale Benefitting THON,Bake Sale,Eclipse ,2020,10/11/2023,10/11/2023,Student Bookstore: 330 E COLLEGE AVE  STATE COLLEGE PA 16801,Approved,150,190.75,Special Interest,,
Bake Sale #2 x Apollo Benefitting THON,Bake Sale,Apollo ,1745,10/12/2023,10/12/2023,The Corner Room: 100 W COLLEGE AVE  STATE COLLEGE PA 16801,Approved,300,294,Special Interest,,
FOTO Bake Sale Benefitting THON,Bake Sale,FOTO ,1336,10/13/2023,10/13/2023,Student Book Store: 330 E COLLEGE AVE  STATE COLLEGE PA 16801,Approved,50,338.52,Special Interest,,
Sigma Kappa & FIJI Bake Sale Benefitting THON,Bake Sale,Phi Gamma Delta & Sigma Kappa,35 & 19,10/13/2023,10/13/2023,Phi Gamma Delta House: 319 N Burrowes Road  University Park PA 16802,Approved,200,434.47,Greek,,
Ayuda X Bake Sale Benefitting THON,Bake Sale,Ayuda ,1923,10/13/2023,10/13/2023,St. Pauls: 250 E COLLEGE AVE  STATE COLLEGE PA 16801,Approved,399.95,364,Special Interest,,
Trilogy Bake Sale Benefitting THON,Bake Sale,Trilogy ,10,10/13/2023,10/13/2023,Family Clothesline: 352 E COLLEGE AVE STE B  STATE COLLEGE PA 16801,Approved,200,278.06,Special Interest,,
Alpha Phi Omega Bake Sale Benefitting THON,Bake Sale,Alpha Phi Omega ,54,10/13/2023,10/13/2023,Hub Gazebo:     ,Approved,100,124,General,,
Ayuda X Bake Sale Benefitting THON,Bake Sale,Ayuda ,1923,10/13/2023,10/13/2023,St. Pauls: 250 E COLLEGE AVE  STATE COLLEGE PA 16801,Canceled,400,,Special Interest,,
Bake Sale with Atlas Benefitting THON,Bake Sale,Atlas ,312,10/13/2023,10/13/2023,,Approved,700,850,Special Interest,,
Pretzel Sale Benefitting THON,Bake Sale,Sign Language Organization  & Taylor Root and Meghan McFillin (2024),237 & 3193,10/13/2023,10/13/2023,Urban Outfitters: 234 E COLLEGE AVE  STATE COLLEGE PA 16801,Approved,100,400,General,,
Kappa Kappa Gamma & Delta Chi Bake Sale Benefitting THON,Bake Sale,Delta Chi & Kappa Kappa Gamma,23 & 22,10/15/2023,10/15/2023,jacqui furey: 100 W COLLEGE AVE  STATE COLLEGE PA 16801,Approved,150,220,Greek,,
Pasta Night Benefitting THON,Benefit Dinner,Kayla Best and Simone Garafalo (2024),3118,10/1/2023,10/1/2023,Simone's House: 135 W PROSPECT AVE  STATE COLLEGE PA 16801,Denied,80,,Independent Couple,,
Phi Kappa Tau and Whiplash Grilled Cheese fundraiser Benefitting THON,Bake Sale,Phi Kappa Tau PKT/ Phi Tau  & Whiplash Dance Team,47 & 215,10/21/2023,10/21/2023,Phi Kappa Tau fraternity: 408 E FAIRMOUNT AVE  STATE COLLEGE PA 16801,Approved,150,257,General,,
Bake Sale #3 x Apollo Benefitting THON,Bake Sale,Apollo ,1745,10/26/2023,10/26/2023,The Corner Room: 500 W COLLEGE AVE  STATE COLLEGE PA 16801,Approved,250,120,Special Interest,,
SDT & Phi Who Ribbon and Bake Sale Benefitting THON,Bake Sale,Phi Kappa Theta & Sigma Delta Tau,24 & 49,10/27/2023,10/27/2023,Student Book Store: 330 E COLLEGE AVE  STATE COLLEGE PA 16801,Approved,500,147,Greek,,
FOTO Bake Sale Benefitting THON,Bake Sale,FOTO ,1336,10/27/2023,10/27/2023,Urban Outfitters: 234 E COLLEGE AVE  STATE COLLEGE PA 16801,Approved,50,116.67,Special Interest,,
Kappa Kappa Gamma Ribbon and Bake Sale Benefitting THON,Bake Sale,Kappa Kappa Gamma,22,10/27/2023,10/27/2023,Student Bookstore: 330 E COLLEGE AVE  STATE COLLEGE PA 16801,Approved,99.99,,Greek,,
Everyday Bake Sale Benefitting THON,Bake Sale,Everyday Benefitting THON Everyday,1194,10/27/2023,10/27/2023,The Bhakti Yoga Center: 332B E COLLEGE AVE  STATE COLLEGE PA 16801,Approved,110,53,Special Interest,,
Club Golf Bake Sale Benefitting THON,Bake Sale,Club Golf ,186,10/27/2023,10/27/2023,Urban Outfitters: 234 E COLLEGE AVE  STATE COLLEGE PA 16801,Approved,700,785,General,,
Kappa Kappa Gamma Bake Sale Benefitting THON,Bake Sale,Delta Chi & Kappa Kappa Gamma,23 & 22,10/29/2023,10/29/2023,Jacqui Furey: 330 E COLLEGE AVE  STATE COLLEGE PA 16801,Approved,150,125,Greek,,
Bake Sale Benefitting THON,Bake Sale,Vietnamese Student Association VSA,732,10/30/2023,10/31/2023,Anh Hoang: 140 N BARNARD ST Unit 2 STATE COLLEGE PA 16801,Canceled,200,,General,,
Hot Chocolate Sale Benefitting THON,Bake Sale,Western Equestrian Club ,580,10/30/2023,10/30/2023,Ag Science and Industries Building Lawn:     ,Denied,100,,General,,
Bake Sale x Benefitting THON,Bake Sale,Eberly College of Science Student Council ,140,11/3/2023,11/3/2023,Student Bookstore: 330 E COLLEGE AVE  STATE COLLEGE PA 16801,Approved,150,242,General,,
Pasta Party Benefitting THON,Benefit Dinner,Kayla Best and Simone Garafalo (2024),3118,10/1/2023,10/1/2023,Simone's House: 135 W PROSPECT AVE  STATE COLLEGE PA 16801,Approved,80,236,Independent Couple,,
Kappa Kappa Gamma Cookie Delivery Benefitting THON,Bake Sale,Kappa Kappa Gamma,22,11/5/2023,11/5/2023,616 E College Avenue:,Approved,199.98,,Greek,,
Taco Meal Benefitting THON,Benefit Dinner,Carly Weisfelner and Emily Locker (2024),3085,10/2/2023,10/2/2023,Carly Weisfelner: 131 HIESTER ST Unit 907 STATE COLLEGE PA 16801,Approved,100,199.12,Independent Couple,,
SDT & Phi Who Ribbon and Bake Sale Benefitting THON,Bake Sale,Phi Kappa Theta & Sigma Delta Tau,24 & 49,11/10/2023,11/10/2023,Student Book Store: 330 E COLLEGE AVE  STATE COLLEGE PA 16801,Approved,500,100,Greek,,
FOTO Bake Sale Benefitting THON,Bake Sale,FOTO ,1336,11/10/2023,11/10/2023,Urban Outfitters: 234 E COLLEGE AVE  STATE COLLEGE PA 16801,Approved,50,277,Special Interest,,
PSAMA Bakesale Benefitting THON,Bake Sale,American Marketing Association at Penn State PSAMA,92,11/10/2023,11/10/2023,First National Bank: 366 E COLLEGE AVE  STATE COLLEGE PA 16801,Approved,200,491,General,,
Bingo Board Benefitting THON,Coin Collection,Haley McCarthy-Levy and Isabella Russo (2024),3180,10/2/2023,10/4/2023,,Denied,120,,Independent Couple,,
Club Golf Bake Sale x Benefitting THON,Bake Sale,Club Golf ,186,11/10/2023,11/10/2023,Urban Outfitters: 234 E COLLEGE AVE  STATE COLLEGE PA 16801,Approved,749.98,980.34,General,,
Bake Sale with Atlas Benefitting THON,Bake Sale,Atlas ,312,11/10/2023,11/10/2023,The Corner Room: 100 W COLLEGE AVE  STATE COLLEGE PA 16801,Approved,600,866,Special Interest,,
Sticker Sale Benefitting THON,Item Sale,Haley McCarthy-Levy and Isabella Russo (2024),3180,10/2/2023,10/12/2023,,Approved,120,,Independent Couple,,
Alpha Epsilon Delta and Phi Epsilon Kappa Bake Sale Benefitting THON,Bake Sale,Alpha Epsilon Delta & Phi Epsilon Kappa PEK,65 & 2457,11/10/2023,11/10/2023,HUB Patio:     ,Canceled,75,,Greek,,
Bake Sale Benefitting THON,Bake Sale,Pi Kappa Phi Pi Kapp,3,11/10/2023,11/10/2023,Mr. Wish: 320 E COLLEGE AVE  STATE COLLEGE PA 16801,Approved,150,71,Greek,,
Bake Sale Benefitting THON,Bake Sale,Pi Kappa Phi Pi Kapp,3,11/10/2023,11/10/2023,Mr. Wish:     ,Canceled,150,,Greek,,
Pasta Fundraiser Benefitting THON,Benefit Dinner,Emily Shank and Esha Sharma (2024),3181,10/3/2023,10/3/2023,Emily Shank: 131 HIESTER ST # 924  STATE COLLEGE PA 16801,Approved,50,65,Independent Couple,,
PSDA Bake Sale Benefitting THON,Bake Sale,Club Sailing  & Dance Alliance PSDA,408 & 1553,11/12/2023,11/12/2023,Student Book Store: 330 E COLLEGE AVE  STATE COLLEGE PA 16801,Approved,100,135.43,General,,
Manicures Benefitting THON,100 Days 'Til THON Alternative Fundraiser,Brianna Lewis and Makenna Shields (2024),3107,10/4/2023,10/4/2023,Makenna Shield: 141 S GARNER ST  STATE COLLEGE PA 16801,Approved,75,120,Independent Couple,,
Fall Bake Sale X Kaizen Benefitting THON,Bake Sale,Kaizen  & Operation Blue and Gold OBG,133 & 1896,11/13/2023,11/14/2023,HUB-Robeson Building:     ,Denied,150,,General,,
HEAL Bake Sale Benefitting THON,Bake Sale,HEAL: Help Every Angel Live ,1540,11/13/2023,11/16/2023,"Our President, Kaileigh's House: 223 W HAMILTON AVE  STATE COLLEGE PA 16801",Approved,30,20,Special Interest,,
Cookie Grams Benefitting THON,Bake Sale,Alpha Delta Phi Delta House & Delta Phi Epsilon DPhiE,1073 & 2090,11/14/2023,11/14/2023,Lorenza's Apartment:     ,Approved,75,105,Greek,,
FOTO Bake Sale Benefitting THON,Bake Sale,FOTO ,1336,11/17/2023,11/17/2023,Student Book Store: 330 E COLLEGE AVE  STATE COLLEGE PA 16801,Approved,50,131,Special Interest,,
Bake Sale Benefitting THON,Bake Sale,Alexa Breisch and Kayla Breisch (2024),3108,10/6/2023,10/6/2023,The Englewood: 1219 W END AVE  HUMMELSTOWN PA 17036,Denied,75,,Independent Couple,,
Kappa Kappa Gamma Ribbon and Bake Sale Benefitting THON,Bake Sale,Kappa Kappa Gamma,22,11/19/2023,11/19/2023,Student Bookstore: 330 E COLLEGE AVE  STATE COLLEGE PA 16801,Approved,100,0,Greek,,
Golden Bachelor Benefitting THON,Sporting Event,Maddie Neulander and Katelyn Felsberg (2024),3190,10/6/2023,10/19/2023,,Canceled,150,,Independent Couple,,
Pancake Breakfast Benefitting THON,Benefit Dinner,Jessica Johnson and Madison Iemma (2024),3154,10/7/2023,10/7/2023,Jessica Johnson and Madison Iemma: 500 S PUGH ST  STATE COLLEGE PA 16801,Approved,100,85,Independent Couple,,
Build Your Own Bagel Benefitting THON,Bake Sale,Student Society of Architectural Engineers SSAE,183,11/21/2023,11/21/2023,Engineering Unit B:     ,Denied,144,,General,,
Pasta Dinner Benefitting THON,Benefit Dinner,McHalea Beck and Emily Borell (2024),3114,10/8/2023,10/8/2023,Pugh Centre: 150 E BEAVER AVE # 714  STATE COLLEGE PA 16801,Approved,350,306,Independent Couple,,
Merch Sale Benefitting THON,Merchandise Sale,Danielle Valletti and Haley Begany (2024),3081,10/9/2023,10/22/2023,,Approved,100,0,Independent Couple,,
Sauly Boys x Maddie Ade and Katie Dinsmore x Benefitting THON,Restaurant Fundraiser,Madelyn Ade and Katherine Dinsmore (2024),3151,10/9/2023,10/9/2023,Sauly Boys: 124 S ALLEN ST  STATE COLLEGE PA 16801,Approved,200,0,Independent Couple,,
Maggie and Maddie Dare Board Benefitting THON,100 Days 'Til THON Alternative Fundraiser,Maggie Fechtman and Maddie Shine (2024),3071,10/10/2023,10/12/2023,,Denied,75,,Independent Couple,,
Taco Tuesday Benefitting THON,Benefit Dinner,Maddie Neulander and Katelyn Felsberg (2024),3190,10/10/2023,10/10/2023,Cedarbrook: 320 E BEAVER AVE Apt 505 STATE COLLEGE PA 16801,Approved,200,100,Independent Couple,,
Coquito Sale Benefitting THON,Bake Sale,Puerto Rican Student Association PRSA,688,11/29/2023,11/29/2023,Mclanahan's Penn State Room: 414 E COLLEGE AVE  STATE COLLEGE PA 16801,Approved,600,353,General,,
DASH Bake Sale Benefitting THON,Bake Sale,DASH ,543,12/1/2023,12/1/2023,Student Book Store: 330 E COLLEGE AVE  STATE COLLEGE PA 16801,Approved,100,227,Special Interest,,
Ribbons Benefitting THON,Item Sale,Mackenzie Lee and Cade Helfrich (2024),3133,10/12/2023,10/12/2023,Campus Steaks: 119 S PUGH ST  STATE COLLEGE PA 16801,Approved,200,245,Independent Couple,,
Holiday Cookie Sale - AIAS Benefitting THON,Bake Sale,American Institute of Architecture Students AIAS,389,12/7/2023,12/7/2023,Stuckeman Family Building (Lobby):     ,Canceled,36,,General,,
FOTO Christmas Cookies Benefitting THON,Bake Sale,FOTO ,1336,12/8/2023,12/8/2023,Nittany Apartments:     ,Approved,50,65,Special Interest,,
Pasta Dinner Fundraiser - Devon Bertram and Katelin Johndrow (2024) Benefitting THON,Benefit Dinner,Devon Bertram and Katelin Johndrow (2024),3069,10/13/2023,10/13/2023,Devon Bertram's House: 536 E BEAVER AVE  STATE COLLEGE PA 16801,Approved,125,150.72,Independent Couple,,
Axis Treat Sale Benefitting THON,Bake Sale,Axis ,1747,12/25/2023,12/29/2023,Abigail Rose Hynes: 15 STORY CT  FREEHOLD NJ 07728,Denied,30,,Special Interest,,
Pasta Party Benefitting THON,Benefit Dinner,Maddie Blonder and Olivia Sanders (2024),3090,10/13/2023,10/13/2023,House off Campus: 125 W BEAVER AVE Unit 1 STATE COLLEGE PA 16801,Approved,150,,Independent Couple,,
Ella Palmieri x Paige Blankenhorn Benefitting THON,Item Sale,Ella Palmieri and Paige Blankenhorn (2024),3084,10/13/2023,10/13/2023,Family Clothesline: 352 E COLLEGE AVE STE B  STATE COLLEGE PA 16801,Approved,300,163,Independent Couple,,
Ribbon Sale Benefitting THON,Item Sale,Maddie Neulander and Katelyn Felsberg (2024),3190,10/13/2023,10/13/2023,Yallah Taco: 352 E COLLEGE AVE  STATE COLLEGE PA 16801,Approved,150,70,Independent Couple,,
Pasta Dinner Benefitting THON,Benefit Dinner,Danil Kurtz and Kayla Martinis (2024),3158,10/15/2023,10/15/2023,Off Campus Apartment: 532 E COLLEGE AVE 1211B STATE COLLEGE PA 16801,Approved,150,55,Independent Couple,,
Alex Hymel and Erika Long x Custom Bracelets Benefitting THON,Item Sale,Alex Hymel and Erika Long (2024),3119,10/15/2023,10/28/2023,,Approved,50,50,Independent Couple,,
727 IDC Pasta Fundraiser - Benefitting THON,Item Sale,Caroline Fiss and Steph Paglia (2024) & Lizzie Ea and Abby Monahan (2024),3111 & 3162,10/15/2023,10/15/2023,Lizzie ea: 727 W COLLEGE AVE  STATE COLLEGE PA 16801,Approved,100,,Independent Couple,,
Ayuda Hotdog Eating Contest Benefitting THON,Bake Sale,Ayuda ,1923,1/14/2024,1/14/2024,My House- Michael Murphy: 277 WOODLAND DR  STATE COLLEGE PA 16803,Approved,100,70,Special Interest,,
Pizza Benefitting THON,Bake Sale,Men's Club Basketball  & Women's Club Basketball ,146 & 1452,1/15/2024,1/15/2024,"Fairmount House, my backyard.: 132 E FAIRMOUNT AVE  STATE COLLEGE PA 16801",Approved,240,521,General,,
AXP Cocoa Benefitting THON,Bake Sale,Alpha Chi Rho AXP,116,1/16/2024,1/17/2024,Corner of College Ave & Garner St: 366 E COLLEGE AVE  STATE COLLEGE PA 16801,Canceled,100,,Greek,,
Phi Kappa Psi Hot Chocolate Sale Benefitting THON,Bake Sale,Phi Kappa Psi,32,1/17/2024,1/17/2024,Hub Lawn:     ,Denied,100,,Greek,,
Valentine's Benefitting THON,Bake Sale,Club Track and Field ,270,1/22/2024,2/4/2024,Multi-Sport Indoor Facility:     ,Canceled,250,,General,,
SSAE Bake Sale Benefitting THON,Bake Sale,Student Society of Architectural Engineers SSAE,183,1/26/2024,1/26/2024,Uncle Johns Jawns: 324 E CALDER WAY  STATE COLLEGE PA 16801,Approved,100,,General,,
Breakfast Sandwich Delivery Benefitting THON,Item Sale,Caraline Newman and Emily Paulik (2024),3127,10/15/2023,10/15/2023,Caraline Newman: 330 W COLLEGE AVE Apt 503 STATE COLLEGE PA 16801,Approved,100,200,Independent Couple,,
Arnold Air Society Bake Sale Benefitting THON,Bake Sale,Arnold Air Society AAS,230,2/1/2024,2/1/2024,Wagner Building (Air Force ROTC Detachment):     ,Canceled,50,,General,,
M&M Pretzel Treat Fundraiser Benefitting THON,Bake Sale,Omega Chi Sigma & Omega Phi Alpha OphiA,48 & 2440,2/5/2024,2/6/2024,The HUB:     ,Canceled,50,,Greek,,
LLC Bake Sale Benefitting THON,Bake Sale,Leveraged Lion Capital LLC,2961,2/9/2024,2/9/2024,Business Building:     ,Canceled,50,,General,,
HSA Hot Chocolate Benefitting THON,Bake Sale,Hellenic Student Association HSA,2434,2/13/2024,2/13/2024,Student Book Store: 330 E COLLEGE AVE  STATE COLLEGE PA 16801,Approved,100,73,General,,
OPP Candy Grams Benefitting THON,Bake Sale,THON OPPerations,1007,2/13/2024,2/14/2024,"Campus Meeting Rooms (Willard, Hammond, Thomas, Sackett):     ",Approved,150,137,General,,
ASCE Valentines Candies Benefitting THON,Bake Sale,American Society of Civil Engineers ASCE,246,2/14/2024,2/14/2024,,Approved,50,168,General,,
BackJARDigans Benefitting THON,Bake Sale,Emergency Medical Services & DR Liaison,334,2/14/2024,2/15/2024,,Approved,100,65,General,,
Tau Kappa Epsilon x Epsilon Sigma Alpha Back to School Picnic Benefitting THON,Benefit Dinner,Epsilon Sigma Alpha ESA & Tau Kappa Epsilon TKE,27 & 562,8/22/2023,8/22/2023,Old Main Lawn:     ,Canceled,150,,Greek,,
Penn State York Panera Bread Dine-out Benefitting THON,Benefit Dinner,York,170,8/29/2023,8/29/2023,Panera Bread: 2108 S QUEEN ST  YORK PA 17403,Approved,75,123.14,Commonwealth,,
727 IDC Pasta Fundraiser- Benefitting THON,Item Sale,Caroline Fiss and Steph Paglia (2024) & Lizzie Ea and Abby Monahan (2024),3111 & 3162,10/15/2023,10/15/2023,Caroline Fiss: 727 W COLLEGE AVE  STATE COLLEGE PA 16801,Approved,100,,Independent Couple,,
Pizza and Salad Dinner Fundraiser Benefitting THON,Benefit Dinner,Era Pasha and Madeline Ritenour (2024),3147,10/16/2023,10/16/2023,Era Pasha: 150 E BEAVER AVE  STATE COLLEGE PA 16801,Approved,100,132,Independent Couple,,
Dare Board Benefitting THON,Item Auction,Riley Neglia and Kari Jim (2024),3137,10/16/2023,10/22/2023,,Denied,100,,Independent Couple,,
PSU figure skating cupcake decorating Benefitting THON,Benefit Dinner,Figure Skating,1334,9/6/2023,9/6/2023,Primary Chair's apartment: 138 S ATHERTON ST APT 314 STATE COLLEGE PA 16801,Approved,100,80,General,,
Texas Roadhouse Fundraiser with Penn State PGM Benefitting THON,Benefit Dinner,English Equestrian Club  & Professional Golf Management,314 & 381,9/14/2023,9/14/2023,Texas Roadhouse: 1885 WADDLE RD  STATE COLLEGE PA 16803,Approved,50,0,General,,
NRT Show Dash x Benefitting THON,Benefit Dinner,No Refund Theatre NRT,235,9/15/2023,9/15/2023,Forum 111:,Approved,10,8,General,,
FOTO Family Gala Benefitting THON,Benefit Dinner,FOTO ,1336,9/16/2023,9/16/2023,Heritage Hall in the HUB:     ,Approved,400,867,Special Interest,,
Yani and Caroline Pasta Delivery Benefitting THON,Benefit Dinner,Caroline Riley and Yani Hawthorne (2024),3103,10/18/2023,10/18/2023,Pugh Center: 150 E BEAVER AVE Apt 721 STATE COLLEGE PA 16801,Approved,200,200,Independent Couple,,
Comedy Night Benefitting THON,Event/Concert,Jill Getty and Ellie Sams (2024),3075,10/18/2023,10/18/2023,Jill Getty: 131 PUGH RD Apt 202 WAYNE PA 19087,Canceled,50,,Independent Couple,,
F45 Benefitting THON,Event/Concert,Maggie DeVito and Janine Fiorella (2024),3168,10/18/2023,10/18/2023,F45 Training State College: 232 E COLLEGE AVE  STATE COLLEGE PA 16801,Approved,100,0,Independent Couple,,
Ellie and Tyler's Bowling Night Benefitting THON,Event/Concert,Elizabeth Klapac and Tyler Kealey (2024),3177,10/18/2023,10/18/2023,Northland Bowl: 1521 MARTIN ST  STATE COLLEGE PA 16803,Approved,200,,Independent Couple,,
Sticker Sale Benefitting THON,Merchandise Sale,Taylor Root and Meghan McFillin (2024),3193,10/19/2023,10/24/2023,,Approved,49.96,,Independent Couple,,
Campus Steaks Benefitting THON,Item Sale,Mackenzie Lee and Cade Helfrich (2024),3133,10/20/2023,10/20/2023,Campus Steaks: 119 S PUGH ST  STATE COLLEGE PA 16801,Approved,180,0,Independent Couple,,
Penn State York Greer’s Burger Garage Dine-out Benefitting THON,Benefit Dinner,York,170,9/26/2023,9/26/2023,Greer’s Burger Garage: 121 S MAIN ST  DOVER PA 17315,Approved,200,350,Commonwealth,,
Dinner at HuB  Benefitting THON,Benefit Dinner,Nittany Recreational Curling League NRCL,2261,9/28/2023,9/28/2023,hub:     ,Canceled,5,,General,,
NRT Show Dash x Benefitting THON,Benefit Dinner,No Refund Theatre NRT,235,9/29/2023,9/29/2023,Forum 111:,Approved,10,14,General,,
Alexa and Kayla Bake Sale and Ribbon Sale Benefitting THON,Bake Sale,Alexa Breisch and Kayla Breisch (2024),3108,10/21/2023,10/21/2023,The Student Bookstore: 330 E COLLEGE AVE  STATE COLLEGE PA 16801,Approved,100,103,Independent Couple,,
Lion Ambassadors Pasta Night Benefitting THON,Benefit Dinner,Lion Ambassadors ,83,10/1/2023,10/1/2023,Aj Carabello: 324 S ATHERTON ST  STATE COLLEGE PA 16801,Approved,40,140,General,,
Ashtyn Webb and Gab Zuckerman 5k Fundraiser Benefitting THON,5K,Ashtyn Webb and Gab Zuckerman (2024),3089,10/22/2023,10/22/2023,IM Building:     ,Denied,400,,Independent Couple,,
Ella Palmieri and Paige Blankenhorn (2024) 5K Fundraiser Benefitting THON,5K,Ella Palmieri and Paige Blankenhorn (2024),3084,10/22/2023,10/22/2023,BJC:     ,Approved,200,393,Independent Couple,,
Mia Paschuck and Sophia Reinke 5k Fundraiser Benefitting THON,5K,Mia Paschuck and Sophia Reinke (2024),3100,10/22/2023,10/22/2023,Outside Bryce Jordan Center:     ,Denied,100,,Independent Couple,,
ADPi & SAE's Breakfast for Dinner Benefitting THON,Benefit Dinner,Alpha Delta Pi ADPi & Sigma Alpha Epsilon SAE,20 & 209,10/3/2023,10/3/2023,Sigma Alpha Epsilon House: 200 E BEAVER AVE  STATE COLLEGE PA 16801,Approved,350,338,Greek,,
Spooky Season Mystery Boxes Benefitting THON,5K,Alysha Ulrich and Jenna Ulrich (2024),3157,10/22/2023,10/22/2023,Bryce Jordan Center (at THON 5K):,Denied,945,,Independent Couple,,
Pasta Dinner Benefitting THON,Benefit Dinner,Women's Ice Hockey Club ,266,10/5/2023,10/5/2023,Courtney Bove: 630 W BEAVER AVE  STATE COLLEGE PA 16801,Approved,100,230,General,,
Phi Sigma Rho and Chi Phi Pasta Dinner Benefitting THON,Benefit Dinner,Chi Phi & Phi Sigma Rho Phi Rho,81 & 160,10/6/2023,10/6/2023,Chi Phi House: 360 E HAMILTON AVE  STATE COLLEGE PA 16801,Approved,100,410,Greek,,
DINNER AT SNAP Benefitting THON,Benefit Dinner,Nittany Recreational Curling League NRCL,2261,10/6/2023,10/6/2023,snap Pizza: 132 W COLLEGE AVE  STATE COLLEGE PA 16801,Approved,1,,General,,
Hailey Gerhart & Elisa Kopicki 5k Fundraiser Benefitting THON,5K,Hailey Gerhart and Elisa Kopicki (2024),3122,10/22/2023,10/22/2023,Outside Bryce Jordan Center:     ,Denied,350,,Independent Couple,,
Lily x Natasha Pasta Dinner Benefitting THON,Benefit Dinner,Lily Blomster and Natasha Farmer (2024),3093,10/22/2023,10/22/2023,351 W Nittany Ave:,Approved,100,110,Independent Couple,,
Alpha Omicron Pi and Phi Kappa Psi Barbecue Benefitting THON,Benefit Dinner,Alpha Omicron Pi AOII & Phi Kappa Psi,8 & 32,10/8/2023,10/8/2023,Phi Kappa Psi: 403 LOCUST LN  STATE COLLEGE PA 16801,Approved,300,651.5,Greek,,
Pasta Dinner Benefitting THON,Benefit Dinner,Caroline Leonard and Abigail McClintock (2024),3088,10/22/2023,10/22/2023,Caroline Leonard: 616 W COLLEGE AVE APT 10  STATE COLLEGE PA 16801,Approved,70,165,Independent Couple,,
Panda Express Fundraiser with PGM & Equestrian Benefitting THON,Benefit Dinner,English Equestrian Club  & Professional Golf Management,314 & 381,10/13/2023,10/13/2023,Panda Express: HUB-Robenson Center 7 Hub University Park PA 16802,Canceled,100,,General,,
Dare Board Challenge Benefitting THON,Item Auction,Gigi Corazzi and Alyssa Aprahamian (2024),3125,10/22/2023,10/22/2023,,Denied,50,,Independent Couple,,
Mario Kart Tournament Benefitting THON,Sporting Event,Ian Cox and Sara Almasy (2024),3174,10/22/2023,11/4/2023,Ian Cox's House: 302 LOCUST LN  STATE COLLEGE PA 16801,Approved,100,65,Independent Couple,,
NRT Show Dash x Benefitting THON,Benefit Dinner,No Refund Theatre NRT,235,10/13/2023,10/14/2023,Forum 111:,Approved,10,15,General,,
Pumpkin Painting Benefitting THON,Event/Concert,Brooke Rockovits and McKenna Byrne (2024),3112,10/23/2023,10/23/2023,Bryce Jordan Tower: 463 E BEAVER AVE Apt 607 STATE COLLEGE PA 16801,Approved,200,,Independent Couple,,
L&L Dog Walking Benefitting THON,Event/Concert,Lindsey Schettini and Lindsey Schwarzbach (2024),3179,10/23/2023,10/29/2023,State College Neighborhoods:     ,Denied,100,,Independent Couple,,
SAE and ADPi Walking Taco Tuesday Benefitting THON,Benefit Dinner,Alpha Delta Pi ADPi & Sigma Alpha Epsilon SAE,20 & 209,10/17/2023,10/17/2023,Sigma Alpha Epsilon: 200 E BEAVER AVE  STATE COLLEGE PA 16801,Approved,300,229,Greek,,
Boo Bags Benefitting THON,Item Sale,Riley Neglia and Kari Jim (2024),3137,10/23/2023,10/29/2023,,Approved,100,,Independent Couple,,
NRT Show Dash x Benefitting THON,Benefit Dinner,No Refund Theatre NRT,235,10/19/2023,10/21/2023,Forum 111:,Approved,10,17,General,,
Phi Sigma Pi Spaghetti Dinner Benefitting THON,Benefit Dinner,Phi Sigma Pi PSP,60,10/20/2023,10/21/2023,Off-campus house: 140 N PATTERSON ST  STATE COLLEGE PA 16801,Approved,300,150,General,,
Ava Perock x Tiffany Mendoza Panera Bread Fundraiser Benefitting THON,Restaurant Fundraiser,Ava Perock and Tiffany Mendoza (2024),3160,10/23/2023,10/23/2023,Panera Bread: 148 S ALLEN ST  STATE COLLEGE PA 16801,Approved,150,0,Independent Couple,,
Running for a Cure- Maddie and Mackenzie IDC Benefitting THON,Sporting Event,Maddie Taylor and Mackenzie Catino (2024),3140,10/23/2023,10/23/2023,The White Building:     ,Approved,100,,Independent Couple,,
Spare Change Collection Benefitting THON,Coin Collection,Maddie Neulander and Katelyn Felsberg (2024),3190,10/24/2023,11/6/2023,Our Apartment: 320 E BEAVER AVE  STATE COLLEGE PA 16801,Canceled,20,,Independent Couple,,
Panera Fundraiser Benefitting THON,Restaurant Fundraiser,Maddie Neulander and Katelyn Felsberg (2024),3190,10/24/2023,10/24/2023,Panera: 148 S ALLEN ST  STATE COLLEGE PA 16801,Approved,50,0,Independent Couple,,
SfW Pasta Night Benefitting THON,Benefit Dinner,Schreyer for Women SFW,2927,10/29/2023,10/29/2023,Exec Apartment: 121 W FAIRMOUNT AVE  STATE COLLEGE PA 16801,Approved,120,131.8,General,,
Alpha Kappa Psi x WingsOver Benefitting THON,Benefit Dinner,Alpha Kappa Psi ,61,10/29/2023,10/29/2023,Business Building 110:,Approved,400,111,General,,
Axis Pasta Dinner Benefitting THON,Benefit Dinner,"Apollo , Axis , Baseball Club Club Baseball & School of Hospitality Management THON Committee  SHM THON","139, 1745, 1747 & 1780",11/2/2023,11/2/2023,Faith United Church of Christ: 300 E COLLEGE AVE  STATE COLLEGE PA 16801,Approved,600,301,Special Interest,,
NRT Show Dash x Benefitting THON,Benefit Dinner,No Refund Theatre NRT,235,11/2/2023,11/4/2023,Forum 111:,Approved,10,20,General,,
Sign Language Organization SLOBall Benefitting THON,Benefit Dinner,Sign Language Organization ,237,11/3/2023,11/3/2023,Flex Theater:     ,Canceled,700,,General,,
Spaghetti Dinner Benefitting THON,Benefit Dinner,Maddie Taylor and Mackenzie Catino (2024),3140,10/25/2023,10/25/2023,Maddie's House: 228 S BARNARD ST  STATE COLLEGE PA 16801,Approved,74.98,130,Independent Couple,,
Halloween Goodie Bags Benefitting THON,Item Sale,Maddie Neulander and Katelyn Felsberg (2024),3190,10/25/2023,10/25/2023,HUB Building - Info Table 7:,Approved,150,22,Independent Couple,,
Friendsgiving Dinner Benefitting THON,Benefit Dinner,Club Crew ,201,11/9/2023,11/9/2023,Member's House: 817 W COLLEGE AVE  STATE COLLEGE PA 16801,Approved,500,360,General,,
SDT Brunch Benefitting THON,Benefit Dinner,Phi Kappa Theta & Sigma Delta Tau,24 & 49,11/12/2023,11/12/2023,Toftrees Golf Resort: 1 COUNTRY CLUB LN  STATE COLLEGE PA 16803,Approved,3000,3690.2,Greek,,
Paige Blankenhorn & Ella Palmieri IDC Sticker Sale Benefitting THON,Item Sale,Ella Palmieri and Paige Blankenhorn (2024),3084,10/25/2023,11/3/2023,,Denied,400,,Independent Couple,,
Trick or Treat Bag Sale Benefitting THON,Item Sale,Anna Boyer and Diane Friedman (2024),3086,10/25/2023,10/31/2023,Diane Friedman's Apartment: 150 E BEAVER AVE  STATE COLLEGE PA 16801,Approved,70,95,Independent Couple,,
SfW Thanksgiving Dinner Benefitting THON,Benefit Dinner,Schreyer for Women SFW,2927,11/12/2023,11/12/2023,Exec Apartment: 121 W FAIRMOUNT AVE  STATE COLLEGE PA 16801,Approved,160,173,General,,
Delta Sigma Pi Friendsgiving Benefitting THON,Benefit Dinner,Delta Sigma Pi ,85,11/12/2023,11/12/2023,213 S Burrowes St: 213 S BURROWES ST  STATE COLLEGE PA 16801,Approved,150,230,General,,
Homemade Magnet Sale Benefitting THON,Item Sale,Autumn Swain and Sarah Vargas (2024),3161,10/25/2023,10/27/2023,HUB Robeson Center:     ,Denied,149.96,,Independent Couple,,
Barre with Hannah and Maggie Benefitting THON,Sporting Event,Hannah Feldman and Maggie O'Neill (2024) & Penn State Fitness Instructors,1104 & 3129,10/25/2023,10/25/2023,White building:     ,Approved,75,75.5,Independent Couple,,
100 Days Alt Fund Bracelet Making Benefitting THON,100 Days 'Til THON Alternative Fundraiser,Gianna Laucella and Katie Walker (2024),3164,10/26/2023,10/26/2023,HUB:     ,Denied,100,,Independent Couple,,
ADPi Friendsgiving Benefitting THON,Benefit Dinner,Alpha Delta Pi ADPi,20,11/14/2023,11/14/2023,Cross Hall:     ,Approved,75,50,Greek,,
100 Days Alt Fund Sand Art Benefitting THON,100 Days 'Til THON Alternative Fundraiser,Gianna Laucella and Katie Walker (2024),3164,10/26/2023,10/26/2023,HUB:     ,Denied,50,,Independent Couple,,
Friendsgiving Benefitting THON,Benefit Dinner,Phi Kappa Theta & Sigma Delta Tau,24 & 49,11/14/2023,11/14/2023,338 East Fairmount Avenue:,Canceled,79.98,,Greek,,
100 Days Alt Fund D.I.Y Stressball Benefitting THON,100 Days 'Til THON Alternative Fundraiser,Gianna Laucella and Katie Walker (2024),3164,10/26/2023,10/26/2023,HUB:     ,Denied,150,,Independent Couple,,
100 Days Alt Fund Create your own treasure Benefitting THON,100 Days 'Til THON Alternative Fundraiser,Gianna Laucella and Katie Walker (2024),3164,10/26/2023,10/26/2023,HUB:     ,Denied,50,,Independent Couple,,
46 Miles in 46 Hours Benefitting THON,5K,Maddie Blonder and Olivia Sanders (2024),3090,10/26/2023,10/27/2023,,Approved,230,270,Independent Couple,,
Halloween Costume Contest Benefitting THON,Event/Concert,Rexanna Quedenfeld and Lisa Han (2024),3094,10/26/2023,11/5/2023,,Approved,150,50,Independent Couple,,
NRT Show Dash x Benefitting THON,Benefit Dinner,No Refund Theatre NRT,235,11/16/2023,11/18/2023,Forum 111:,Canceled,10,,General,,
Impact Spaghetti Dinner Benefitting THON,Benefit Dinner,Impact ,1751,11/29/2023,11/29/2023,HUB:     ,Canceled,95,,Special Interest,,
Alpha Kappa Psi Pasta Dinner Benefitting THON,Benefit Dinner,Alpha Kappa Psi ,61,11/30/2023,11/30/2023,Rachel Chang: 121 W FAIRMOUNT AVE  STATE COLLEGE PA 16801,Approved,200,103,General,,
Crock Pot Cook Off Apollo x Ayuda Benefitting THON,Benefit Dinner,Apollo  & Ayuda ,1745 & 1923,11/30/2023,12/1/2023,Faith United Church of Christ: 300 E COLLEGE AVE  STATE COLLEGE PA 16801,Approved,150,135,Special Interest,,
Ski Club Dinner Benefitting THON,Benefit Dinner,Club Ski Team Ski Team,159,11/30/2023,11/30/2023,Eric Hess: 801 TOFTREES AVE APT 148  STATE COLLEGE PA 16803,Denied,200,,General,,
NRT Show Dash x Benefitting THON,Benefit Dinner,No Refund Theatre NRT,235,12/2/2023,12/2/2023,Forum 111:,Denied,15,,General,,
Yani and Caroline Costume Contest Benefitting THON,Item Auction,Caroline Riley and Yani Hawthorne (2024),3103,10/26/2023,10/30/2023,,Approved,50,70,Independent Couple,,
Ribbon Sale Benefitting THON,Item Sale,Maddie Neulander and Katelyn Felsberg (2024),3190,10/27/2023,10/27/2023,Waffle Shop: 364 E COLLEGE AVE  STATE COLLEGE PA 16801,Approved,150,29,Independent Couple,,
Why we THON sandart Benefitting THON,100 Days 'Til THON Alternative Fundraiser,Carly Weisfelner and Emily Locker (2024),3085,10/29/2023,11/8/2023,Hub:     ,Denied,200,,Independent Couple,,
ATO x ZTA Families Meet the Families Gala Benefitting THON,Benefit Dinner,Alpha Tau Omega ATO & Zeta Tau Alpha,1 & 2,12/3/2023,12/3/2023,The Graduate Hotel: 125 S ATHERTON ST  STATE COLLEGE PA 16801,Approved,5000,578,Greek,,
Halloween Brunch Benefitting THON,Benefit Dinner,Bridget Monaco and Dana Szczublewski (2024),3098,10/29/2023,10/29/2023,Dana's House: 625 S ALLEN ST  STATE COLLEGE PA 16801,Approved,100,70,Independent Couple,,
Ribbon Sale Benefitting THON,Item Sale,Maeve Riley and Sophie Sclafani (2024),3138,10/29/2023,10/29/2023,Toasted Cafe: 460 WESTERLY PKWY  STATE COLLEGE PA 16801,Canceled,250,,Independent Couple,,
Impact Spaghetti Dinner Benefitting THON,Benefit Dinner,Impact ,1751,12/6/2023,12/6/2023,Natalie Murtagh: 300 WAUPELANI DR  STATE COLLEGE PA 16801,Approved,85,112,Special Interest,,
Meal Delivery Bagel Sandwiches Benefitting THON,Item Sale,Danielle Cullen and Brook Schaeffler (2024),3155,10/29/2023,10/29/2023,"Our apartment for cooking, and delivered to apartments: 412 W COLLEGE AVE Apartment 800 STATE COLLEGE PA 16801",Approved,150,62,Independent Couple,,
Sigma Sigma Sigma x Zeta Beta Tau: Holiday Pasta Party Benefitting THON,Benefit Dinner,Sigma Sigma Sigma Tri Sigma & Zeta Beta Tau ZBT,33 & 1476,12/7/2023,12/7/2023,Zeta Beta Tau House: 429 E HAMILTON AVE  STATE COLLEGE PA 16801,Approved,100,238,Greek,,
Breakfast Sandwiches Benefitting THON,Item Sale,Brianna Lewis and Makenna Shields (2024),3107,10/29/2023,10/29/2023,Makenna Shields:     ,Approved,200,198,Independent Couple,,
Talia x Melina Breakfast Sandwich Delivery Benefitting THON,Item Sale,Talia Avia and Melina Belenardo (2024),3083,10/29/2023,10/29/2023,Talia and Melina's Apartment: 150 E BEAVER AVE APt 400 STATE COLLEGE PA 16801,Approved,250,280,Independent Couple,,
Maggie and Maddie LineLeap Fundraiser Benefitting THON,Item Auction,Maggie Fechtman and Maddie Shine (2024),3071,10/30/2023,11/9/2023,,Denied,500,,Independent Couple,,
Penn State Pumpkins & Fall Treats Benefitting THON,Item Sale,Maddie Neulander and Katelyn Felsberg (2024),3190,10/30/2023,10/30/2023,Alexander Court at the Canyon: 309 E BEAVER AVE  STATE COLLEGE PA 16801,Approved,120,35,Independent Couple,,
Spooky Bag Sale Benefitting THON,Item Sale,Alysha Ulrich and Jenna Ulrich (2024),3157,10/30/2023,10/30/2023,At a table in the HUB:     ,Approved,300,20,Independent Couple,,
Button Sale Fundraiser Benefitting THON,Item Sale,Grace Matte and Lauren Farrell (2024),3101,10/30/2023,11/7/2023,,Approved,100,85,Independent Couple,,
Alpha Omicron Pi Work Week Dinners Benefitting THON,Benefit Dinner,Alpha Omicron Pi AOII,8,1/10/2024,1/12/2024,Alpha Omicron Pi Suite in Cross Hall:     ,Approved,150,33,Greek,,
Fall Candle Sale Benefitting THON,Item Sale,Jessica Johnson and Madison Iemma (2024),3154,10/30/2023,11/5/2023,,Approved,100,165,Independent Couple,,
Seventh Annual Inspire the Night Benefit Dinner Benefitting THON,Benefit Dinner,Berks,77,1/12/2024,1/12/2024,DoubleTree Hotel Reading:     ,Approved,14000,5217,Commonwealth,,
Club Powerlifting Spaghetti Dinner Benefitting THON,Benefit Dinner,Club Powerlifting ,507,1/12/2024,1/13/2024,The Sanderling: 616 W COLLEGE AVE Apt 5 STATE COLLEGE PA 16801,Approved,100,93,General,,
Flexed Arm Hang Benefitting THON,Sporting Event,Anthony Savona and Dane Beller (2024),3110,10/30/2023,11/3/2023,White Building Gym:     ,Denied,200,,Independent Couple,,
100 Days 'Til THON- Dancer Mail in a Bottle Benefitting THON,100 Days 'Til THON Alternative Fundraiser,Maddie Neulander and Katelyn Felsberg (2024),3190,10/31/2023,11/8/2023,HUB:     ,Canceled,150,,Independent Couple,,
Halloween Boo Bags Benefitting THON,Item Sale,Emily Shank and Esha Sharma (2024),3181,10/31/2023,10/31/2023,131 Hiester St 924:,Approved,100,48,Independent Couple,,
100 Days Sticker Sale Benefitting THON,100 Days 'Til THON Alternative Fundraiser,Bridget Monaco and Dana Szczublewski (2024),3098,11/2/2023,11/4/2023,HUB:     ,Canceled,150,,Independent Couple,,
Bingo Board Benefitting THON,Item Auction,Gigi Corazzi and Alyssa Aprahamian (2024),3125,11/3/2023,11/4/2023,,Denied,50,,Independent Couple,,
Bracelet Sale Benefitting THON,Item Sale,Ariana Buccelli and Isabella Turndorf (2024),3099,11/3/2023,11/11/2023,,Approved,100,162,Independent Couple,,
Ava Perock x Tiffany Mendoza Panda Express Fundraiser Benefitting THON,Restaurant Fundraiser,Ava Perock and Tiffany Mendoza (2024),3160,11/3/2023,11/3/2023,Panda Express:     ,Approved,200,,Independent Couple,,
Ang's R&R Applebee's Fundraiser Benefitting THON,Benefit Dinner,Administrative Assistant and Committee Relations & THON R&R Fundraising Safety,2245 & 2387,1/17/2024,1/17/2024,Applebees: 12 COLONNADE WAY  STATE COLLEGE PA 16803,Approved,100,,General,,
Hot Dog Sale Benefitting THON,Bake Sale,Haley McCarthy-Levy and Isabella Russo (2024),3180,11/4/2023,11/5/2023,Downtown State College:     ,Denied,250.03,,Independent Couple,,
Penn State York Panera Dine out Benefitting THON,Benefit Dinner,York,170,1/18/2024,1/18/2024,Panera: 2108 S QUEEN ST  YORK PA 17403,Approved,100,,Commonwealth,,
Sunday Funday Charcuterie Boards Benefitting THON,Item Sale,Maddie Taylor and Mackenzie Catino (2024),3140,11/5/2023,11/5/2023,Maddie's House: 228 S BARNARD ST  STATE COLLEGE PA 16801,Approved,150,80,Independent Couple,,
Phi Sigma Rho and Chi Phi Gala Benefitting THON,Benefit Dinner,Chi Phi & Phi Sigma Rho Phi Rho,81 & 160,1/21/2024,1/21/2024,Chi Phi House: 360 E HAMILTON AVE  STATE COLLEGE PA 16801,Approved,500,1140,Greek,,
Breakfast Sandwhich Fundraiser - Lizzie and Abby Benefitting THON,Item Sale,Lizzie Ea and Abby Monahan (2024),3162,11/5/2023,11/5/2023,727 West College Ave:,Approved,100,,Independent Couple,,
EWiL x SfW THON Dinner Benefitting THON,Benefit Dinner,Empowering Women in Law EWIL & Schreyer for Women SFW,2886 & 2927,1/23/2024,1/23/2024,Cross Hall:     ,Approved,100,66,General,,
Penn State Thespian Society x Breakfast for Dinner Benefitting THON,Benefit Dinner,Thespian Society at Penn State Thespians,136,1/24/2024,1/24/2024,Hannah Recchiuti: 217 S ATHERTON ST Apt 202 STATE COLLEGE PA 16801,Canceled,100,,General,,
Accounting Society x Beta Alpha Psi Big 4 Benefit Dinner Benefitting THON,Benefit Dinner,Accounting Society  & Beta Alpha Psi BAP,173 & 94,1/25/2024,1/25/2024,Business Building Atrium:     ,Approved,500,270,General,,
A-Pollo x Apollo Benefitting THON,Benefit Dinner,Apollo ,1745,1/25/2024,1/25/2024,Faith United Church of Christ: 300 E COLLEGE AVE  STATE COLLEGE PA 16801,Approved,250,65,Special Interest,,
Smorgasbord Benefitting THON,Benefit Dinner,"Atlas , Eclipse , FOTO  & Hillel ","50, 312, 1336 & 2020",1/25/2024,1/25/2024,On Campus Hillel Building.:     ,Approved,100,1225,Special Interest,,
Penn State Thespian Society x Breakfast for Dinner Benefitting THON,Benefit Dinner,Thespian Society at Penn State Thespians,136,1/25/2024,1/25/2024,Hannah Recchiuti-Quier:  202,Approved,100,200,General,,
Pasta Dinner Benefitting THON,Benefit Dinner,Men's Water Polo Club  & Women's Water Polo Club ,127 & 445,1/25/2024,1/25/2024,Water Polo Team Members House: 239 S BARNARD ST  STATE COLLEGE PA 16801,Approved,200,200,General,,
Jersey Mikes Benefitting THON,Benefit Dinner,York,170,1/29/2024,2/3/2024,Jersey Mikes: 1401 KENNETH RD  YORK PA 17408,Approved,500,,Commonwealth,,
Axis Taco Dinner Benefitting THON,Benefit Dinner,Axis ,1747,2/1/2024,2/1/2024,Faith United Church of Christ:     ,Approved,300,306,Special Interest,,
Sapphire Pasta Dinner Benefitting THON,Benefit Dinner,Sapphire Leadership Program ,1543,2/1/2024,2/1/2024,University Towers: 458 E COLLEGE AVE Apt 406 STATE COLLEGE PA 16801,Approved,400,290,General,,
Bingo and Dinner Night with Behrend Benefitting THON,Benefit Dinner,Behrend,73,2/3/2024,2/3/2024,Brookside Fire Station:     ,Approved,5000,1956,Commonwealth,,
GSS Pasta Dinner Benefitting THON,Benefit Dinner,Gamma Sigma Sigma ,46,2/3/2024,2/3/2024,Lily Pershica: 240 S BARNARD ST  STATE COLLEGE PA 16801,Approved,100,199,Greek,,
Italian Student Society Pasta Dinner Benefitting THON,Benefit Dinner,Italian Student Society ISS,1030,2/4/2024,2/4/2024,Grace Lutheran Church: 205 S GARNER ST  STATE COLLEGE PA 16801,Approved,150,276,NewMC,,
Alpha Kappa Psi Pasta Dinner Benefitting THON,Benefit Dinner,Alpha Kappa Psi ,61,2/4/2024,2/4/2024,Rachel Chang: 121 W FAIRMOUNT AVE apt 14 STATE COLLEGE PA 16801,Approved,200,413,General,,
Phi Kappa Psi & Alpha Omicron Pi Banquet Benefitting THON,Benefit Dinner,Alpha Omicron Pi AOII & Phi Kappa Psi,8 & 32,2/4/2024,2/4/2024,Axemann Brewery: 2042 AXEMANN RD STE 125  BELLEFONTE PA 16823,Canceled,6000,,Greek,,
Penn State Thespian Society x Grilled Cheese and Soup Benefitting THON,Benefit Dinner,Thespian Society at Penn State Thespians,136,2/6/2024,2/6/2024,Hannah Recchiuti-Quier:  202,Approved,100,191,General,,
Penn State Baseball Club Welcome Dinner (Banquet) Benefitting THON,Benefit Dinner,Baseball Club Club Baseball,1780,2/6/2024,2/7/2024,The Graduate Hotel: 125 S ATHERTON ST  STATE COLLEGE PA 16801,Action Needed,200,,General,,
Penn State DuBois Send Off Dinner and Hair Auction Benefitting THON,Benefit Dinner,Dubois,166,2/7/2024,2/7/2024,Penn State DuBois:     ,Approved,10000,1797.81,Commonwealth,,
Pasta Dinner Benefitting THON,Benefit Dinner,Women's Ice Hockey Club ,266,2/8/2024,2/8/2024,Courtney Bove: 630 W BEAVER AVE  STATE COLLEGE PA 16801,Approved,200,160,General,,
Italian Night Benefitting THON,Benefit Dinner,American Institute of Architecture Students AIAS,389,2/8/2024,2/8/2024,Liv Schneider's Apartment: 221 S BARNARD ST #33 STATE COLLEGE PA 16801,Approved,100,80,General,,
ADPi Food Fundraiser Benefitting THON,Benefit Dinner,Alpha Delta Pi ADPi,20,2/8/2024,2/8/2024,200 E. Beaver Avenue:,Approved,100,85,Greek,,
Sigma Sigma Sigma x Zeta Beta Tau: GALA Benefitting THON,Benefit Dinner,Sigma Sigma Sigma Tri Sigma & Zeta Beta Tau ZBT,33 & 1476,2/9/2024,2/9/2024,ZBT House: 429 E HAMILTON AVE  STATE COLLEGE PA 16801,Approved,500,890,Greek,,
Phi Sigma Rho and Chi Phi Breakfast Dinner Benefitting THON,Benefit Dinner,Chi Phi & Phi Sigma Rho Phi Rho,81 & 160,2/9/2024,2/9/2024,Chi Phi House: 360 E HAMILTON AVE  STATE COLLEGE PA 16801,Approved,100,355,Greek,,
Phi Sigma Pi Spaghetti Delivery Benefitting THON,Benefit Dinner,Phi Sigma Pi PSP,60,2/10/2024,2/10/2024,Off-campus apartment: 400 S ALLEN ST Apartment A STATE COLLEGE PA 16801,Canceled,100,,General,,
Delta Sigma Pi Superbowl Watch Party Benefitting THON,Benefit Dinner,Delta Sigma Pi ,85,2/11/2024,2/11/2024,213 S Burrowes St:,Approved,150,240,General,,
"School of Hospitality Management Eta Sigma Delta ""Pasta Dinner"" Benefitting THON",Benefit Dinner,School of Hospitality Management THON Committee  SHM THON,139,2/12/2024,2/12/2024,Cafe Laura:     ,Approved,300,200,General,,
Pasta Dinner Benefitting THON,Benefit Dinner,Delta Zeta DZ & Sigma Pi,39 & 36,2/13/2024,2/13/2024,Sigma Pi House: 303 FRATERNITY ROW  STATE COLLEGE PA 16801,Approved,500,1028,Greek,,
Sigma Kappa and Phi Gamma Delta Pizza Dinner Benefitting THON,Benefit Dinner,Phi Gamma Delta & Sigma Kappa,35 & 19,2/13/2024,2/13/2024,Wartik Lab 111:,Approved,500,511,Greek,,
AGR and Phi Sig Pasta Dinner Benefitting THON,Benefit Dinner,Alpha Gamma Rho AGR & Phi Sigma Sigma Phi Sig,187 & 294,2/15/2024,2/15/2024,Alpha Gamma Rho: 322 FRATERNITY ROW  STATE COLLEGE PA 16801,Canceled,1000,,Greek,,
Car Wash Fundraiser Benefitting THON,Business Sponsorship,Altoona,165,8/26/2023,8/26/2023,Professionals Auto Body: 1109 PLANK RD  DUNCANSVILLE PA 16635,Canceled,500,,Commonwealth,,
DG x DU Headshots Benefitting THON,Business Sponsorship,Delta Gamma & Delta Upsilon International Fraternity Delta Upsilon,1544 & 37,9/10/2023,9/10/2023,Old Main Lawn:     ,Canceled,150,,Greek,,
Car Wash Fundraiser Benefitting THON,Business Sponsorship,Altoona,165,9/16/2023,9/16/2023,Professionals Auto Body: 1109 PLANK RD  DUNCANSVILLE PA 16635,Approved,500,0,Commonwealth,,
Headshot Fundrasier Benefitting THON,Business Sponsorship,Delta Gamma & Delta Upsilon International Fraternity Delta Upsilon,1544 & 37,9/24/2023,9/24/2023,Joab L. Thomas Building:     ,Approved,100,120,Greek,,
Connections Benefitting THON,Business Sponsorship,Alpha Tau Omega ATO & Zeta Tau Alpha,1 & 2,9/27/2023,9/27/2023,Connections: 130 S ALLEN ST  STATE COLLEGE PA 16801,Approved,100,0,Greek,,
Get Air Benefitting THON,Business Sponsorship,Alpha Tau Omega ATO & Zeta Tau Alpha,1 & 2,9/28/2023,9/28/2023,Get Air: 2252 E COLLEGE AVE  STATE COLLEGE PA 16801,Approved,200,0,Greek,,
Wilkes-Barre Boscov's Fundraiser Benefitting THON,Business Sponsorship,Wilkes-Barre,76,9/28/2023,10/11/2023,Boscov's: 15 S MAIN ST  WILKES BARRE PA 18701,Approved,1000,700,Commonwealth,,
Connections Fundraiser for Fashion Society at Penn State Benefitting THON,Business Sponsorship,Fashion Society at Penn State FSPS,2593,10/3/2023,10/3/2023,Connections: 130 S ALLEN ST  STATE COLLEGE PA 16801,Approved,50,0,General,,
Boscov's Friends Helping Friends Benefitting THON,Business Sponsorship,Hazleton,74,10/5/2023,10/18/2023,Boscov's in Hazleton: 105 LAUREL MALL  HAZLE TOWNSHP PA 18202,Approved,200,302,Commonwealth,,
Hundred Acre Manor Kid's Day Benefitting THON,Business Sponsorship,Greater Allegheny,163,10/15/2023,10/15/2023,Hundred Acres Manor: 30 CORRIGAN DR  BETHEL PARK PA 15102,Approved,500,1000,Commonwealth,,
Hundred Acre Manor Scare Actors Benefitting THON,Business Sponsorship,Greater Allegheny,163,10/21/2023,10/26/2023,Hundred Acres Manor: 30 CORRIGAN DR  BETHEL PARK PA 15102,Approved,200,1000,Commonwealth,,
Car Wash Fundraiser Benefitting THON,Business Sponsorship,Altoona,165,10/21/2023,10/21/2023,NAPA Auto Parts: 213 UNION AVE STE A  ALTOONA PA 16602,Canceled,300,,Commonwealth,,
Trilogy Connections Fundraiser Benefitting THON,Business Sponsorship,Trilogy ,10,10/24/2023,10/24/2023,Connections: 130 S ALLEN ST  STATE COLLEGE PA 16801,Approved,250,0,Special Interest,,
Long Sleeve Ts Benefitting THON,Merchandise Sale,Nathan Leo and Noah Chup (2024),3072,11/5/2023,11/8/2023,HUB Store:     ,Denied,300,,Independent Couple,,
Tan Luxe Fundraiser Benefitting THON,Business Sponsorship,Alpha Tau Omega ATO & Zeta Tau Alpha,1 & 2,11/27/2023,11/28/2023,Tan Luxe Home Studio: 1013 S ALLEN ST APT 405  STATE COLLEGE PA 16801,Approved,100,72,Greek,,
Kappa Delta x Surf Tans Fundraiser Benefitting THON,Business Sponsorship,Kappa Delta KD,26,11/27/2023,11/29/2023,Dani Bocchieri's Apartment: 131 HIESTER ST  STATE COLLEGE PA 16801,Approved,150,90,Greek,,
Epsilon Sigma Alpha X Kendra Scott Benefitting THON,Business Sponsorship,Epsilon Sigma Alpha ESA,562,12/1/2023,12/3/2023,,Approved,50,0,General,,
Phi Beta Lambda x Kendra Scott Benefitting THON,Business Sponsorship,Phi Beta Lambda,1029,12/1/2023,12/2/2023,,Approved,100,0,General,,
PGM & Equestrian Bowl A THON Benefitting THON,Business Sponsorship,English Equestrian Club  & Professional Golf Management,314 & 381,12/3/2023,12/3/2023,Northland Bowl & Sports Center: 1521 MARTIN ST  STATE COLLEGE PA 16803,Approved,100,,General,,
Phi Sigma Sigma x Tan Luxe Benefitting THON,Business Sponsorship,Phi Sigma Sigma Phi Sig,294,12/4/2023,12/5/2023,Tan Luxe State College: 1013 S ALLEN ST #405 STATE COLLEGE PA 16801,Approved,200,56,Greek,,
Wilkes-Barre McDonalds Fries Benefitting THON,Business Sponsorship,Wilkes-Barre,76,12/5/2023,12/18/2023,McDonalds: 913 WYOMING AVE  WYOMING PA 18644,Approved,3000,1300,Commonwealth,,
Sigma Phi Epsilon and Pi phi Harpers Tie-A-THON Benefitting THON,Business Sponsorship,Pi Beta Phi Pi Phi & Sigma Phi Epsilon,18 & 11,12/6/2023,12/6/2023,Harpers: 224 E COLLEGE AVE  STATE COLLEGE PA 16801,Approved,780,0,Greek,,
Connections x Gamma Phi Beta Benefitting THON,Business Sponsorship,Gamma Phi Beta,16,12/6/2023,12/6/2023,Connections Clothing: 130 S ALLEN ST  STATE COLLEGE PA 16801,Approved,100,0,Greek,,
Delta Sigma Pi Myra Ave Jewelry Fundraiser Benefitting THON,Business Sponsorship,Delta Sigma Pi ,85,12/11/2023,12/12/2023,,Approved,50,15.12,General,,
Phi Beta Lambda x ACAC Ribbon Sale Benefitting THON,Business Sponsorship,Phi Beta Lambda,1029,12/29/2023,12/29/2023,ACAC: 1130 MCDERMOTT DR  WEST CHESTER PA 19380,Approved,200,288,General,,
Phi Beta Lambda x Planet Smoothie Ribbon Sales Benefitting THON,Business Sponsorship,Phi Beta Lambda,1029,12/30/2023,12/30/2023,Planet Smoothie: 186 W STATE ST  DOYLESTOWN PA 18901,Approved,200,93,General,,
Madison X Ava Dare Bingo Board Benefitting THON,Item Sale,Madison Ekstrom and Ava Paulucci (2024),3222,11/6/2023,11/6/2023,,Denied,55,,Independent Couple,,
Phi Beta Lambda x Panda Express Food Fundraiser Benefitting THON,Business Sponsorship,Phi Beta Lambda,1029,1/12/2024,1/12/2024,HUB Panda:     ,Approved,100,0,General,,
Volé Sweatset Sale Benefitting THON,Business Sponsorship,Volé,126,1/14/2024,1/27/2024,,Canceled,150,,General,,
Alpha Kappa Psi F45 Benefitting THON,Business Sponsorship,Alpha Kappa Psi ,61,1/15/2024,1/15/2024,F45: 232 E COLLEGE AVE  STATE COLLEGE PA 16801,Denied,200,,General,,
2000 Degrees SWE Benefitting THON,Business Sponsorship,Society of Women Engineers SWE,57,1/15/2024,1/18/2024,2000 Degrees: 202 W COLLEGE AVE  STATE COLLEGE PA 16801,Approved,60,0,General,,
Ava Perock x Tiffany Mendoza Vibe Coffee Fundraiser Benefitting THON,Restaurant Fundraiser,Ava Perock and Tiffany Mendoza (2024),3160,11/6/2023,11/6/2023,Vibe Coffee Company: 401 W BEAVER AVE  STATE COLLEGE PA 16801,Approved,100,,Independent Couple,,
Alpha Kappa Psi F45 Benefitting THON,Business Sponsorship,Alpha Kappa Psi ,61,1/22/2024,1/22/2024,F45: 232 E COLLEGE AVE  STATE COLLEGE PA 16801,Approved,250,0,General,,
Trilogy and Raising Canes Benefitting THON,Business Sponsorship,Trilogy ,10,1/24/2024,1/24/2024,Raising Canes: 228 E COLLEGE AVE  STATE COLLEGE PA 16801,Approved,150,,Special Interest,,
Phi Beta Lambda x Saxby Food Fundraiser Benefitting THON,Business Sponsorship,Phi Beta Lambda,1029,1/25/2024,1/25/2024,Smeal Saxby's:     ,Approved,100,607.18,General,,
Wilkes-Barre Texas Roadhouse Benefitting THON,Business Sponsorship,Wilkes-Barre,76,1/27/2024,1/27/2024,Texas Roadhouse: 465 WILKES BARRE TOWNSHIP BLVD  WILKES BARRE PA 18702,Approved,1000,284,Commonwealth,,
Trilogy 2000 Degrees Fundraiser Benefitting THON,Business Sponsorship,Trilogy ,10,1/31/2024,1/31/2024,2000 Degrees: 202 W COLLEGE AVE  STATE COLLEGE PA 16801,Approved,150,0,Special Interest,,
Hot Pilates Benefitting THON,Business Sponsorship,Gamma Phi Beta,16,2/4/2024,2/4/2024,PYP Studio: 1748 S ATHERTON ST  STATE COLLEGE PA 16801,Approved,100,114,Greek,,
Dunk for a Cause with Atlas Benefitting THON,Carnival,Atlas ,312,8/16/2023,8/16/2023,Outside of The Stonehouse: 343 PINE ST # 2  WILLIAMSPORT PA 17701,Approved,500,430,Special Interest,,
Dunk an SAE Benefitting THON,Carnival,Alpha Delta Pi ADPi & Sigma Alpha Epsilon SAE,20 & 209,9/1/2023,9/1/2023,JD King: 200 E BEAVER AVE  STATE COLLEGE PA 16801,Approved,400,450.5,Greek,,
DG x DU Dunk Tank Benefitting THON,Carnival,Delta Gamma & Delta Upsilon International Fraternity Delta Upsilon,1544 & 37,9/4/2023,9/4/2023,Delta Upsilon Fraternity Yard: 229 LOCUST LN  STATE COLLEGE PA 16801,Approved,350,875,Greek,,
Sigma Sigma Sigma x Zeta Beta Tau: Back-to-School BBQ Benefitting THON,Carnival,Sigma Sigma Sigma Tri Sigma & Zeta Beta Tau ZBT,33 & 1476,9/4/2023,9/4/2023,429 E Hamilton Avenue:,Approved,500,1680,Greek,,
Field Games- ATO x ZTA Benefitting THON,Carnival,Alpha Tau Omega ATO & Zeta Tau Alpha,1 & 2,9/6/2023,9/6/2023,Alpha Tau Omega: 321 E FAIRMOUNT AVE  STATE COLLEGE PA 16801,Approved,100,310,Greek,,
Alpha Xi Delta and Lambda Chi Alpha Whipped Cream for a Dream Benefitting THON,Carnival,Alpha Xi Delta AXID & Lambda Chi Alpha,31 & 5,9/11/2023,9/11/2023,Hetzel Union Building:     ,Approved,100,736,Greek,,
ADP X DPHIE Pie In the Face Benefitting THON,Carnival,Alpha Delta Phi Delta House & Delta Phi Epsilon DPhiE,1073 & 2090,9/13/2023,9/13/2023,Hetzel Union Building Lawn:     ,Approved,125,125.86,Greek,,
Aphi AEPi Dunk Tank Event Benefitting THON,Carnival,Alpha Epsilon Pi AEPi & Alpha Phi,12 & 118,9/13/2023,9/13/2023,321 Fraternity Row:,Approved,500,572,Greek,,
Sigma Sigma Sigma X Zeta Beta Tau Pie Event Benefitting THON,Carnival,Sigma Sigma Sigma Tri Sigma & Zeta Beta Tau ZBT,33 & 1476,9/14/2023,9/14/2023,HUB-Robeson Center:     ,Approved,400,623,Greek,,
Dunk Tank Fundraiser Benefitting THON,Carnival,Acacia & Gamma Phi Beta,16 & 7,9/20/2023,9/20/2023,Acacia Fraternity: 234 LOCUST LN  STATE COLLEGE PA 16801,Approved,300,0,Greek,,
SAE ADPi Carnival Benefitting THON,Carnival,Alpha Delta Pi ADPi & Sigma Alpha Epsilon SAE,20 & 209,9/22/2023,9/22/2023,Sigma Alpha Epsilon: 200 E BEAVER AVE  STATE COLLEGE PA 16801,Approved,800,220,Greek,,
SDT & Phi Who Carnival Benefitting THON,Carnival,Phi Kappa Theta & Sigma Delta Tau,24 & 49,9/28/2023,9/28/2023,Phi Kappa Theta Fraternity House: 338 E FAIRMOUNT AVE  STATE COLLEGE PA 16801,Approved,300,303,Greek,,
Phi Kappa Tau & Whiplash Dunk Tank Fundraiser Benefitting THON,Carnival,Phi Kappa Tau PKT/ Phi Tau  & Whiplash Dance Team,47 & 215,10/6/2023,10/6/2023,Phi Kappa Tau: 408 E FAIRMOUNT AVE  STATE COLLEGE PA 16801,Approved,400,253,Greek,,
Volé x Alpha Sigma Phi Carnival Benefitting THON,Carnival,Alpha Sigma Phi & Volé,126 & 34,10/6/2023,10/6/2023,Alpha Sigma Phi House: 420 E PROSPECT AVE  STATE COLLEGE PA 16801,Approved,200,760,Greek,,
Pie an Alpha Chi Benefitting THON,Carnival,Alpha Chi Rho AXP,116,10/13/2023,10/13/2023,Hub Back Sidewalk Grass Pad:     ,Approved,300,107,Greek,,
Kappa Delta & Beta Sigma Beta X Pie a Bimmie / KD Benefitting THON,Carnival,Beta Sigma Beta & Kappa Delta KD,68 & 26,10/18/2023,10/18/2023,HUB Lawn: HUB-Robeson Center  University Park PA 16802,Approved,200,309,Greek,,
Haunted Crow House Benefitting THON,Carnival,Alpha Chi Rho AXP & Club Gymnastics Club Gym,116 & 161,10/23/2023,10/24/2023,Alpha Chi Rho (AXP) Chapter House: 425 LOCUST LN  STATE COLLEGE PA 16801,Approved,1500,357,Greek,,
ADP X DPHIE Dunk Tank Benefitting THON,Carnival,Alpha Delta Phi Delta House & Delta Phi Epsilon DPhiE,1073 & 2090,10/27/2023,10/27/2023,Alpha Delta Phi: 225 E FOSTER AVE  STATE COLLEGE PA 16801,Approved,200,444,Greek,,
Fall Festival Benefitting THON,Carnival,Greater Allegheny,163,11/12/2023,11/12/2023,Penn State Greater Allegheny Student Community Center (SCC):     ,Canceled,200,,Commonwealth,,
Winter Festival Benefitting THON,Carnival,Blue & White Society BWS ,53,12/2/2023,12/2/2023,The Hintz Family Alumni Center:     ,Approved,100,115,General,,
Hillel Carnival Benefitting THON,Carnival,Hillel ,50,1/19/2024,2/1/2024,Hillel Building:     ,Approved,100,878,General,,
Game Carnival: Student Red Cross Club Benefitting THON,Carnival,Student Red Cross Club SRCC,90,2/12/2024,2/15/2024,The HUB Lawn:     ,Approved,60,,NewMC,,
Yard Signs Benefitting THON,Coin Collection,World Campus,1318,7/17/2023,7/30/2023,,Denied,100,,Commonwealth,,
Club Cross Country August 14th LI Ribbon Sale Benefitting THON,Coin Collection,Club Cross Country XC,305,8/14/2023,8/14/2023,Fort Salonga Market IGA: 10 FORT SALONGA RD STE 15  FORT SALONGA NY 11768,Approved,200,622.86,General,,
Test 2023 Benefitting THON,Coin Collection,R&R Test Org,777,8/15/2023,8/16/2023,online:     ,Approved,5,,General,,
Club Cross Country August 13th Ribbon Sale Benefitting THON,Coin Collection,Club Cross Country XC,305,8/16/2023,8/16/2023,Bucks County Running Co.: 25 W STATE ST  DOYLESTOWN PA 18901,Approved,75,113.07,General,,
Club Cross Country August 15th Ribbon Sale Benefitting THON,Coin Collection,Club Cross Country XC,305,8/18/2023,8/18/2023,Bryn Mawr Running Co.: 1 W FRONT ST  MEDIA PA 19063,Approved,25,131.48,General,,
Ribbon Sale Benefitting THON,Coin Collection,Alpha Tau Omega ATO & Zeta Tau Alpha,1 & 2,8/26/2023,8/26/2023,Naked Egg: 320 PINE GROVE RD  STATE COLLEGE PA 16801,Canceled,200,,Greek,,
Ribbon Sale Benefitting THON,Coin Collection,Alpha Tau Omega ATO & Zeta Tau Alpha,1 & 2,8/27/2023,8/27/2023,Waffle Shop: 1229 N ATHERTON ST  STATE COLLEGE PA 16803,Approved,200,525.53,Greek,,
Rita's Italian Ice at TE Connectivity Benefitting THON,Coin Collection,World Campus,1318,8/30/2023,8/30/2023,TE Connectivity: 2800 FULLING MILL RD  MIDDLETOWN PA 17057,Approved,50,120,Commonwealth,,
Ribbon Sale Benefitting THON,Coin Collection,Alpha Tau Omega ATO & Zeta Tau Alpha,1 & 2,9/2/2023,9/2/2023,Naked Egg: 320 PINE GROVE RD  STATE COLLEGE PA 16801,Canceled,200,,Greek,,
Ribbon Sale Benefitting THON,Coin Collection,Alpha Tau Omega ATO & Zeta Tau Alpha,1 & 2,9/3/2023,9/3/2023,Waffle Shop: 1229 N ATHERTON ST  STATE COLLEGE PA 16803,Approved,200,596.41,Greek,,
Altoona Curve Baseball Ribboning Fundraiser Benefitting THON,Coin Collection,Altoona,165,9/8/2023,9/9/2023,Altoona Curve Baseball: 1000 PARK AVE  ALTOONA PA 16602,Approved,200,356,Commonwealth,,
Ribbon Sale Benefitting THON,Coin Collection,Alpha Tau Omega ATO & Zeta Tau Alpha,1 & 2,9/9/2023,9/9/2023,Naked Egg: 320 PINE GROVE RD  STATE COLLEGE PA 16801,Canceled,200,,Greek,,
Ribbon Sale Benefitting THON,Coin Collection,Alpha Tau Omega ATO & Zeta Tau Alpha,1 & 2,9/10/2023,9/10/2023,Waffle Shop: 1229 N ATHERTON ST  STATE COLLEGE PA 16803,Approved,200,406.57,Greek,,
Ski Club Participating in Happy Quarters Benefitting THON,Coin Collection,Ski Club (Recreational) PSU Ski Club,392,9/12/2023,9/12/2023,Willard 064:,Approved,5,18.25,General,,
Altoona Greenbean Ribboning Fundraiser Benefitting THON,Coin Collection,Altoona,165,9/16/2023,9/16/2023,Greenbean Coffee House: 715 6TH AVE  ALTOONA PA 16602,Approved,200,263.51,Commonwealth,,
Ribbon Sale Benefitting THON,Coin Collection,Alpha Tau Omega ATO & Zeta Tau Alpha,1 & 2,9/16/2023,9/16/2023,Naked Egg: 320 PINE GROVE RD  STATE COLLEGE PA 16801,Canceled,100,,Greek,,
Ribbon Sale Benefitting THON,Coin Collection,Alpha Tau Omega ATO & Zeta Tau Alpha,1 & 2,9/17/2023,9/17/2023,Waffle Shop: 1610 W COLLEGE AVE  STATE COLLEGE PA 16801,Approved,100,241,Greek,,
Tapestry Dance Company Happy Quarters #1 Benefitting THON,Coin Collection,Tapestry Dance Company ,142,9/18/2023,9/26/2023,White Building:     ,Approved,10,6.46,General,,
Servestate x Pie A Member Benefitting THON,Coin Collection,Servestate: Students For Philanthropy ServeState,546,9/20/2023,9/20/2023,Hub Lawn:     ,Approved,100,183,General,,
Tapestry Dance Company Benefitting THON,Coin Collection,Tapestry Dance Company ,142,9/23/2023,9/23/2023,The Student Book Store: 330 E COLLEGE AVE  STATE COLLEGE PA 16801,Approved,200,437.43,General,,
Ribbon Sale Benefitting THON,Coin Collection,Alpha Tau Omega ATO & Zeta Tau Alpha,1 & 2,9/23/2023,9/23/2023,Naked Egg: 320 PINE GROVE RD  STATE COLLEGE PA 16801,Canceled,100,,Greek,,
Ribbon Sale Benefitting THON,Coin Collection,Alpha Tau Omega ATO & Zeta Tau Alpha,1 & 2,9/24/2023,9/24/2023,Naked Egg: 320 PINE GROVE RD  STATE COLLEGE PA 16801,Approved,100,397.1,Greek,,
Forensic Science Club Penny Wars Benefitting THON,Coin Collection,Forensic Science Club at Penn State FRNSC Club,729,9/25/2023,9/26/2023,"Thomas Building Room 104: Thomas Building, Shortlidge Rd, University Park, PA 16802:",Approved,25,23.08,General,,
Altoona Greenbean Ribboning Fundraiser Benefitting THON,Coin Collection,Altoona,165,9/29/2023,9/29/2023,Greenbean Coffee House: 715 6TH AVE  ALTOONA PA 16602,Approved,200,66,Commonwealth,,
Club Cross Country September 30th Ribbon Sales Benefitting THON,Coin Collection,Club Cross Country XC,305,9/30/2023,9/30/2023,The Waffle Shop Downtown: 364 E COLLEGE AVE  STATE COLLEGE PA 16801,Approved,120,526.65,General,,
Ribbon Sale Benefitting THON,Coin Collection,Alpha Tau Omega ATO & Zeta Tau Alpha,1 & 2,10/1/2023,10/1/2023,Waffle Shop: 1229 N ATHERTON ST  STATE COLLEGE PA 16803,Approved,100,387.9,Greek,,
Taco Dinner Benefitting THON,Benefit Dinner,Mary Haddad and Olivia Lang (2024),3175,11/7/2023,11/7/2023,Pugh: 150 E BEAVER AVE Apt 405 STATE COLLEGE PA 16801,Approved,200,170,Independent Couple,,
Penn State Harrisburg Ribbon Sale Benefitting THON,Coin Collection,Harrisburg,164,10/2/2023,10/2/2023,Fox Crest Farm: 1000 BOMGARDNER LN  ANNVILLE PA 17003,Denied,150,,Commonwealth,,
Club Cross Country Coin Wars Benefitting THON,Coin Collection,Club Cross Country XC,305,10/7/2023,10/13/2023,Rec Hall:     ,Approved,100,350.98,General,,
Ribbon Sale Benefitting THON,Coin Collection,Alpha Tau Omega ATO & Zeta Tau Alpha,1 & 2,10/7/2023,10/7/2023,Naked Egg: 320 PINE GROVE RD  STATE COLLEGE PA 16801,Approved,100,48,Greek,,
Ribbon Sale Benefitting THON,Coin Collection,Alpha Tau Omega ATO & Zeta Tau Alpha,1 & 2,10/8/2023,10/8/2023,Waffle Shop: 1229 N ATHERTON ST  STATE COLLEGE PA 16803,Approved,100,233.33,Greek,,
ServeState Fall BBQ Benefitting THON,Coin Collection,Servestate: Students For Philanthropy ServeState,546,10/8/2023,10/8/2023,Claudia McCabe's House (member): 718 S PUGH ST  STATE COLLEGE PA 16801,Approved,150,403,General,,
Coin Wars Benefitting THON,Coin Collection,Blue Band ,95,10/9/2023,10/22/2023,O. Richard Bundy Blue Band Building:     ,Approved,100,,General,,
Forensic Science Club Penny Wars Benefitting THON,Coin Collection,Forensic Science Club at Penn State FRNSC Club,729,10/9/2023,10/10/2023,"Thomas Building Room 104: Thomas Building, Shortlidge Rd, University Park, PA 16802:",Approved,20,4.15,General,,
Altoona Texas Roadhouse Ribboning Fundraiser Benefitting THON,Coin Collection,Altoona,165,10/13/2023,10/15/2023,Texas Roadhouse: 1560 OSGOOD DR  ALTOONA PA 16602,Approved,200,858,Commonwealth,,
Tapestry Dance Company Benefitting THON,Coin Collection,Tapestry Dance Company ,142,10/14/2023,10/14/2023,The Student Book Store: 330 E COLLEGE AVE  STATE COLLEGE PA 16801,Approved,200,148,General,,
Ribbon Sale Benefitting THON,Coin Collection,Alpha Tau Omega ATO & Zeta Tau Alpha,1 & 2,10/15/2023,10/15/2023,Waffle Shop: 1229 N ATHERTON ST  STATE COLLEGE PA 16803,Approved,100,287.42,Greek,,
OGC Penny Wars Benefitting THON,Coin Collection,Oriana Singers  & Pennsylvania State University Glee Club Glee Club,134 & 135,10/16/2023,10/29/2023,Music Building I (during choir rehearsals):     ,Approved,200,230.29,General,,
Rainn Wilson ribboning Benefitting THON,Coin Collection,Altoona,165,10/18/2023,10/18/2023,Penn State Altoona:     ,Approved,100,55,Commonwealth,,
Altoona Texas Roadhouse Ribboning Fundraiser Benefitting THON,Coin Collection,Altoona,165,10/20/2023,10/22/2023,Texas Roadhouse: 1560 OSGOOD DR  ALTOONA PA 16602,Approved,200,566,Commonwealth,,
Ribbon Sale Benefitting THON,Coin Collection,Alpha Tau Omega ATO & Zeta Tau Alpha,1 & 2,10/22/2023,10/22/2023,Waffle Shop: 1229 N ATHERTON ST  STATE COLLEGE PA 16803,Canceled,100,,Greek,,
Coin Wars Benefitting THON,Coin Collection,Blue Band ,95,10/23/2023,11/5/2023,O. Richard Bundy Blue Band Building:     ,Approved,100,355.68,General,,
OGC Penny Wars Benefitting THON,Coin Collection,Oriana Singers  & Pennsylvania State University Glee Club Glee Club,134 & 135,10/23/2023,11/5/2023,Music Building I (during choir rehearsals):     ,Canceled,200,,General,,
Altoona Pumpkin Decorating Contest Benefitting THON,Coin Collection,Altoona,165,10/23/2023,10/27/2023,Penn State Altoona:     ,Approved,100,17.8,Commonwealth,,
Forensic Science Club Penny Wars Benefitting THON,Coin Collection,Forensic Science Club at Penn State FRNSC Club,729,10/23/2023,10/24/2023,"Thomas Building Room 104: Thomas Building, Shortlidge Rd, University Park, PA 16802:",Canceled,15,,General,,
Altoona Men's Soccer Benefitting THON,Coin Collection,Altoona,165,10/24/2023,10/24/2023,Penn State Altoona:     ,Approved,100,88,Commonwealth,,
Max and Lucas X Pasta Party Benefitting THON,Benefit Dinner,Max Lebofsky and Lucas Walker (2024),3132,11/7/2023,11/7/2023,House: 529 S PUGH ST  STATE COLLEGE PA 16801,Approved,450,332.5,Independent Couple,,
Altoona Sweet Frog Ribboning Fundraiser Benefitting THON,Coin Collection,Altoona,165,10/27/2023,10/27/2023,Sweet Frog: 1602 OSGOOD DR  ALTOONA PA 16602,Approved,200,111,Commonwealth,,
Tapestry Dance Company Benefitting THON,Coin Collection,Tapestry Dance Company ,142,10/28/2023,10/28/2023,The Student Book Store: 330 E COLLEGE AVE  STATE COLLEGE PA 16801,Approved,200,196.95,General,,
Altoona Sam's Club Ribboning Fundraiser Benefitting THON,Coin Collection,Altoona,165,10/29/2023,10/30/2023,Sam's Club: 2500 PLANK RD  ALTOONA PA 16601,Approved,200,870,Commonwealth,,
Ribbon Sale Benefitting THON,Coin Collection,Alpha Tau Omega ATO & Zeta Tau Alpha,1 & 2,10/29/2023,10/29/2023,Waffle Shop: 1229 N ATHERTON ST  STATE COLLEGE PA 16803,Approved,100,307,Greek,,
Penn State Law Penny Wars Benefitting THON,Coin Collection,Penn State Law,1552,10/30/2023,11/2/2023,Katz building atrium:     ,Approved,50,80.88,Commonwealth,,
Penn State Law Pumpkin Voting Benefitting THON,Coin Collection,Penn State Law,1552,10/31/2023,11/2/2023,Katz building atrium:     ,Canceled,15,,Commonwealth,,
Altoona Tom and Joe's Ribboning Fundraiser Benefitting THON,Coin Collection,Altoona,165,11/4/2023,11/5/2023,Tom and Joe's: 1201 13TH AVE  ALTOONA PA 16601,Approved,200,537,Commonwealth,,
Ribbon Sale Benefitting THON,Coin Collection,Alpha Tau Omega ATO & Zeta Tau Alpha,1 & 2,11/5/2023,11/5/2023,Waffle Shop: 1229 N ATHERTON ST  STATE COLLEGE PA 16803,Approved,100,391.06,Greek,,
Penny Wars x Apollo Benefitting THON,Coin Collection,Apollo ,1745,11/6/2023,11/17/2023,022 BBH- Apollo General Meeting Location:,Approved,800,54,Special Interest,,
Club Lacrosse Penny Wars Benefitting THON,Coin Collection,Men's Lacrosse Club  & Women's Club Lacrosse ,141 & 205,11/6/2023,11/15/2023,Panzer Stadium: Panzer Stadium  University Park PA 16802,Approved,75,,General,,
R&R Captains Pie in the Face Fundraiser Benefitting THON,Coin Collection,THON R&R Fundraising Safety,2245,11/6/2023,11/6/2023,Hub Lawn:     ,Approved,100,361,General,,
Tapestry Dance Company Benefitting THON,Coin Collection,Tapestry Dance Company ,142,11/11/2023,11/11/2023,The Student Book Store: 330 E COLLEGE AVE  STATE COLLEGE PA 16801,Approved,200,159.87,General,,
Altoona Sweet Frog Ribboning Fundraiser Benefitting THON,Coin Collection,Altoona,165,11/11/2023,11/12/2023,Sweet Frog: 1602 OSGOOD DR  ALTOONA PA 16602,Approved,200,305,Commonwealth,,
AMCC Women's Volleyball Conference Tournament Benefitting THON,Coin Collection,Altoona,165,11/11/2023,11/12/2023,Penn State Altoona - Adler Athletic Complex:     ,Canceled,99.99,,Commonwealth,,
Ribbon Sale Benefitting THON,Coin Collection,Alpha Tau Omega ATO & Zeta Tau Alpha,1 & 2,11/12/2023,11/12/2023,Naked Egg: 320 PINE GROVE RD  STATE COLLEGE PA 16801,Approved,100,472,Greek,,
Forensic Science Club Penny Wars Benefitting THON,Coin Collection,Forensic Science Club at Penn State FRNSC Club,729,11/13/2023,11/14/2023,"Thomas Building Room 104: Thomas Building, Shortlidge Rd, University Park, PA 16802:",Canceled,15,,General,,
Pie an Eclipse Exec Benefitting THON,Coin Collection,Eclipse ,2020,11/14/2023,11/14/2023,Hub Lawn:     ,Approved,50,54,Special Interest,,
Eclipse This or That Benefitting THON,Coin Collection,Eclipse ,2020,11/15/2023,11/15/2023,,Approved,20,23.61,Special Interest,,
LimitlesS Penny Wars Benefitting THON,Coin Collection,LimitlesS ,203,11/21/2023,12/4/2023,104 Chambers:,Approved,200,369.54,General,,
Club Cross Country November 24th Ribbon Sale Benefitting THON,Coin Collection,Club Cross Country XC,305,11/24/2023,11/24/2023,Bryn Mawr Running Co.: 1 W FRONT ST  MEDIA PA 19063,Approved,100,145.32,General,,
Liza Huber and Michael Castelli IDC Movie Night Benefitting THON,Event/Concert,Michael Castelli and Liza Huber (2024),3102,11/7/2023,11/7/2023,Michael Castelli: 221 S BARNARD ST  STATE COLLEGE PA 16801,Denied,300,,Independent Couple,,
Liza Huber and Michael Castelli Game and Dip Night Benefitting THON,Event/Concert,Michael Castelli and Liza Huber (2024),3102,11/7/2023,11/7/2023,Michael Castelli: 221 S BARNARD ST  STATE COLLEGE PA 16801,Approved,250,170,Independent Couple,,
Penny Wars x Benefitting THON,Coin Collection,Harrisburg,164,11/27/2023,12/1/2023,Olmsted Building: Atrium:     ,Denied,100,,Commonwealth,,
Penny Wars 2.0 x Apollo Benefitting THON,Coin Collection,Apollo ,1745,11/27/2023,12/10/2023,022BBH- Apollo General Meeting Location:,Approved,200,392.5,Special Interest,,
The Bear Exchange Benefitting THON,Coin Collection,Fayette,44,11/27/2023,12/10/2023,Clark Elementary: 200 WATER ST  UNIONTOWN PA 15401,Canceled,2000,,Commonwealth,,
The Bear Exchange Benefitting THON,Coin Collection,Fayette,44,11/27/2023,12/10/2023,Clark Elementary:     ,Canceled,2000,,Commonwealth,,
The Bear Exchange Benefitting THON,Coin Collection,Fayette,44,11/27/2023,11/27/2023,Clark Elementary: 200 WATER ST  UNIONTOWN PA 15401,Canceled,2000,,Commonwealth,,
The Bear Exchange Benefitting THON,Coin Collection,Fayette,44,11/27/2023,12/10/2023,Clark Elementary: 200 WATER ST  UNIONTOWN PA 15401,Approved,2000,,Commonwealth,,
Conner’s McTHONneR&Rs’ tag Benefitting THON,Coin Collection,Fundraising Outreach 1,2369,11/27/2023,12/3/2023,Agricultural Engineering Building:     ,Approved,58,,General,,
SPSEA X Happy Quarters Benefitting THON,Coin Collection,Student Pennsylvania State Education Association SPSEA,96,11/27/2023,12/4/2023,Chambers Building:     ,Canceled,10,,General,,
SPSEA X Happy Quarters Benefitting THON,Coin Collection,Student Pennsylvania State Education Association SPSEA,96,11/27/2023,12/4/2023,Chambers Building:     ,Canceled,10,,General,,
SPSEA X Happy Quarters Benefitting THON,Coin Collection,Student Pennsylvania State Education Association SPSEA,96,11/27/2023,12/4/2023,Chambers Building:     ,Approved,10,20.67,General,,
Altoona Tom and Joe's Ribboning Fundraiser Benefitting THON,Coin Collection,Altoona,165,12/1/2023,12/3/2023,Tom and Joes: 1201 13TH AVE  ALTOONA PA 16601,Approved,200,321,Commonwealth,,
Follow the BillingsleadeR&R Tag Benefitting THON,Coin Collection,Events Coordinator and Committee Liaison & THON R&R Fundraising Safety,2245 & 2385,12/1/2023,12/14/2023,"Ferguson Building,  Rm.005:",Approved,150,100,General,,
R&R Secret Santa Fundraiser Benefitting THON,Coin Collection,THON R&R Event Safety & THON R&R Fundraising Safety,538 & 2245,12/3/2023,12/4/2023,Willard 258:,Canceled,100,,General,,
holiday candy grams Benefitting THON,Coin Collection,OPPerations - Rules & Regulations Liaison & Security Team 2,315 & 409,12/4/2023,12/5/2023,Hub Robeson Center:     ,Approved,200,66.5,General,,
R&R Holiday Gift Bag Silent  Auction Benefitting THON,Coin Collection,THON R&R Event Safety & THON R&R Fundraising Safety,538 & 2245,12/4/2023,12/4/2023,Hub:     ,Approved,100,175,General,,
Forensic Science Club Penny Wars Benefitting THON,Coin Collection,Forensic Science Club at Penn State FRNSC Club,729,12/4/2023,12/5/2023,"Thomas Building Room 104: Thomas Building, Shortlidge Rd, University Park, PA 16802:",Approved,15,13.75,General,,
Altoona Basketball Benefitting THON,Coin Collection,Altoona,165,12/6/2023,12/6/2023,Penn State Altoona:     ,Approved,150,112,Commonwealth,,
Eclipse This or That Benefitting THON,Coin Collection,Eclipse ,2020,12/6/2023,12/6/2023,Sparks Building:     ,Approved,15,12.38,Special Interest,,
Technology Committee Advent of Code Challenge  Benefitting THON,Coin Collection,THON Technology,1013,12/6/2023,12/6/2023,,Approved,100,70,General,,
The Bear Exchange Benefitting THON,Coin Collection,Fayette,44,12/10/2023,12/15/2023,Clark Elementary: 200 WATER ST  UNIONTOWN PA 15401,Canceled,2000,,Commonwealth,,
The Bear Exchange Benefitting THON,Coin Collection,Fayette,44,12/10/2023,12/15/2023,Clark Elementary: 200 WATER ST  UNIONTOWN PA 15401,Approved,2000,,Commonwealth,,
Happy Quarters Benefitting THON,Coin Collection,Circle K ,84,12/13/2023,12/13/2023,Willard Building:     ,Approved,12,,General,,
Rexanna Quedenfeld and Lisa Han Item Sale X Benefitting THON,Item Sale,Rexanna Quedenfeld and Lisa Han (2024),3094,11/7/2023,11/7/2023,HUB Lounge Table #3:,Approved,200,247,Independent Couple,,
Club Cross Country December 29th Ribbon Sale Benefitting THON,Coin Collection,Club Cross Country XC,305,12/29/2023,12/29/2023,Bryn Mawr Running Co.: 1 W FRONT ST  MEDIA PA 19063,Approved,125,683.52,General,,
Bracelet and Cookie Sale Benefitting THON,Item Sale,Carly Weisfelner and Emily Locker (2024),3085,11/7/2023,11/16/2023,Carly Weisfelner: 131 HIESTER ST 907 STATE COLLEGE PA 16801,Approved,50,41,Independent Couple,,
100 days 'til THON Sea Shell Christmas Ornament Making Benefitting THON,100 Days 'Til THON Alternative Fundraiser,Meaghan Sholtis and Ava Manne (2024),3206,11/8/2023,11/8/2023,Hetzel Union Building:     ,Denied,150,,Independent Couple,,
Guess the Number of Seashells Benefitting THON,100 Days 'Til THON Alternative Fundraiser,Maddie Neulander and Katelyn Felsberg (2024),3190,11/8/2023,11/8/2023,HUB:     ,Canceled,100,,Independent Couple,,
Altoona Coffee on 3rd Ribboning Fundraiser Benefitting THON,Coin Collection,Altoona,165,1/13/2024,1/13/2024,Coffee on 3rd: 1524 3RD AVE  DUNCANSVILLE PA 16635,Approved,200,46,Commonwealth,,
Spoontag Benefitting THON,Coin Collection,Fundraising Outreach 5,2383,1/14/2024,1/16/2024,Anywhere on or Near Campus that someone could be tagged with a spoon:     ,Approved,155,105,General,,
Ribbon Sale Benefitting THON,Coin Collection,Alpha Tau Omega ATO & Zeta Tau Alpha,1 & 2,1/14/2024,1/14/2024,Waffle Shop: 1229 N ATHERTON ST  STATE COLLEGE PA 16803,Approved,100,631,Greek,,
Tapestry Dance Company Happy Quarters #2 Benefitting THON,Coin Collection,Tapestry Dance Company ,142,1/15/2024,1/15/2024,Joab L. Thomas Building:     ,Approved,5,8.79,General,,
Ribbon Sale Benefitting THON,Coin Collection,Security Team 2 & THON R&R Event Safety,315 & 538,1/15/2024,1/19/2024,,Approved,70,29,General,,
R&R Chipotle Fundraising Benefitting THON,Coin Collection,THON R&R Event Safety & THON R&R Fundraising Safety,538 & 2245,1/16/2024,1/16/2024,116 Heister Ave:,Approved,500,0,General,,
R&R Chipotle Fundraising Benefitting THON,Coin Collection,THON R&R Event Safety & THON R&R Fundraising Safety,538 & 2245,1/16/2024,1/16/2024,116 Heister Ave:,Canceled,500,,General,,
R&R WinteR&R Ball Fundraising Benefitting THON,Coin Collection,THON R&R Fundraising Safety,2245,1/18/2024,1/18/2024,Hertitage Hall:     ,Canceled,200,,General,,
Altoona Tom and Joe's Ribboning Fundraiser Benefitting THON,Coin Collection,Altoona,165,1/19/2024,1/21/2024,Tom and Joe's: 1201 13TH AVE  ALTOONA PA 16601,Approved,200,618,Commonwealth,,
Ribbon Sale Benefitting THON,Coin Collection,Alpha Tau Omega ATO & Zeta Tau Alpha,1 & 2,1/21/2024,1/21/2024,Waffle Shop: 1229 N ATHERTON ST  STATE COLLEGE PA 16803,Approved,100,720,Greek,,
The Bear Exchange Benefitting THON,Coin Collection,Fayette,44,1/22/2024,2/4/2024,Albert Gallatin School District: 2625 MORGANTOWN RD  UNIONTOWN PA 15401,Approved,1000,,Commonwealth,,
Eclipse This or That Benefitting THON,Coin Collection,Eclipse ,2020,1/24/2024,1/24/2024,Sparks Building:     ,Approved,15,14.76,Special Interest,,
UPUA penny wars Benefitting THON,Coin Collection,University Park Undergraduate Association UPUA,1202,1/24/2024,2/6/2024,UPUA office HUB:     ,Canceled,25,,General,,
ServeState Wii Night Benefitting THON,Coin Collection,Servestate: Students For Philanthropy ServeState,546,1/25/2024,1/25/2024,My apartment: 300 S PUGH ST  STATE COLLEGE PA 16801,Approved,50,40,General,,
Altoona Tom and Joe's Ribboning Fundraiser Benefitting THON,Coin Collection,Altoona,165,1/26/2024,1/28/2024,Tom and Joe's: 1201 13TH AVE  ALTOONA PA 16601,Approved,200,,Commonwealth,,
R&R Got Talent Benefitting THON,Coin Collection,THON R&R Fundraising Safety,2245,1/28/2024,1/28/2024,Forum 108:,Approved,200,,General,,
Ribbon Sale Benefitting THON,Coin Collection,Alpha Tau Omega ATO & Zeta Tau Alpha,1 & 2,1/28/2024,1/28/2024,Waffle Shop: 1610 W COLLEGE AVE  STATE COLLEGE PA 16801,Approved,100,496,Greek,,
Spoontag Benefitting THON,Coin Collection,Fundraising Outreach 5,2383,1/28/2024,2/10/2024,Anywhere on or Near Campus that someone could be tagged with a spoon:     ,Approved,30,,General,,
Altoona Tom and Joes Ribboning Sale Benefitting THON,Coin Collection,Altoona,165,2/2/2024,2/4/2024,Tom and Joe's Restaurant: 1201 13TH AVE  ALTOONA PA 16601,Approved,200,,Commonwealth,,
Ribbon Sale Benefitting THON,Coin Collection,Alpha Tau Omega ATO & Zeta Tau Alpha,1 & 2,2/4/2024,2/4/2024,Waffle Shop: 1610 W COLLEGE AVE  STATE COLLEGE PA 16801,Approved,100,469,Greek,,
Tapestry Dance Company Happy quarters #3 Benefitting THON,Coin Collection,Tapestry Dance Company ,142,2/5/2024,2/5/2024,White Building:     ,Approved,5,16.91,General,,
Happy Quarters Impact Benefitting THON,Coin Collection,Impact ,1751,2/6/2024,2/6/2024,Natalie Murtagh's Apartment: 300 WAUPELANI DR  STATE COLLEGE PA 16801,Approved,60,71.32,Special Interest,,
Penn State CHAARG Happy Coins Benefitting THON,Coin Collection,"Changing Health, Attitudes, and Actions To Recreate Girls at Penn State CHAARG",2098,2/8/2024,2/8/2024,Willard Building 60:,Approved,100,105.39,General,,
CullyfloweR&Rs Penny Wars Benefitting THON,Coin Collection,Events Coordinator & Committee Liaison,2373,2/9/2024,2/9/2024,HUB Information Booth:     ,Canceled,100,,General,,
Altoona Texas Roadhouse Ribboning Fundraiser Benefitting THON,Coin Collection,Altoona,165,2/9/2024,2/10/2024,Texas Roadhouse:     ,Approved,200,,Commonwealth,,
Altoona Sam's Club Ribboning Fundraiser Benefitting THON,Coin Collection,Altoona,165,2/9/2024,2/10/2024,Sam's Club: 2500 PLANK RD  ALTOONA PA 16601,Approved,200,,Commonwealth,,
Ribbon Sale Benefitting THON,Coin Collection,Alpha Tau Omega ATO & Zeta Tau Alpha,1 & 2,2/11/2024,2/11/2024,Waffle Shop: 1610 W COLLEGE AVE  STATE COLLEGE PA 16801,Approved,100,745,Greek,,
Altoona 50/50 Raffle Benefitting THON,Coin Collection,Altoona,165,2/12/2024,2/14/2024,Penn State Altoona:     ,Approved,200,,Commonwealth,,
FOTO Date Auction Benefitting THON,Date Auction,FOTO ,1336,10/2/2023,10/2/2023,Old Main:     ,Approved,100,475,Special Interest,,
Delta Sigma Phi and Club Cheer date auction Benefitting THON,Date Auction,Cheerleading Club Club Cheer & Delta Sigma Phi,13 & 321,11/1/2023,11/1/2023,Delta Sigma Phi Fraternity: 508 LOCUST LN  STATE COLLEGE PA 16801,Approved,300,574,Greek,,
Fratchelor Benefitting THON,Date Auction,Delta Zeta DZ & Sigma Pi,39 & 36,11/1/2023,11/1/2023,Sigma Pi: 303 FRATERNITY ROW  STATE COLLEGE PA 16801,Approved,300,,Greek,,
Phi Sigma Rho and Chi Phi Date Auction Benefitting THON,Date Auction,Chi Phi & Phi Sigma Rho Phi Rho,81 & 160,11/3/2023,11/3/2023,Chi Phi House: 360 E HAMILTON AVE  STATE COLLEGE PA 16801,Approved,150,1144,Greek,,
Sigma Kappa X Phi Gamma Delta Date Auction Benefitting THON,Date Auction,Phi Gamma Delta & Sigma Kappa,35 & 19,11/7/2023,11/7/2023,Phi Gamma Delta House: 319 N Burrowes Road  University Park PA 16802,Approved,500,2792.7,Greek,,
Sigma Sigma Sigma x Zeta Beta Tau Mr. ZBT Competition: Benefitting THON,Date Auction,Sigma Sigma Sigma Tri Sigma & Zeta Beta Tau ZBT,33 & 1476,11/15/2023,11/15/2023,ZBT House: 429 E HAMILTON AVE  STATE COLLEGE PA 16801,Approved,500,98,Greek,,
Lion Ambassador Date Auciton Benefitting THON,Date Auction,Lion Ambassadors ,83,11/16/2023,11/16/2023,Penn State Alumni Association:     ,Approved,800,1263,General,,
Omega Chi Sigma & Omega Phi Alpha Date Auction Fundraiser Benefitting THON,Date Auction,Omega Chi Sigma & Omega Phi Alpha OphiA,48 & 2440,11/28/2023,11/28/2023,Willard Building:     ,Canceled,400,,Greek,,
Date Auction Benefitting THON,Date Auction,Omega Chi Sigma & Omega Phi Alpha OphiA,48 & 2440,11/28/2023,11/28/2023,Willard 064:,Approved,200,171,Greek,,
Date Auction Benefitting THON,Date Auction,South Asian Student Association SASA,150,11/29/2023,11/29/2023,CBEB 001:,Denied,100,,NewMC,,
A-7 Date Auction x Benefitting THON,Date Auction,A-7,1192,12/4/2023,12/4/2023,Willard Building:     ,Canceled,30,,Special Interest,,
Beta Sigma Beta Date Auction Benefitting THON,Date Auction,Beta Sigma Beta & Kappa Delta KD,68 & 26,12/6/2023,12/6/2023,Beta Sigma Beta: 255 E FAIRMOUNT AVE  STATE COLLEGE PA 16801,Approved,1200,3889,Greek,,
Beta Sigma Beta Date Auction Benefitting THON,Date Auction,Beta Sigma Beta & Kappa Delta KD,68 & 26,12/6/2023,12/6/2023,Beta Sigma Beta: 255 E FAIRMOUNT AVE  STATE COLLEGE PA 16801,Canceled,1200,,Greek,,
FOTO Date Auction Benefitting THON,Date Auction,FOTO ,1336,1/8/2024,1/8/2024,Wartik 111:,Approved,200,381,Special Interest,,
Date Auction Impact Benefitting THON,Date Auction,"Hershey Kisses HK, Impact  & Pillar ","1297, 1751 & 1667",1/11/2024,1/11/2024,Willard Room 075:,Approved,200,579,Special Interest,,
Navigators Date Auction Benefitting THON,Date Auction,Navigators at Penn State ,313,1/16/2024,1/16/2024,Willard Building:     ,Approved,300,510,General,,
Club Cross Country Senior Auction Benefitting THON,Date Auction,Club Cross Country XC,305,1/18/2024,1/18/2024,Sparks 10:,Approved,150,582.21,General,,
Date or Dare x Apollo Benefitting THON,Date Auction,Apollo ,1745,1/22/2024,1/22/2024,022 BBH- Apollo General Meeting Location:,Approved,500,317,Special Interest,,
CIES Date Auction Benefitting THON,Date Auction,Corporate Innovation & Entrepreneurship Society CIES,727,1/22/2024,1/22/2024,Business Building 106:,Approved,400,554,General,,
HEAL Date Auction Benefitting THON,Date Auction,HEAL: Help Every Angel Live ,1540,1/29/2024,1/29/2024,Willard Building:     ,Approved,100,406,Special Interest,,
Bid It to Win It Benefitting THON,Date Auction,Blue & White Society BWS ,53,1/30/2024,1/30/2024,Hintz Family Alumni Center:     ,Approved,100,206,General,,
BFC Date Auction Benefitting THON,Date Auction,"Alpha Kappa Psi , Delta Sigma Pi , Phi Beta Lambda, Phi Chi Theta  & Phi Gamma Nu ","29, 61, 85, 206 & 1029",1/31/2024,1/31/2024,Forum 102:,Approved,500,4055,Greek,,
Eclipse Auction Benefitting THON,Date Auction,Eclipse ,2020,1/31/2024,1/31/2024,The Legend Apartments: 246 HIGHLAND AVE  STATE COLLEGE PA 16801,Approved,500,938,Special Interest,,
Atlas Date Auction Benefitting THON,Date Auction,Atlas ,312,2/1/2024,2/1/2024,"Chambers Building, Room 108:",Approved,200,163,Special Interest,,
SDT x Phi Who Date Auction Benefitting THON,Date Auction,Phi Kappa Theta & Sigma Delta Tau,24 & 49,2/5/2024,2/5/2024,Phi Kappa Theta: 338 E FAIRMOUNT AVE  STATE COLLEGE PA 16801,Approved,500,1224,Greek,,
Date Auction Benefitting THON,Date Auction,Alpha Sigma Alpha ASA & Pi Kappa Phi Pi Kapp,6 & 3,2/5/2024,2/5/2024,Pi Kappa Phi Chapter House: 409 E FAIRMOUNT AVE  STATE COLLEGE PA 16801,Approved,700,684.5,Greek,,
SAE and ADPi Date Auction Benefitting THON,Date Auction,Alpha Delta Pi ADPi & Sigma Alpha Epsilon SAE,20 & 209,2/6/2024,2/6/2024,Sigma Alpha Epsilon: 200 E BEAVER AVE  STATE COLLEGE PA 16801,Canceled,100,,Greek,,
Pie an Officer in the Face Operation Blue and Gold Benefitting THON,Date Auction,Operation Blue and Gold OBG,133,2/6/2024,2/6/2024,Wagner Building:     ,Approved,500,70,General,,
Date Auction SNAPS x KINES Benefitting THON,Date Auction,Kinesiology Club KINES club & Student Nurses' Association at Penn State SNAPS,104 & 100,2/7/2024,2/7/2024,Sackett Building 110:,Approved,250,383,General,,
PSNtv: Auction X Benefitting THON,Date Auction,Penn State Network Television PSNtv,320,2/8/2024,2/8/2024,Willard Building:     ,Denied,250,,General,,
Lionettes Date Auction Benefitting THON,Date Auction,Dance Team (Lionettes),204,2/9/2024,2/14/2024,Pugh Street Apartments: 131 S PUGH ST  STATE COLLEGE PA 16801,Approved,500,1237,General,,
Whiplash x PKT Date Auction Benefitting THON,Date Auction,Phi Kappa Tau PKT/ Phi Tau  & Whiplash Dance Team,47 & 215,2/12/2024,2/12/2024,Phi Kappa Tau: 408 E FAIRMOUNT AVE  STATE COLLEGE PA 16801,Approved,1000,1714,Greek,,
Phi Sigma Rho and Chi Phi Date Auction Benefitting THON,Date Auction,Chi Phi & Phi Sigma Rho Phi Rho,81 & 160,2/13/2024,2/13/2024,Chi Phi House: 360 E HAMILTON AVE  STATE COLLEGE PA 16801,Canceled,150,,Greek,,
Alpha Omicron Pi & Phi Kappa Psi Date Auction Benefitting THON,Date Auction,Alpha Omicron Pi AOII & Phi Kappa Psi,8 & 32,2/13/2024,2/13/2024,Phi Kappa Psi: 403 LOCUST LN  STATE COLLEGE PA 16801,Approved,100,1568,Greek,,
College of EMS Date Auction Benefitting THON,Date Auction,Earth and Mineral Sciences Student Council EMS StuCo,105,2/14/2024,2/14/2024,Deike Building:     ,Approved,250,703,General,,
ADPi Date Auction Benefitting THON,Date Auction,Alpha Delta Pi ADPi,20,2/14/2024,2/14/2024,Huck 100:,Approved,100,201,Greek,,
MHAA Dress Down Day Benefitting THON,Dress Down Day,Master of Health Administration Association MHAA,2918,9/21/2023,9/21/2023,J. Orvis Keller Building: Room 118:,Approved,100,44,General,,
Sigma Kappa Dress Down Chapter Benefitting THON,Dress Down Day,Sigma Kappa,35,9/24/2023,9/24/2023,Thomas Building:     ,Approved,300,525,Greek,,
Sigma Kappa Dress Down Chapter Benefitting THON,Dress Down Day,Sigma Kappa,35,10/8/2023,10/8/2023,Thomas Building:     ,Approved,300,445,Greek,,
MHAA Halloween Dress Down Day Benefitting THON,Dress Down Day,Master of Health Administration Association MHAA,2918,10/31/2023,10/31/2023,J. Orvis Keller Building: Room 118:,Approved,35,60,General,,
McHalea and Emily's Boardwalk Games 100 Days Fundraiser Benefitting THON,100 Days 'Til THON Alternative Fundraiser,McHalea Beck and Emily Borell (2024),3114,11/8/2023,11/8/2023,HUB:     ,Denied,150,,Independent Couple,,
Alvey Elementary School Dress Down Week Benefitting THON,Dress Down Day,Delta Sigma Pi ,85,1/2/2024,1/5/2024,Alvey Elementary School: 5300 WAVERLY FARM DR  HAYMARKET VA 20169,Approved,150,25,General,,
Dress Down Day Benefitting THON,Dress Down Day,OPPerations - Blue Shirt Relations (2),391,1/4/2024,1/4/2024,Villa Walsh Academy: 455 WESTERN AVE  MORRISTOWN NJ 07960,Approved,300,650,General,,
Sigma Kappa Dress Down Chapter Benefitting THON,Dress Down Day,Sigma Kappa,35,2/11/2024,2/11/2024,Thomas 100:,Approved,400,350,Greek,,
Virtual Run-A-Thon Benefitting THON,Event/Concert,Pi Kappa Phi Pi Kapp,3,7/16/2023,7/23/2023,,Approved,500,150,Greek,,
Penn State DuBois Golf Scramble Benefitting THON,Event/Concert,Dubois,166,8/6/2023,8/6/2023,Beechwoods Golf Course: 1618 AIRPORT RD  FALLS CREEK PA 15840,Approved,3000,2806.35,Commonwealth,,
Emily Martin and Danielle Manni X Fashion Show 100 Days Fundraiser Benefitting THON,100 Days 'Til THON Alternative Fundraiser,Emily Martin and Danielle Manni (2024),3152,11/8/2023,11/8/2023,The HUB:     ,Denied,100,,Independent Couple,,
Phi Sig and AGR Cookout kickoff event Benefitting THON,Event/Concert,Alpha Gamma Rho AGR & Phi Sigma Sigma Phi Sig,187 & 294,8/22/2023,8/22/2023,322 Fraternity Row:,Approved,500,870,Greek,,
Sylly Week Bingo Benefitting THON,Event/Concert,Pi Kappa Phi Pi Kapp,3,8/23/2023,8/23/2023,,Denied,150,,Greek,,
Phi Beta Lambda Karaoke Night Benefitting THON,Event/Concert,Phi Beta Lambda,1029,8/25/2023,8/25/2023,424 West College Avenue:,Canceled,250,,General,,
Pi Kapp Professional Headshots Benefitting THON,Event/Concert,Pi Kappa Phi Pi Kapp,3,8/27/2023,8/27/2023,Pi Kappa Phi Chapter House: 409 E FAIRMOUNT AVE  STATE COLLEGE PA 16801,Approved,300,,Greek,,
Epsilon Sigma Alpha X Family Movie Night Benefitting THON,Event/Concert,Epsilon Sigma Alpha ESA & Tau Kappa Epsilon TKE,27 & 562,8/28/2023,8/28/2023,Movie Night Location: 611 S PUGH ST  STATE COLLEGE PA 16801,Approved,150,200,Greek,,
Berks Pie in the Face Benefitting THON,Event/Concert,Berks,77,8/28/2023,8/28/2023,Penn State Berks Perkins Plaza:     ,Approved,100,200,Commonwealth,,
FOTO Goat Yoga Benefitting THON,Event/Concert,FOTO ,1336,8/31/2023,8/31/2023,Nittany Meadow Farm: 307 LOCUST LN Apt 207 STATE COLLEGE PA 16801,Approved,125,180,Special Interest,,
Ski Club Getting Pied at Lion Bash Benefitting THON,Event/Concert,Ski Club (Recreational) PSU Ski Club,392,8/31/2023,8/31/2023,Further part on Allen Street Event is held on: 243 S ALLEN ST # 337  STATE COLLEGE PA 16801,Approved,300,158,General,,
Phi Beta Lambda Karaoke Night Benefitting THON,Event/Concert,Phi Beta Lambda,1029,9/1/2023,9/1/2023,424 West College Avenue:,Approved,250,242,General,,
Phi Beta Lambda Spies Benefitting THON,Event/Concert,Phi Beta Lambda,1029,9/3/2023,9/15/2023,,Approved,200,240,General,,
Sapphire Car Wash Benefitting THON,Event/Concert,Sapphire Leadership Program ,1543,9/3/2023,9/3/2023,Advance Auto Parts: 1602 N ATHERTON ST  STATE COLLEGE PA 16803,Approved,500,739,General,,
MHA Cornhole Tournament Benefitting THON,Event/Concert,Master of Health Administration Association MHAA,2918,9/4/2023,9/4/2023,Forest Resources Building Lawn:     ,Canceled,100,,General,,
Why We THON(tm) Dinner Benefitting THON,Event/Concert,Pi Kappa Phi Pi Kapp,3,9/4/2023,9/4/2023,Pi Kappa Phi Chapter House: 409 E FAIRMOUNT AVE  STATE COLLEGE PA 16801,Approved,200,285,Greek,,
Club Cheer and Delta Sigma Phi Picnic Benefitting THON,Event/Concert,Cheerleading Club Club Cheer & Delta Sigma Phi,13 & 321,9/4/2023,9/4/2023,Delta Sigma Phi House: 508 LOCUST LN  STATE COLLEGE PA 16801,Approved,300,282,General,,
Women in Business Trivia Night Benefitting THON,Event/Concert,Women In Business WIB,151,9/6/2023,9/6/2023,Business Building:     ,Approved,120,116,General,,
Alpha Phi Delta Pie Event Benefitting THON,Event/Concert,Alpha Phi Delta APD,188,9/6/2023,9/6/2023,Alpha Phi Delta Fraternity: 329 E PROSPECT AVE  STATE COLLEGE PA 16801,Canceled,400,,Greek,,
Tau Kappe Epsilon x Epsilon Sigma Alpha Headshots Benefitting THON,Event/Concert,Epsilon Sigma Alpha ESA & Tau Kappa Epsilon TKE,27 & 562,9/6/2023,9/6/2023,Business Building:     ,Approved,300,133,Greek,,
Mocktail Night Benefitting THON,Event/Concert,World Campus,1318,9/8/2023,9/8/2023,,Approved,200,15,Commonwealth,,
Tapestry Dance Company Benefitting THON,Event/Concert,Tapestry Dance Company ,142,9/9/2023,9/9/2023,The Student Bookstore: 330 E COLLEGE AVE  STATE COLLEGE PA 16801,Approved,200,339.66,General,,
Women in Business Professional Headshot #1 Fundraiser Benefitting THON,Event/Concert,Women In Business WIB,151,9/11/2023,9/11/2023,Business Building:     ,Approved,175,140,General,,
Headshot Fundraiser - ATO x ZTA Benefitting THON,Event/Concert,Alpha Tau Omega ATO & Zeta Tau Alpha,1 & 2,9/11/2023,9/11/2023,Old Main:     ,Approved,100,35,Greek,,
Phi Sig and AGR Pie in Face Event Benefitting THON,Event/Concert,Alpha Gamma Rho AGR & Phi Sigma Sigma Phi Sig,187 & 294,9/13/2023,9/13/2023,Hub Lawn:     ,Approved,500,362,Greek,,
SINGO Benefitting THON,Event/Concert,Tri-STATE ,1177,9/13/2023,9/13/2023,Nursing Sciences Building:     ,Canceled,50,,Special Interest,,
Phi Beta Lambda Pie-In-The-Face Benefitting THON,Event/Concert,Phi Beta Lambda,1029,9/14/2023,9/14/2023,HUB Lawn:     ,Canceled,250,,General,,
Crochet Night for Alpha Kappa Psi Benefitting THON,Event/Concert,Alpha Kappa Psi ,61,9/14/2023,9/14/2023,Rachel Chang: 121 W FAIRMOUNT AVE APT 14  STATE COLLEGE PA 16801,Approved,30,30,General,,
Epsilon Sigma Alpha Yoga Benefitting THON,Event/Concert,Epsilon Sigma Alpha ESA & Tau Kappa Epsilon TKE,27 & 562,9/14/2023,9/14/2023,Arboretum:     ,Approved,200,570,Greek,,
Apollo Food Truck Fiesta Benefitting THON,Event/Concert,Apollo ,1745,9/15/2023,9/15/2023,Dr. Martin Luther King Js. Plaza: 125 S FRASER ST  STATE COLLEGE PA 16801,Approved,2000,531,Special Interest,,
Mr. Water Polo Show Benefitting THON,Event/Concert,Men's Water Polo Club  & Women's Water Polo Club ,127 & 445,9/15/2023,9/15/2023,Water Polo Women's House: 239 S BARNARD ST  STATE COLLEGE PA 16801,Approved,400,203,General,,
Tau Kappa Epsilon x Epsilon Sigma Alpha Pie Throwing Benefitting THON,Event/Concert,Epsilon Sigma Alpha ESA & Tau Kappa Epsilon TKE,27 & 562,9/15/2023,9/15/2023,Hub Robeson Lawn:     ,Approved,100,535,Greek,,
Atlas Car Wash Benefitting THON,Event/Concert,Atlas ,312,9/16/2023,9/16/2023,Advance Auto Parts: 1602 N ATHERTON ST  STATE COLLEGE PA 16803,Approved,100,362,Special Interest,,
BJC Ticket Team Benefitting THON,Event/Concert,Atlas ,312,9/16/2023,9/16/2023,Bryce Jordan Center:     ,Denied,1000,,Special Interest,,
Pillar Car Wash Benefitting THON,Event/Concert,Pillar ,1297,9/17/2023,9/17/2023,Advanced Auto Parts: 1602 N ATHERTON ST  STATE COLLEGE PA 16803,Denied,100,,Special Interest,,
Penn State CHAARG Cornhole Competition Benefitting THON,Event/Concert,"Changing Health, Attitudes, and Actions To Recreate Girls at Penn State CHAARG",2098,9/17/2023,9/17/2023,Forest Resources Building Lawn:     ,Canceled,75,,General,,
Navigators Car Wash Benefitting THON,Event/Concert,Navigators at Penn State ,313,9/17/2023,9/17/2023,Calvary Harvest Fields: 150 HARVEST FIELDS DR  BOALSBURG PA 16827,Approved,200,320,General,,
Women in Business Tie-Dye Fundraiser Benefitting THON,Event/Concert,Women In Business WIB,151,9/18/2023,9/18/2023,HUB Lawn:     ,Approved,200,250,General,,
SASA Garba Workshop Benefitting THON,Event/Concert,South Asian Student Association SASA,150,9/18/2023,9/18/2023,HUB 232: Dance Studio:,Approved,50,61,NewMC,,
Stomp Out Cancer Benefitting THON,Event/Concert,Omega Chi Sigma & Omega Phi Alpha OphiA,48 & 2440,9/18/2023,9/22/2023,,Canceled,300,,Greek,,
Omega Chi Sigma & Omega Phi Alpha Stomp Out Cancer Fundraiser Benefitting THON,Event/Concert,Omega Chi Sigma & Omega Phi Alpha OphiA,48 & 2440,9/18/2023,9/22/2023,,Approved,300,,Greek,,
F45 Benefitting THON,Event/Concert,Club Field Hockey PSFHC,52,9/18/2023,10/1/2023,F45: 232 E COLLEGE AVE  STATE COLLEGE PA 16801,Approved,50,0,General,,
F45 Fundraiser Benefitting THON,Event/Concert,Delta Chi & Kappa Kappa Gamma,23 & 22,9/19/2023,9/19/2023,F45: 232 E COLLEGE AVE  STATE COLLEGE PA 16801,Approved,500,0,Greek,,
Penn State York Benefitting THON,Event/Concert,York,170,9/20/2023,9/20/2023,Penn State York:     ,Canceled,500,,Commonwealth,,
Dunk Tank Fundraiser Benefitting THON,Event/Concert,"Acacia, Alpha Tau Omega ATO, Gamma Phi Beta & Zeta Tau Alpha","16, 1, 2 & 7",9/20/2023,9/20/2023,Acacia: 234 LOCUST LN  STATE COLLEGE PA 16801,Approved,100,591,Greek,,
Penn State Law Game Night Benefitting THON,Event/Concert,Penn State Law,1552,9/20/2023,9/20/2023,Katz room 116:,Approved,15,18.1,Commonwealth,,
Sponsor a Mile- ATO x ZTA Benefitting THON,Event/Concert,Alpha Tau Omega ATO & Zeta Tau Alpha,1 & 2,9/20/2023,9/20/2023,Alpha Tau Omega: 321 E FAIRMOUNT AVE  STATE COLLEGE PA 16801,Canceled,100,,Greek,,
Orchesis Dance Company Goat Yoga Benefitting THON,Event/Concert,Orchesis Dance Company ODC,124,9/20/2023,9/20/2023,Nittany Meadow Farm: 227 NITTANY MEADOW FARM LN  CENTRE HALL PA 16828,Approved,200,260,General,,
BJC Ticket Team Benefitting THON,Event/Concert,Atlas ,312,9/21/2023,9/21/2023,Bryce Jordan Center:     ,Approved,500,,Special Interest,,
PSU Crossfit Hotdog Eating Contest Benefitting THON,Event/Concert,Crossfit Club at Penn State ,542,9/22/2023,9/22/2023,Wagner Building:     ,Approved,200,247,General,,
Sapphire Professional Headshot Fundraiser Benefitting THON,Event/Concert,Sapphire Leadership Program ,1543,9/22/2023,9/22/2023,Business Building:     ,Approved,200,392,General,,
Pie-A-Member Fundraisier Impact Benefitting THON,Event/Concert,Impact ,1751,9/22/2023,9/22/2023,HUB Lawn:     ,Approved,40,212,Special Interest,,
CIES Pie An Exec Benefitting THON,Event/Concert,Corporate Innovation & Entrepreneurship Society CIES,727,9/22/2023,9/22/2023,HUB Lawn:     ,Approved,99.99,169,General,,
Dunk a Pi Kapp Benefitting THON,Event/Concert,Pi Kappa Phi Pi Kapp,3,9/22/2023,9/22/2023,Pi Kappa Phi Chapter House: 409 E FAIRMOUNT AVE  STATE COLLEGE PA 16801,Approved,250,450,Greek,,
Pillar Car Wash Benefitting THON,Event/Concert,Pillar ,1297,9/22/2023,9/22/2023,Advanced Auto Parts: 1602 N ATHERTON ST  STATE COLLEGE PA 16803,Approved,100,861,Special Interest,,
FOTO Whiteout Block Pool Benefitting THON,Event/Concert,FOTO ,1336,9/23/2023,9/23/2023,Online:     ,Canceled,100,,Special Interest,,
FOTO Whiteout Block Pool Benefitting THON,Event/Concert,FOTO ,1336,9/23/2023,9/23/2023,Online:     ,Approved,100,590,Special Interest,,
Penn State Thespian Society x Karaoke Social Benefitting THON,Event/Concert,Thespian Society at Penn State Thespians,136,9/24/2023,9/24/2023,Forum Building 108:,Approved,100,31,General,,
Women in Business Escape Room Challenge Benefitting THON,Event/Concert,Women In Business WIB,151,9/25/2023,9/25/2023,Forum Building:     ,Approved,200,192,General,,
Car Show Water Sales Benefitting THON,Event/Concert,Behrend,73,9/25/2023,9/25/2023,Erie Lot: 4701 COLLEGE DR  ERIE PA 16563,Approved,200,,Commonwealth,,
FOTO Movie Night Benefitting THON,Event/Concert,FOTO ,1336,9/26/2023,9/26/2023,Nittany Apartments:     ,Canceled,50,,Special Interest,,
Omega Chi Sigma & Omega Phi Alpha Raising Canes Fundraiser Benefitting THON,Event/Concert,Omega Chi Sigma & Omega Phi Alpha OphiA,48 & 2440,9/26/2023,9/26/2023,316 West Beaver Ave:,Canceled,100,,Greek,,
Alpha Phi F45 Fundraiser Benefitting THON,Event/Concert,Alpha Epsilon Pi AEPi & Alpha Phi,12 & 118,9/27/2023,9/27/2023,F45 Training State College: 232 E COLLEGE AVE  STATE COLLEGE PA 16801,Canceled,350,,Greek,,
PSU CrossFit Line Dancing Benefitting THON,Event/Concert,Crossfit Club at Penn State ,542,9/27/2023,9/27/2023,Wagner Building:     ,Approved,200,215,General,,
Alpha Phi F45 Fundraiser Benefitting THON,Event/Concert,Alpha Phi,12,9/27/2023,9/27/2023,F45 Training State College: 232 E COLLEGE AVE  STATE COLLEGE PA 16801,Approved,350,0,Greek,,
Alpha Kappa Psi Movie Night Benefitting THON,Event/Concert,Alpha Kappa Psi ,61,9/27/2023,9/27/2023,Yash Jajoo: 122 W NITTANY AVE  STATE COLLEGE PA 16801,Approved,150,81,General,,
AICHE Trivia Night Benefitting THON,Event/Concert,American Institute of Chemical Engineers AIChE,64,9/27/2023,9/27/2023,Health and Human Development Building:     ,Approved,100,66,General,,
Alpha Phi Delta x Orchesis Dance Company Movie Night Benefitting THON,Event/Concert,Alpha Phi Delta APD & Orchesis Dance Company ODC,124 & 188,9/27/2023,9/27/2023,329 East Prospect Avenue:,Approved,700,431,Greek,,
Phi Gamma Nu Volleyball Benefitting THON,Event/Concert,Phi Gamma Nu ,29,9/27/2023,9/27/2023,Sunset Park: 850 MCKEE ST  STATE COLLEGE PA 16803,Approved,100,145,General,,
Sigma Kappa X 2000 Degrees Benefitting THON,Event/Concert,Sigma Kappa,35,9/28/2023,9/28/2023,2000 Degrees: 202 W COLLEGE AVE  STATE COLLEGE PA 16801,Approved,200,0,Greek,,
FOTO Rooted Farmstead Benefitting THON,Event/Concert,FOTO ,1336,9/28/2023,9/28/2023,Rooted Farmstead: 138 SCOTT AVE  BELLEFONTE PA 16823,Approved,100,,Special Interest,,
Navigators Elimination Game Benefitting THON,Event/Concert,Navigators at Penn State ,313,9/28/2023,10/4/2023,Old Main:     ,Approved,100,252,General,,
AMSA Pie in the Face Benefitting THON,Event/Concert,American Medical Student Association AMSA,1577,9/29/2023,9/29/2023,HUB Lawn:     ,Approved,50,126,General,,
100 Day's Beach Theme Pictures Benefitting THON,100 Days 'Til THON Alternative Fundraiser,Lily Blomster and Natasha Farmer (2024),3093,11/8/2023,11/9/2023,Hub-Roberson Center:     ,Denied,300,,Independent Couple,,
Penn State Altoona Family Weekend Raffle Benefitting THON,Event/Concert,Altoona,165,9/30/2023,9/30/2023,Penn State Altoona:     ,Approved,300,624,Commonwealth,,
46 Miles in 46 Hours Benefitting THON,Event/Concert,Baseball Club Club Baseball & Club Field Hockey PSFHC,52 & 1780,9/30/2023,10/10/2023,Penn State University:     ,Denied,50,,General,,
Ski Club Corn Hole Tourdament Benefitting THON,Event/Concert,Ski Club (Recreational) PSU Ski Club,392,10/1/2023,10/1/2023,Parkers house: 433 W COLLEGE AVE  STATE COLLEGE PA 16801,Approved,100,135,General,,
Kappa Kappa Gamma x Delta Chi Weightlifting Competition Benefitting THON,Event/Concert,Delta Chi & Kappa Kappa Gamma,23 & 22,10/1/2023,10/1/2023,Delta Chi Fraternity: 424 E FAIRMOUNT AVE  STATE COLLEGE PA 16801,Approved,150,665,Greek,,
PowderPuff Benefitting THON,Event/Concert,"Alpha Omicron Pi AOII, Alpha Xi Delta AXID, Delta Gamma, Delta Upsilon International Fraternity Delta Upsilon, Delta Zeta DZ, Lambda Chi Alpha, Phi Kappa Psi & Sigma Pi","31, 39, 1544, 8, 32, 37, 5 & 36",10/1/2023,10/1/2023,Delta Upsilon: 229 LOCUST LN  STATE COLLEGE PA 16801,Approved,350,397,Greek,,
Tau Kappa Epsilon x Epsilon Sigma Alpha Car Wash Benefitting THON,Event/Concert,Epsilon Sigma Alpha ESA & Tau Kappa Epsilon TKE,27 & 562,10/1/2023,10/1/2023,Tau Kappa Epsilon: 346 E PROSPECT AVE  STATE COLLEGE PA 16801,Approved,300,25,Greek,,
October Calendar Raffle X Benefitting THON,Event/Concert,Scranton,171,10/1/2023,10/14/2023,Penn State Scranton:     ,Approved,500,1229,Commonwealth,,
Women in Business Sunday Funday at Aspen State College Benefitting THON,Event/Concert,Women In Business WIB,151,10/1/2023,10/1/2023,Aspen State College: 1275 E PENNSYLVANIA AVE  STATE COLLEGE PA 16801,Approved,100,75,General,,
Boulevard x A-7 x Impact x Ayuda x Everyday x HEAL Benefitting THON,Event/Concert,"A-7 , Ayuda , Boulevard BLVD, DASH , Everyday Benefitting THON Everyday, HEAL: Help Every Angel Live , Hershey Kisses HK & Impact","1192, 1194, 1751, 1540, 1667, 1784, 1923 & 543",10/1/2023,10/1/2023,IM Fields:     ,Approved,150,289,Special Interest,,
Club Gymnastics Spoon Tag Benefitting THON,Event/Concert,Club Gymnastics Club Gym,161,10/1/2023,10/3/2023,Various Locations Around Campus:     ,Approved,135,198,General,,
Pi Beta Phi and Sigma Phi Epsilon Orange Theory Fundraiser Benefitting THON,Event/Concert,Pi Beta Phi Pi Phi & Sigma Phi Epsilon,18 & 11,10/2/2023,10/2/2023,Orangetheory Fitness: 106 S ATHERTON ST  STATE COLLEGE PA 16801,Approved,200,377,Greek,,
College of EMS Movie Night Fundraiser Benefitting THON,Event/Concert,Earth and Mineral Sciences Student Council EMS StuCo,105,10/3/2023,10/3/2023,22 Deike:,Approved,50,150,General,,
Women in Business LombardMMA Benefitting THON,Event/Concert,Women In Business WIB,151,10/3/2023,10/3/2023,LombardMMA: 127 SOWERS ST  STATE COLLEGE PA 16801,Canceled,120,,General,,
Sapphire Goat Yoga Benefitting THON,Event/Concert,Sapphire Leadership Program ,1543,10/3/2023,10/3/2023,Nittany Meadow Farm: 227 NITTANY MEADOW FARM LN  CENTRE HALL PA 16828,Approved,500,520,General,,
Sigma Sigma Sigma x Zeta Beta Tau: Movie Night Benefitting THON,Event/Concert,Sigma Sigma Sigma Tri Sigma & Zeta Beta Tau ZBT,33 & 1476,10/3/2023,10/3/2023,Zeta Beta Tau House: 429 E HAMILTON AVE  STATE COLLEGE PA 16801,Approved,250,685,Greek,,
Epsilon Sigma Alpha Flower Sale Benefitting THON,Event/Concert,Epsilon Sigma Alpha ESA & Tau Kappa Epsilon TKE,27 & 562,10/3/2023,10/3/2023,Student Bookstore: 330 E COLLEGE AVE  STATE COLLEGE PA 16801,Approved,200,106,Greek,,
FOTO Pie in the Face Benefitting THON,Event/Concert,FOTO ,1336,10/3/2023,10/3/2023,HUB Lawn:     ,Approved,100,188,Special Interest,,
FOTO Headshots Benefitting THON,Event/Concert,FOTO ,1336,10/4/2023,10/4/2023,Old Main:     ,Canceled,25,,Special Interest,,
Sigma Kappa & FIJI Pasta Dinner Benefitting THON,Event/Concert,Phi Gamma Delta & Sigma Kappa,35 & 19,10/4/2023,10/4/2023,Phi Gamma Delta House: 319 N Burrowes Road  University Park PA 16802,Approved,300,1390,Greek,,
Pie a Brother Fundraiser for Alpha Kappa Psi and Phi Beta Lambda Benefitting THON,Event/Concert,Alpha Kappa Psi  & Phi Beta Lambda,61 & 1029,10/4/2023,10/4/2023,HUB Lawn: 201 OLD MAIN  STATE COLLEGE PA 16802,Approved,100,153,Greek,,
Mr. Gammacacia Benefitting THON,Event/Concert,Acacia & Gamma Phi Beta,16 & 7,10/4/2023,10/4/2023,Acacia: 234 LOCUST LN  STATE COLLEGE PA 16801,Canceled,150,,Greek,,
Club Tennis Pie An Officer Benefitting THON,Event/Concert,Club Tennis ,1048,10/4/2023,10/5/2023,Sarni Tennis Courts:     ,Approved,50,130,General,,
PSU Figure Skating Fall Skate Benefitting THON,Event/Concert,Figure Skating,1334,10/5/2023,10/5/2023,Pegula Ice Arena:     ,Approved,350,708,General,,
Penn State Scranton Tennis Ball Drop Benefitting THON,Event/Concert,Scranton,171,10/5/2023,10/5/2023,Penn State Scranton:     ,Approved,150,347,Commonwealth,,
SfW x EWiL Field Day Benefitting THON,Event/Concert,Empowering Women in Law EWIL & Schreyer for Women SFW,2886 & 2927,10/5/2023,10/5/2023,HUB Lawn:     ,Approved,150,75,General,,
Club Gymnastics Water Balloon a Dancer Benefitting THON,Event/Concert,Club Gymnastics Club Gym,161,10/5/2023,10/5/2023,HUB Lawn:     ,Approved,100,281,General,,
"KDxBSB ""Wedding"" Benefitting THON",Event/Concert,Beta Sigma Beta & Kappa Delta KD,68 & 26,10/5/2023,10/5/2023,Beta Sigma Beta: 255 E FAIRMOUNT AVE  STATE COLLEGE PA 16801,Approved,350,1529.26,Greek,,
Penn State CHAARG + SLO Benefitting THON,Event/Concert,"Changing Health, Attitudes, and Actions To Recreate Girls at Penn State CHAARG & Sign Language Organization ",237 & 2098,10/5/2023,10/5/2023,Sackett 107:,Approved,60,81,General,,
Fluid art  fundraiser for fashion society at Penn-state Benefitting THON,Event/Concert,Fashion Society at Penn State FSPS,2593,10/6/2023,10/6/2023,HUB: 1 Pollock road  university park PA 16802,Approved,200,70,General,,
Berks Bingo Benefitting THON,Event/Concert,Berks,77,10/7/2023,10/7/2023,Penn State Berks Perkins Plaza:     ,Approved,200,1600,Commonwealth,,
Kappa Kappa Gamma x Delta Chi Goat Yoga Benefitting THON,Event/Concert,Delta Chi & Kappa Kappa Gamma,23 & 22,10/8/2023,10/8/2023,227 Nittany Meadow Farm Lane:,Canceled,200,,Greek,,
Kappa Kappa Gamma x Delta Chi Goat Yoga Benefitting THON,Event/Concert,Delta Chi & Kappa Kappa Gamma,23 & 22,10/8/2023,10/8/2023,227 Nittany Meadow Farm Lane:,Canceled,200,,Greek,,
Sigma Pi x Delta Zeta Annual Golf Outing Benefitting THON,Event/Concert,Delta Zeta DZ & Sigma Pi,39 & 36,10/8/2023,10/8/2023,Toftrees Golf Resort: 1 COUNTRY CLUB LN  STATE COLLEGE PA 16803,Approved,1500,1567,Greek,,
Stretching & Mindfulness Class X Apollo Benefitting THON,Event/Concert,Apollo ,1745,10/8/2023,10/8/2023,White Building Room 133:,Approved,80,20,Special Interest,,
Pi Kappa Phi Car Wash Benefitting THON,Event/Concert,Pi Kappa Phi Pi Kapp,3,10/8/2023,10/8/2023,Anthony Clinton: 409 E FAIRMOUNT AVE  STATE COLLEGE PA 16801,Approved,250,120,Greek,,
Ayuda Stealth Benefitting THON,Event/Concert,Ayuda ,1923,10/9/2023,10/16/2023,HUB-Robenson Center:     ,Approved,110,50,Special Interest,,
Kappa Kappa Gamma Goat Yoga Benefitting THON,Event/Concert,Delta Chi & Kappa Kappa Gamma,23 & 22,10/10/2023,10/10/2023,227 Nittany Meadow Farm Lane:,Approved,200,400,Greek,,
Omega Chi Sigma & Omega Phi Alpha Trivia Night Fundraiser Benefitting THON,Event/Concert,Omega Chi Sigma & Omega Phi Alpha OphiA,48 & 2440,10/10/2023,10/10/2023,Smeal Business Building:     ,Canceled,100,,Greek,,
SSAE Pie In The Face Benefitting THON,Event/Concert,Student Society of Architectural Engineers SSAE,183,10/10/2023,10/10/2023,Foundry Park:     ,Denied,100,,General,,
SDT & Phi Who Dunk Tank Benefitting THON,Event/Concert,Phi Kappa Theta & Sigma Delta Tau,24 & 49,10/10/2023,10/10/2023,Phi Kappa Theta: 338 E FAIRMOUNT AVE  STATE COLLEGE PA 16801,Approved,150,231,Greek,,
Alpha Phi and Alpha Epsilon Pi Goat Yoga Fundraiser Benefitting THON,Event/Concert,Alpha Epsilon Pi AEPi & Alpha Phi,12 & 118,10/11/2023,10/11/2023,Nittany Meadow Farms: 227 NITTANY MEADOW FARM LN  CENTRE HALL PA 16828,Approved,250,0,Greek,,
Women in Business Halloween Game Night Benefitting THON,Event/Concert,Women In Business WIB,151,10/11/2023,10/11/2023,Forum 102:,Approved,150,155,General,,
Tau Kappa Epsilon x Epsilon Sigma Alpha Hot Dog Eating Contest Benefitting THON,Event/Concert,Epsilon Sigma Alpha ESA & Tau Kappa Epsilon TKE,27 & 562,10/11/2023,10/11/2023,Tau Kappa Epsilon: 346 E PROSPECT AVE  STATE COLLEGE PA 16801,Approved,200,290,Greek,,
Mr. Gammacacia Benefitting THON,Event/Concert,Acacia & Gamma Phi Beta,16 & 7,10/11/2023,10/11/2023,Acacia: 234 LOCUST LN  STATE COLLEGE PA 16801,Approved,150,261,Greek,,
Penn State DuBois Blood Drive Benefitting THON,Event/Concert,Dubois,166,10/12/2023,10/12/2023,Penn State DuBois:     ,Denied,200,,Commonwealth,,
Boulevard Headshot Fundraiser Benefitting THON,Event/Concert,Boulevard BLVD,1784,10/12/2023,10/12/2023,Hintz Alumni Center Garden:     ,Approved,30,40,General,,
Mack Madness Paint Fundraiser Benefitting THON,Event/Concert,"Mack Madness ""Mackie""",2685,10/12/2023,10/12/2023,Megan's (Primary Chair) Apartment: 825 BELLAIRE AVE APT X218  STATE COLLEGE PA 16801,Approved,100,100,Special Interest,,
Pie-A-Slion! Benefitting THON,Event/Concert,"Singing Lions Singing Lions, Slions",152,10/13/2023,10/13/2023,Hub Lawn:     ,Approved,300,1090,General,,
Club Swimming Pie-An-Officer Benefitting THON,Event/Concert,Club Swimming ,302,10/13/2023,10/13/2023,"Hetzel Union Building Lawn: Pollock Road, University Park, PA 16802:",Approved,500,1035,General,,
Penn State DuBois Spooky Bingo Benefitting THON,Event/Concert,Dubois,166,10/13/2023,10/13/2023,Penn State DuBois:     ,Approved,1000,1278,Commonwealth,,
Alpha Kappa Psi Diversity Equity and Inclusion Day Benefitting THON,Event/Concert,Alpha Kappa Psi ,61,10/13/2023,10/13/2023,Organization Member's House: 164 H ALY  STATE COLLEGE PA 16801,Approved,150,90,General,,
SDT & Phi Who Car Wash Benefitting THON,Event/Concert,Phi Kappa Theta & Sigma Delta Tau,24 & 49,10/13/2023,10/13/2023,Advance Auto Parts: 1602 N ATHERTON ST  STATE COLLEGE PA 16803,Canceled,150,,Greek,,
Sapphire Pie-in-the-Face Benefitting THON,Event/Concert,Sapphire Leadership Program ,1543,10/13/2023,10/13/2023,Miska Jewelers: 100 E COLLEGE AVE  STATE COLLEGE PA 16801,Approved,200,667,General,,
Club tennis spikeball tournament Benefitting THON,Event/Concert,Club Tennis ,1048,10/13/2023,10/14/2023,Old Main:     ,Approved,45,160,General,,
Orchesis Dance Company x Craft Day Benefitting THON,Event/Concert,Orchesis Dance Company ODC,124,10/15/2023,10/15/2023,Beaver Hill Apartments: 340 E BEAVER AVE apt 304 STATE COLLEGE PA 16801,Approved,65,70,General,,
Phi Sigma Sigma Car Wash Benefitting THON,Event/Concert,Phi Sigma Sigma Phi Sig,294,10/15/2023,10/15/2023,Advance Auto Parts: 1602 N ATHERTON ST  STATE COLLEGE PA 16803,Approved,500,336,Greek,,
Pillar Stadium Cleanup Benefitting THON,Event/Concert,Pillar ,1297,10/15/2023,10/15/2023,Beaver Stadium: 1 Beaver Stadium  University Park PA 16802,Denied,1000,,Special Interest,,
Fall Fun Day Benefitting THON,Event/Concert,Club Crew ,201,10/15/2023,10/15/2023,Member's House: 817 W COLLEGE AVE  STATE COLLEGE PA 16801,Approved,100,60,General,,
Alpha Omicron Pi Goat Yoga Benefitting THON,Event/Concert,Alpha Omicron Pi AOII,8,10/16/2023,10/16/2023,Nittany Meadow Farm: 310 ELKS CLUB RD  BOALSBURG PA 16827,Approved,100,280,Greek,,
Women in Business Pumpkin Painting Benefitting THON,Event/Concert,Women In Business WIB,151,10/16/2023,10/16/2023,112 Forest Resources Building:,Approved,100,130,General,,
Rêve Dance Company x 2000 Degrees Benefitting THON,Event/Concert,RêVe Dance Company,470,10/16/2023,10/16/2023,2000 Degrees: 202 W COLLEGE AVE  STATE COLLEGE PA 16801,Approved,100,0,General,,
Pie in the Face Benefitting THON,Event/Concert,Berks,77,10/16/2023,10/16/2023,Penn State Berks Perkins Lobby:     ,Approved,200,350,Commonwealth,,
The Friendly Ducky Game x Apollo Benefitting THON,Event/Concert,Apollo ,1745,10/16/2023,10/27/2023,022 BBH- Apollo General Meeting Location:,Approved,250,138,Special Interest,,
A-7 Bingo Fundraiser Benefitting THON,Event/Concert,A-7,1192,10/16/2023,10/16/2023,Willard Building:     ,Canceled,80,,Special Interest,,
Women in Business Professional Headshot #2 Fundraiser Benefitting THON,Event/Concert,Women In Business WIB,151,10/17/2023,10/17/2023,3rd floor business building steps:,Approved,100,195,General,,
"Pi Beta Phi and Sigma Phi Epsilon 'Pie a Pi Phi"" Benefitting THON",Event/Concert,Pi Beta Phi Pi Phi & Sigma Phi Epsilon,18 & 11,10/17/2023,10/17/2023,HUB Lawn: University Park  University Park PA 16802,Approved,350,264,Greek,,
Sapphire Pumpkin Painting Benefitting THON,Event/Concert,Sapphire Leadership Program ,1543,10/17/2023,10/17/2023,Business Building:     ,Approved,100,90,General,,
100 Days Treasure Hunt Bake Sale Benefitting THON,100 Days 'Til THON Alternative Fundraiser,Rexanna Quedenfeld and Lisa Han (2024),3094,11/8/2023,11/8/2023,HUB Lounge Table 4:,Denied,300,,Independent Couple,,
Laura's Lemonade Stand 100 Days Benefitting THON,100 Days 'Til THON Alternative Fundraiser,Brooke Rockovits and McKenna Byrne (2024),3112,11/8/2023,11/8/2023,HUB:     ,Denied,100,,Independent Couple,,
Lion Ambassador Spoons Benefitting THON,Event/Concert,Lion Ambassadors ,83,10/18/2023,10/30/2023,Hintz Family Alumni Center:     ,Approved,45,126,General,,
Surfs Up Lucky Duck Benefitting THON,100 Days 'Til THON Alternative Fundraiser,Olivia Keyte and Kylie Marsden (2024),3150,11/8/2023,11/8/2023,The HUB:     ,Denied,300,,Independent Couple,,
Pumpkin Carving Alpha Phi Delta x Orchesis Dance Company Benefitting THON,Event/Concert,Alpha Phi Delta APD & Orchesis Dance Company ODC,124 & 188,10/18/2023,10/18/2023,Reece Raley: 329 E PROSPECT AVE  STATE COLLEGE PA 16801,Approved,350,230,Greek,,
FOTO Pumpkin Painting Benefitting THON,Event/Concert,FOTO ,1336,10/19/2023,10/19/2023,Classroom on Campus:     ,Approved,99.99,33,Special Interest,,
Goat Yoga with Atlas Benefitting THON,Event/Concert,Atlas ,312,10/19/2023,10/19/2023,Nittany Meadow Farm: 227 NITTANY MEADOW FARM LN  CENTRE HALL PA 16828,Approved,250,310,Special Interest,,
Pumpkins and Paws Benefitting THON,Event/Concert,Infinity ,3063,10/19/2023,10/19/2023,HUB-Robeson Center:     ,Denied,75,,Special Interest,,
Mr. Pillar Benefitting THON,Event/Concert,Pillar ,1297,10/19/2023,10/19/2023,Flex Theatre (HUB):     ,Canceled,100,,Special Interest,,
Alpha Xi Delta F45 Fundraiser Benefitting THON,Event/Concert,Alpha Xi Delta AXID,31,10/19/2023,10/19/2023,F45 Training State College: 232 E COLLEGE AVE  STATE COLLEGE PA 16801,Approved,150,0,Greek,,
Club Cross Country Media Day Benefitting THON,Event/Concert,Club Cross Country XC,305,10/19/2023,10/19/2023,Rec Hall:     ,Approved,120,125,General,,
Club Lacrosse Annual Fall Festival Benefitting THON,Event/Concert,Men's Lacrosse Club  & Women's Club Lacrosse ,141 & 205,10/20/2023,10/20/2023,Jack Songer's House (Men's Club Lacrosse member and Primary THON Chair): 610 W BEAVER AVE  STATE COLLEGE PA 16801,Approved,150,286,General,,
Club Lacrosse Annual Fall Festival Benefitting THON,Event/Concert,Men's Lacrosse Club  & Women's Club Lacrosse ,141 & 205,10/20/2023,10/20/2023,Jack Songer: 610 W BEAVER AVE  STATE COLLEGE PA 16801,Canceled,150,,General,,
Penn State York Bingo Event Benefitting THON,Event/Concert,York,170,10/22/2023,10/22/2023,Dover Township Community Center: 3700 DAVIDSBURG RD  DOVER PA 17315,Approved,1000,5245,Commonwealth,,
FOTO Car Wash Benefitting THON,Event/Concert,FOTO ,1336,10/22/2023,10/22/2023,Advance Autoparts: 1602 N ATHERTON ST  STATE COLLEGE PA 16803,Canceled,20,,Special Interest,,
Kappa Kappa Gamma x Delta Chi Hot Dog Eating Contest Benefitting THON,Event/Concert,Delta Chi & Kappa Kappa Gamma,23 & 22,10/22/2023,10/22/2023,Delta Chi Fraternity: 424 E FAIRMOUNT AVE  STATE COLLEGE PA 16801,Approved,200,,Greek,,
Sigma Kappa and Phi Gamma Delta 5K BBQ Benefitting THON,Event/Concert,Phi Gamma Delta & Sigma Kappa,35 & 19,10/22/2023,10/22/2023,Phi Gamma Delta House: 319 N BURROWES ST  STATE COLLEGE PA 16801,Approved,400,530,Greek,,
Fall Festival Alpha Phi Delta x Orchesis Dance Co. Benefitting THON,Event/Concert,Alpha Phi Delta APD & Orchesis Dance Company ODC,124 & 188,10/22/2023,10/22/2023,Reece Raley: 329 E PROSPECT AVE  STATE COLLEGE PA 16801,Approved,700,700,Greek,,
Alpha Kappa Psi Goat Yoga Benefitting THON,Event/Concert,Alpha Kappa Psi ,61,10/23/2023,10/23/2023,"Nittany Meadow Farm (Andrew Maier suggested using a different address as ""Nittany Meadow Farm"" address would not work. He said he would loop you guys in) (actual location 227 Nittany Meadow Farm Ln, Boalsburg, PA 16827): Pollock Rd  University Park PA 16802",Approved,500,150,General,,
100 Days DIY Bucket Hats Benefitting THON,100 Days 'Til THON Alternative Fundraiser,Jamie Semmer and Ashley Pearson (2024),3117,11/8/2023,11/8/2023,HUB:     ,Denied,300,,Independent Couple,,
Women in Business Painting Night Benefitting THON,Event/Concert,Women In Business WIB,151,10/23/2023,10/23/2023,108 business building:,Approved,150,110,General,,
Beach Tote Decorating Benefitting THON,100 Days 'Til THON Alternative Fundraiser,Kerrigan Beggy and Abby Bisson (2024),3199,11/8/2023,11/8/2023,Kerrigan Beggy:     ,Denied,100,,Independent Couple,,
SSAE Pie In The Face Benefitting THON,Event/Concert,Student Society of Architectural Engineers SSAE,183,10/23/2023,10/23/2023,Foundary Park:     ,Approved,100,180,General,,
Pi Kapp Pumpkins and Puppies Benefitting THON,Event/Concert,Pi Kappa Phi Pi Kapp,3,10/23/2023,10/23/2023,Anthony Clinton: 409 E FAIRMOUNT AVE  STATE COLLEGE PA 16801,Approved,200,250,Greek,,
PMA's Tuesday Trivia Night Benefitting THON,Event/Concert,Professional Management Association PMA,243,10/24/2023,10/24/2023,103 Business Building:,Approved,100,126,General,,
Aphi x AEPi run 48 miles in 48 hours Benefitting THON,Event/Concert,Alpha Epsilon Pi AEPi & Alpha Phi,12 & 118,10/24/2023,10/26/2023,will start at AEPi and run around downtown: 240 E PROSPECT AVE  STATE COLLEGE PA 16801,Denied,1000,,Greek,,
Penn State Law Spooky Paintings Benefitting THON,Event/Concert,Penn State Law,1552,10/24/2023,10/24/2023,Katz 012:,Approved,25,15,Commonwealth,,
Whiplash and Phi Kappa Tau Pumpkin Painting Benefitting THON,Event/Concert,Phi Kappa Tau PKT/ Phi Tau  & Whiplash Dance Team,47 & 215,10/24/2023,10/24/2023,Phi Kappa Tau fraternity:     ,Approved,400,,Greek,,
Whiplash and Phi Kappa Tau Pumpkin Painting Benefitting THON,Event/Concert,Phi Kappa Tau PKT/ Phi Tau  & Whiplash Dance Team,47 & 215,10/24/2023,10/24/2023,Phi Kappa Tau fraternity: 408 E FAIRMOUNT AVE  STATE COLLEGE PA 16801,Approved,400,176,Greek,,
Hillel Pumpkin Decorating Benefitting THON,Event/Concert,Hillel ,50,10/24/2023,10/24/2023,The Hillel Building downtown but wont allow that location:     ,Approved,100,85,General,,
FOTO Wii Tournament Benefitting THON,Event/Concert,FOTO ,1336,10/25/2023,10/25/2023,Thomas Building:     ,Approved,60,35,Special Interest,,
Phi Beta Lambda Pie-In-The-Face Benefitting THON,Event/Concert,Phi Beta Lambda,1029,10/25/2023,10/25/2023,HUB Lawn:     ,Canceled,100,,General,,
Women in Business 2000 Degrees Fundraiser Benefitting THON,Event/Concert,Women In Business WIB,151,10/25/2023,10/25/2023,2000 Degrees:,Canceled,120,,General,,
Women in Business 2000 Degrees Fundraiser Benefitting THON,Event/Concert,Women In Business WIB,151,10/25/2023,10/25/2023,2000 Degrees:,Approved,120,0,General,,
Women in Business 2000 Degrees Fundraiser Benefitting THON,Event/Concert,Women In Business WIB,151,10/25/2023,10/25/2023,2000 Degrees: 202 W COLLEGE AVE  STATE COLLEGE PA 16801,Canceled,120,,General,,
Science LionPride Game Night Benefitting THON,Event/Concert,Science Lionpride SLP,1379,10/25/2023,10/25/2023,Thomas Building:     ,Canceled,100,,General,,
Sigma Phi Epsilon and Pi Beta Phi present Spook Ep Benefitting THON,Event/Concert,Pi Beta Phi Pi Phi & Sigma Phi Epsilon,18 & 11,10/25/2023,10/25/2023,Sigma Phi Epsilon Chapter House: 524 LOCUST LN  STATE COLLEGE PA 16801,Approved,1500,1100,Greek,,
Alpha Rho Chi Family Friendly Haunted House 2023 Benefitting THON,Event/Concert,Alpha Rho Chi APX,190,10/25/2023,10/25/2023,Alpha Rho Chi Chapter House: 320 S FRASER ST  STATE COLLEGE PA 16801,Approved,250,150,Greek,,
Hillel Movie Night Benefitting THON,Event/Concert,Hillel ,50,10/25/2023,10/25/2023,180 S. Garner Street:,Denied,100,,General,,
Tau Kappa Epsilon x Epsilon Sigma Alpha Pumpkin Carving Benefitting THON,Event/Concert,Epsilon Sigma Alpha ESA & Tau Kappa Epsilon TKE,27 & 562,10/25/2023,10/25/2023,Tau Kappa Epsilon: 346 E PROSPECT AVE  STATE COLLEGE PA 16801,Approved,200,,Greek,,
SASA Pie in the Face Fundraiser Benefitting THON,Event/Concert,South Asian Student Association SASA,150,10/25/2023,10/25/2023,HUB Lawn:     ,Approved,50,57,NewMC,,
Pie - A - Zetaus Benefitting THON,Event/Concert,Alpha Tau Omega ATO & Zeta Tau Alpha,1 & 2,10/25/2023,10/25/2023,HUB Robinson Center:     ,Approved,100,194,Greek,,
ASCE Costume Party Benefitting THON,Event/Concert,American Society of Civil Engineers ASCE,246,10/26/2023,10/26/2023,ASCE Lounge:     ,Approved,30,25,General,,
Alpha Omicron Pi x 2000 Degrees  Benefitting THON,Event/Concert,Alpha Omicron Pi AOII,8,10/26/2023,10/26/2023,2000 Degrees: 202 W COLLEGE AVE  STATE COLLEGE PA 16801,Approved,150,0,Greek,,
NDP x Theta Chi Fall Movie Fundraiser Benefitting THON,Event/Concert,Nittany Dance Project NDP & Theta Chi,102 & 2876,10/26/2023,10/26/2023,Theta Chi Fraternity House: 523 S ALLEN ST  STATE COLLEGE PA 16801,Denied,200,,Greek,,
Omega Delta Sigma  X Sigma Alpha Haunted House Benefitting THON,Event/Concert,Omega Delta Sigma ODS & Sigma Alpha,71 & 2689,10/26/2023,10/26/2023,Omega Delta Sigma House: 500 S ALLEN ST  STATE COLLEGE PA 16801,Approved,150,31,Greek,,
NDP x Theta Chi Bonfire Night  Benefitting THON,Event/Concert,Nittany Dance Project NDP & Theta Chi,102 & 2876,10/26/2023,10/26/2023,Theta Chi Fraternity House: 523 S ALLEN ST  STATE COLLEGE PA 16801,Approved,200,190,Greek,,
DPhiE Cycling Clsss Benefitting THON,Event/Concert,Delta Phi Epsilon DPhiE,2090,10/26/2023,10/26/2023,IM Building:     ,Canceled,75,,Greek,,
THON by the Shore: Beach Games 100 Days Benefitting THON,100 Days 'Til THON Alternative Fundraiser,Emily Shank and Esha Sharma (2024),3181,11/8/2023,11/8/2023,HUB:     ,Denied,250,,Independent Couple,,
AcaciAHHHHHH Benefitting THON,Event/Concert,Acacia & Gamma Phi Beta,16 & 7,10/26/2023,10/26/2023,Acacia Fraternity: 234 LOCUST LN  STATE COLLEGE PA 16801,Approved,200,113,Greek,,
Powderpuff Benefitting THON,Event/Concert,"Acacia, Alpha Tau Omega ATO, Gamma Phi Beta, Kappa Alpha Theta, Pi Beta Phi Pi Phi, Sigma Phi Epsilon & Zeta Tau Alpha","18, 14, 16, 1, 2, 7 & 11",10/27/2023,10/27/2023,Acacia: 234 LOCUST LN  STATE COLLEGE PA 16801,Approved,100,828.7,Greek,,
Club Cross Country Movie Night Benefitting THON,Event/Concert,Club Cross Country XC,305,10/27/2023,10/27/2023,Thomas 100:,Denied,50,,General,,
TEPxGSS Costume Contest Benefitting THON,Event/Concert,Gamma Sigma Sigma  & Tau Epsilon Phi TEP,46 & 2213,10/27/2023,10/27/2023,Tau Epsilon Phi: 328 E FOSTER AVE  STATE COLLEGE PA 16801,Approved,200,165,Greek,,
DPHIE X ADP Haunted House Fundraiser Benefitting THON,Event/Concert,Alpha Delta Phi Delta House & Delta Phi Epsilon DPhiE,1073 & 2090,10/27/2023,10/27/2023,ADP house: 225 E FOSTER AVE  STATE COLLEGE PA 16801,Canceled,100,,Greek,,
Club Cross Country Game Night Benefitting THON,Event/Concert,Club Cross Country XC,305,10/27/2023,10/27/2023,Thomas Building 100:,Approved,100,70,General,,
SDT & Phi Who Haunted House Benefitting THON,Event/Concert,Phi Kappa Theta & Sigma Delta Tau,24 & 49,10/27/2023,10/27/2023,Phi Kappa Theta: 338 E FAIRMOUNT AVE  STATE COLLEGE PA 16801,Approved,200,270,Greek,,
Kappa Kappa Gamma x  Delta Chi Pumpkin Painting Benefitting THON,Event/Concert,Delta Chi & Kappa Kappa Gamma,23 & 22,10/28/2023,10/28/2023,Delta Chi Fraternity: 424 E FAIRMOUNT AVE  STATE COLLEGE PA 16801,Approved,100,,Greek,,
Halloween With PCT Benefitting THON,Event/Concert,Penn College,1361,10/28/2023,10/28/2023,The Field House:     ,Approved,250,169.18,General,,
Delta Gamma x Delta Upsilon Movie Night Benefitting THON,Event/Concert,Delta Gamma & Delta Upsilon International Fraternity Delta Upsilon,1544 & 37,10/29/2023,10/29/2023,Delta Upsilon Fraternity: 229 LOCUST LN  STATE COLLEGE PA 16801,Denied,200,,Greek,,
Theta Chi and OPP Haunted House Benefitting THON,Event/Concert,Theta Chi & THON OPPerations,102 & 1007,10/29/2023,10/29/2023,Theta Chi Fraternity House: 523 S ALLEN ST  STATE COLLEGE PA 16801,Approved,350,863,Greek,,
Pumpkin Carving Benefitting THON,Event/Concert,Snowboard ,1312,10/29/2023,10/29/2023,Snowboard House: 820 S PUGH ST  STATE COLLEGE PA 16801,Approved,100,180,General,,
Lion Ambassador Halloween Movie Night Benefitting THON,Event/Concert,Lion Ambassadors ,83,10/29/2023,10/29/2023,The Hintz Family Alumni Center:     ,Denied,40,,General,,
Lion Ambassador Spook Fest Benefitting THON,Event/Concert,Lion Ambassadors ,83,10/29/2023,10/29/2023,The Hintz Family Alumni Center:     ,Approved,40,95,General,,
OBG Pumpkin Contest Benefitting THON,Event/Concert,Kaizen  & Operation Blue and Gold OBG,133 & 1896,10/29/2023,10/29/2023,Drill Deck connected to Wagner Building - owned by ROTC:     ,Approved,150,42,General,,
Chaotic ENTergy Dare Thermometer Benefitting THON,Event/Concert,THON Entertainment,1002,10/29/2023,11/8/2023,,Canceled,5000,,General,,
Kappa Kappa Gamma x Delta Chi Stealth Benefitting THON,Event/Concert,Delta Chi & Kappa Kappa Gamma,23 & 22,10/30/2023,11/5/2023,Delta Chi Fraternity: 424 E FAIRMOUNT AVE  STATE COLLEGE PA 16801,Canceled,150,,Greek,,
Sigma Kappa Goat Yoga Benefitting THON,Event/Concert,Sigma Kappa,35,10/30/2023,10/30/2023,Nittany Meadow Farm: 227 NITTANY MEADOW FARM LN  CENTRE HALL PA 16828,Approved,150,310,Greek,,
SA x ODS Movie Night Benefitting THON,Event/Concert,Omega Delta Sigma ODS & Sigma Alpha,71 & 2689,10/30/2023,10/30/2023,Thomas Building 215:,Denied,150,,Greek,,
Kappa Kappa Gamma x Delta Chi Stealth Benefitting THON,Event/Concert,Delta Chi & Kappa Kappa Gamma,23 & 22,10/30/2023,11/3/2023,Delta Chi Fraternity: 424 E FAIRMOUNT AVE  STATE COLLEGE PA 16801,Approved,300,635,Greek,,
Whiplash X Theta Delta Chi Movie Night Fundraiser Benefitting THON,Event/Concert,Theta Delta Chi TDX & Whiplash Dance Team,147 & 215,10/30/2023,10/30/2023,Theta Delta Chi: 305 E PROSPECT AVE  STATE COLLEGE PA 16801,Denied,200,,Greek,,
Whiplash X Theta Delta Chi Movie Night Fundraiser Benefitting THON,Event/Concert,Theta Delta Chi TDX & Whiplash Dance Team,147 & 215,10/30/2023,10/30/2023,Theta Delta Chi: 305 E PROSPECT AVE  STATE COLLEGE PA 16801,Denied,200,,Greek,,
Whiplash X Theta Delta Chi Bonfire Fundraiser Benefitting THON,Event/Concert,Theta Delta Chi TDX & Whiplash Dance Team,147 & 215,10/30/2023,10/30/2023,Theta Delta Chi: 305 E PROSPECT AVE  STATE COLLEGE PA 16801,Approved,150,380,Greek,,
Halloween Costume Contest Benefitting THON,Event/Concert,American Institute of Architecture Students AIAS,389,10/31/2023,11/7/2023,,Canceled,48,,General,,
Women in Business Friendship Bracelet Making Benefitting THON,Event/Concert,Women In Business WIB,151,11/1/2023,11/1/2023,Business Building:     ,Approved,100,90,General,,
Sigma Sigma Sigma x Zeta Beta Tau: Movie Night Benefitting THON,Event/Concert,Sigma Sigma Sigma Tri Sigma & Zeta Beta Tau ZBT,33 & 1476,11/1/2023,11/1/2023,ZBT House: 429 E HAMILTON AVE  STATE COLLEGE PA 16801,Canceled,500,,Greek,,
Hitz Different R&R Committee Spoon Tag Benefitting THON,Event/Concert,Security Team 7,2529,11/1/2023,11/14/2023,All around campus/wherever we spot each other:     ,Approved,150,,General,,
FOTO Talent Show Benefitting THON,Event/Concert,FOTO ,1336,11/2/2023,11/2/2023,Old Main:     ,Approved,50,67,Special Interest,,
APhi & AEPi Get Air Fundraiser Benefitting THON,Event/Concert,Alpha Epsilon Pi AEPi & Alpha Phi,12 & 118,11/2/2023,11/2/2023,Get Air Trampoline Park: 2252 E COLLEGE AVE  STATE COLLEGE PA 16801,Approved,100,0,Greek,,
Pie a faculty/staff member in the face for Brandywine Benefitting THON,Event/Concert,Brandywine,51,11/2/2023,11/2/2023,Penn State Brandywine:     ,Approved,50,145,Commonwealth,,
Phi Beta Lambda Nemesis Benefitting THON,Event/Concert,Phi Beta Lambda,1029,11/2/2023,11/2/2023,524 Beaver Avenue:,Approved,300,277,General,,
Mack Madness Trivia Fundraiser Benefitting THON,Event/Concert,"Mack Madness ""Mackie""",2685,11/2/2023,11/2/2023,Chambers 106:,Approved,75,100,Special Interest,,
Delta Sigma Pi Dare a Chair Benefitting THON,Event/Concert,Delta Sigma Pi ,85,11/2/2023,11/9/2023,,Approved,250,50,General,,
Get Air with Atlas Benefitting THON,Event/Concert,Atlas ,312,11/2/2023,11/2/2023,Get Air: 2252 E COLLEGE AVE  STATE COLLEGE PA 16801,Approved,50,0,Special Interest,,
The Singing Lions Love For Lexi Cabaret Benefitting THON,Event/Concert,"Singing Lions Singing Lions, Slions",152,11/3/2023,11/3/2023,Forum Building (Room 105): 217-339 Curtain Rd:,Approved,300,166,General,,
S'mores Alpha Phi Delta x Orchesis Dance Co. Benefitting THON,Event/Concert,Alpha Phi Delta APD & Orchesis Dance Company ODC,124 & 188,11/5/2023,11/5/2023,Reece Raley: 329 E PROSPECT AVE  STATE COLLEGE PA 16801,Approved,300,150,Greek,,
Breakfast Sandwiches Benefitting THON,Event/Concert,Pi Kappa Phi Pi Kapp,3,11/5/2023,11/5/2023,Anthony Joseph Clinton: 409 E FAIRMOUNT AVE  STATE COLLEGE PA 16801,Approved,250,60,Greek,,
Alpha Omicron Pi F45 Benefitting THON,Event/Concert,Alpha Omicron Pi AOII,8,11/6/2023,11/6/2023,F45 Training State College: 232 E COLLEGE AVE  STATE COLLEGE PA 16801,Canceled,150,,Greek,,
Cuts For Kids Benefitting THON,Event/Concert,Berks,77,11/6/2023,11/6/2023,Penn State Berks MPR:     ,Approved,400,1200,Commonwealth,,
SNAPS X 2000 Degrees Benefitting THON,Event/Concert,Student Nurses' Association at Penn State SNAPS,104,11/6/2023,11/6/2023,2000 Degrees Pottery: 202 W COLLEGE AVE  STATE COLLEGE PA 16801,Approved,100,0,General,,
Duck Tag Benefitting THON,Event/Concert,Baseball Club Club Baseball & Club Field Hockey PSFHC,52 & 1780,11/6/2023,11/6/2023,Penn State Field Hockey Complex: 250 University Dr  University Park PA 16802,Approved,50,,General,,
Tau Kappa Epsilon x Epsilon Sigma Alpha Friendsgiving Benefitting THON,Event/Concert,Epsilon Sigma Alpha ESA & Tau Kappa Epsilon TKE,27 & 562,11/6/2023,11/6/2023,Tau Kappa Epsilon: 346 E PROSPECT AVE  STATE COLLEGE PA 16801,Approved,300,370,Greek,,
Club Gymnastics Goat Yoga Benefitting THON,Event/Concert,Club Gymnastics Club Gym,161,11/7/2023,11/7/2023,Nittany Meadow Farm: 227 NITTANY MEADOW FARM LN  CENTRE HALL PA 16828,Approved,250,250,General,,
Kat and Hunter's Beach Fruit Stand 100 Days Fundraiser Benefitting THON,100 Days 'Til THON Alternative Fundraiser,Hunter Porcano and Kat Irby (2024),3159,11/8/2023,11/8/2023,HUB:     ,Approved,400,31,Independent Couple,,
100 Days Til' THON Seaside Sustainability: Maggie and Maddie Benefitting THON,100 Days 'Til THON Alternative Fundraiser,Maggie Fechtman and Maddie Shine (2024),3071,11/8/2023,11/8/2023,HUB Robeson Center:     ,Denied,300,,Independent Couple,,
Dphie x ADP Ice Skating Fundraiser Benefitting THON,Event/Concert,Alpha Delta Phi Delta House & Delta Phi Epsilon DPhiE,1073 & 2090,11/8/2023,11/8/2023,Pegula Ice Arena:     ,Approved,200,1294,Greek,,
Line Dancing Benefitting THON,Event/Concert,Alpha Zeta & Alysha Ulrich and Jenna Ulrich (2024),191 & 3157,11/8/2023,11/8/2023,Snider Ag Arena:     ,Approved,450,397,General,,
Hula Hoop and Limbo Contests Benefitting THON,100 Days 'Til THON Alternative Fundraiser,Ian Cox and Sara Almasy (2024),3174,11/8/2023,11/8/2023,Hub Robeson Center:     ,Denied,100,,Independent Couple,,
Penn State Thespian Society and No Refund Theatre x Game Night Benefitting THON,Event/Concert,No Refund Theatre NRT & Thespian Society at Penn State Thespians,136 & 235,11/8/2023,11/8/2023,Hannah Recchiuti: 217 S ATHERTON ST Apt 202 STATE COLLEGE PA 16801,Approved,100,175,General,,
Mack Madness Dare Board Fundraiser Benefitting THON,Event/Concert,"Mack Madness ""Mackie""",2685,11/8/2023,11/10/2023,,Denied,100,,Special Interest,,
100 Days 'til THON™ DIY Beach Accessory Cabana Benefitting THON,100 Days 'Til THON Alternative Fundraiser,Ella Palmieri and Paige Blankenhorn (2024),3084,11/8/2023,11/8/2023,HUB:     ,Denied,400,,Independent Couple,,
Sigma Sigma Sigma x Zeta Beta Tau: Family Feud x Dip Night Benefitting THON,Event/Concert,Sigma Sigma Sigma Tri Sigma & Zeta Beta Tau ZBT,33 & 1476,11/8/2023,11/8/2023,Zeta Beta Tau House:     ,Approved,250,72,Greek,,
Pie a Phi Psi Benefitting THON,Event/Concert,Alpha Omicron Pi AOII & Phi Kappa Psi,8 & 32,11/8/2023,11/8/2023,Hub Lawn:     ,Approved,150,150,Greek,,
Dream Forward Bingo SPN Benefitting THON,Event/Concert,Student Philanthropy Network SPN,3198,11/8/2023,11/8/2023,,Canceled,230,,NewMC,,
FOTO Get Air Benefitting THON,Event/Concert,FOTO ,1336,11/9/2023,11/9/2023,Get Air: 2252 E COLLEGE AVE  STATE COLLEGE PA 16801,Approved,100,0,Special Interest,,
Trilogy and Phi Sigma Kappa Talent Show Benefitting THON,Event/Concert,Phi Sigma Kappa PSK & Trilogy ,72 & 10,11/9/2023,11/9/2023,Phi Sigma Kappa: 501 S ALLEN ST  STATE COLLEGE PA 16801,Approved,150,636,General,,
Penn State DuBois Bingo Benefitting THON,Event/Concert,Dubois,166,11/10/2023,11/10/2023,Penn State DuBois:     ,Approved,1000,1377,Commonwealth,,
AMSA Pumpkin Painting Benefitting THON,Event/Concert,American Medical Student Association AMSA,1577,11/10/2023,11/10/2023,Thomas Building - Room 117:,Canceled,50,,General,,
PSNtv: Pie-A-Producer X Benefitting THON,Event/Concert,Penn State Network Television PSNtv,320,11/10/2023,11/10/2023,HUB Lawn:     ,Approved,150,189,General,,
Newman Talent Show Benefitting THON,Event/Concert,Newman Catholic Student Association ,66,11/10/2023,11/10/2023,Forum Building 108:,Approved,350,311.5,General,,
PSU CrossFit 100 Hero WODs Benefitting THON,Event/Concert,Crossfit Club at Penn State ,542,11/10/2023,11/10/2023,Wagner Armoury:     ,Approved,250,317,General,,
Glee Club's Fall Concert with OGC Benefitting THON,Event/Concert,Oriana Singers  & Pennsylvania State University Glee Club Glee Club,134 & 135,11/11/2023,11/11/2023,Music Building I Recital Hall:     ,Denied,200,,General,,
Glee Club's Fall Concert with OGC Benefitting THON,Event/Concert,Oriana Singers  & Pennsylvania State University Glee Club Glee Club,134 & 135,11/11/2023,11/11/2023,Music Building I Recital Hall:     ,Canceled,200,,General,,
Goat Yoga Benefitting THON,Event/Concert,Omega Chi Sigma & Omega Phi Alpha OphiA,48 & 2440,11/12/2023,11/12/2023,Nittany Meadow Farm: 227 NITTANY MEADOW FARM LN  CENTRE HALL PA 16828,Approved,120,185,General,,
FOTO Stadium Cleanup Benefitting THON,Event/Concert,FOTO ,1336,11/12/2023,11/12/2023,Beaver Stadium:     ,Denied,500,,Special Interest,,
Fall Watch Party Benefitting THON,Event/Concert,Greater Allegheny,163,11/12/2023,11/12/2023,Penn State Greater Allegheny Student Community Center (SCC):     ,Approved,200,116,Commonwealth,,
Trivia Night x Apollo Benefitting THON,Event/Concert,Apollo ,1745,11/12/2023,11/12/2023,026 Willard:,Approved,200,77,Special Interest,,
Mr. Pillar Benefitting THON,Event/Concert,Pillar ,1297,11/12/2023,11/12/2023,Business Building 110:,Approved,100,160,Special Interest,,
Women in Business Pasta Night Benefitting THON,Event/Concert,Women In Business WIB,151,11/12/2023,11/12/2023,458 E College Avenue: 458 E COLLEGE AVE  STATE COLLEGE PA 16801,Approved,150,90,General,,
PSP x Sapphire Football Game Benefitting THON,Event/Concert,Phi Sigma Pi PSP & Sapphire Leadership Program ,60 & 1543,11/12/2023,11/12/2023,Business Building Meadow:     ,Canceled,600,,General,,
Oriana Singers Fall Concert with OGC Benefitting THON,Event/Concert,Oriana Singers  & Pennsylvania State University Glee Club Glee Club,134 & 135,11/12/2023,11/12/2023,Music Building I Recital Hall:     ,Denied,200,,General,,
Alpha Omicron Pi and Phi Kappa Psi Bonfire Benefitting THON,Event/Concert,Alpha Omicron Pi AOII & Phi Kappa Psi,8 & 32,11/13/2023,11/13/2023,Sorority Sister and THON Chair Gabby Lee's House: 120 E HAMILTON AVE  STATE COLLEGE PA 16801,Approved,100,107,Greek,,
Epsilon Sigma Alpha Canvas Painting Benefitting THON,Event/Concert,Epsilon Sigma Alpha ESA & Tau Kappa Epsilon TKE,27 & 562,11/13/2023,11/13/2023,Maxxen: 131 HIESTER ST  STATE COLLEGE PA 16801,Canceled,150,,Greek,,
A-7 x Boulevard Trivia Night Benefitting THON,Event/Concert,A-7  & Boulevard BLVD,1192 & 1784,11/13/2023,11/13/2023,Willard Building:     ,Approved,20,75,General,,
PSDA Bring A Friend Class Benefitting THON,Event/Concert,Dance Alliance PSDA,1553,11/14/2023,11/14/2023,113 White Building:,Approved,100,157.89,General,,
Cooking & Mocktail Class Benefitting THON,Event/Concert,World Campus,1318,11/14/2023,11/14/2023,,Approved,100,20,Commonwealth,,
Lionettes F45 Benefitting THON,Event/Concert,Dance Team (Lionettes),204,11/14/2023,11/14/2023,F45 State College: 232 E COLLEGE AVE  STATE COLLEGE PA 16801,Approved,300,0,General,,
What-A-Blast Laser Tag Benefitting THON,Event/Concert,Accounting Society  & Beta Alpha Psi BAP,173 & 94,11/14/2023,11/14/2023,What-A-Blast Laser Tag: 127 MCALLISTER ALY  STATE COLLEGE PA 16801,Approved,300,112,General,,
Whiplash x Orchesis Cardio Dance Class Benefitting THON,Event/Concert,Orchesis Dance Company ODC & Whiplash Dance Team,124 & 215,11/14/2023,11/14/2023,White Building- Room 133:,Approved,150,163,General,,
Epsilon Sigma Alpha Thankful 4 You Cards and Tote Bag Making Benefitting THON,Event/Concert,Epsilon Sigma Alpha ESA,562,11/14/2023,11/14/2023,Maxxen: 131 HIESTER ST  STATE COLLEGE PA 16801,Canceled,200,,General,,
SigKap Fiji Thanksgiving Dinner Benefitting THON,Event/Concert,Phi Gamma Delta & Sigma Kappa,35 & 19,11/15/2023,11/15/2023,Fiji House:     ,Approved,500,350,Greek,,
Sapphire Mr. Sapphire Benefitting THON,Event/Concert,Sapphire Leadership Program ,1543,11/15/2023,11/15/2023,112 Forest Resources Building:,Approved,400,198,General,,
Alpha Epsilon Delta Board Games Night Benefitting THON,Event/Concert,Alpha Epsilon Delta,65,11/15/2023,11/15/2023,Ferguson Building 103:,Approved,30,9,General,,
Spoon Tag Benefitting THON,Event/Concert,Fundraising Outreach 4,2372,11/15/2023,11/27/2023,Chambers 208:,Approved,125,105,General,,
PSU Figure Skating Headshots Benefitting THON,Event/Concert,Figure Skating,1334,11/15/2023,11/15/2023,Thomas Building:     ,Canceled,50,,General,,
Painting Night Benefitting THON,Event/Concert,Brandywine,51,11/16/2023,11/16/2023,Penn State Brandywine:     ,Canceled,300,,Commonwealth,,
100 Days 'Til THON- Beach in a Bottle Benefitting THON,100 Days 'Til THON Alternative Fundraiser,Maddie Neulander and Katelyn Felsberg (2024),3190,11/8/2023,11/8/2023,HUB:     ,Canceled,150,,Independent Couple,,
Volunteer Headshots Benefitting THON,Event/Concert,Public Relations Photography Committee & THON Public Relations,1008 & 275,11/17/2023,11/17/2023,HUB 131:,Denied,60,,General,,
Greek Games with PCT Benefitting THON,Event/Concert,Penn College,1361,11/18/2023,11/18/2023,Field House:     ,Approved,50,0,General,,
All-Greek Fall Fundraiser Benefitting THON,Event/Concert,*Executive Committee,1042,11/19/2023,11/19/2023,TKE House:     ,Approved,500,,Greek,,
100 Days 'Til THON Buttons on Beaver X Avery and Maia Benefitting THON,100 Days 'Til THON Alternative Fundraiser,Maia Ramsey and Avery Vodar (2024),3212,11/8/2023,11/8/2023,HUB Robenson Center:     ,Approved,650,95,Independent Couple,,
ASCE Thanksgiving Bingo Board Benefitting THON,Event/Concert,American Society of Civil Engineers ASCE,246,11/20/2023,11/24/2023,,Canceled,30,,General,,
100 Days Celebration: FT-Lei Benefitting THON,100 Days 'Til THON Alternative Fundraiser,Shannon Cain and Arlene Flanders (2024),3130,11/8/2023,11/8/2023,Hub-Robeson Center:     ,Denied,1000,,Independent Couple,,
Club Tennis Giveaway Benefitting THON,Event/Concert,Club Tennis ,1048,11/26/2023,12/3/2023,Sarni Tennis Center:     ,Canceled,75,,General,,
Hillel Open Mic Night Benefitting THON,Event/Concert,Hillel ,50,11/27/2023,11/27/2023,Hillel Building:     ,Approved,100,151.96,General,,
Women in Business Gingerbread House Making Night Benefitting THON,Event/Concert,Women In Business WIB,151,11/27/2023,11/27/2023,108 Business Building:,Canceled,100,,General,,
100 Days Sunglasses Sale Benefitting THON,100 Days 'Til THON Alternative Fundraiser,Maddie Neulander and Katelyn Felsberg (2024),3190,11/8/2023,11/8/2023,HUB:     ,Canceled,150,,Independent Couple,,
Spoon Tag R&RAumen Noodles Benefitting THON,Event/Concert,"Events Coordinator & Committee Liaison, Fundraising Development 5, Fundraising Outreach 2, Pass Team 2 & Security Team 5","299, 319, 2370, 2373 & 2380",11/28/2023,11/28/2023,Throughout Campus:     ,Approved,115,36,General,,
PRSSA Christmas Movie Night Benefitting THON,Event/Concert,Public Relations Student Society of America PRSSA,63,11/28/2023,11/28/2023,Chambers Building:     ,Denied,150,,General,,
PRSSA Trivia Night Benefitting THON,Event/Concert,Public Relations Student Society of America PRSSA,63,11/28/2023,11/28/2023,Chambers Building:     ,Approved,150,70,General,,
Spelling Bee Benefitting THON,Event/Concert,Alpha Tau Omega ATO & Zeta Tau Alpha,1 & 2,11/28/2023,11/28/2023,Alpha Tau Omega: 119 E PROSPECT AVE  STATE COLLEGE PA 16801,Canceled,100,,Greek,,
Whiplash Bring Your Friend to Dance Day Benefitting THON,Event/Concert,Whiplash Dance Team,215,11/28/2023,11/28/2023,White Building:     ,Approved,100,255,General,,
Makeup and Jewelry Benefitting THON,Event/Concert,Club Field Hockey PSFHC,52,11/29/2023,11/29/2023,The Edge: 254 E BEAVER AVE  STATE COLLEGE PA 16801,Canceled,50,,General,,
PSU figure skating holiday night Benefitting THON,Event/Concert,Figure Skating,1334,11/29/2023,11/29/2023,HUB 330:,Approved,70,70,General,,
Gammacacia Wedding Benefitting THON,Event/Concert,Acacia & Gamma Phi Beta,16 & 7,11/29/2023,11/29/2023,Acacia: 234 LOCUST LN  STATE COLLEGE PA 16801,Canceled,200,,Greek,,
Sapphire Bingo Night Fundraiser Benefitting THON,Event/Concert,Sapphire Leadership Program ,1543,11/29/2023,11/29/2023,Business Building:     ,Approved,400,420,General,,
Club Tennis sticker sale Benefitting THON,Event/Concert,Club Tennis ,1048,11/30/2023,12/13/2023,,Approved,50,70,General,,
SPS Trivia Night Benefitting THON,Event/Concert,Penn State College of Medicine at Hershey,2209,12/1/2023,12/1/2023,Lecture Room A:     ,Denied,50,,Commonwealth,,
Assassin x Ohana Benefitting THON,Event/Concert,Ohana ,1161,12/1/2023,12/14/2023,Penn State:     ,Canceled,100,,Special Interest,,
Pie in the Face Benefitting THON,Event/Concert,Omega Chi Sigma & Omega Phi Alpha OphiA,48 & 2440,12/1/2023,12/1/2023,HUB lawn north:     ,Approved,200,66,General,,
Gingerbread House Making Benefitting THON,Event/Concert,Theme Park Engineering Group Penn State TPEG,93,12/1/2023,12/1/2023,Sackett 118:,Canceled,50,,General,,
Penn State Harrisburg Craft and Vendor Fair Benefitting THON,Event/Concert,Harrisburg,164,12/2/2023,12/2/2023,St Peters Evangelical Lutheran Church: 121 N SPRING ST  MIDDLETOWN PA 17057,Approved,500,1389,Commonwealth,,
Spoon Tag Benefitting THON,Event/Concert,Fundraising Outreach 4,2372,12/2/2023,12/15/2023,Chambers 208:,Approved,125,,General,,
NDP Bring a Friend to Dance Day Benefitting THON,Event/Concert,Nittany Dance Project NDP,2876,12/3/2023,12/3/2023,White Building Gym Room 133:,Approved,100,80,General,,
Tau Kappa Epsilon x Epsilon Sigma Alpha Cookie Decorating Benefitting THON,Event/Concert,Epsilon Sigma Alpha ESA & Tau Kappa Epsilon TKE,27 & 562,12/3/2023,12/3/2023,Tau Kappa Epsilon: 346 E PROSPECT AVE  STATE COLLEGE PA 16801,Approved,150,245,Greek,,
Boulevard Pie an Exec Benefitting THON,Event/Concert,Boulevard BLVD,1784,12/3/2023,12/3/2023,Millennium Science Complex Lawn:     ,Approved,50,50,General,,
Volunteer Headshots Benefitting THON,Event/Concert,Public Relations Photography Committee & THON Public Relations,1008 & 275,12/3/2023,12/3/2023,HUB 131:,Approved,60,265,Greek,,
Club Gymnastics Flips Benefitting THON,Event/Concert,Club Gymnastics Club Gym,161,12/4/2023,12/4/2023,White Building:     ,Approved,350,365,General,,
Delta Gamme x Delta Upsilon Christmas Caroling Benefitting THON,Event/Concert,Delta Gamma & Delta Upsilon International Fraternity Delta Upsilon,1544 & 37,12/4/2023,12/4/2023,Alexander Court Apartment Building: 309 E BEAVER AVE  STATE COLLEGE PA 16801,Approved,150,130,General,,
PLL Bring your Friend to Dance Day Benefitting THON,Event/Concert,Lyrical Line Dance Company PLL ,79,12/4/2023,12/4/2023,White Building Room 133:,Approved,50,150,General,,
100 Days Mini Beach Ball Sale Benefitting THON,100 Days 'Til THON Alternative Fundraiser,Maddie Neulander and Katelyn Felsberg (2024),3190,11/8/2023,11/8/2023,HUB:     ,Canceled,150,,Independent Couple,,
Phi Sig and AGR Pictures with Santa Benefitting THON,Event/Concert,Alpha Gamma Rho AGR & Phi Sigma Sigma Phi Sig,187 & 294,12/5/2023,12/5/2023,North Hub:     ,Approved,500,175,Greek,,
Winter Cabaret with OGC Benefitting THON,Event/Concert,Oriana Singers  & Pennsylvania State University Glee Club Glee Club,134 & 135,12/5/2023,12/5/2023,101 Chambers Building:,Approved,200,66.15,Greek,,
Hillel Headshots Benefitting THON,Event/Concert,Hillel ,50,12/5/2023,12/5/2023,Hillel Building:     ,Approved,100,60,General,,
PSSC Tie-Dye Benefitting THON,Event/Concert,Snowboard ,1312,12/5/2023,12/5/2023,Snowboard House: 820 S PUGH ST  STATE COLLEGE PA 16801,Canceled,250,,General,,
Epsilon Sigma Alpha Potluck Dinner Benefitting THON,Event/Concert,Epsilon Sigma Alpha ESA,562,12/5/2023,12/5/2023,Maxxen: 131 HIESTER ST  STATE COLLEGE PA 16801,Canceled,100,,General,,
AIChE x BMES Winter Movie Night Benefitting THON,Event/Concert,"American Institute of Chemical Engineers AIChE & Biomedical Engineering Society Student Chapter at Penn State, Undergraduate Student Association BMES UGSA",64 & 333,12/5/2023,12/5/2023,CBEB 001:,Denied,200,,General,,
ASCE Christmas Cookie Decorating Benefitting THON,Event/Concert,American Society of Civil Engineers ASCE,246,12/5/2023,12/5/2023,ASCE Lounge:     ,Approved,25,40,General,,
Mack Madness Christmas Movie Fundraiser Benefitting THON,Event/Concert,"Mack Madness ""Mackie""",2685,12/5/2023,12/5/2023,Thomas 104:,Denied,50,,Special Interest,,
Orchesis Dance Comapny Christmas Open Class Benefitting THON,Event/Concert,Orchesis Dance Company ODC,124,12/5/2023,12/5/2023,Room 113 White Building:,Approved,70,101.5,General,,
Bingo Boards Benefitting THON,Event/Concert,Berks,77,12/5/2023,12/12/2023,Instagram:     ,Denied,50,,Commonwealth,,
Mack Madness Christmas Party Fundraiser Benefitting THON,Event/Concert,"Mack Madness ""Mackie""",2685,12/5/2023,12/5/2023,HUB:     ,Approved,55,70,Special Interest,,
Goldfish Raffle Benefitting THON,100 Days 'Til THON Alternative Fundraiser,Hannah Feldman and Maggie O'Neill (2024),3129,11/8/2023,11/8/2023,HUB -Robinson Center:     ,Denied,1000,,Independent Couple,,
Sigma Sigma Sigma: Headshots Benefitting THON,Event/Concert,Sigma Sigma Sigma Tri Sigma,33,12/6/2023,12/6/2023,Business Building:     ,Canceled,50,,Greek,,
SNAPS x KINES Winter Wonderland Benefitting THON,Event/Concert,Kinesiology Club KINES club & Student Nurses' Association at Penn State SNAPS,104 & 100,12/6/2023,12/6/2023,Henderson 010:,Approved,150,128,General,,
OPProm Benefitting THON,Event/Concert,THON OPPerations,1007,12/7/2023,12/7/2023,Alumni Hall -- HUB:     ,Approved,1700,1500,General,,
Unison Holiday Event Benefitting THON,Event/Concert,Unison ,3124,12/7/2023,12/7/2023,Waring Commons Study Lounge:     ,Approved,150,215,General,,
Karaoke with Atlas Benefitting THON,Event/Concert,Atlas ,312,12/7/2023,12/7/2023,Thomas 100 Classroom:,Approved,100,175.4,Special Interest,,
Club Cross Country Pageant Benefitting THON,Event/Concert,Club Cross Country XC,305,12/7/2023,12/7/2023,Kern 112:,Approved,200,285,General,,
Gingerbread House Making Benefitting THON,Event/Concert,Theme Park Engineering Group Penn State TPEG,93,12/7/2023,12/7/2023,Sackett 118:,Approved,45,30,General,,
PSU Figure Skating Professional Headshots Benefitting THON,Event/Concert,Figure Skating,1334,12/7/2023,12/7/2023,Thomas Building:     ,Approved,70,70,General,,
Penn State DuBois 12 Days of Giveaways Benefitting THON,Event/Concert,Dubois,166,12/8/2023,12/19/2023,,Approved,500,265,Commonwealth,,
Penn State York Cornhole and Tabletennis Tournament Benefitting THON,Event/Concert,York,170,12/8/2023,12/8/2023,Penn State York:     ,Approved,150,51.1,Commonwealth,,
Penn State Harrisburg 2000s Themed Gala Benefitting THON,Event/Concert,Harrisburg,164,12/8/2023,12/8/2023,Capital Union Building (room 210):,Approved,100,757,Commonwealth,,
Ayuda X Bellefonte Winer Market Benefitting THON,Event/Concert,Ayuda ,1923,12/10/2023,12/10/2023,"Talleyrand Park, Bellefonte: 320 W HIGH ST  BELLEFONTE PA 16823",Approved,300,291.16,Special Interest,,
De-stress x Benefitting THON,Event/Concert,No Refund Theatre NRT & Thespian Society at Penn State Thespians,136 & 235,12/10/2023,12/10/2023,Apartment: 458 E COLLEGE AVE  STATE COLLEGE PA 16801,Canceled,30,,General,,
Gingerbread House Competition Benefitting THON,Event/Concert,Omega Chi Sigma & Omega Phi Alpha OphiA,48 & 2440,12/15/2023,12/20/2023,,Approved,100,10,General,,
Luxury Bag Bingo- Brandywine Benefitting THON,Event/Concert,Brandywine,51,12/15/2023,12/15/2023,25 Yearsley Mill Road:,Approved,600,1830,Commonwealth,,
Penn State York Purse BINGO Benefitting THON,Event/Concert,York,170,12/17/2023,12/17/2023,Dover Community Center: 3700 DAVIDSBURG RD  DOVER PA 17315,Approved,4000,,Commonwealth,,
ASCE Christmas Bingo Board Benefitting THON,Event/Concert,American Society of Civil Engineers ASCE,246,12/20/2023,12/25/2023,,Canceled,30,,General,,
HOS Got Talent Benefitting THON,Event/Concert,THON Hospitality,1005,12/20/2023,1/2/2024,,Approved,300,0,General,,
100 Days Seashell Painting and Sand Jar Making Benefitting THON,100 Days 'Til THON Alternative Fundraiser,Talia Avia and Melina Belenardo (2024),3083,11/8/2023,11/8/2023,The HUB:     ,Approved,350,72,Independent Couple,,
100 Days Flamingo Ring Toss Benefitting THON,100 Days 'Til THON Alternative Fundraiser,Talia Avia and Melina Belenardo (2024),3083,11/8/2023,11/8/2023,The HUB:     ,Denied,400,,Independent Couple,,
FOTO Peach Bowl Block Pool Benefitting THON,Event/Concert,FOTO ,1336,12/30/2023,12/30/2023,,Approved,50,500,Special Interest,,
Alpha Gamma Rho & Phi Sigma Sigma Hersheypark Fundraiser Benefitting THON,Event/Concert,Alpha Gamma Rho AGR & Phi Sigma Sigma Phi Sig,187 & 294,1/1/2024,1/1/2024,Hersheypark: 100 W HERSHEYPARK DR  HERSHEY PA 17033,Canceled,1000,,General,,
Phi Sigma Sigma Hersheypark Fundraiser Benefitting THON,Event/Concert,Phi Sigma Sigma Phi Sig,294,1/1/2024,1/1/2024,Hersheypark: 100 W HERSHEYPARK DR  HERSHEY PA 17033,Approved,1000,,Greek,,
100 Days Seashell Guessing Contest Benefitting THON,100 Days 'Til THON Alternative Fundraiser,Talia Avia and Melina Belenardo (2024),3083,11/8/2023,11/8/2023,The HUB:     ,Denied,400,,Independent Couple,,
Hailey Gerhart and Elisa Kopicki 100 Days Benefitting THON,100 Days 'Til THON Alternative Fundraiser,Hailey Gerhart and Elisa Kopicki (2024),3122,11/8/2023,11/8/2023,HUB:     ,Denied,300,,Independent Couple,,
club tennis tag Benefitting THON,Event/Concert,Club Tennis ,1048,1/8/2024,1/12/2024,penn state campus:     ,Approved,40,40,General,,
Lindsasaurus R&Rex X Spoon Tag Benefitting THON,Event/Concert,Fundraising Outreach 6,2384,1/9/2024,1/10/2024,,Canceled,200,,joint,,
All-COMM Spoon Tag Benefitting THON,Event/Concert,"Communications - CWC Liaison, Communications - Hershey Tours/Events Coordinator, Communications - Organization Resources & Communications - SIO Liaison","479, 2857, 2858 & 2861",1/9/2024,1/12/2024,HUB-Robeson Center:     ,Approved,400,52.24,joint,,
Epsilon Sigma Alpha 2024 Mood Boards Benefitting THON,Event/Concert,Epsilon Sigma Alpha ESA,562,1/9/2024,1/9/2024,611 S Pugh St: 611 S PUGH ST  STATE COLLEGE PA 16801,Canceled,100,,General,,
Sea Creatures Candy Bag for 100 Days Benefitting THON,100 Days 'Til THON Alternative Fundraiser,Hannah Feldman and Maggie O'Neill (2024),3129,11/8/2023,11/8/2023,The Hub:     ,Denied,200,,Independent Couple,,
Alyssa and Amber 100 Days X Bottle Sand Art Benefitting THON,100 Days 'Til THON Alternative Fundraiser,Alyssa Becker and Amber Singh (2024),3186,11/8/2023,11/8/2023,HUB-Robeson Center:     ,Denied,1000,,Independent Couple,,
DPhiE X ADP Wedding Benefitting THON,Event/Concert,Alpha Delta Phi Delta House & Delta Phi Epsilon DPhiE,1073 & 2090,1/12/2024,1/12/2024,ADP House: 225 E FOSTER AVE  STATE COLLEGE PA 16801,Approved,100,330,Greek,,
Ellie and Tyler Bowling Fundraiser Benefitting THON,Event/Concert,Elizabeth Klapac and Tyler Kealey (2024),3177,11/8/2023,11/8/2023,Northland Bowl: 1521 MARTIN ST  STATE COLLEGE PA 16803,Approved,150,180,Independent Couple,,
Spoon Tag Benefitting THON,Event/Concert,Pass Team 5 & THON R&R Event Safety,303 & 538,1/15/2024,1/28/2024,All around campus and downtown but there will be certain locations that are off limits:     ,Approved,150,60,joint,,
MHAA Pie in the Face Benefitting THON,Event/Concert,Master of Health Administration Association MHAA,2918,1/15/2024,1/15/2024,Courtney's House: 128 N GILL ST  STATE COLLEGE PA 16801,Approved,100,35,General,,
Alpha Omicron Pi x Tan-Luxe Benefitting THON,Event/Concert,Alpha Omicron Pi AOII,8,1/15/2024,1/17/2024,Tan-Luxe State College: 1013 S ALLEN ST #405 STATE COLLEGE PA 16801,Canceled,200,,Greek,,
Club Cheer and Delta Sigma Phi Trivia Benefitting THON,Event/Concert,Cheerleading Club Club Cheer & Delta Sigma Phi,13 & 321,1/15/2024,1/15/2024,Delta Sigma Phi House: 508 LOCUST LN  STATE COLLEGE PA 16801,Approved,200,378,Greek,,
Gammacacia Duck Hunt Benefitting THON,Event/Concert,Acacia & Gamma Phi Beta,16 & 7,1/15/2024,1/28/2024,Acacia: 234 LOCUST LN  STATE COLLEGE PA 16801,Approved,100,300,Greek,,
ASA X Pi Kapp Minigolf Benefitting THON,Event/Concert,Alpha Sigma Alpha ASA & Pi Kappa Phi Pi Kapp,6 & 3,1/15/2024,1/15/2024,Pi Kappa Phi Chapter House: 409 E FAIRMOUNT AVE  STATE COLLEGE PA 16801,Approved,250,291,Greek,,
Secret Tag Benefitting THON,Event/Concert,Pi Mu Mu PMM,404,1/16/2024,1/29/2024,,Approved,150,,General,,
Women in Business Meet Our THON Families Benefitting THON,Event/Concert,Women In Business WIB,151,1/16/2024,1/16/2024,Business Building:     ,Canceled,150,,General,,
ASCE Board Game Competition Benefitting THON,Event/Concert,American Society of Civil Engineers ASCE,246,1/16/2024,1/16/2024,ASCE Lounge:     ,Approved,20,60,General,,
Epsilon Sigma Alpha Vision Board Benefitting THON,Event/Concert,Epsilon Sigma Alpha ESA,562,1/16/2024,1/16/2024,611 S Pugh St: 611 S PUGH ST  STATE COLLEGE PA 16801,Approved,100,70,General,,
Ice Cream Sundae Benefitting THON,Event/Concert,Sammy Topkis and Alexis Mason (2024),3092,11/8/2023,11/8/2023,rise state college: 532 E COLLEGE AVE  STATE COLLEGE PA 16801,Approved,300,185,Independent Couple,,
Blood Drive Benefitting THON,Event/Concert,Harrisburg,164,1/16/2024,1/16/2024,Capital Union Building (room 210):,Approved,100,,Commonwealth,,
Alpha Omicron Pi Nail Salon Fundraiser Benefitting THON,Event/Concert,Alpha Omicron Pi AOII,8,1/17/2024,1/17/2024,Alpha Omicron Pi Suite in Cross Hall:     ,Approved,150,35,Greek,,
Epsilon Sigma Alpha F45 Benefitting THON,Event/Concert,Epsilon Sigma Alpha ESA,562,1/17/2024,1/17/2024,F45: 232 E COLLEGE AVE  STATE COLLEGE PA 16801,Approved,100,0,General,,
Phi Beta Lambda Mario Kart Benefitting THON,Event/Concert,Phi Beta Lambda,1029,1/17/2024,1/17/2024,424 West College Avenue:,Approved,200,85,General,,
OPPickup Benefitting THON,Event/Concert,OPPerations - Inter-Committee Events,396,1/18/2024,1/18/2024,White Building:     ,Approved,300,610,joint,,
Penn State Scranton X Benefiting THON Trivia Night  Benefitting THON,Event/Concert,Scranton,171,1/18/2024,1/18/2024,Happy Valley Restaurant: 516 STORRS ST  DICKSON CITY PA 18519,Approved,200,400,Commonwealth,,
Get Air- ATO x ZTA Benefitting THON,Event/Concert,Alpha Tau Omega ATO & Zeta Tau Alpha,1 & 2,1/18/2024,1/18/2024,Get Air: 2252 E COLLEGE AVE  STATE COLLEGE PA 16801,Approved,100,0,Greek,,
Epsilon Sigma Alpha Yoga Benefitting THON,Event/Concert,Epsilon Sigma Alpha ESA,562,1/18/2024,1/18/2024,White Building:     ,Approved,100,525,General,,
Atlas x Apollo Most Eligible Bachelor Benefitting THON,Event/Concert,Apollo  & Atlas ,312 & 1745,1/18/2024,1/18/2024,Thomas 101:,Approved,100,401.75,Special Interest,,
Club Gymnastics Spoon Tag Benefitting THON,Event/Concert,Club Gymnastics Club Gym,161,1/18/2024,1/22/2024,Various Locations Around Campus:     ,Approved,100,144,General,,
Tote Painting Benefitting THON,Item Sale,Brianna Lewis and Makenna Shields (2024),3107,11/8/2023,11/8/2023,Makenna Shields: 141 S GARNER ST  STATE COLLEGE PA 16801,Approved,75,,Independent Couple,,
Ultimate Frisbee Spoon Tag Benefitting THON,Event/Concert,Men's Club Ultimate Frisbee & Women's Club Ultimate Frisbee ,2067 & 348,1/19/2024,2/1/2024,Penn State University:     ,Approved,150,125,General,,
Student Athletic Training Club Taping Clinic Benefitting THON,Event/Concert,Student Athletic Training Club ,239,1/19/2024,1/19/2024,"Rec Hall, Room 15:",Approved,150,80,General,,
Delta Theta Sigma Line Dance Benefitting THON,Event/Concert,Delta Theta Sigma,257,1/20/2024,1/20/2024,Snider Ag Arena:     ,Approved,700,404,Greek,,
Alpha Kappa Psi Headshots Fundraiser Benefitting THON,Event/Concert,Alpha Kappa Psi ,61,1/21/2024,1/21/2024,Business Building:     ,Approved,100,135,General,,
"Women in Business Dancer Mail, DonorDrives, and Bead Bracelets Benefitting THON",Event/Concert,Women In Business WIB,151,1/22/2024,1/22/2024,Business Building:     ,Approved,200,65,General,,
Resume Workshop/Professional Headshot Fundraiser Benefitting THON,Event/Concert,School of Hospitality Management THON Committee  SHM THON,139,1/22/2024,1/22/2024,Mateer 117:,Canceled,75,,General,,
Phi Beta Lambda Spies Benefitting THON,Event/Concert,Phi Beta Lambda,1029,1/22/2024,2/4/2024,,Approved,150,100,General,,
Women in Business Tan Luxe Benefitting THON,Event/Concert,Women In Business WIB,151,1/23/2024,1/24/2024,Allen Park Apartment Building: 1013 S ALLEN ST  STATE COLLEGE PA 16801,Canceled,150,,General,,
MariHOS Kart Benefitting THON,Event/Concert,Hospitality - Admin/Donor Relations & THON Hospitality,1005 & 387,1/23/2024,1/23/2024,100 Thomas Building:,Approved,100,70,joint,,
Pi Beta Phi and Sigma Phi Epsilon F45 Workout Class Benefitting THON,Event/Concert,Pi Beta Phi Pi Phi & Sigma Phi Epsilon,18 & 11,1/23/2024,1/23/2024,F45 Training State College: 232 E COLLEGE AVE  STATE COLLEGE PA 16801,Approved,250,0,Greek,,
Spelling Bee Benefitting THON,Event/Concert,Alpha Tau Omega ATO & Zeta Tau Alpha,1 & 2,1/23/2024,1/23/2024,Alpha Tau Omega: 321 E FAIRMOUNT AVE  STATE COLLEGE PA 16801,Canceled,100,,Greek,,
SAAC Lip Sync Battle Benefitting THON,Event/Concert,Student Athlete Advisory Committee SAAC,240,1/23/2024,2/2/2024,HUB Robeson Center:     ,Approved,300,1082.56,General,,
Wilkes-Barre Blood Drive Benefitting THON,Event/Concert,Wilkes-Barre,76,1/24/2024,1/24/2024,Penn State Wilkes-Barre:     ,Approved,0,,Commonwealth,,
Alpha Omicron Pi x F45 Benefitting THON,Event/Concert,Alpha Omicron Pi AOII,8,1/24/2024,1/24/2024,F45 Training State College: 232 E COLLEGE AVE  STATE COLLEGE PA 16801,Approved,200,,Greek,,
Fall Spooky Bags Benefitting THON,Item Sale,Alysha Ulrich and Jenna Ulrich (2024),3157,11/8/2023,11/8/2023,Snider Ag Arena:     ,Approved,100,15,Independent Couple,,
Sigma Pi x Delta Zeta Trivia Night Benefitting THON,Event/Concert,Delta Zeta DZ & Sigma Pi,39 & 36,1/24/2024,1/24/2024,,Canceled,200,,Greek,,
Alpha Phi x Alpha Epsilon Pi Pie a Pi/Phi Benefitting THON,Event/Concert,Alpha Epsilon Pi AEPi & Alpha Phi,12 & 118,1/24/2024,1/24/2024,Alpha Epsilon Pi: 240 E PROSPECT AVE  STATE COLLEGE PA 16801,Canceled,200,,Greek,,
Reve Dance Company Open Class Benefitting THON,Event/Concert,RêVe Dance Company,470,1/24/2024,1/24/2024,HUB:     ,Approved,100,20,General,,
Volé Connections Clothing Benefitting THON,Event/Concert,Volé,126,1/25/2024,1/25/2024,Connections Clothing: 130 S ALLEN ST  STATE COLLEGE PA 16801,Approved,60,0,General,,
Penn State DuBois Basket Bingo Benefitting THON,Event/Concert,Dubois,166,1/26/2024,1/26/2024,Penn State DuBois:     ,Approved,1000,3354.5,Commonwealth,,
RAC FAC Benefitting THON,Event/Concert,Behrend,73,1/27/2024,1/27/2024,Erie Fitness Now: 2147 W 12TH ST  ERIE PA 16505,Approved,500,272,Commonwealth,,
Karaoke Night Benefitting THON,Event/Concert,Club Track and Field ,270,1/27/2024,1/27/2024,Multi-Sport Facility:     ,Action Needed,200,,General,,
Club Tennis Singles Tournament Benefitting THON,Event/Concert,Club Tennis ,1048,1/28/2024,1/28/2024,Penn State Tennis Center:     ,Approved,100,95,General,,
Special Events THON Tag Benefitting THON,Event/Concert,THON Special Events,1011,1/29/2024,2/11/2024,,Canceled,100,,joint,,
Pie in the Face Benefitting THON,Event/Concert,Berks,77,1/29/2024,1/29/2024,Penn State Berks Perkins Lobby:     ,Approved,100,200,Commonwealth,,
OPPie in the Face Benefitting THON,Event/Concert,THON OPPerations,1007,1/29/2024,1/29/2024,HUB Lawn:     ,Approved,400,560,joint,,
Club Gymnastics Flips Benefitting THON,Event/Concert,Club Gymnastics Club Gym,161,1/29/2024,1/29/2024,White Building:     ,Approved,250,288,General,,
Bingo Benefitting THON,Event/Concert,Student Society of Architectural Engineers SSAE,183,1/29/2024,1/30/2024,,Denied,95,,General,,
F45 Benefitting THON,Event/Concert,Delta Zeta DZ & Sigma Pi,39 & 36,1/30/2024,1/30/2024,F45 Training: 232 E COLLEGE AVE  STATE COLLEGE PA 16801,Approved,450,0,Greek,,
Trilogy and Phi Sigma Kappa Trivia Night Benefitting THON,Event/Concert,Phi Sigma Kappa PSK & Trilogy ,72 & 10,1/30/2024,1/30/2024,Phi Sigma Kappa: 501 S ALLEN ST  STATE COLLEGE PA 16801,Canceled,150,,Greek,,
Committee Spoon Tag Benefitting THON,Event/Concert,OPPerations - Inter-Committee Events,396,1/30/2024,2/11/2024,Hammond Building:     ,Approved,80,61.75,joint,,
Committee Spoon Tag Benefitting THON,Event/Concert,OPPerations - Committee Member Morale,393,1/30/2024,2/12/2024,Thomas Building:     ,Canceled,130,,joint,,
Kappa Kappa Gamma F45 Benefitting THON,Event/Concert,Kappa Kappa Gamma,22,1/31/2024,1/31/2024,F45: 232 E COLLEGE AVE  STATE COLLEGE PA 16801,Approved,400,0,Greek,,
FIN Duck Tag Benefitting THON,Event/Concert,THON Finance,1128,1/31/2024,2/7/2024,,Approved,150,,joint,,
PSSC Board Waxing Benefitting THON,Event/Concert,Snowboard ,1312,1/31/2024,1/31/2024,Snowboard House: 620 S PUGH ST  STATE COLLEGE PA 16801,Canceled,50,,General,,
Just Dance Wii Battle ODC x APD Benefitting THON,Event/Concert,Alpha Phi Delta APD & Orchesis Dance Company ODC,124 & 188,1/31/2024,1/31/2024,Alpha Phi Delta: 329 E PROSPECT AVE  STATE COLLEGE PA 16801,Approved,100,141,General,,
Spoon tag Benefitting THON,Event/Concert,Club Crew ,201,1/31/2024,2/7/2024,Tag Anywhere on/around campus:     ,Canceled,30,,General,,
PLL Combo Class Benefitting THON,Event/Concert,Lyrical Line Dance Company PLL ,79,1/31/2024,1/31/2024,White Building Room 106:,Approved,50,35,General,,
Alpha Rho Chi Talent Show Benefitting THON,Event/Concert,Alpha Rho Chi APX,190,2/1/2024,2/1/2024,Alpha Rho Chi House: 320 S FRASER ST  STATE COLLEGE PA 16801,Approved,250,300,Greek,,
Benefit Concert x Apollo Benefitting THON,Event/Concert,Apollo ,1745,2/1/2024,2/1/2024,Webster's Bookstore and Cafe: 133 E BEAVER AVE  STATE COLLEGE PA 16801,Approved,350,175,Special Interest,,
FIN Talent Show Benefitting THON,Event/Concert,THON Finance,1128,2/1/2024,2/1/2024,075 Willard:,Approved,100,,joint,,
SDT & Phi Who X Get Air Benefitting THON,Event/Concert,Phi Kappa Theta & Sigma Delta Tau,24 & 49,2/1/2024,2/1/2024,Get Air State College: 2252 E COLLEGE AVE  STATE COLLEGE PA 16801,Approved,60,0,Greek,,
Phi Beta Lambda Soulmates Benefitting THON,Event/Concert,Phi Beta Lambda,1029,2/1/2024,2/1/2024,424 West College Avenue: 424 W COLLEGE AVE  STATE COLLEGE PA 16801,Approved,300,439,General,,
PSNtv: Pie-A-Producer 2 X Benefitting THON,Event/Concert,Penn State Network Television PSNtv,320,2/1/2024,2/1/2024,HUB Lawn North:     ,Approved,250,,General,,
Mr. HEAL Pageant Benefitting THON,Event/Concert,HEAL: Help Every Angel Live ,1540,2/2/2024,2/2/2024,Forum 108:,Approved,50,79,Special Interest,,
"APHI and AEPI ""Together We Can..."" Photos Benefitting THON",Event/Concert,Alpha Epsilon Pi AEPi & Alpha Phi,12 & 118,2/2/2024,2/2/2024,Business Building:     ,Approved,200,,Greek,,
Bracelet Making Benefitting THON,Event/Concert,Alpha Tau Omega ATO & Zeta Tau Alpha,1 & 2,2/2/2024,2/2/2024,Business Building:     ,Approved,100,225,Greek,,
Club Swimming Cookie Decorating Benefitting THON,Event/Concert,Club Swimming ,302,2/2/2024,2/2/2024,501 S Pugh Street:,Approved,100,107,General,,
Club Swimming Cookie Decorating Benefitting THON,Event/Concert,Club Swimming ,302,2/2/2024,2/2/2024,501 S Pugh Street:,Canceled,100,,General,,
PSU CrossFit + Lionheart Benefitting THON,Event/Concert,Crossfit Club at Penn State ,542,2/3/2024,2/3/2024,Lionheart Fitness: 127 SOWERS ST  STATE COLLEGE PA 16801,Approved,600,526,General,,
Penn State Scranton Designer Purse Bingo x Benefitting THON,Event/Concert,Scranton,171,2/4/2024,2/4/2024,Holiday Inn Scranton East: 200 TIGUE ST  DUNMORE PA 18512,Approved,10000,11997,Commonwealth,,
Ohana Family Feud Benefitting THON,Event/Concert,Ohana ,1161,2/4/2024,2/4/2024,Willard Building:     ,Canceled,30,,Special Interest,,
Whiplash x PYP Studio Pilates Class Benefitting THON,Event/Concert,Whiplash Dance Team,215,2/4/2024,2/4/2024,PYP Studio: 1748 S ATHERTON ST  STATE COLLEGE PA 16801,Approved,175,130,General,,
Lion Ambassadors Talent Show Benefitting THON,Event/Concert,Lion Ambassadors ,83,2/4/2024,2/4/2024,Hintz Family Alumni Center:     ,Approved,60,105,General,,
Movie Night Benefitting THON,Event/Concert,Delta Phi Epsilon DPhiE,2090,2/4/2024,2/4/2024,Delta Phi Epsilon Sorority Suite:     ,Canceled,50,,Greek,,
"""I THON for..."" photos Benefitting THON",Event/Concert,Alpha Epsilon Pi AEPi & Alpha Phi,12 & 118,2/5/2024,2/5/2024,Thomas Building:     ,Canceled,200,,Greek,,
FOTO Mr. FOTO Benefitting THON,Event/Concert,FOTO ,1336,2/5/2024,2/5/2024,Health and Human Dev Building 350:,Approved,50,38,Special Interest,,
Whiplash x Statesmen Karaoke Night Benefitting THON,Event/Concert,Unison  & Whiplash Dance Team,215 & 3124,2/5/2024,2/5/2024,The Metropolitan:     ,Approved,100,230,General,,
F45 Benefitting THON,Event/Concert,Alpha Tau Omega ATO & Zeta Tau Alpha,1 & 2,2/5/2024,2/5/2024,F45: 232 E COLLEGE AVE  STATE COLLEGE PA 16801,Approved,100,0,Greek,,
Navigators Pavement Pounders Benefitting THON,Event/Concert,Navigators at Penn State ,313,2/5/2024,2/16/2024,,Approved,50,,General,,
Valentine's Cabaret with OGC Benefitting THON,Event/Concert,Oriana Singers  & Pennsylvania State University Glee Club Glee Club,134 & 135,2/6/2024,2/6/2024,108 Chambers Building:,Canceled,80,,General,,
SDT Galentines Cake Decorating Benefitting THON,Event/Concert,Sigma Delta Tau,24,2/6/2024,2/6/2024,Haller Hall:     ,Approved,100,255,Greek,,
HEAL Trivia Benefitting THON,Event/Concert,HEAL: Help Every Angel Live ,1540,2/6/2024,2/6/2024,Willard building 267:,Approved,30,20,Special Interest,,
Spoon Tag Benefitting THON,Event/Concert,OPPerations - Set Up / Tear Down (1),410,2/6/2024,2/14/2024,Willard Building:     ,Approved,150,105,joint,,
Penn State Harrisburg x 10 Days til THON Bowling Benefitting THON,Event/Concert,Harrisburg,164,2/6/2024,2/6/2024,ABC East Lanes: 1001 EISENHOWER BLVD  HARRISBURG PA 17111,Approved,100,46,Commonwealth,,
Alpha Omicron Pi x What-A-Blast Laser Tag Benefitting THON,Event/Concert,Alpha Omicron Pi AOII,8,2/7/2024,2/7/2024,What-A-Blast Laser Tag: 127 MCALLISTER ALY  STATE COLLEGE PA 16801,Approved,100,90,Greek,,
Candy Jar Guessing Game Benefitting THON,Event/Concert,OPPerations - Sustainability Outreach,400,2/7/2024,2/7/2024,HUB:     ,Approved,50,38.95,joint,,
Epsilon Sigma Alpha Glass Painting Benefitting THON,Event/Concert,Epsilon Sigma Alpha ESA,562,2/7/2024,2/7/2024,House: 611 S PUGH ST  STATE COLLEGE PA 16801,Approved,70,500,General,,
Unison a Cappella Night Benefitting THON,Event/Concert,Unison ,3124,2/8/2024,2/8/2024,Waring West Study Lounge:     ,Approved,100,143,General,,
ADPi Movie Night Benefitting THON,Event/Concert,Alpha Delta Pi ADPi,20,2/8/2024,2/8/2024,200 E. Beaver Avenue:,Canceled,100,,Greek,,
CullyfloweR&Rs THON Tag Benefitting THON,Event/Concert,Events Coordinator & Committee Liaison,2373,2/8/2024,2/16/2024,HUB:     ,Canceled,50,,joint,,
Ayuda X Pillar X Mario Kart Benefitting THON,Event/Concert,Ayuda  & Pillar ,1297 & 1923,2/8/2024,2/8/2024,Nursing Sciences Bldg 149:,Approved,99.95,,Special Interest,,
ASCE Valentines Day Bingo Board Benefitting THON,Event/Concert,American Society of Civil Engineers ASCE,246,2/9/2024,2/14/2024,,Canceled,30,,General,,
"""Dancer Send-Off"" Pasta Dinner Benefitting THON",Event/Concert,Lyrical Line Dance Company PLL ,79,2/9/2024,2/9/2024,The Meridian on College Avenue: 646 E COLLEGE AVE Apt 506 STATE COLLEGE PA 16801,Approved,60,75,General,,
Alpha Phi and Alpha Epsilon Pi Valentines Day Candy Grams Benefitting THON,Event/Concert,Alpha Epsilon Pi AEPi & Alpha Phi,12 & 118,2/9/2024,2/11/2024,ONLINE:     ,Approved,100,,Greek,,
SSAE sweetheart Benefitting THON,Event/Concert,Student Society of Architectural Engineers SSAE,183,2/9/2024,2/9/2024,Kern Building 112:,Action Needed,50,,General,,
Club Gymnastics Waxing Benefitting THON,Event/Concert,Club Gymnastics Club Gym,161,2/9/2024,2/9/2024,Highland Tower: 226 HIGHLAND AVE Suite B STATE COLLEGE PA 16801,Approved,50,116,General,,
Irish Jig/Zumba with Atlas Benefitting THON,Event/Concert,Atlas ,312,2/9/2024,2/9/2024,HUB Robenson Center:     ,Approved,50,55,Special Interest,,
Committee Bingo Board Benefitting THON,Event/Concert,OPPerations - Ultimate Liaison,418,2/9/2024,2/13/2024,,Denied,30,,joint,,
LedJessielin Guessing Jar Benefitting THON,Event/Concert,OPPerations - Rules & Regulations Liaison,409,2/9/2024,2/11/2024,Hammond Building:     ,Approved,50,,joint,,
SIO Dancer Feud x Apollo Benefitting THON,Event/Concert,"Apollo , Axis , Hershey Kisses HK & Ohana ","1161, 1667, 1745 & 1747",2/9/2024,2/9/2024,022 BBH:,Approved,100,96,Special Interest,,
ADPi Super Bowl Trivia Benefitting THON,Event/Concert,Alpha Delta Pi ADPi,20,2/10/2024,2/10/2024,Alexander Court: 309 E BEAVER AVE APT 608 Apt. 608 STATE COLLEGE PA 16801,Approved,100,300,Greek,,
FOTO Superbowl Squares Benefitting THON,Event/Concert,FOTO ,1336,2/11/2024,2/11/2024,,Approved,100,700,Special Interest,,
Ohana Pie a Dancer Benefitting THON,Event/Concert,Ohana ,1161,2/11/2024,2/11/2024,Willard 162:,Approved,50,146,Special Interest,,
Penn State DuBois Flower Grams Benefitting THON,Event/Concert,Dubois,166,2/12/2024,2/14/2024,Penn State DuBois:     ,Approved,100,,Commonwealth,,
2024 Line Dance Predictions Benefitting THON,Event/Concert,Men's Club Ultimate Frisbee & Women's Club Ultimate Frisbee ,2067 & 348,2/12/2024,2/14/2024,,Approved,100,,General,,
Bag Decorating Benefitting THON,Event/Concert,Delta Phi Epsilon DPhiE,2090,2/12/2024,2/12/2024,Thomas Building:     ,Approved,75,58,Greek,,
Cierius XM RadiOPP THON Tag Game x Benefitting THON,Event/Concert,OPPerations - Administrative Assistant / SOS,422,2/13/2024,2/14/2024,Penn State University Park Campus :):     ,Approved,130,70,joint,,
Blood Drive Benefitting THON,Event/Concert,Harrisburg,164,2/13/2024,2/13/2024,Capital Union Building (room 210):,Denied,100,,Commonwealth,,
Student Athletic Training Club Taping Clinic Benefitting THON,Event/Concert,Student Athletic Training Club ,239,2/13/2024,2/13/2024,Rec Hall Room 15:,Approved,100,71,General,,
Kappa Kappa Gamma x Delta Chi Raffle Benefitting THON,Item Auction,Kappa Kappa Gamma,22,7/13/2023,7/26/2023,,Denied,300,,Greek,,
Phi Chi Theta Ribbon Sale at Bomba Taco - Newtown Benefitting THON,Item Auction,Phi Chi Theta ,206,8/4/2023,8/4/2023,Bomba Taco + Bar | Newtwon: 2930 S EAGLE RD  NEWTOWN PA 18940,Approved,100,162,General,,
Mea Kahiko by Tess 100 Days Fundraiser Benefitting THON,100 Days 'Til THON Alternative Fundraiser,Maeve Riley and Sophie Sclafani (2024),3138,11/9/2023,11/10/2023,The HUB:     ,Denied,200,,Independent Couple,,
Community Raffle Basket Benefitting THON,Item Auction,Fayette,44,8/30/2023,8/30/2023,Penn State Fayette- The Elberly Campus:     ,Approved,500,613,Commonwealth,,
Dunkin' Donut and Coffee/Hot Chocolate Sale all Proceeds Benefitting THON,Bake Sale,Era Pasha and Madeline Ritenour (2024),3147,11/9/2023,11/9/2023,HUB Information Table 4:,Canceled,100,,Independent Couple,,
Kappa Kappa Gamma Raffle Benefitting THON,Item Auction,Kappa Kappa Gamma,22,9/11/2023,9/11/2023,,Approved,400,190,Greek,,
Trilogy and Phi Sigma Kappa Gift Card Raffle Benefitting THON,Item Auction,Phi Sigma Kappa PSK & Trilogy ,72 & 10,9/13/2023,9/17/2023,,Denied,200,,General,,
Orchesis Dance Company Merch Auction Benefitting THON,Item Auction,Orchesis Dance Company ODC,124,9/14/2023,9/14/2023,White Building Gym:     ,Approved,75,427,General,,
Kappa Kappa Gamma 50/50 Raffle Benefitting THON,Item Auction,Kappa Kappa Gamma,22,9/23/2023,9/23/2023,Beaver Stadium:     ,Approved,200,,Greek,,
Kappa Kappa Gamma Raffle Benefitting THON,Item Auction,Kappa Kappa Gamma,22,9/25/2023,9/25/2023,Wartik Laboratory:     ,Approved,300,260,Greek,,
Bunnies (pt. 3) Benefitting THON,Item Auction,World Campus,1318,9/29/2023,10/12/2023,,Approved,500,0,Commonwealth,,
Kappa Kappa Gamma Item Raffle Benefitting THON,Item Auction,Kappa Kappa Gamma,22,10/9/2023,10/9/2023,,Approved,199.99,542,Greek,,
Penn State Law Pie in the Face Benefitting THON,Item Auction,Penn State Law,1552,10/10/2023,10/10/2023,,Canceled,75,,Commonwealth,,
Penn State Law Brophy Jar Auction Benefitting THON,Item Auction,Penn State Law,1552,10/10/2023,10/12/2023,Katz building atrium:     ,Approved,200,200,Commonwealth,,
Kappa Kappa Gamma 50/50 Benefitting THON,Item Auction,Kappa Kappa Gamma,22,10/14/2023,10/14/2023,Beaver Stadium: 1 Beaver Stadium  University park PA 16802,Approved,199.98,,Greek,,
Phi Beta Lambda Silent Auction Benefitting THON,Item Auction,Phi Beta Lambda,1029,10/15/2023,10/15/2023,BBH 022:,Approved,3000,2259,General,,
Primanti's IDC Fundraiser Benefitting THON,Restaurant Fundraiser,Anthony Savona and Dane Beller (2024),3110,11/9/2023,11/9/2023,Primanti's: 130 HIESTER ST  STATE COLLEGE PA 16801,Denied,400,,Independent Couple,,
Penn State Hazleton Designer Purse and Gift Card Bingo Benefitting THON,Item Auction,Hazleton,74,10/22/2023,10/22/2023,Penn State Hazleton:     ,Approved,3000,3891.38,Commonwealth,,
TEPXGSS Pumpkin Carving contest Benefitting THON,Item Auction,Gamma Sigma Sigma  & Tau Epsilon Phi TEP,46 & 2213,10/22/2023,10/22/2023,Dan Dailey: 328 E FOSTER AVE  STATE COLLEGE PA 16801,Approved,150,120,Greek,,
Caroline and Nicole Bake Sale Benefitting THON,Bake Sale,Caroline Cunningham and Nicole Torrillo (2024),3163,11/10/2023,11/10/2023,Corner Room: 100 W COLLEGE AVE  STATE COLLEGE PA 16801,Denied,200,,Independent Couple,,
Kappa Kappa Gamma Headphone Raffle Benefitting THON,Item Auction,Kappa Kappa Gamma,22,10/25/2023,10/25/2023,,Approved,200,,Greek,,
Pretzel Sale Benefitting THON,Bake Sale,Taylor Root and Meghan McFillin (2024),3193,11/10/2023,11/10/2023,Urban Outfitters: 234 E COLLEGE AVE  STATE COLLEGE PA 16801,Denied,100,,Independent Couple,,
Kappa Kappa Gamma 50/50 Benefitting THON,Item Auction,Kappa Kappa Gamma,22,10/28/2023,10/28/2023,Beaver Stadium: 1 Beaver Stadium  University park PA 16802,Approved,199.98,,Greek,,
Ribbons Benefitting THON,Item Sale,Mackenzie Lee and Cade Helfrich (2024),3133,11/10/2023,11/10/2023,Mackenzie Lee: 119 S PUGH ST  STATE COLLEGE PA 16801,Approved,200,304,Independent Couple,,
ATO and ZTA Clothing Auction Benefitting THON,Item Auction,Alpha Tau Omega ATO & Zeta Tau Alpha,1 & 2,10/30/2023,10/30/2023,Thomas Building  Room 101:,Approved,500,1007,Greek,,
Ribbon Sale Benefitting THON,Item Sale,Maddie Neulander and Katelyn Felsberg (2024),3190,11/10/2023,11/10/2023,352 E College Ave B:,Canceled,50,,Independent Couple,,
Penn State CHAARG Apparel Auction Benefitting THON,Item Auction,"Changing Health, Attitudes, and Actions To Recreate Girls at Penn State CHAARG",2098,11/9/2023,11/9/2023,Willard Building:     ,Approved,150,118,General,,
Tau Kappa Epsilon x Epsilon Sigma Alpha Fratchelor Benefitting THON,Item Auction,Epsilon Sigma Alpha ESA & Tau Kappa Epsilon TKE,27 & 562,11/9/2023,11/9/2023,Tau Kappa Epsilon: 346 E PROSPECT AVE  STATE COLLEGE PA 16801,Approved,600,1100,Greek,,
Kappa Kappa Gamma 50/50 Benefitting THON,Item Auction,Kappa Kappa Gamma,22,11/11/2023,11/11/2023,Beaver Stadium: 1 Beaver Stadium  University park PA 16802,Approved,200,,Greek,,
Phi Chi Theta Merch Auction Benefitting THON,Item Auction,Phi Chi Theta ,206,11/13/2023,11/13/2023,Chambers Building:     ,Canceled,750,,General,,
Kappa Kappa Gamma 50/50 Benefitting THON,Item Auction,Kappa Kappa Gamma,22,11/18/2023,11/18/2023,Beaver Stadium: 1 Beaver Stadium  University park PA 16802,Approved,200,,Greek,,
Holiday Wreaths Benefitting THON,Item Auction,World Campus,1318,11/24/2023,12/7/2023,,Approved,80,0,Commonwealth,,
Ribboning for Lindsey & Lindsey Benefitting THON,Item Sale,Lindsey Schettini and Lindsey Schwarzbach (2024),3179,11/10/2023,11/10/2023,Family Clothesline Store: 352 E COLLEGE AVE STE B  STATE COLLEGE PA 16801,Approved,100,114.52,Independent Couple,,
ADPi Guessing Jar Game Benefitting THON,Item Auction,Alpha Delta Pi ADPi,20,12/3/2023,12/3/2023,Huck Institutes of the Life Sciences:  Room 100,Approved,75,20,Greek,,
Lion Ambassador Old Merch Auction Benefitting THON,Item Auction,Lion Ambassadors ,83,12/7/2023,12/7/2023,Hintz Family Alumni Center:     ,Canceled,50,,General,,
Autumn and Sarah IDC Homemade Magnet Selling Benefitting THON,Item Sale,Autumn Swain and Sarah Vargas (2024),3161,11/10/2023,11/10/2023,Yallah Taco: 310 E COLLEGE AVE  STATE COLLEGE PA 16801,Approved,200,57,Independent Couple,,
Axis Keystone Candles Benefitting THON,Item Auction,Axis ,1747,12/21/2023,12/22/2023,,Approved,40,20,Special Interest,,
Kappa Alpha Theta Tory Burch Bag Benefitting THON,Item Auction,Kappa Alpha Theta,14,1/1/2024,1/14/2024,118 East Prospect Ave:,Approved,1000,400,Greek,,
Brownie Sale Benefitting THON,Item Sale,Taylor Root and Meghan McFillin (2024),3193,11/10/2023,11/17/2023,Taylor Root: 463 E BEAVER AVE  STATE COLLEGE PA 16801,Approved,50,,Independent Couple,,
Maddie & Katie's Penn State Stickers and Bracelets Benefitting THON,Item Sale,Madelyn Ade and Katherine Dinsmore (2024),3151,11/10/2023,11/11/2023,Family Clothesline: 352 E COLLEGE AVE STE B  STATE COLLEGE PA 16801,Approved,200,220,Independent Couple,,
Hillel January Raffles Benefitting THON,Item Auction,Hillel ,50,1/19/2024,2/1/2024,Hillel Penn State:     ,Canceled,100,,General,,
Phi Beta Lambda Instagram Auction Benefitting THON,Item Auction,Phi Beta Lambda,1029,1/22/2024,2/4/2024,,Approved,500,478,General,,
Ribboning for Lindsey & Lindsey Benefitting THON,Restaurant Fundraiser,Lindsey Schettini and Lindsey Schwarzbach (2024),3179,11/10/2023,11/17/2023,Family Clothesline Store: 352 E COLLEGE AVE STE B  STATE COLLEGE PA 16801,Approved,200,,Independent Couple,,
Phi Chi Theta Personal Pizza Fundraiser Benefitting THON,Item Auction,Phi Chi Theta ,206,1/28/2024,1/28/2024,Fairmount: 132 E FAIRMOUNT AVE  STATE COLLEGE PA 16801,Approved,800,812,General,,
Silent Auction Benefitting THON,Item Auction,Lehigh Valley,113,1/29/2024,1/31/2024,Penn State Lehigh Valley:     ,Approved,500,1700,Commonwealth,,
Sunday Breakfast Sandwiches Benefitting THON,Bake Sale,Shannon Cain and Arlene Flanders (2024),3130,11/12/2023,11/12/2023,419 E Beaver Ave Apt 304:,Approved,250,127,Independent Couple,,
Pillar Date Auction Benefitting THON,Item Auction,Pillar ,1297,1/31/2024,1/31/2024,005 Health and Human Development Building:,Approved,100,234,Special Interest,,
R&R V-Day Silent Auction Benefitting THON,Item Auction,THON R&R Fundraising Safety,2245,2/5/2024,2/5/2024,,Approved,100,,joint,,
Kappa Kappa Gamma Auction Benefitting THON,Item Auction,Kappa Kappa Gamma,22,2/5/2024,2/5/2024,Thomas Building:     ,Approved,400,2180,Greek,,
2nd Newman Extravaganza Benefitting THON,Item Auction,Newman Catholic Student Association ,66,2/5/2024,2/5/2024,Pasquerilla Spiritual Center:     ,Approved,400,510,General,,
Phi Sigma Pi Vintage Auction Benefitting THON,Item Auction,Phi Sigma Pi PSP,60,2/6/2024,2/6/2024,133 Erickson Food Science Building:,Approved,150,392,General,,
New Member Merch Auction Benefitting THON,Item Auction,Delta Zeta DZ & Sigma Pi,39 & 36,2/6/2024,2/6/2024,Thomas 102:,Approved,400,760,Greek,,
Sigma Sigma Sigma x Zeta Beta Tau: Auction Benefitting THON,Item Auction,Sigma Sigma Sigma Tri Sigma & Zeta Beta Tau ZBT,33 & 1476,2/6/2024,2/6/2024,ZBT House: 429 E HAMILTON AVE  STATE COLLEGE PA 16801,Approved,200,500,Greek,,
Plato's Closet Donation Benefitting THON,Item Auction,Events Coordinator & Committee Liaison,2373,2/7/2024,2/7/2024,Plato's Closet:  Unit 301,Approved,50,24,joint,,
Plato's Closet Donation Benefitting THON,Item Auction,Events Coordinator & Committee Liaison,2373,2/7/2024,2/7/2024,Plato's Closet:  Unit 301,Approved,50,,joint,,
Trilogy and Phi Sigma Kappa Auction Benefitting THON,Item Auction,Phi Sigma Kappa PSK & Trilogy ,72 & 10,2/8/2024,2/8/2024,Phi Sigma Kappa: 501 S ALLEN ST  STATE COLLEGE PA 16801,Approved,300,1712,Greek,,
Delta Zeta Chapter Merch Auction Benefitting THON,Item Auction,Delta Zeta DZ & Sigma Pi,39 & 36,2/11/2024,2/11/2024,Thomas 102:,Canceled,300,,Greek,,
Alpha Omicron Pi Merchandise Auction Benefitting THON,Item Auction,Alpha Omicron Pi AOII,8,2/11/2024,2/11/2024,Alpha Omicron Pi Suite in Cross Hall:     ,Approved,100,152,Greek,,
Alpha Gamma Rho and Phi Sigma Sigma Item Auction Benefitting THON,Item Auction,Alpha Gamma Rho AGR & Phi Sigma Sigma Phi Sig,187 & 294,2/13/2024,2/13/2024,Alpha Gamma Rho: 322 FRATERNITY ROW  STATE COLLEGE PA 16801,Approved,1000,236,Greek,,
Altoona Silent Auction Benefitting THON,Item Auction,Altoona,165,2/14/2024,2/14/2024,Penn State Altoona Slep Student Center: 3000 IVYSIDE PARK  ALTOONA PA 16601,Approved,200,,Commonwealth,,
Phi Chi Theta Ribbon Sale at the Forks Inn Benefitting THON,Item Sale,Phi Chi Theta ,206,7/6/2023,7/6/2023,Forks Inn: 3819 STATE ROUTE 711  LIGONIER PA 15658,Canceled,100,,General,,
Phi Chi Theta Ribbon Sale at Lucky B’s Benefitting THON,Item Sale,Phi Chi Theta ,206,7/6/2023,7/6/2023,Lucky B’s Restaurant: 2120 LINCOLN AVE  LATROBE PA 15650,Canceled,100,,General,,
Volé Ribbon Sale Benefitting THON,Item Sale,Alpha Sigma Phi & Volé,126 & 34,7/9/2023,7/9/2023,Fenicci's: 102 W CHOCOLATE AVE  HERSHEY PA 17033,Approved,100,89,Greek,,
Fun Pasta Benefitting THON,Item Sale,World Campus,1318,7/9/2023,7/18/2023,,Approved,500,78.4,Commonwealth,,
Phi Sigma Rho and Chi Phi Popcorn Fundraiser Benefitting THON,Item Sale,Chi Phi & Phi Sigma Rho Phi Rho,81 & 160,7/17/2023,7/21/2023,,Approved,100,1408.5,Greek,,
Volé Ribbon Sale Benefitting THON,Item Sale,Alpha Sigma Phi & Volé,126 & 34,7/19/2023,7/19/2023,Peanut Bar: 134 COTTAGE ST  CARBONDALE PA 18407,Approved,100,699,Greek,,
Alpha Sigma Phi x Volé Ribbon Sale Benefitting THON,Item Sale,Alpha Sigma Phi & Volé,126 & 34,7/19/2023,7/19/2023,Washington Square Park: 17 WASHINGTON SQ N  NEW YORK NY 10011,Approved,100,59,Greek,,
Volé Ribbon Sale Benefitting THON,Item Sale,Alpha Sigma Phi & Volé,126 & 34,7/19/2023,7/19/2023,Mountain View Family Drive-In: 602 JACOBSBURG RD  NAZARETH PA 18064,Approved,100,127,Greek,,
Volé Ribbon Sale Benefitting THON,Item Sale,Alpha Sigma Phi & Volé,126 & 34,7/22/2023,7/22/2023,Middlesex Diner: 1803 HARRISBURG PIKE  CARLISLE PA 17015,Approved,100,145.81,Greek,,
Phi Chi Theta Ribbon Sale at Playa Bowls Montgomeryville Benefitting THON,Item Sale,Phi Chi Theta ,206,7/22/2023,7/22/2023,Playa Bowls Montgomeryville: 4 AIRPORT SQ  NORTH WALES PA 19454,Approved,100,69.03,General,,
FOTO Ribbon Sales Benefitting THON,Item Sale,FOTO ,1336,7/24/2023,8/6/2023,Pleasant Hills Shop 'N Save: 649 OLD CLAIRTON RD  PLEASANT HLS PA 15236,Canceled,150,,Special Interest,,
FOTO Ribbon Sales Benefitting THON,Item Sale,FOTO ,1336,7/24/2023,8/6/2023,Colonial Havertown: 1305 W CHESTER PIKE  HAVERTOWN PA 19083,Approved,150,70.28,Special Interest,,
FOTO Ribbon Sales Benefitting THON,Item Sale,FOTO ,1336,7/24/2023,8/6/2023,Penn's Table: 100 W GAY ST  WEST CHESTER PA 19380,Approved,150,25.38,Special Interest,,
Volé Ribbon Sale Benefitting THON,Item Sale,Alpha Sigma Phi & Volé,126 & 34,7/28/2023,7/28/2023,Roy's Bakery: 524 WASHINGTON BLVD  WILLIAMSPORT PA 17701,Approved,100,75,Greek,,
Tau Kappa Epsilon and Epsilon Sigma Alpha x Ribbon Sales Benefitting THON,Item Sale,Epsilon Sigma Alpha ESA & Tau Kappa Epsilon TKE,27 & 562,7/29/2023,7/29/2023,The Little Store: 1600 COASTAL HWY  DEWEY BEACH DE 19971,Approved,100,205,Greek,,
Tau Kappa Epsilon and Epsilon Sigma Alpha x Ribbon Sales Benefitting THON,Item Sale,Epsilon Sigma Alpha ESA & Tau Kappa Epsilon TKE,27 & 562,7/29/2023,7/29/2023,Northbeach: 125 MCKINLEY AVE  DEWEY BEACH DE 19971,Canceled,100,,Greek,,
Springfield Yellow Ribbon Sale Benefitting THON,Item Sale,Springfield ,42,7/29/2023,7/29/2023,Lancaster County Farmers Market: 389 W LANCASTER AVE  WAYNE PA 19087,Approved,500,,Special Interest,,
Alpha Sigma Phi Pie In the Face Benefitting THON,Item Sale,Alpha Sigma Phi & Volé,126 & 34,7/31/2023,7/31/2023,Sheetz: 2425 OLD PHILADELPHIA PIKE  LANCASTER PA 17602,Approved,100,187,Greek,,
ADPi & SAE's Pampered Chef Fundraiser Benefitting THON,Item Sale,Alpha Delta Pi ADPi & Sigma Alpha Epsilon SAE,20 & 209,8/1/2023,8/14/2023,,Approved,250,93,Greek,,
Breakfast for Dinner Benefitting THON,Benefit Dinner,Maggie DeVito and Janine Fiorella (2024),3168,11/12/2023,11/12/2023,Pugh Centre: 150 E BEAVER AVE Apt. 414 STATE COLLEGE PA 16801,Approved,50,180,Independent Couple,,
Orchesis Dance Company Digital Poster Sale Benefitting THON,Item Sale,Orchesis Dance Company ODC,124,8/2/2023,8/5/2023,,Approved,50,120,General,,
Tau Kappa Epsilon and Epsilon Sigma Alpha x Ribbon Sales Benefitting THON,Item Sale,Epsilon Sigma Alpha ESA & Tau Kappa Epsilon TKE,27 & 562,8/3/2023,8/3/2023,Sundae School: 401 SCHOOL HOUSE RD  TELFORD PA 18969,Approved,100,,Greek,,
Tau Kappa Epsilon and Epsilon Sigma Alpha x Ribbon Sales Benefitting THON,Item Sale,Epsilon Sigma Alpha ESA & Tau Kappa Epsilon TKE,27 & 562,8/4/2023,8/4/2023,Philadelphia Premium Outlets: 18 W LIGHTCAP RD  POTTSTOWN PA 19464,Approved,100,24.31,Greek,,
Tau Kappa Epsilon and Epsilon Sigma Alpha x Ribbon Sales Benefitting THON,Item Sale,Epsilon Sigma Alpha ESA & Tau Kappa Epsilon TKE,27 & 562,8/5/2023,8/5/2023,Pamela's Diner: 60 21ST ST  PITTSBURGH PA 15222,Approved,100,,Greek,,
Alpha Omicron Pi & Phi Kappa Psi Yellow Ribbon Sale Benefitting THON,Item Sale,Alpha Omicron Pi AOII & Phi Kappa Psi,8 & 32,8/5/2023,8/6/2023,Paper Unicorn: 2 S MAIN ST  DOYLESTOWN PA 18901,Approved,100,195,Greek,,
Pampered Chef Cooking For A Cause : Proceeds to: PSU_LV Benefitting THON,Item Sale,Lehigh Valley,113,8/5/2023,8/18/2023,,Approved,100,50,Commonwealth,,
Ribbon Sale at Helmrich’s Seafood Benefitting THON,Item Sale,Atlas ,312,8/5/2023,8/5/2023,Helmrich’s Seafood: 137 5TH ST  WILLIAMSPORT PA 17701,Approved,100,196,Special Interest,,
Ohana Ribbon and Golf Ball Sale Benefitting THON,Item Sale,Ohana ,1161,8/6/2023,8/6/2023,2211 sunrise way:,Approved,50,202,Special Interest,,
Alpha Sigma Phi Ribbon Sale Benefitting THON,Item Sale,Alpha Sigma Phi & Volé,126 & 34,8/6/2023,8/6/2023,Jersey Mikes: 412 E RIDGEVILLE BLVD  MOUNT AIRY MD 21771,Approved,100,170,Greek,,
Mermaid Name Contest Benefitting THON,Item Sale,World Campus,1318,8/7/2023,8/14/2023,,Denied,100,,Commonwealth,,
Emily Martin and Danielle Manni x Pasta Dinner Benefitting THON,Benefit Dinner,Emily Martin and Danielle Manni (2024),3152,11/12/2023,11/12/2023,525 East Beaver Avenue:,Approved,100,137,Independent Couple,,
Tapestry Double Good Fundraiser Benefitting THON,Item Sale,Tapestry Dance Company ,142,8/8/2023,8/12/2023,,Approved,500,0,General,,
Kylie X Olivia Ravioli Dinner Benefitting THON,Benefit Dinner,Olivia Keyte and Kylie Marsden (2024),3150,11/12/2023,11/12/2023,Olivia Keyte: 254 E BEAVER AVE Apt. 403 STATE COLLEGE PA 16801,Approved,150,,Independent Couple,,
Ribbon Sale with Atlas Benefitting THON,Item Sale,Atlas ,312,8/11/2023,8/11/2023,Sugar Whipped Bakery: 77 E MAIN ST  LITITZ PA 17543,Approved,150,87,Special Interest,,
Volé Ribbon Sale Benefitting THON,Item Sale,Alpha Sigma Phi & Volé,126 & 34,8/13/2023,8/13/2023,Neshaminy Creek Brewing Co.: 139 N MAIN ST UNIT 1  DUBLIN PA 18917,Canceled,100,,Greek,,
Phi Chi Theta Ribbon Sale at Lower Makefield Township Pool Benefitting THON,Item Sale,Phi Chi Theta ,206,8/13/2023,8/13/2023,The Township of Lower Makefield - Community Pool: 1050 EDGEWOOD RD  YARDLEY PA 19067,Canceled,100,,General,,
Breakfast Sandwich Delivery Benefitting THON,Benefit Dinner,Bridget Monaco and Dana Szczublewski (2024),3098,11/12/2023,11/12/2023,,Approved,100,77,Independent Couple,,
Phi Chi Theta Ribbon Sale at Elite Concepts Salon Benefitting THON,Item Sale,Phi Chi Theta ,206,8/15/2023,8/15/2023,Elite Concepts Salon: 112 BUCK RD  HOLLAND PA 18966,Approved,100,404.44,General,,
Ribbon Sale Benefitting THON,Item Sale,Maeve Riley and Sophie Sclafani (2024),3138,11/12/2023,11/12/2023,Toasted Bagel Cafe: 460 WESTERLY PKWY  STATE COLLEGE PA 16801,Approved,250,109,Independent Couple,,
Breakfast Sandwiches Benefitting THON,Item Sale,Maddie Taylor and Mackenzie Catino (2024),3140,11/12/2023,11/12/2023,Maddie's House: 228 S BARNARD ST  STATE COLLEGE PA 16801,Approved,50,105,Independent Couple,,
Hershey Kisses Pampered Chef Fundraiser Benefitting THON,Item Sale,Hershey Kisses HK,1667,8/25/2023,8/31/2023,,Approved,150,0,Special Interest,,
Wilkes-Barre Candy Fundraiser Benefitting THON,Item Sale,Wilkes-Barre,76,8/26/2023,8/26/2023,Penn State Wilkes-Barre:     ,Approved,300,130.85,Commonwealth,,
Phi Chi Theta Ribbon Sale at The Naked Egg Cafe Benefitting THON,Item Sale,Phi Chi Theta ,206,8/27/2023,8/27/2023,The Naked Egg Cafe: 320 PINE GROVE RD # R  STATE COLLEGE PA 16801,Canceled,100,,General,,
Yani and Caroline Thanksgiving Bake Sale Benefitting THON,Bake Sale,Caroline Riley and Yani Hawthorne (2024),3103,11/13/2023,11/13/2023,150 E Beaver ave Apt 721:,Approved,90,73,Independent Couple,,
Pancake Breakfast Benefitting THON,Benefit Dinner,Lily Blomster and Natasha Farmer (2024),3093,11/13/2023,11/13/2023,Natasha Farmer: 351 W NITTANY AVE  STATE COLLEGE PA 16801,Approved,100,55,Independent Couple,,
Backpack Pin Sale Benefitting THON,Item Sale,Danielle Valletti and Haley Begany (2024),3081,11/13/2023,11/26/2023,,Approved,99.75,,Independent Couple,,
Homecoming Dress Sale Benefitting THON,Item Sale,Alpha Xi Delta AXID & Kappa Alpha Theta,31 & 14,8/31/2023,9/11/2023,Bellefonte Area High School: 830 E BISHOP ST  BELLEFONTE PA 16823,Approved,1000,770,Greek,,
Science LionPride Ribbon and Bracelet Sale Benefitting THON,Item Sale,Science Lionpride SLP,1379,8/31/2023,8/31/2023,HUB Robeson Center:     ,Approved,50,123,General,,
ADPi & SAE's Ribbon Sale Benefitting THON,Item Sale,Alpha Delta Pi ADPi,20,9/1/2023,9/1/2023,Yallah Taco: 310 E COLLEGE AVE  STATE COLLEGE PA 16801,Approved,100,177,Greek,,
Axis Lion Shrine Fundraiser Benefitting THON,Item Sale,Axis ,1747,9/1/2023,9/1/2023,The Nittany Lion Shrine: Curtin Road and Burrowes Rd:     ,Canceled,100,,Special Interest,,
Axis Lion Shrine Benefitting THON,Item Sale,Axis ,1747,9/1/2023,9/1/2023,The Nittany Lion Shrine:     ,Canceled,250,,Special Interest,,
Axis Lion Shrine Benefitting THON,Item Sale,Axis ,1747,9/1/2023,9/1/2023,The Nittany Lion Shrine: Curtin Rd and Burrowes Rd:     ,Approved,250,724.25,Special Interest,,
Alpha Omicron Pi & Phi Kappa Psi Yellow Ribbon Sale Benefitting THON,Item Sale,Alpha Omicron Pi AOII & Phi Kappa Psi,8 & 32,9/1/2023,9/1/2023,Family Clothesline: 352 E COLLEGE AVE  STATE COLLEGE PA 16801,Approved,100,200,Greek,,
Penn State Lehigh Valley Children's Book Drive Benefitting THON,Item Sale,Lehigh Valley,113,9/1/2023,9/14/2023,Penn State Lehigh Valley:     ,Canceled,500,,Commonwealth,,
Bunnies Benefitting THON,Item Sale,World Campus,1318,9/1/2023,9/14/2023,,Approved,500,0,Commonwealth,,
Chi Phi and Phi Sigma Rho Car Wash Fundraiser Benefitting THON,Item Sale,Chi Phi & Phi Sigma Rho Phi Rho,81 & 160,9/1/2023,9/1/2023,Advance Auto Parts: 1602 N ATHERTON ST  STATE COLLEGE PA 16803,Approved,100,565.38,Greek,,
Phi Chi Theta Ribbon Sale at the Field Benefitting THON,Item Sale,Phi Chi Theta ,206,9/1/2023,9/1/2023,The Field Burger and Tap: 1 COUNTRY CLUB LN  STATE COLLEGE PA 16803,Canceled,100,,General,,
Homecoming Dress Sale Benefitting THON,Item Sale,Alpha Xi Delta AXID & Kappa Alpha Theta,31 & 14,9/1/2023,9/11/2023,Bellefonte Area High School: 830 E BISHOP ST  BELLEFONTE PA 16823,Denied,1000,,Greek,,
Pasta Dinner Benefitting THON,Benefit Dinner,Caroline Sullivan and Kira Smith (2024),3073,11/14/2023,11/14/2023,Caroline's house: 133 S GILL ST  STATE COLLEGE PA 16801,Approved,120,100,Independent Couple,,
Alpha Xi Delta & Lambda Chi Alpha Ribbon Sale Benefitting THON,Item Sale,Alpha Xi Delta AXID & Lambda Chi Alpha,31 & 5,9/2/2023,9/2/2023,The Original Waffle Shop West: 1610 W COLLEGE AVE  STATE COLLEGE PA 16801,Approved,400,947.19,Greek,,
Behrend Ribbon Sales at Sara's Restaurant Benefitting THON,Item Sale,Behrend,73,9/2/2023,9/2/2023,Sara's Restaurant: 25 PENINSULA DR  ERIE PA 16505,Approved,300,463.55,Commonwealth,,
Rooted Farmstead Benefitting THON,Item Sale,Omega Phi Alpha OphiA & Phi Kappa Sigma,48 & 1182,9/3/2023,9/3/2023,Rooted Farmstead: 138 SCOTT AVE  BELLEFONTE PA 16823,Denied,300,,Greek,,
Chi Phi and Phi Sigma Rho Fantasy Football Benefitting THON,Item Sale,Chi Phi & Phi Sigma Rho Phi Rho,81 & 160,9/3/2023,9/16/2023,,Canceled,48,,Greek,,
Phi Chi Theta Ribbon Sale at the Field Benefitting THON,Item Sale,Phi Chi Theta ,206,9/3/2023,9/3/2023,The Field Burger and Tap: 1 COUNTRY CLUB LN  STATE COLLEGE PA 16803,Approved,100,270,General,,
Rooted Farmstead Benefitting THON,Item Sale,Omega Phi Alpha OphiA,48,9/3/2023,9/3/2023,Rooted Farmstead: 138 SCOTT AVE  BELLEFONTE PA 16823,Approved,300,0,Greek,,
Behrend Ribbon Sales at Walmart Benefitting THON,Item Sale,Behrend,73,9/3/2023,9/3/2023,Walmart Supercenter: 5741 BUFFALO RD  HARBORCREEK PA 16421,Canceled,300,,Commonwealth,,
Custom Buttons Benefitting THON,Item Sale,Manav Shah and Amisha Chander (2024),3142,11/14/2023,11/27/2023,,Approved,300,,Independent Couple,,
Volé x Alpha Sigma Phi Ribbon Sale Benefitting THON,Item Sale,Alpha Sigma Phi & Volé,126 & 34,9/3/2023,9/3/2023,Starbucks: 180 E BEAVER AVE  STATE COLLEGE PA 16801,Approved,100,140,Greek,,
Phi Chi Theta Ribbon Sale at The Naked Egg Benefitting THON,Item Sale,Phi Chi Theta ,206,9/3/2023,9/3/2023,The Naked Egg Cafe: 320 PINE GROVE RD  STATE COLLEGE PA 16801,Approved,100,200,General,,
Women in Business Business Cards Benefitting THON,Item Sale,Women In Business WIB,151,9/4/2023,9/7/2023,,Approved,100,80,General,,
Grace and Olivia's Friendsgiving Benefitting THON,Benefit Dinner,Olivia Noel and Grace Norris (2024),3218,11/15/2023,11/15/2023,Olivia's Apartment: 421 E BEAVER AVE C16 STATE COLLEGE PA 16801,Approved,200,88,Independent Couple,,
DPhiE Mason Jar Painting Benefitting THON,Item Sale,Delta Phi Epsilon DPhiE,2090,9/5/2023,9/5/2023,Borland Building:     ,Canceled,150,,Greek,,
Succulent Sale X Everyday Benefitting THON,Item Sale,Everyday Benefitting THON Everyday,1194,9/5/2023,9/6/2023,Findlay Table 1- findlay commons:,Approved,200,169,Special Interest,,
Eclipse Pet of the Week Benefitting THON,Item Sale,Eclipse ,2020,9/6/2023,9/7/2023,,Approved,20,5,Special Interest,,
Society of Women Engineers Welcome Back Baskets Benefitting THON,Item Sale,Society of Women Engineers SWE,57,9/7/2023,9/20/2023,Hammond 123:,Approved,100,100,General,,
ADPi & SAE's Ribbon Sale Benefitting THON,Item Sale,Alpha Delta Pi ADPi,20,9/8/2023,9/8/2023,Yallah Taco: 310 E COLLEGE AVE  STATE COLLEGE PA 16801,Approved,100,152,Greek,,
Axis Lion Shrine Benefitting THON,Item Sale,Axis ,1747,9/8/2023,9/8/2023,The Nittany Lion Shrine:     ,Canceled,250,,Special Interest,,
Axis Lion Shrine Benefitting THON,Item Sale,Axis ,1747,9/8/2023,9/8/2023,The Nittany Lion Shrine: Curtin Rd and Burrowes Rd:     ,Approved,250,200,Special Interest,,
Alpha Omicron Pi & Phi Kappa Psi Yellow Ribbon Sale Benefitting THON,Item Sale,Alpha Omicron Pi AOII & Phi Kappa Psi,8 & 32,9/8/2023,9/8/2023,Family Clothesline: 352 E COLLEGE AVE  STATE COLLEGE PA 16801,Approved,100,121,Greek,,
Phi Chi Theta Ribbon Sale at the Field Benefitting THON,Item Sale,Phi Chi Theta ,206,9/8/2023,9/8/2023,The Field Burger and Tap: 1 COUNTRY CLUB LN  STATE COLLEGE PA 16803,Approved,100,404.86,General,,
Volé Headshot Fundraiser Benefitting THON,Item Sale,Volé,126,9/8/2023,9/8/2023,Hintz Alumni Garden:     ,Approved,50,197,General,,
Delta Gamma x Delta Upsilon Ribbon Sale Benefitting THON,Item Sale,Delta Gamma & Delta Upsilon International Fraternity Delta Upsilon,1544 & 37,9/8/2023,9/8/2023,Yallah Taco: 310 E COLLEGE AVE  STATE COLLEGE PA 16801,Canceled,200,,Greek,,
Orchesis Dance Company X Ribbon Sale Benefitting THON,Item Sale,Orchesis Dance Company ODC,124,9/8/2023,9/8/2023,The Family Clothesline: 352 E COLLEGE AVE STE B  STATE COLLEGE PA 16801,Approved,50,220.82,General,,
Trilogy Thrift Shop Benefitting THON,Item Sale,Trilogy ,10,9/8/2023,9/8/2023,HUB Robeson Center:     ,Approved,300,923,Special Interest,,
Delta Gamma x Delta Upsilon Ribbon Sale Benefitting THON,Item Sale,Delta Gamma & Delta Upsilon International Fraternity Delta Upsilon,1544 & 37,9/8/2023,9/8/2023,Family Clothesline: 352 E COLLEGE AVE  STATE COLLEGE PA 16801,Approved,200,555,Greek,,
Behrend Ribbon Sales at Sara's Restaurant Benefitting THON,Item Sale,Behrend,73,9/8/2023,9/8/2023,Sara's Restaurant: 25 PENINSULA DR  ERIE PA 16505,Approved,300,331.59,Commonwealth,,
Thanksgiving Dinner Benefitting THON,Benefit Dinner,Carly Weisfelner and Emily Locker (2024),3085,11/15/2023,11/15/2023,Carly Weisfelner: 131 HIESTER ST 907 STATE COLLEGE PA 16801,Approved,100,110.1,Independent Couple,,
Alpha Xi Delta & Lambda Chi Alpha Ribbon Sale Benefitting THON,Item Sale,Alpha Xi Delta AXID & Lambda Chi Alpha,31 & 5,9/9/2023,9/9/2023,The Original Waffle Shop West: 1610 W COLLEGE AVE  STATE COLLEGE PA 16801,Canceled,400,,Greek,,
Behrend Ribbon Sales at Sara's Restaurant Benefitting THON,Item Sale,Behrend,73,9/9/2023,9/9/2023,Sara's Restaurant: 25 PENINSULA DR  ERIE PA 16505,Approved,300,110,Commonwealth,,
Penn State Cheerleading Car Wash Benefitting THON,Item Sale,Penn State Cheerleading Team,259,9/10/2023,9/10/2023,Advance Auto Parts: 1602 N ATHERTON ST  STATE COLLEGE PA 16803,Approved,500,603,General,,
Phi Chi Theta Ribbon Sale at the Field Benefitting THON,Item Sale,Phi Chi Theta ,206,9/10/2023,9/10/2023,The Field Burger and Tap:     ,Approved,100,220,General,,
Phi Chi Theta Ribbon Sale at The Naked Egg Cafe Benefitting THON,Item Sale,Phi Chi Theta ,206,9/10/2023,9/10/2023,The Naked Egg Cafe: 320 PINE GROVE RD  STATE COLLEGE PA 16801,Approved,100,20,General,,
Sigma Kappa and Phi Gamma Delta Professional Headshots Benefitting THON,Item Sale,Phi Gamma Delta & Sigma Kappa,35 & 19,9/10/2023,9/10/2023,Pattee and Paterno Library:     ,Approved,100,145,Greek,,
Pasta Paty Benefitting THON,Benefit Dinner,Maddie Blonder and Olivia Sanders (2024),3090,11/15/2023,11/15/2023,IDC Home: 125 W BEAVER AVE  STATE COLLEGE PA 16801,Approved,170,160,Independent Couple,,
Kappa Kappa Gamma x Delta Chi BBQ Benefitting THON,Item Sale,Delta Chi & Kappa Kappa Gamma,23 & 22,9/10/2023,9/10/2023,Delta Chi Fraternity:     ,Approved,250,559,Greek,,
Behrend Ribbon Sales at Sara's Restaurant Benefitting THON,Item Sale,Behrend,73,9/10/2023,9/10/2023,Sara's Restaurant: 25 PENINSULA DR  ERIE PA 16505,Approved,300,218.2,Commonwealth,,
Volé x Alpha Sigma Phi 9/10 Ribbon Sale Benefitting THON,Item Sale,Alpha Sigma Phi & Volé,126 & 34,9/10/2023,9/10/2023,Starbucks: 180 E BEAVER AVE  STATE COLLEGE PA 16801,Approved,100,228,Greek,,
Axis Succulent Fundraiser Benefitting THON,Item Sale,Axis ,1747,9/11/2023,9/11/2023,HUB Robinson Center:     ,Canceled,50,,Special Interest,,
Pie a Member of Behrend Benefitting THON,Item Sale,Behrend,73,9/12/2023,9/12/2023,Reed Breakwall:     ,Approved,200,,Commonwealth,,
FOTO Pasta Dinner Benefitting THON,Item Sale,FOTO ,1336,9/13/2023,9/13/2023,Member's apartment: 307 LOCUST LN Apt 207 STATE COLLEGE PA 16801,Approved,30,80,Special Interest,,
Trilogy and Phi Sigma Kappa Ribboning Benefitting THON,Item Sale,Phi Sigma Kappa PSK & Trilogy ,72 & 10,9/13/2023,9/13/2023,The Corner Room: 100 W COLLEGE AVE  STATE COLLEGE PA 16801,Approved,400,406,General,,
Penn State Law Ribbon Sale Benefitting THON,Item Sale,Penn State Law,1552,9/13/2023,9/13/2023,Katz building atrium:     ,Approved,5,51.33,Commonwealth,,
Kappa Alpha Theta's Ribbon Sale Benefitting THON,Item Sale,Kappa Alpha Theta,14,9/13/2023,9/13/2023,Student Book Store: 330 E COLLEGE AVE  STATE COLLEGE PA 16801,Canceled,30,,Greek,,
Axis Succulent Fundraiser Benefitting THON,Item Sale,Axis ,1747,9/14/2023,9/14/2023,HUB Robinson Center:     ,Approved,50,91,Special Interest,,
Ribbon Fundraiser- How I learned to Drive- x Benefitting THON,Item Sale,No Refund Theatre NRT,235,9/14/2023,9/16/2023,Forum 111:,Approved,30,56,General,,
Ribbon Selling Benefitting THON,Item Sale,Hazleton,74,9/14/2023,9/27/2023,Penn State Hazleton: 76 UNIVERSITY DR  HAZLETON PA 18202,Approved,120,59,Commonwealth,,
Bunnies (pt. 2) Benefitting THON,Item Sale,World Campus,1318,9/15/2023,9/28/2023,,Approved,500,0,Commonwealth,,
Table Sale x Apollo Food Truck Fiesta Benefitting THON,Item Sale,Apollo ,1745,9/15/2023,9/15/2023,Dr. Martin Luther King Jr. Plaza: 125 S FRASER ST  STATE COLLEGE PA 16801,Approved,150,97,Special Interest,,
Phi Chi Theta Ribbon Sale at the Field Benefitting THON,Item Sale,Phi Chi Theta ,206,9/15/2023,9/15/2023,The Field Burger and Tap:     ,Approved,100,141,General,,
Trilogy and Phi Sigma Kappa Ribboning Benefitting THON,Item Sale,Phi Sigma Kappa PSK & Trilogy ,72 & 10,9/15/2023,9/15/2023,The Corner Room: 100 W COLLEGE AVE  STATE COLLEGE PA 16801,Approved,200,54,General,,
Chi Phi and Phi Sigma Rho's Pie-a-Phi Benefitting THON,Item Sale,Chi Phi & Phi Sigma Rho Phi Rho,81 & 160,9/15/2023,9/15/2023,HUB Lawn: Penn State University:     ,Approved,100,418,Greek,,
Alpha Xi Delta & Lambda Chi Alpha Ribbon Sale Benefitting THON,Item Sale,Alpha Xi Delta AXID & Lambda Chi Alpha,31 & 5,9/16/2023,9/16/2023,The Original Waffle Shop West: 1610 W COLLEGE AVE  STATE COLLEGE PA 16801,Approved,400,531.1,Greek,,
Behrend Ribbon Sales at Sara’s Restaurant Benefitting THON,Item Sale,Behrend,73,9/16/2023,9/16/2023,Sara’s Restaurant: 25 PENINSULA DR  ERIE PA 16505,Approved,200,356.69,Commonwealth,,
Phi Chi Theta Ribbon Sale at the Field Benefitting THON,Item Sale,Phi Chi Theta ,206,9/17/2023,9/17/2023,1 Country Club Ln:,Approved,100,144.38,General,,
Kappa Kappa Gamma x MMF Tailgates Benefitting THON,Item Sale,Kappa Kappa Gamma,22,9/17/2023,9/17/2023,The Rise at State College: 532 E COLLEGE AVE  STATE COLLEGE PA 16801,Approved,1000,390,Greek,,
Phi Chi Theta Ribbon Sale at The Naked Egg Cafe Benefitting THON,Item Sale,Phi Chi Theta ,206,9/17/2023,9/17/2023,The Naked Egg Cafe: 320 PINE GROVE RD  STATE COLLEGE PA 16801,Canceled,100,,General,,
Kappa Kappa Gamma x Delta Chi BBQ Benefitting THON,Item Sale,Delta Chi & Kappa Kappa Gamma,23 & 22,9/17/2023,9/17/2023,Delta Chi Fraternity:     ,Canceled,250,,Greek,,
Penn State CHAARG Bracelet Making Activity Benefitting THON,Item Sale,"Changing Health, Attitudes, and Actions To Recreate Girls at Penn State CHAARG",2098,9/17/2023,9/17/2023,Forest Resources Building Lawn:     ,Approved,20,43,General,,
Maggie and Maddie Pasta Dinner Benefitting THON,Benefit Dinner,Maggie Fechtman and Maddie Shine (2024),3071,11/15/2023,11/15/2023,Pugh Center: 150 E BEAVER AVE  STATE COLLEGE PA 16801,Approved,300,130,Independent Couple,,
Trilogy and Phi Sigma Kappa Ribboning Benefitting THON,Item Sale,Phi Sigma Kappa PSK & Trilogy ,72 & 10,9/17/2023,9/17/2023,Corner Room: 100 W COLLEGE AVE  STATE COLLEGE PA 16801,Approved,200,48,General,,
Alpha Omicron Pi & Phi Kappa Psi Yellow Ribbon Sale Benefitting THON,Item Sale,Alpha Omicron Pi AOII & Phi Kappa Psi,8 & 32,9/17/2023,9/17/2023,Mclanahans Penn State Room: 414 E COLLEGE AVE  STATE COLLEGE PA 16801,Approved,100,95,Greek,,
FOTO Pancake Breakfast Benefitting THON,Item Sale,FOTO ,1336,9/17/2023,9/17/2023,The Legacy Realty Apartments: 221 S BARNARD ST APT 5  STATE COLLEGE PA 16801,Approved,40,168,Special Interest,,
Behrend Ribbon Sales at Sara's Restaurant Benefitting THON,Item Sale,Behrend,73,9/17/2023,9/17/2023,Sara's Restaurant: 25 PENINSULA DR  ERIE PA 16505,Approved,200,487.08,Commonwealth,,
SDT x Phi Who Head Shots Benefitting THON,Item Sale,Phi Kappa Theta & Sigma Delta Tau,24 & 49,9/18/2023,9/18/2023,Old Main Lawn:     ,Approved,300,119,Greek,,
Axis Succulent Fundraiser Benefitting THON,Item Sale,Axis ,1747,9/18/2023,9/18/2023,HUB Robeson Center:     ,Canceled,50,,Special Interest,,
Schuylkill Hamboat Sale Benefitting THON,Item Sale,Schuylkill,168,9/18/2023,9/25/2023,"Penn State Schuylkill Campus: 200 University Drive, Schuylkill Haven, PA 17972:",Approved,1499.98,315,Commonwealth,,
S'mores and Hot Chocolate Benefitting THON,Event/Concert,Sam Phillips and Josalyn Scarberry (2024),3143,11/16/2023,11/29/2023,My Apartment: 500 W COLLEGE AVE  STATE COLLEGE PA 16801,Approved,100,77,Independent Couple,,
Kayla x Brian Benefitting THON,Item Sale,Kayla Beauregard and Brian McCombs (2024),3091,11/16/2023,11/16/2023,150 E Beaver Ave: 150 E BEAVER AVE  STATE COLLEGE PA 16801,Approved,250,255,Independent Couple,,
Walking Tacos- ATO x ZTA Benefitting THON,Item Sale,Alpha Tau Omega ATO & Zeta Tau Alpha,1 & 2,9/18/2023,9/18/2023,ATO Senior House: 119 E PROSPECT AVE  STATE COLLEGE PA 16801,Approved,100,130,Greek,,
DPHIE X ADP Stuffed Animal x Ribbon Fundraiser Benefitting THON,Item Sale,Alpha Delta Phi Delta House & Delta Phi Epsilon DPhiE,1073 & 2090,9/19/2023,9/19/2023,HUB Table 3:,Approved,100,155,Greek,,
Women in Business Game-day Buttons Benefitting THON,Item Sale,Women In Business WIB,151,9/19/2023,9/25/2023,,Approved,100,280,General,,
Axis Succulent Fundraiser Benefitting THON,Item Sale,Axis ,1747,9/20/2023,9/20/2023,HUB Robeson Center:     ,Canceled,50,,Special Interest,,
Delta Sigma Pi Headshots Benefitting THON,Item Sale,Delta Sigma Pi ,85,9/20/2023,9/20/2023,Business Building: 210 Business Building  University Park PA 16802,Approved,100,450,General,,
Eclipse Pet of the Week Benefitting THON,Item Sale,Eclipse ,2020,9/20/2023,9/21/2023,,Approved,10,8,Special Interest,,
PSU Figure Skating Gardner's Candies Benefitting THON,Item Sale,Figure Skating,1334,9/20/2023,10/3/2023,,Approved,700,,General,,
Volé x Alpha Sigma Phi Pie in the Face Benefitting THON,Item Sale,Alpha Sigma Phi & Volé,126 & 34,9/20/2023,9/20/2023,HUB Lawn:     ,Approved,150,948,Greek,,
Pie-A-Chair Benefitting THON,Item Sale,Axis ,1747,9/21/2023,9/21/2023,Willard 258:,Approved,75,55,Special Interest,,
Gift Card Raffle Benefitting THON,Item Sale,Fayette,44,9/21/2023,10/4/2023,Penn State Fayette- The Elberly Campus:     ,Approved,8000,,Commonwealth,,
ADPi & SAE's Ribbon Sale Benefitting THON,Item Sale,Alpha Delta Pi ADPi,20,9/22/2023,9/22/2023,Yallah Taco: 310 E COLLEGE AVE  STATE COLLEGE PA 16801,Approved,100,220.5,Greek,,
Axis Lion Shrine Benefitting THON,Item Sale,Axis ,1747,9/22/2023,9/22/2023,The Nittany Lion Shrine:     ,Canceled,250,,Special Interest,,
Axis Lion Shrine Benefitting THON,Item Sale,Axis ,1747,9/22/2023,9/22/2023,The Nittany Lion Shrine: Curtin Rd and Burrowes Rd:     ,Approved,250,719,Special Interest,,
Alpha Omicron Pi & Phi Kappa Psi Yellow Ribbon Sale Benefitting THON,Item Sale,Alpha Omicron Pi AOII & Phi Kappa Psi,8 & 32,9/22/2023,9/22/2023,Family Clothesline: 352 E COLLEGE AVE  STATE COLLEGE PA 16801,Approved,100,145,Greek,,
Phi Chi Theta Ribbon Sale at the Field Benefitting THON,Item Sale,Phi Chi Theta ,206,9/22/2023,9/22/2023,The Field Burger and Tap:     ,Approved,100,222.8,General,,
Delta Gamma x Delta Upsilon Ribbon Sale Benefitting THON,Item Sale,Delta Gamma & Delta Upsilon International Fraternity Delta Upsilon,1544 & 37,9/22/2023,9/22/2023,GNC: 200 E BEAVER AVE  STATE COLLEGE PA 16801,Approved,200,611,Greek,,
Trilogy and Phi Sigma Kappa Ribboning Benefitting THON,Item Sale,Phi Sigma Kappa PSK & Trilogy ,72 & 10,9/22/2023,9/22/2023,First National Bank: 366 E COLLEGE AVE  STATE COLLEGE PA 16801,Approved,200,168,General,,
SDT & Rev Jewelry Benefitting THON,Item Sale,Phi Kappa Theta & Sigma Delta Tau,24 & 49,9/22/2023,9/22/2023,Lock Boutique: 216 E COLLEGE AVE  STATE COLLEGE PA 16801,Approved,500,0,Greek,,
Phi Sigma Pi Pie a Hawkeye Benefitting THON,Item Sale,Phi Sigma Pi PSP,60,9/22/2023,9/22/2023,HUB Lawn:     ,Approved,100,435,General,,
Alpha Omicron Pi & Phi Kappa Psi Yellow Ribbon Sale Benefitting THON,Item Sale,Alpha Omicron Pi AOII & Phi Kappa Psi,8 & 32,9/23/2023,9/23/2023,Family Clothesline: 352 E COLLEGE AVE  STATE COLLEGE PA 16801,Canceled,100,,Greek,,
Tyler and Ellie Bake Sale Benefitting THON,Bake Sale,Elizabeth Klapac and Tyler Kealey (2024),3177,11/17/2023,11/17/2023,Urban Outfitters: 234 E COLLEGE AVE  STATE COLLEGE PA 16801,Canceled,200,,Independent Couple,,
Alpha Xi Delta & Lambda Chi Alpha Ribbon Sale Benefitting THON,Item Sale,Alpha Xi Delta AXID & Lambda Chi Alpha,31 & 5,9/23/2023,9/23/2023,The Original Waffle Shop West: 1610 W COLLEGE AVE  STATE COLLEGE PA 16801,Approved,400,938,Greek,,
Ribbon Sale Benefitting THON,Item Sale,Maddie Neulander and Katelyn Felsberg (2024),3190,11/17/2023,11/17/2023,364 East College Ave B:,Canceled,50,,Independent Couple,,
Penn State Lehigh Valley Ribbon Sale Benefitting THON,Item Sale,Lehigh Valley,113,9/23/2023,9/23/2023,SteelStacks: 101 FOUNDERS WAY  BETHLEHEM PA 18015,Approved,100,8,Commonwealth,,
Chi Phi and Phi Sigma Rho Wrapping Paper Fundraiser Benefitting THON,Item Sale,Chi Phi & Phi Sigma Rho Phi Rho,81 & 160,9/24/2023,10/7/2023,,Approved,100,0,Greek,,
Phi Chi Theta Ribbon Sale at the Field Benefitting THON,Item Sale,Phi Chi Theta ,206,9/24/2023,9/24/2023,The Field Burger and Tap: 1 COUNTRY CLUB LN  STATE COLLEGE PA 16803,Approved,100,200.92,General,,
Phi Chi Theta Ribbon Sale at The Naked Egg Cafe Benefitting THON,Item Sale,Phi Chi Theta ,206,9/24/2023,9/24/2023,The Naked Egg Cafe: 320 PINE GROVE RD  STATE COLLEGE PA 16801,Approved,100,,General,,
Volé x Alpha Sigma Phi 9/24 Ribbon Sale Benefitting THON,Item Sale,Alpha Sigma Phi & Volé,126 & 34,9/24/2023,9/24/2023,Starbucks: 180 E BEAVER AVE  STATE COLLEGE PA 16801,Canceled,100,,Greek,,
Trilogy and Phi Sigma Kappa Ribboning Benefitting THON,Item Sale,Phi Sigma Kappa PSK & Trilogy ,72 & 10,9/24/2023,9/24/2023,The Corner Room: 100 W COLLEGE AVE  STATE COLLEGE PA 16801,Canceled,200,,Greek,,
Behrend Ribbon Sales at Walmart Benefitting THON,Item Sale,Behrend,73,9/24/2023,9/24/2023,Walmart Supercenter: 5741 BUFFALO RD  HARBORCREEK PA 16421,Approved,300,1229.75,Commonwealth,,
LimitlesS Ribbon Sale Benefitting THON,Item Sale,LimitlesS ,203,9/24/2023,9/24/2023,iHOP: 1661 S ATHERTON ST  STATE COLLEGE PA 16801,Approved,500,400.18,General,,
Ribboning for Lindsey & Lindsey Benefitting THON,Item Sale,Lindsey Schettini and Lindsey Schwarzbach (2024),3179,11/17/2023,11/17/2023,Family Clothesline Store: 352 E COLLEGE AVE STE B  STATE COLLEGE PA 16801,Canceled,100,,Independent Couple,,
Breakfast Sandwich Fundraiser Benefitting THON,Item Sale,Alpha Tau Omega ATO & Zeta Tau Alpha,1 & 2,9/24/2023,9/24/2023,ZTA Senior House: 243 S PUGH ST  STATE COLLEGE PA 16801,Approved,300,465,Greek,,
PSDA & Club Sailing Ribbon Sale Benefitting THON,Item Sale,Club Sailing  & Dance Alliance PSDA,408 & 1553,9/24/2023,9/24/2023,The Student Bookstore:     ,Approved,100,133.53,General,,
Maia & Avery IDC and Buttons on Beaver Benefitting THON,Item Sale,Maia Ramsey and Avery Vodar (2024),3212,11/17/2023,11/17/2023,Doggies Pizza: 135 E CALDER WAY  STATE COLLEGE PA 16801,Denied,215,,Independent Couple,,
Penn State PRSSA Headshot Fundraiser Benefitting THON,Item Sale,Public Relations Student Society of America PRSSA,63,9/25/2023,9/25/2023,Old Main:     ,Approved,150,80,General,,
Sticker Sale Benefitting THON,Item Sale,Caroline Leonard and Abigail McClintock (2024),3088,11/17/2023,11/30/2023,,Approved,100,65,Independent Couple,,
Pi Beta Phi and Sigma Phi Epsilon Headshot Fundraiser Benefitting THON,Item Sale,Pi Beta Phi Pi Phi & Sigma Phi Epsilon,18 & 11,9/25/2023,9/25/2023,My House!: 257 S PUGH ST  STATE COLLEGE PA 16801,Approved,100,170,Greek,,
Epsilon Sigma Alpha Flower Sale Benefitting THON,Item Sale,Epsilon Sigma Alpha ESA & Tau Kappa Epsilon TKE,27 & 562,9/26/2023,9/26/2023,Student Bookstore: 330 E COLLEGE AVE  STATE COLLEGE PA 16801,Approved,130,81,Greek,,
Pie in the Face Benefitting THON,Item Sale,Delta Gamma & Delta Upsilon International Fraternity Delta Upsilon,1544 & 37,9/26/2023,9/26/2023,HUB Lawn:     ,Approved,100,257,Greek,,
Perfect Candy Benefitting THON,Item Sale,Berks,77,9/27/2023,10/4/2023,Penn State Berks Campus:     ,Approved,100,,Commonwealth,,
Alpha Xi Delta & Lambda Chi Alpha Headshot Fundraiser Benefitting THON,Item Sale,Alpha Xi Delta AXID & Lambda Chi Alpha,31 & 5,9/27/2023,9/27/2023,Old Main Lawn: 1 Pollock Road  University Park PA 16802,Canceled,100,,Greek,,
Eclipse Pet of The Week Benefitting THON,Item Sale,Eclipse ,2020,9/27/2023,9/28/2023,,Approved,5,6,Special Interest,,
Pumpkin Painting with Atlas Benefitting THON,Item Sale,Atlas ,312,9/27/2023,9/27/2023,"Chambers Building, Room 106:",Approved,100,89,Special Interest,,
Garage Sale Benefitting THON,Item Sale,Haley McCarthy-Levy and Isabella Russo (2024),3180,11/18/2023,11/30/2023,Plato's Closet:     ,Approved,400,154,Independent Couple,,
"Button, Bracelet, Sticker Sale Benefitting THON",Item Sale,Apollo ,1745,9/28/2023,9/29/2023,HUB Information Table #4:,Approved,100,64,Special Interest,,
Vera Bradly Bingo Benefitting THON,Item Sale,Fayette,44,9/28/2023,10/11/2023,Penn State Fayette- The Elberly Campus:     ,Approved,5000,,Commonwealth,,
Society of Women Engineers Fall Craft Night  Benefitting THON,Item Sale,Society of Women Engineers SWE,57,9/28/2023,9/28/2023,Hammond 220:,Approved,50,60,General,,
A-7 PSU Bracelet Fundraiser Benefitting THON,Item Sale,A-7,1192,9/28/2023,9/28/2023,Table #5 on main floor of the HUB-Robeson Center:,Approved,100,115,Special Interest,,
Ribbon Fundraiser- The Wolves x Benefitting THON,Item Sale,No Refund Theatre NRT,235,9/28/2023,9/30/2023,Forum 111:,Approved,30,58,General,,
Phi Chi Theta Ribbon Sale at the Field Benefitting THON,Item Sale,Phi Chi Theta ,206,9/29/2023,9/29/2023,The Field Burger and Tap: 1 COUNTRY CLUB LN  STATE COLLEGE PA 16803,Approved,100,91,General,,
Science LionPride Claw Clip Sale Benefitting THON,Item Sale,Science Lionpride SLP,1379,9/29/2023,9/29/2023,HUB Robeson Center:     ,Approved,73,82,General,,
Schreyer Honors College Student Council Suncatchers Benefitting THON,Item Sale,Schreyer Honors College Student Council SHC StuCo,1731,9/29/2023,9/29/2023,HUB Patio Steps:     ,Approved,248,120,General,,
Trilogy and Phi Sigma Kappa Benefitting THON,Item Sale,Phi Sigma Kappa PSK & Trilogy ,72 & 10,9/29/2023,9/29/2023,Phi Sigma Kappa House: 501 S ALLEN ST  STATE COLLEGE PA 16801,Approved,300,414,Greek,,
Candy Fundraiser Impact Benefitting THON,Item Sale,Impact ,1751,9/29/2023,9/29/2023,Lion's Pride: 112 E COLLEGE AVE  STATE COLLEGE PA 16801,Approved,75,170,Special Interest,,
Everyday Ribbon Sale Benefitting THON,Item Sale,Everyday Benefitting THON Everyday,1194,9/30/2023,9/30/2023,HUB Information Table #4:,Approved,100,54,Special Interest,,
Campus Steaks Benefitting THON,Restaurant Fundraiser,Mackenzie Lee and Cade Helfrich (2024),3133,11/18/2023,11/18/2023,Campus Steaks: 119 S PUGH ST  STATE COLLEGE PA 16801,Denied,460,,Independent Couple,,
Candy Grams for student and faculty Benefitting THON,Item Sale,Behrend,73,9/30/2023,10/1/2023,Penn State Behrend Campus: 4701 COLLEGE DR  ERIE PA 16563,Approved,300,623,Commonwealth,,
Alpha Xi Delta & Lambda Chi Alpha Ribbon Sale Benefitting THON,Item Sale,Alpha Xi Delta AXID & Lambda Chi Alpha,31 & 5,9/30/2023,9/30/2023,The Original Waffle Shop West: 1610 W COLLEGE AVE  STATE COLLEGE PA 16801,Approved,400,193.05,Greek,,
SDT & The Hanger Boutique Benefitting THON,Item Sale,Sigma Delta Tau,24,10/1/2023,10/1/2023,The Legacy at State College: 478 E CALDER WAY  STATE COLLEGE PA 16801,Approved,400,,Greek,,
Phi Chi Theta Ribbon Sale at the Field Benefitting THON,Item Sale,Phi Chi Theta ,206,10/1/2023,10/1/2023,The Field Burger and Tap:     ,Approved,100,100,General,,
Phi Chi Theta Ribbon Sale at The Naked Egg Cafe Benefitting THON,Item Sale,Phi Chi Theta ,206,10/1/2023,10/1/2023,The Naked Egg Cafe: 320 PINE GROVE RD  STATE COLLEGE PA 16801,Approved,100,,General,,
Alpha Omicron Pi & Phi Kappa Psi Yellow Ribbon Sale Benefitting THON,Item Sale,Alpha Omicron Pi AOII & Phi Kappa Psi,8 & 32,10/1/2023,10/1/2023,Mclanahans Penn State Room: 414 E COLLEGE AVE  STATE COLLEGE PA 16801,Approved,100,87,Greek,,
Behrend Ribbon Sales at Walmart Benefitting THON,Item Sale,Behrend,73,10/1/2023,10/1/2023,Walmart Supercenter: 5741 BUFFALO RD  HARBORCREEK PA 16421,Approved,300,953.65,Commonwealth,,
Schuylkill Caramel Apple Sale Benefitting THON,Item Sale,Schuylkill,168,10/1/2023,10/3/2023,"Penn State Schuylkill Campus: 200 University Drive, Schuylkill Haven, PA 17972:",Approved,500,400.74,Commonwealth,,
Kappa Kappa Gamma Boo Bags Benefitting THON,Item Sale,Kappa Kappa Gamma,22,10/1/2023,10/8/2023,Online:     ,Approved,150,160,Greek,,
Kappa Kappa Gamma Boo Bags Benefitting THON,Item Sale,Kappa Kappa Gamma,22,10/1/2023,10/8/2023,Online:     ,Canceled,150,,Greek,,
Penn State PRSSA Headshot Fundraiser #2 Benefitting THON,Item Sale,Public Relations Student Society of America PRSSA,63,10/2/2023,10/2/2023,Old Main:     ,Approved,150,135,General,,
Cans For Kids Benefitting THON,100 Days 'Til THON Alternative Fundraiser,DMAIG - Meg Gerrity and Alex Seidel (2024),3182,11/19/2023,12/2/2023,,Approved,2.5,,Independent Couple,,
Ribbon Sale Benefitting THON,Item Sale,Baseball Club Club Baseball & Club Field Hockey PSFHC,52 & 1780,10/2/2023,10/2/2023,Field Hockey Complex:     ,Canceled,200,,General,,
Delta Sigma Pi Ducky Tag Benefitting THON,Item Sale,Delta Sigma Pi ,85,10/2/2023,10/9/2023,Sunset Park: 850 MCKEE ST  STATE COLLEGE PA 16803,Approved,200,610,General,,
Schuylkill Pumpkin Cream Cheese Muffins Benefitting THON,Item Sale,Schuylkill,168,10/3/2023,10/16/2023,"Penn State Schuylkill Campus: 200 University Drive, Schuylkill Haven, PA 17972:",Approved,200,112,Commonwealth,,
Gamma Sig Craft Sale Benefitting THON,Item Sale,Gamma Sigma Sigma  & Tau Epsilon Phi TEP,46 & 2213,10/3/2023,10/3/2023,The Hub Robeson Center:     ,Approved,400,,Greek,,
PSU Figure Skating Gardner's Candies Benefitting THON,Item Sale,Figure Skating,1334,10/3/2023,10/16/2023,,Approved,200,,General,,
Eclipse Pet of the Week Benefitting THON,Item Sale,Eclipse ,2020,10/4/2023,10/5/2023,,Approved,5,3,Special Interest,,
Tri-STATE Bracelet Sale Benefitting THON,Item Sale,Tri-STATE ,1177,10/4/2023,10/11/2023,,Approved,50,90,Special Interest,,
Alpha Xi Delta & Lambda Chi Alpha Headshot Fundraiser Benefitting THON,Item Sale,Alpha Xi Delta AXID & Lambda Chi Alpha,31 & 5,10/5/2023,10/5/2023,Old Main Lawn: 1 Pollock Road  University Park PA 16802,Approved,100,196,Greek,,
ADPi & SAE's Ribbon Sale Benefitting THON,Item Sale,Alpha Delta Pi ADPi,20,10/6/2023,10/6/2023,Yallah Taco: 310 E COLLEGE AVE  STATE COLLEGE PA 16801,Canceled,100,,Greek,,
FOTO BJC Concessions Benefitting THON,Item Sale,FOTO ,1336,10/6/2023,10/6/2023,Bryce Jordan Center:     ,Canceled,200,,Special Interest,,
FOTO BJC Concessions Benefitting THON,Item Sale,FOTO ,1336,10/6/2023,10/6/2023,Bryce Jordan Center:     ,Canceled,200,,Special Interest,,
Friendship Bracelet Making Sale Benefitting THON,Item Sale,Penn State Fitness Instructors,1104,10/6/2023,10/6/2023,IM Building:     ,Canceled,40,,General,,
Phi Chi Theta Ribbon Sale at the Field Benefitting THON,Item Sale,Phi Chi Theta ,206,10/6/2023,10/6/2023,The Field Burger and Tap: 1 COUNTRY CLUB LN  STATE COLLEGE PA 16803,Approved,100,201.38,General,,
Phi Chi Theta Basket Sale Benefitting THON,Item Sale,Phi Chi Theta ,206,10/7/2023,10/7/2023,Member's House: 139 N GILL ST  STATE COLLEGE PA 16801,Approved,300,2115,General,,
Yellow Ribbon Sale Benefitting THON,Item Sale,Greater Allegheny,163,10/7/2023,10/20/2023,Penn State Greater Allegheny Student Community Center (SCC):     ,Approved,100,207,Commonwealth,,
Alpha Xi Delta & Lambda Chi Alpha Ribbon Sale Benefitting THON,Item Sale,Alpha Xi Delta AXID & Lambda Chi Alpha,31 & 5,10/7/2023,10/7/2023,The Original Waffle Shop West: 1610 W COLLEGE AVE  STATE COLLEGE PA 16801,Approved,400,910,Greek,,
PSAMA Headshot Fundraiser Benefitting THON,Item Sale,American Marketing Association at Penn State PSAMA,92,10/7/2023,10/7/2023,Business Building:     ,Approved,200,201,General,,
Phi Chi Theta Ribbon Sale at The Naked Egg Cafe Benefitting THON,Item Sale,Phi Chi Theta ,206,10/8/2023,10/8/2023,The Naked Egg Cafe: 320 PINE GROVE RD  STATE COLLEGE PA 16801,Approved,100,108,General,,
Kappa Kappa Gamma Permanent Jewelry Benefitting THON,Item Sale,Delta Chi & Kappa Kappa Gamma,23 & 22,10/8/2023,10/8/2023,Alyssa Gagliano: 131 HIESTER ST #805 STATE COLLEGE PA 16801,Approved,200,760,Greek,,
Tie Dye Event Benefitting THON,Item Sale,Penn State Law,1552,10/8/2023,10/8/2023,The View Apartments: 850 TOFTREES AVE  STATE COLLEGE PA 16803,Approved,50,40,Commonwealth,,
Behrend Ribbon Sales at Walmart Benefitting THON,Item Sale,Behrend,73,10/8/2023,10/8/2023,Walmart Supercenter: 5741 BUFFALO RD  HARBORCREEK PA 16421,Approved,300,1099.78,Commonwealth,,
Whiplash and PKT's Ribbon Sale Benefitting THON,Item Sale,Phi Kappa Tau PKT/ Phi Tau  & Whiplash Dance Team,47 & 215,10/8/2023,10/8/2023,Family Clothes Line: 352 E COLLEGE AVE  STATE COLLEGE PA 16801,Approved,100,120,Greek,,
Friendship Bracelets Benefitting THON,Item Sale,Omega Phi Alpha OphiA,48,10/8/2023,10/8/2023,Thomas 104:,Approved,50,65,Greek,,
Pi Beta Phi 2000 Degrees Fundraiser Benefitting THON,Item Sale,Pi Beta Phi Pi Phi,18,10/9/2023,10/9/2023,2000 Degrees: 202 W COLLEGE AVE  STATE COLLEGE PA 16801,Canceled,200,,Greek,,
Permanent Bracelets Benefitting THON,Item Sale,Club Field Hockey PSFHC,52,10/9/2023,10/9/2023,Our club field hockey house: 244 S BARNARD ST  STATE COLLEGE PA 16801,Approved,60,158.5,General,,
SPSEA X Succulent Sale Benefitting THON,Item Sale,Student Pennsylvania State Education Association SPSEA,96,10/9/2023,10/21/2023,Findlay Dining Commons:     ,Approved,100,32,General,,
Pumpkin Sale with Atlas Benefitting THON,Item Sale,Atlas ,312,10/9/2023,10/9/2023,HUB Robenson Center:     ,Canceled,70,,Special Interest,,
Penn State Law Pie in the Face Benefitting THON,Item Sale,Penn State Law,1552,10/10/2023,10/10/2023,Katz lawn:     ,Approved,75,43,Commonwealth,,
Everyday Mini Pumpkin Sale X Benefitting THON,Item Sale,Everyday Benefitting THON Everyday,1194,10/10/2023,10/10/2023,HUB Information Desk #4:,Approved,100,45,Special Interest,,
Epsilon Sigma Alpha Spooky Pizza Night and Costume Sale Benefitting THON,Item Sale,Epsilon Sigma Alpha ESA,562,10/10/2023,10/10/2023,The Maxxen: 131 HIESTER ST  STATE COLLEGE PA 16801,Approved,300,409,General,,
Latino Caucus Bracelet Sale Benefitting THON,Item Sale,Latino Caucus LC,438,10/10/2023,10/23/2023,Latino Caucus Office:     ,Approved,100,149,NewMC,,
Gift Card Raffle Benefitting THON,Item Sale,Fayette,44,10/10/2023,10/23/2023,Penn State Fayette- The Elberly Campus:     ,Approved,8000,,Commonwealth,,
Penn State DuBois Gardners Candies Benefitting THON,Item Sale,Dubois,166,10/10/2023,10/23/2023,Penn State DuBois:     ,Approved,200,1457.82,Commonwealth,,
Kappa Kappa Gamma & Connections Benefitting THON,Item Sale,Delta Chi & Kappa Kappa Gamma,23 & 22,10/11/2023,10/11/2023,Connections: 130 S ALLEN ST  STATE COLLEGE PA 16801,Approved,400,,Greek,,
Eclipse Pet of the Week Benefitting THON,Item Sale,Eclipse ,2020,10/11/2023,10/12/2023,,Approved,5,,Special Interest,,
Vera Bradly Bingo Benefitting THON,Item Sale,Fayette,44,10/11/2023,10/24/2023,Penn State Fayette- The Elberly Campus:     ,Approved,5000,,Commonwealth,,
Krispy Kreme Fundraiser for Behrend Benefitting THON,Item Sale,Behrend,73,10/11/2023,10/11/2023,,Approved,150,,Commonwealth,,
Cookie sale Benefitting THON,Bake Sale,Carly Weisfelner and Emily Locker (2024),3085,11/19/2023,11/19/2023,Woodbury shopping center: 7929 JERICHO TPKE  WOODBURY NY 11797,Denied,200,,Independent Couple,,
Kines x SNAPS Pie a THON Chair!- Benefitting THON,Item Sale,Kinesiology Club KINES club & Student Nurses' Association at Penn State SNAPS,104 & 100,10/12/2023,10/12/2023,South HUB Lawn:     ,Approved,100,112,General,,
Phi Sig Connections Fundraiser Benefitting THON,Item Sale,Phi Sigma Sigma Phi Sig,294,10/12/2023,10/12/2023,Connections: 130 S ALLEN ST  STATE COLLEGE PA 16801,Approved,100,0,Greek,,
Everyday Mini Pumpkin Sale X Benefitting THON,Item Sale,Everyday Benefitting THON Everyday,1194,10/12/2023,10/12/2023,Findlay Commons Desk #1:,Canceled,50,,Special Interest,,
ADPi & SAE's Ribbon Sale Benefitting THON,Item Sale,Alpha Delta Pi ADPi,20,10/13/2023,10/13/2023,Yallah Taco: 310 E COLLEGE AVE  STATE COLLEGE PA 16801,Approved,100,355,Greek,,
Axis Lion Shrine Benefitting THON,Item Sale,Axis ,1747,10/13/2023,10/13/2023,The Nittany Lion Shrine:     ,Canceled,250,,Special Interest,,
Axis Lion Shrine Benefitting THON,Item Sale,Axis ,1747,10/13/2023,10/13/2023,The Nittany Lion Shrine: Curtin Rd and Burrowes Rd:     ,Approved,250,1034,Special Interest,,
Alpha Omicron Pi & Phi Kappa Psi Yellow Ribbon Sale Benefitting THON,Item Sale,Alpha Omicron Pi AOII & Phi Kappa Psi,8 & 32,10/13/2023,10/13/2023,Family Clothesline: 352 E COLLEGE AVE  STATE COLLEGE PA 16801,Approved,100,62,Greek,,
Bunnies (pt. 4) Benefitting THON,Item Sale,World Campus,1318,10/13/2023,10/26/2023,,Approved,500,0,Commonwealth,,
Sigma Sigma Sigma x Zeta Beta Tau Ribbon Sale Fundraiser Benefitting THON,Item Sale,Sigma Sigma Sigma Tri Sigma & Zeta Beta Tau ZBT,33 & 1476,10/13/2023,10/13/2023,Yallah Taco: 310 E COLLEGE AVE  STATE COLLEGE PA 16801,Approved,100,461,Greek,,
Trilogy and Phi Sigma Kappa Ribboning Benefitting THON,Item Sale,Phi Sigma Kappa PSK & Trilogy ,72 & 10,10/13/2023,10/13/2023,First National Bank: 366 E COLLEGE AVE  STATE COLLEGE PA 16801,Approved,200,206,Greek,,
Delta Gamma x Delta Upsilon Ribbon Sale Benefitting THON,Item Sale,Delta Gamma & Delta Upsilon International Fraternity Delta Upsilon,1544 & 37,10/13/2023,10/13/2023,GNC: 200 E COLLEGE AVE  STATE COLLEGE PA 16801,Approved,150,430,Greek,,
Orangetheory Fitness Benefitting THON,Event/Concert,Sam Phillips and Josalyn Scarberry (2024),3143,11/19/2023,11/23/2023,Orangetheory Fitness: 672 DOWNINGTOWN PIKE  WEST CHESTER PA 19380,Approved,200,60,Independent Couple,,
Delta Gamma x Delta Upsilon Ribbon Sale Benefitting THON,Item Sale,Delta Gamma & Delta Upsilon International Fraternity Delta Upsilon,1544 & 37,10/13/2023,10/13/2023,Family Clothesline: 352 E COLLEGE AVE  STATE COLLEGE PA 16801,Approved,200,72,Greek,,
Kappa Alpha Theta Headshots Benefitting THON,Item Sale,Kappa Alpha Theta,14,10/13/2023,10/13/2023,Smeal College of Business:     ,Denied,100,,Greek,,
Turkey Trot Benefitting THON,Sporting Event,DMAIG - Meg Gerrity and Alex Seidel (2024),3182,11/19/2023,11/29/2023,,Denied,100,,Independent Couple,,
Phi Chi Theta Ribbon Sale at the Field Benefitting THON,Item Sale,Phi Chi Theta ,206,10/13/2023,10/13/2023,1 Country Club Lane:,Approved,100,190.76,General,,
Society of Women Engineers Garage Sale Benefitting THON,Item Sale,Society of Women Engineers SWE,57,10/13/2023,10/13/2023,"Sackett Building: 100A Kunkle Balcony, Hammond Building:",Approved,200,916,General,,
Pumpkin Painting and Ice Cream Impact Benefitting THON,Item Sale,Impact ,1751,10/13/2023,10/13/2023,HUB Lawn:     ,Approved,50,108,Special Interest,,
Pillar Ribbon Sale Benefitting THON,Item Sale,Pillar ,1297,10/13/2023,10/13/2023,MISKA Jewelers: 100 E COLLEGE AVE  STATE COLLEGE PA 16801,Approved,100,157,Special Interest,,
Ribbon Fundraiser- Mathilda x Benefitting THON,Item Sale,No Refund Theatre NRT,235,10/13/2023,10/14/2023,Forum 111:,Canceled,30,,General,,
Alpha Xi Delta & Lambda Chi Alpha Ribbon Sale Benefitting THON,Item Sale,Alpha Xi Delta AXID & Lambda Chi Alpha,31 & 5,10/14/2023,10/14/2023,The Original Waffle Shop West: 1610 W COLLEGE AVE  STATE COLLEGE PA 16801,Approved,400,285.82,Greek,,
Phi Chi Theta Ribbon Sale at The Naked Egg Cafe Benefitting THON,Item Sale,Phi Chi Theta ,206,10/15/2023,10/15/2023,THe Naked Egg Cafe: 320 PINE GROVE RD  STATE COLLEGE PA 16801,Canceled,100,,General,,
Behrend Ribbon Sales at Walmart Benefitting THON,Item Sale,Behrend,73,10/15/2023,10/15/2023,Walmart Supercenter: 5741 BUFFALO RD  HARBORCREEK PA 16421,Approved,300,875.82,Commonwealth,,
Volé x Alpha Sigma Phi 10/15 Ribbon Sale Benefitting THON,Item Sale,Alpha Sigma Phi & Volé,126 & 34,10/15/2023,10/15/2023,Starbucks: 180 E BEAVER AVE  STATE COLLEGE PA 16801,Approved,100,72,Greek,,
Ribbon Sale Benefitting THON,Item Sale,Baseball Club Club Baseball & Club Field Hockey PSFHC,52 & 1780,10/15/2023,10/15/2023,Penn State Field Hockey Field:     ,Approved,100,62,General,,
Holiday Cookie Boxes Benefitting THON,Bake Sale,Caroline Fiss and Steph Paglia (2024),3111,11/20/2023,12/3/2023,Caroline Fiss: 727 W COLLEGE AVE  STATE COLLEGE PA 16801,Approved,100,,Independent Couple,,
OGC Pumpkin Carving x Costume Contest Benefitting THON,Item Sale,Oriana Singers  & Pennsylvania State University Glee Club Glee Club,134 & 135,10/15/2023,10/15/2023,Primary Chair's House: 105 ADAMS AVE  STATE COLLEGE PA 16803,Approved,180,72,General,,
Divine Caramel Apples X Benefitting THON,Item Sale,Alexa Breisch and Kayla Breisch (2024),3108,11/20/2023,11/25/2023,,Approved,250,190,Independent Couple,,
Chiefs v.s. Eagles Football Squares Benefitting THON,Sporting Event,Danil Kurtz and Kayla Martinis (2024),3158,11/20/2023,11/20/2023,,Denied,540,,Independent Couple,,
Anna & Diane Bake Sale Benefitting THON,Bake Sale,Anna Boyer and Diane Friedman (2024),3086,11/21/2023,11/21/2023,Anna Boyer: 41 WOODWORTH ST  VICTOR NY 14564,Approved,100,76,Independent Couple,,
Whiplash and PKT's Ribbon Sale Benefitting THON,Item Sale,Phi Kappa Tau PKT/ Phi Tau  & Whiplash Dance Team,47 & 215,10/15/2023,10/15/2023,Family Clothes Line: 352 E COLLEGE AVE  STATE COLLEGE PA 16801,Approved,100,174,Greek,,
AED x PEK Pie the Exec Benefitting THON,Item Sale,Alpha Epsilon Delta & Phi Epsilon Kappa PEK,65 & 2457,10/15/2023,10/15/2023,Top of HUB Lawn:     ,Approved,250,279,joint,,
FOTO Candles Benefitting THON,Item Sale,FOTO ,1336,10/16/2023,10/29/2023,,Approved,99.99,294,Special Interest,,
Van Otis Chocolates Benefitting THON,Item Sale,World Campus,1318,10/16/2023,10/29/2023,,Approved,100,0,Commonwealth,,
PSU Figure Skating Gardner's Candies Benefitting THON,Item Sale,Figure Skating,1334,10/16/2023,10/29/2023,,Approved,100,,General,,
Penn State Law Photo Contest Benefitting THON,Item Sale,Penn State Law,1552,10/17/2023,10/19/2023,Katz building atrium:     ,Approved,25,26.86,Commonwealth,,
Penn State Law Candy Jar Guessing Benefitting THON,Item Sale,Penn State Law,1552,10/17/2023,10/19/2023,Katz building atrium:     ,Approved,20,4,Commonwealth,,
Phi Sigma Pi Tie Dye Benefitting THON,Item Sale,Phi Sigma Pi PSP,60,10/17/2023,10/17/2023,Thomas 120:,Approved,150,105,General,,
Penn State CrossFit Club Bracelet sale Benefitting THON,Item Sale,Crossfit Club at Penn State ,542,10/17/2023,10/22/2023,,Approved,100,36,General,,
Whiplash x PKT Texas Roadhouse Fundraiser Benefitting THON,Item Sale,Phi Kappa Tau PKT/ Phi Tau  & Whiplash Dance Team,47 & 215,10/17/2023,10/17/2023,UP: HUB Main Lounge Table #1:,Approved,500,75,Greek,,
Pi Beta Phi and Sigma Phi Epsilon Roots Benefitting THON,Item Sale,Pi Beta Phi Pi Phi & Sigma Phi Epsilon,18 & 11,10/17/2023,10/17/2023,Roots Natural Kitchen: 270 E BEAVER AVE  STATE COLLEGE PA 16801,Approved,250,0,Greek,,
Alpha Omicron Pi x Linked Permanent Jewelry Benefitting THON,Item Sale,Alpha Omicron Pi AOII,8,10/18/2023,10/18/2023,Sorority Sister and THON Chair Gabby Lee's House: 120 E HAMILTON AVE  STATE COLLEGE PA 16801,Approved,100,0,Greek,,
Phi Eta Sigma Pumpkin Painting Benefitting THON,Item Sale,Phi Eta Sigma ,111,10/18/2023,10/18/2023,Heritage Hall:     ,Canceled,275,,General,,
Trilogy and Phi Sigma Kappa Pumpkin Carving Benefitting THON,Item Sale,Phi Sigma Kappa PSK & Trilogy ,72 & 10,10/18/2023,10/18/2023,Phi Sigma Kappa House: 501 S ALLEN ST  STATE COLLEGE PA 16801,Approved,200,300,Greek,,
Club Sailing Fall Fundraiser Benefitting THON,Item Sale,Club Sailing  & Dance Alliance PSDA,408 & 1553,10/18/2023,10/18/2023,Sackett Building:     ,Approved,50,116,General,,
Trilogy and Phi Sigma Kappa Breakfast Sandwich Sale Benefitting THON,Item Sale,Phi Sigma Kappa PSK & Trilogy ,72 & 10,10/19/2023,10/22/2023,,Canceled,300,,Greek,,
Penn State CHAARG + BOO Bags Benefitting THON,Item Sale,"Changing Health, Attitudes, and Actions To Recreate Girls at Penn State CHAARG",2098,10/19/2023,10/19/2023,,Approved,125,1715,General,,
Penn State CHAARG + The Makery Benefitting THON,Item Sale,"Changing Health, Attitudes, and Actions To Recreate Girls at Penn State CHAARG",2098,10/19/2023,10/19/2023,The Makery: 123 S FRASER ST  STATE COLLEGE PA 16801,Approved,60,0,General,,
Everyday Pumpkin Sale x Benefitting THON,Item Sale,Everyday Benefitting THON Everyday,1194,10/19/2023,10/19/2023,Findlay Commons Desk #1:,Approved,50,,Special Interest,,
Alpha Xi Delta Connections Fundraiser Benefitting THON,Item Sale,Alpha Xi Delta AXID,31,10/19/2023,10/19/2023,Connections Clothing: 130 S ALLEN ST  STATE COLLEGE PA 16801,Approved,200,0,Greek,,
Phi Chi Theta Ribbon Sale at the Field Benefitting THON,Item Sale,Phi Chi Theta ,206,10/20/2023,10/20/2023,The Field Burger and Tap: 1 COUNTRY CLUB LN  STATE COLLEGE PA 16803,Approved,100,150,General,,
Build Your Own Pasta Fundraiser Benefitting THON,Item Sale,Boulevard BLVD,1784,10/20/2023,10/20/2023,Our Fundraising Captain (Jade's) Apartment at Nicholas Tower: 301 S PUGH ST Apt 604 STATE COLLEGE PA 16801,Approved,30,70,General,,
Caroline and Yani Maryland Bake Sale Benefitting THON,Bake Sale,Caroline Riley and Yani Hawthorne (2024),3103,11/21/2023,11/22/2023,Yani's House: 5619 MYCROFT ST  ELDERSBURG MD 21784,Approved,100,107,Independent Couple,,
Springfield Bowling Benefitting THON,Item Sale,Springfield ,42,10/20/2023,10/20/2023,Northland Bowling: 1521 MARTIN ST  STATE COLLEGE PA 16803,Approved,60,22,Special Interest,,
Delta Gamma x Delta Upsilon Ribboning Benefitting THON,Item Sale,Delta Gamma & Delta Upsilon International Fraternity Delta Upsilon,1544 & 37,10/20/2023,10/20/2023,GNC: 200 E COLLEGE AVE  STATE COLLEGE PA 16801,Canceled,250,,Greek,,
Penn State Lehigh Valley Ribbon Sale Benefitting THON,Item Sale,Lehigh Valley,113,10/21/2023,10/21/2023,Penn State Lehigh Valley:     ,Approved,100,80,Commonwealth,,
Behrend Ribbon Sales at Brookside Firehall for Behrend Benefitting THON,Item Sale,Behrend,73,10/21/2023,10/21/2023,Brookside Fire Company Station 24: 3560 ATHENS ST  ERIE PA 16510,Approved,150,85,Commonwealth,,
Alpha Xi Delta & Lambda Chi Alpha Ribbon Sale Benefitting THON,Item Sale,Alpha Xi Delta AXID & Lambda Chi Alpha,31 & 5,10/21/2023,10/21/2023,The Original Waffle Shop West: 1610 W COLLEGE AVE  STATE COLLEGE PA 16801,Approved,400,196,Greek,,
Alpha Rho Chi Pumpkin Carving Benefitting THON,Item Sale,Alpha Rho Chi APX,190,10/21/2023,10/21/2023,Alpha Rho Chi Chapter House: 320 S FRASER ST  STATE COLLEGE PA 16801,Denied,200,,Greek,,
Phi Chi Theta Ribbon Sale at The Naked Egg Cafe Benefitting THON,Item Sale,Phi Chi Theta ,206,10/22/2023,10/22/2023,THe Naked Egg Cafe: 320 PINE GROVE RD  STATE COLLEGE PA 16801,Canceled,100,,General,,
Alpha Omicron Pi & Phi Kappa Psi Yellow Ribbon Sale Benefitting THON,Item Sale,Alpha Omicron Pi AOII & Phi Kappa Psi,8 & 32,10/22/2023,10/22/2023,Mclanahans Penn State Room: 414 E COLLEGE AVE  STATE COLLEGE PA 16801,Canceled,100,,Greek,,
Phi Chi Theta Ribbon Sale at the Field Benefitting THON,Item Sale,Phi Chi Theta ,206,10/22/2023,10/22/2023,The Field Burger and Tap: 1 COUNTRY CLUB LN  STATE COLLEGE PA 16803,Approved,100,206,General,,
Phi Sigma Rho and Chi Phi Dunk Tank Benefitting THON,Item Sale,Chi Phi & Phi Sigma Rho Phi Rho,81 & 160,10/22/2023,10/22/2023,Chi Phi House: 360 E HAMILTON AVE  STATE COLLEGE PA 16801,Approved,100,590,Greek,,
Whiplash x Men’s Ice Hockey Club Bracelet Fundraiser Benefitting THON,Item Sale,Men's Ice Hockey Club Ice Lions & Whiplash Dance Team,215 & 129,10/22/2023,10/22/2023,Pegula Ice Arena:     ,Approved,50,236,General,,
Penn State DuBois Gardners Candies Benefitting THON,Item Sale,Dubois,166,10/23/2023,10/31/2023,Penn State DuBois:     ,Approved,200,0,Commonwealth,,
Common Ground Coffee Sale x Benefitting THON,Item Sale,Harrisburg,164,10/23/2023,11/4/2023,,Approved,100,,Commonwealth,,
Women in Business Halloween Candygrams Benefitting THON,Item Sale,Women In Business WIB,151,10/23/2023,10/30/2023,207 Hub:,Approved,100,103,General,,
Bracelet sale Benefitting THON,Item Sale,Carly Weisfelner and Emily Locker (2024),3085,11/21/2023,11/21/2023,Woodbury shopping center: 7929 JERICHO TPKE  WOODBURY NY 11797,Denied,200,,Independent Couple,,
FOTO Keychains Benefitting THON,Item Sale,FOTO ,1336,10/23/2023,11/5/2023,My apartment: 307 LOCUST LN Apartment 207 STATE COLLEGE PA 16801,Approved,90,36,Special Interest,,
Volé Flowers for Showcase Benefitting THON,Item Sale,Volé,126,10/23/2023,11/4/2023,Eisenhower Auditorium:     ,Approved,100,705,General,,
Phi Eta Sigma Pumpkin Painting Benefitting THON,Item Sale,Phi Eta Sigma ,111,10/23/2023,10/23/2023,Flex Theater in the HUB:     ,Approved,270,75,General,,
TEPxGSS Bingo Boards Benefitting THON,Item Sale,Gamma Sigma Sigma  & Tau Epsilon Phi TEP,46 & 2213,10/23/2023,10/29/2023,,Denied,100,,Greek,,
Dancer Relations BOO Bags Benefitting THON,Item Sale,THON Dancer Relations,1006,10/23/2023,11/1/2023,,Approved,150,172,joint,,
Society of Women Engineers Bracelet Making Benefitting THON,Item Sale,Society of Women Engineers SWE,57,10/23/2023,10/23/2023,Willard 265:,Approved,25,70,General,,
Pumpkin Painting Benefitting THON,Item Sale,Theme Park Engineering Group Penn State TPEG,93,10/23/2023,10/23/2023,117 Sackett Building:,Approved,50,40,General,,
Penn State Law Pumpkin Painting Benefitting THON,Item Sale,Penn State Law,1552,10/24/2023,10/24/2023,Katz lawn:     ,Canceled,80,,Commonwealth,,
Permanent Jewelry Benefitting THON,Item Sale,Alpha Tau Omega ATO & Zeta Tau Alpha,1 & 2,10/24/2023,10/24/2023,Thomas Building:     ,Approved,100,0,Greek,,
Unison Halloween Tabling Benefitting THON,Item Sale,Unison ,3124,10/24/2023,10/26/2023,HUB-Robinson Center:     ,Approved,75,125,General,,
Axis Halloween Sale Benefitting THON,Item Sale,Axis ,1747,10/24/2023,10/25/2023,HUB Robinson Center:     ,Approved,50,71,Special Interest,,
Gift Card Raffle Benefitting THON,Item Sale,Fayette,44,10/24/2023,11/6/2023,Penn State Fayette- The Elberly Campus:     ,Approved,8000,,Commonwealth,,
Vera Bradly Bingo Benefitting THON,Item Sale,Fayette,44,10/24/2023,11/5/2023,Penn State Fayette- The Elberly Campus:     ,Approved,5000,17990,Commonwealth,,
Alyssa and Amber X Sticker Sale X Benefitting THON,Item Sale,Alyssa Becker and Amber Singh (2024),3186,11/21/2023,12/4/2023,,Approved,500,,Independent Couple,,
FOTO Bracelets Benefitting THON,Item Sale,FOTO ,1336,10/25/2023,11/7/2023,,Approved,100,70,Special Interest,,
Ayuda X Bracelet Sale Benefitting THON,Item Sale,Ayuda ,1923,10/25/2023,10/26/2023,UP: HUB Information Table #8:,Approved,100,77.45,Special Interest,,
FOTO Halloween Table Benefitting THON,Item Sale,FOTO ,1336,10/25/2023,10/25/2023,HUB:     ,Approved,50,,Special Interest,,
Giuseppe's Night Benefitting THON,Restaurant Fundraiser,McHalea Beck and Emily Borell (2024),3114,11/21/2023,11/21/2023,Giuseppe’s Pizza & Family Restaurant: 990 2ND STREET PIKE  RICHBORO PA 18954,Approved,500,0,Independent Couple,,
Marios Pizza Benefitting THON,Restaurant Fundraiser,Carly Weisfelner and Emily Locker (2024),3085,11/21/2023,11/21/2023,Marios Pizzeria: 326 JERICHO TPKE  SYOSSET NY 11791,Approved,200,0,Independent Couple,,
Eclipse Pet of the Week Benefitting THON,Item Sale,Eclipse ,2020,10/25/2023,10/26/2023,,Canceled,5,,Special Interest,,
PLL Paint and Sip Benefitting THON,Item Sale,Lyrical Line Dance Company PLL ,79,10/25/2023,10/25/2023,The Meridian on College Avenue: 646 E COLLEGE AVE Apt 506 STATE COLLEGE PA 16801,Approved,50,50,General,,
Ribbon Fundraiser- The Trail to Oregon! x Benefitting THON,Item Sale,No Refund Theatre NRT,235,10/25/2023,10/25/2023,Forum 111:,Approved,30,83,General,,
Barre3 Benefitting THON,Event/Concert,Maggie Fechtman and Maddie Shine (2024),3071,11/22/2023,11/22/2023,Barre3 Berwyn: 579 LANCASTER AVE  BERWYN PA 19312,Approved,240,286,Independent Couple,,
Volé Ghost Gram Fundraiser Benefitting THON,Item Sale,Volé,126,10/25/2023,11/6/2023,HUB-Robeson Center:     ,Approved,75,231,General,,
HEAL Pumpkin Painting Benefitting THON,Item Sale,HEAL: Help Every Angel Live ,1540,10/25/2023,10/25/2023,Sackett Building:     ,Canceled,50,,Special Interest,,
A-7 Halloween Bracelet Sale Benefitting THON,Item Sale,A-7,1192,10/26/2023,10/26/2023,HUB:     ,Approved,80,82,Special Interest,,
Earth and Mineral Sciences Halloween Goodie Bag Sale Benefitting THON,Item Sale,Earth and Mineral Sciences Student Council EMS StuCo,105,10/26/2023,10/31/2023,14 Deike:,Denied,50,,General,,
Eclipse Scavanger Hunt Benefitting THON,Item Sale,Eclipse ,2020,10/26/2023,10/26/2023,Old Main:     ,Approved,170,70,Special Interest,,
ADPi & SAE's Ribbon Sale Benefitting THON,Item Sale,Alpha Delta Pi ADPi,20,10/27/2023,10/27/2023,Yallah Taco: 310 E COLLEGE AVE  STATE COLLEGE PA 16801,Approved,100,30,Greek,,
Axis Lion Shrine Benefitting THON,Item Sale,Axis ,1747,10/27/2023,10/27/2023,Nittany Lion Shrine on Curtin Rd. and Burrowes Rd.:     ,Approved,250,418.94,Special Interest,,
Alpha Omicron Pi & Phi Kappa Psi Yellow Ribbon Sale Benefitting THON,Item Sale,Alpha Omicron Pi AOII & Phi Kappa Psi,8 & 32,10/27/2023,10/27/2023,Family Clothesline: 352 E COLLEGE AVE  STATE COLLEGE PA 16801,Approved,100,134,Greek,,
Bunnies (pt. 5) Benefitting THON,Item Sale,World Campus,1318,10/27/2023,10/31/2023,,Approved,500,0,Commonwealth,,
Phi Gamma Nu Ribboning Fundraiser Benefitting THON,Item Sale,Phi Gamma Nu ,29,10/27/2023,10/27/2023,Yallah Taco: 310 E COLLEGE AVE  STATE COLLEGE PA 16801,Approved,200,1078.61,General,,
Yellow Ribbon Sale Benefitting THON,Item Sale,Caroline Sullivan and Kira Smith (2024),3073,11/22/2023,11/22/2023,Dolce Bagel & Cafe: 830 W BAY AVE UNIT 2  BARNEGAT NJ 08005,Approved,35,203,Independent Couple,,
Orchesis Dance Company Ribbon Sale Benefitting THON,Item Sale,Orchesis Dance Company ODC,124,10/27/2023,10/27/2023,The Family Clothesline: 352 E COLLEGE AVE STE B  STATE COLLEGE PA 16801,Approved,150,235,General,,
Friendship Bracelet Making Sale Benefitting THON,Item Sale,Penn State Fitness Instructors,1104,10/27/2023,10/27/2023,Penn State IM:     ,Approved,50,36,General,,
Phi Chi Theta Ribbon Sale at the Field Benefitting THON,Item Sale,Phi Chi Theta ,206,10/27/2023,10/27/2023,The Field Burger and Tap: 1 COUNTRY CLUB LN  STATE COLLEGE PA 16803,Approved,100,184,General,,
Delta Gamma x Delta Upsillon Ribbon Sale Benefitting THON,Item Sale,Delta Gamma & Delta Upsilon International Fraternity Delta Upsilon,1544 & 37,10/27/2023,10/27/2023,GNC: 200 E COLLEGE AVE  STATE COLLEGE PA 16801,Approved,150,301,Greek,,
Ribbon and Bracelet Sale Benefitting THON,Item Sale,Pi Kappa Phi Pi Kapp,3,10/27/2023,10/27/2023,Yallah Taco: 310 E COLLEGE AVE  STATE COLLEGE PA 16801,Approved,250,90,Greek,,
Alpha Phi Omega Coffee Sale Benefitting THON,Item Sale,Alpha Phi Omega ,54,10/28/2023,10/28/2023,HUB Table #4:,Denied,100,,General,,
Operation Blue and Gold Sticker Sale Benefitting THON,Item Sale,Operation Blue and Gold OBG,133,10/28/2023,10/28/2023,Wagner Building:     ,Approved,0,,General,,
Alpha Xi Delta & Lambda Chi Alpha Ribbon Sale Benefitting THON,Item Sale,Alpha Xi Delta AXID,31,10/28/2023,10/28/2023,The Original Waffle Shop West: 1610 W COLLEGE AVE  STATE COLLEGE PA 16801,Canceled,400,,Greek,,
Phi Chi Theta Ribbon Sale at The Naked Egg Cafe Benefitting THON,Item Sale,Phi Chi Theta ,206,10/29/2023,10/29/2023,THe Naked Egg Cafe:     ,Canceled,100,,General,,
Suzanne x Juliana Benefitting THON,Item Sale,Juliana Toohey and Suzanne Connors (2024),3203,11/22/2023,11/22/2023,Colonial Village Market: 1305 W CHESTER PIKE  HAVERTOWN PA 19083,Approved,500,287.04,Independent Couple,,
Phi Gamma Nu Ribboning Fundraiser Benefitting THON,Item Sale,Phi Gamma Nu ,29,10/29/2023,10/29/2023,Urban Outfitters: 234 E COLLEGE AVE  STATE COLLEGE PA 16801,Canceled,200,,General,,
Buckingham Bake Sale Benefitting THON,Bake Sale,Juliana Toohey and Suzanne Connors (2024),3203,11/24/2023,11/24/2023,Buckingham Pizza: 4950 YORK RD  HOLICONG PA 18928,Approved,100,91,Independent Couple,,
Kappa Kappa Gamma & Delta Chi Pumpkin Painting Benefitting THON,Item Sale,Delta Chi & Kappa Kappa Gamma,23 & 22,10/29/2023,10/29/2023,Delta Chi Fraternity: 424 E FAIRMOUNT AVE  STATE COLLEGE PA 16801,Approved,300,160,Greek,,
Volé x Alpha Sigma Phi 10/29 Ribbon Sale Benefitting THON,Item Sale,Alpha Sigma Phi & Volé,126 & 34,10/29/2023,10/29/2023,Starbucks: 180 E BEAVER AVE  STATE COLLEGE PA 16801,Canceled,100,,Greek,,
Phi Chi Theta Ribbon Sale at the Field Benefitting THON,Item Sale,Phi Chi Theta ,206,10/29/2023,10/29/2023,The Field Burger and Tap: 1 COUNTRY CLUB LN  STATE COLLEGE PA 16803,Approved,100,220,General,,
Whiplash and PKT's Ribbon Sale Benefitting THON,Item Sale,Phi Kappa Tau PKT/ Phi Tau  & Whiplash Dance Team,47 & 215,10/29/2023,10/29/2023,Family Clothes Line: 352 E COLLEGE AVE  STATE COLLEGE PA 16801,Approved,99.97,116,Greek,,
Sigma Kappa Ribbon Sale Benefitting THON,Item Sale,Sigma Kappa,35,10/29/2023,10/29/2023,Thomas 100:,Approved,100,50,Greek,,
Chick-fil-A x Abbey and Ana Benefitting THON,Restaurant Fundraiser,Abbey Picozzi and Ana Sophy (2024),3113,11/24/2023,11/24/2023,Chick-fil-A: 210 FORTY FOOT RD  LANSDALE PA 19446,Approved,300,0,Independent Couple,,
Abbey and Ana IDC Ribboning Benefitting THON,Restaurant Fundraiser,Abbey Picozzi and Ana Sophy (2024),3113,11/24/2023,11/24/2023,Nat's Pizza: 138 W STATE ST  DOYLESTOWN PA 18901,Approved,200,103,Independent Couple,,
PSU Figure Skating Gardner's Candies Benefitting THON,Item Sale,Figure Skating,1334,10/29/2023,11/11/2023,,Approved,100,,General,,
Phi Sigma Pi Pumpkin Painting Benefitting THON,Item Sale,Phi Sigma Pi PSP,60,10/29/2023,10/29/2023,Willard 369:,Canceled,50,,General,,
Pie-in-the-Face & Tie Dye x Circle K Benefitting THON,Item Sale,Circle K ,84,10/29/2023,10/29/2023,HUB Lawn:     ,Denied,50,,General,,
Family Relations Ribbon Sale Benefitting THON,Item Sale,THON Family Relations,1003,10/29/2023,10/29/2023,The Family Clothesline: 352 E COLLEGE AVE STE B  STATE COLLEGE PA 16801,Approved,100,122,joint,,
Entertainment Bingo Board Benefitting THON,Item Sale,THON Entertainment,1002,10/29/2023,11/8/2023,,Canceled,300,,joint,,
Van Otis Chocolates (pt. 2) Benefitting THON,Item Sale,World Campus,1318,10/30/2023,11/5/2023,,Approved,100,0,Commonwealth,,
Bagel Mater X Carly and Emily Benefitting THON,Restaurant Fundraiser,Carly Weisfelner and Emily Locker (2024),3085,11/24/2023,11/25/2023,Bagel Master: 43 COLD SPRING RD  SYOSSET NY 11791,Approved,100,731,Independent Couple,,
Pumpkin Party Snack Table Benefitting THON,Item Sale,Blue & White Society BWS ,53,10/30/2023,10/30/2023,The Hintz Family Alumni Center:     ,Approved,20,47,General,,
F45 Newtown Benefitting THON,Business Sponsorship,Ella Palmieri and Paige Blankenhorn (2024),3084,11/25/2023,11/25/2023,"F45 Training Newtown, PA: 2833 S EAGLE RD  NEWTOWN PA 18940",Approved,400,339,Independent Couple,,
Ribboning at Village Bagel Benefitting THON,Coin Collection,Gigi Corazzi and Alyssa Aprahamian (2024),3125,11/25/2023,11/25/2023,Village Bagel Company: 1438 EASTON RD  WARRINGTON PA 18976,Approved,100,,Independent Couple,,
Ribboning at The Juice Pod Benefitting THON,Coin Collection,Hannah Feldman and Maggie O'Neill (2024),3129,11/25/2023,11/25/2023,The Juice Pod: 903 W LANCASTER AVE  BRYN MAWR PA 19010,Approved,100,138.75,Independent Couple,,
Delta Sigma Pi Pumpkin Carving Benefitting THON,Item Sale,Delta Sigma Pi ,85,10/30/2023,10/30/2023,433 W College Ave:,Approved,150,300,General,,
Vertical Jump Fundraiser for Behrend Benefitting THON,Item Sale,Behrend,73,10/30/2023,11/12/2023,,Approved,500,,Commonwealth,,
Penn State Law Fortune Reading Benefitting THON,Item Sale,Penn State Law,1552,10/31/2023,11/2/2023,Katz building atrium:     ,Canceled,20,,Commonwealth,,
"Week Trip in Cranberry Lake, NY Benefitting THON",Item Auction,Maggie Fechtman and Maddie Shine (2024),3071,11/25/2023,12/8/2023,,Approved,2000,725,Independent Couple,,
Alpha Epsilon Deltha X Phi Epsilon Kappa Pumpkin Carving Benefitting THON,Item Sale,Alpha Epsilon Delta & Phi Epsilon Kappa PEK,65 & 2457,10/31/2023,10/31/2023,HUB Lawn:     ,Approved,75,60,Greek,,
Dance Alliance X Pura Vida Bracelet Sale Benefitting THON,Item Sale,Dance Alliance PSDA,1553,10/31/2023,10/31/2023,,Approved,200,200,General,,
Penn State Lehigh Valley Children's Book Drive Benefitting THON,Item Sale,Lehigh Valley,113,11/1/2023,11/14/2023,Penn State Lehigh Valley:     ,Approved,500,,Commonwealth,,
SNAPS Paint A Pumpkin Benefitting THON,Item Sale,Student Nurses' Association at Penn State SNAPS,104,11/1/2023,11/1/2023,The Arboretum at Penn State:     ,Approved,100,72,General,,
Club Cross Country Halloween Candygrams Benefitting THON,Item Sale,Club Cross Country XC,305,11/1/2023,11/1/2023,Rec Hall:     ,Approved,65,96.01,General,,
Hitz Different R&R Committee X Ribbon Sale Benefitting THON,Item Sale,Security Team 7,2529,11/1/2023,11/3/2023,HUB-Robeson Center:     ,Approved,100,6,joint,,
Dancer Relations Committee Pie a DR Captain Benefitting THON,Item Sale,THON Dancer Relations,1006,11/2/2023,11/2/2023,HUB Lawn North:     ,Approved,400,1012.8,joint,,
For Laura Pins Benefitting THON,Item Sale,THON OPPerations,1007,11/2/2023,11/14/2023,Willard Building:     ,Approved,150,140,joint,,
AYS halloween sale Benefitting THON,Item Sale,Arabian Youth Society AYS,3216,11/2/2023,11/2/2023,Aspen Building 1: 1275 E PENNSYLVANIA AVE  STATE COLLEGE PA 16801,Denied,53,,joint,,
Ribbon Fundraiser- Alibis x Benefitting THON,Item Sale,No Refund Theatre NRT,235,11/2/2023,11/4/2023,Forum 111:,Approved,50,40,General,,
Trilogy and Phi Sigma Kappa Ribboning Benefitting THON,Item Sale,Phi Sigma Kappa PSK & Trilogy ,72 & 10,11/3/2023,11/3/2023,The Corner Room: 100 W COLLEGE AVE  STATE COLLEGE PA 16801,Approved,200,187.05,Greek,,
Phi Chi Theta Ribbon Sale at the Field Benefitting THON,Item Sale,Phi Chi Theta ,206,11/3/2023,11/3/2023,The Field burger and Tap: 1 COUNTRY CLUB LN  STATE COLLEGE PA 16803,Approved,100,70,General,,
Kappa Alpha Theta Permanent Jewelry Fundraiser Benefitting THON,Item Sale,Kappa Alpha Theta,14,11/3/2023,11/3/2023,Kappa Alpha Theta Head THON Chair's House: 118 E PROSPECT AVE  STATE COLLEGE PA 16801,Approved,150,0,Greek,,
Pie a KappaDchi Benefitting THON,Item Sale,Delta Chi & Kappa Kappa Gamma,23 & 22,11/3/2023,11/3/2023,Hub Lawn:     ,Approved,200,124,Greek,,
Grilled Cheese Fundraiser Benefitting THON,Item Sale,Nittany Dance Project NDP & Theta Chi,102 & 2876,11/3/2023,11/3/2023,Theta Chi Fraternity House: 523 S ALLEN ST  STATE COLLEGE PA 16801,Approved,115,546,Greek,,
Cookies-In-A-Jar Benefitting THON,Bake Sale,Ashtyn Webb and Gab Zuckerman (2024),3089,11/27/2023,12/10/2023,Delivery:     ,Approved,100,440,Independent Couple,,
FOTO Pancake Breakfast Benefitting THON,Item Sale,FOTO ,1336,11/4/2023,11/4/2023,Nittany Apartments:     ,Approved,50,78,Special Interest,,
Alpha Xi Delta & Lambda Chi Alpha Ribbon Sale Benefitting THON,Item Sale,Alpha Xi Delta AXID & Lambda Chi Alpha,31 & 5,11/4/2023,11/4/2023,The Original Waffle Shop West: 1610 W COLLEGE AVE  STATE COLLEGE PA 16801,Approved,400,259,Greek,,
Alpha Omicron Pi & Phi Kappa Psi Yellow Ribbon Sale Benefitting THON,Item Sale,Alpha Omicron Pi AOII & Phi Kappa Psi,8 & 32,11/5/2023,11/5/2023,Mclanahans Penn State Room: 414 E COLLEGE AVE  STATE COLLEGE PA 16801,Canceled,100,,Greek,,
Phi Chi Theta Ribbon Sale at the Field Benefitting THON,Item Sale,Phi Chi Theta ,206,11/5/2023,11/5/2023,The Field Burger and Tap: 1 COUNTRY CLUB LN  STATE COLLEGE PA 16803,Approved,100,,General,,
Whiplash and PKT's Ribbon Sale Benefitting THON,Item Sale,Phi Kappa Tau PKT/ Phi Tau  & Whiplash Dance Team,47 & 215,11/5/2023,11/5/2023,Family Clothes Line: 352 E COLLEGE AVE  STATE COLLEGE PA 16801,Approved,100,75,Greek,,
Pi Beta Phi and Sigma Phi Epsilon Family Cookout Benefitting THON,Item Sale,Pi Beta Phi Pi Phi,18,11/5/2023,11/5/2023,Sigma Phi Epsilon Chapter House: 524 LOCUST LN  STATE COLLEGE PA 16801,Approved,250,512,Greek,,
Movie Night Benefitting THON,Event/Concert,Brandon Shunk and Matthew Barber (2024),3068,11/27/2023,11/27/2023,Forum Building:     ,Denied,100,,Independent Couple,,
Behrend Ribbon Sales at Walmart Benefitting THON,Item Sale,Behrend,73,11/5/2023,11/5/2023,Walmart Supercenter: 1825 DOWNS DR  ERIE PA 16509,Approved,500,1504.13,Commonwealth,,
Finals Care Packages Benefitting THON,Item Sale,Jamie Semmer and Ashley Pearson (2024),3117,11/27/2023,12/10/2023,,Approved,300,,Independent Couple,,
Wilkes-Barre Apparel Sale Benefitting THON,Item Sale,Wilkes-Barre,76,11/5/2023,11/18/2023,Penn State Wilkes-Barre: 44 UNIVERSITY DR  DALLAS PA 18612,Approved,400,586,Commonwealth,,
Penn State Law Cold Call Abstentions Benefitting THON,Item Sale,Penn State Law,1552,11/6/2023,11/9/2023,Katz building atrium:     ,Approved,300,88,Commonwealth,,
Phi Eta Sigma Pumpkin Painting Benefitting THON,Item Sale,Phi Eta Sigma ,111,11/6/2023,11/6/2023,Thomas Building Room 219:,Approved,50,,General,,
Schuylkill Bingo Night Benefitting THON,Item Sale,Schuylkill,168,11/6/2023,11/6/2023,"Penn State Schuylkill Campus: 200 University Drive, Schuylkill Haven, PA 17972:",Canceled,200,,Commonwealth,,
Pi Beta Phi and Sigma Phi Epsilon Blue Mountain Candle Co. Sale Benefitting THON,Item Sale,Pi Beta Phi Pi Phi & Sigma Phi Epsilon,18 & 11,11/6/2023,11/17/2023,,Approved,300,775,Greek,,
Sticker Sale Benefitting THON,Item Sale,Bridget Monaco and Dana Szczublewski (2024),3098,11/27/2023,12/10/2023,,Canceled,100,,Independent Couple,,
Finals Goodie Bag Sale Benefitting THON,Item Sale,Rexanna Quedenfeld and Lisa Han (2024),3094,11/27/2023,12/4/2023,,Approved,50,30,Independent Couple,,
Pasta Dinner Benefitting THON,Item Sale,"Alpha Tau Omega ATO, Ohana  & Zeta Tau Alpha","1, 2 & 1161",11/7/2023,11/7/2023,Alpha Tau Omega: 119 E PROSPECT AVE  STATE COLLEGE PA 16801,Canceled,100,,Greek,,
Rêve Dance Company Online Holiday Store Benefitting THON,Item Sale,RêVe Dance Company,470,11/7/2023,11/20/2023,,Approved,100,0,General,,
Whiplash x PKT Texas Roadhouse Fundraiser Benefitting THON,Item Sale,Phi Kappa Tau PKT/ Phi Tau  & Whiplash Dance Team,47 & 215,11/7/2023,11/7/2023,UP: HUB Main Lounge Table #1:,Approved,500,5,Greek,,
Merch Sale Benefitting THON,Merchandise Sale,Bridget Monaco and Dana Szczublewski (2024),3098,11/27/2023,12/10/2023,,Denied,100,,Independent Couple,,
Austin and Noah Taco Tuesday Benefitting THON,Bake Sale,Austin Ehrensberger and Noah Straub (2024),3141,11/28/2023,11/28/2023,Austin Ehrensberger: 320 E BEAVER AVE  STATE COLLEGE PA 16801,Canceled,300,,Independent Couple,,
Hillel Donut Sale Benefitting THON,Item Sale,Hillel ,50,11/8/2023,11/8/2023,Hub Roberson Center Patio:     ,Approved,100,82,General,,
Yankee Candles Benefitting THON,Item Sale,World Campus,1318,11/8/2023,11/21/2023,,Approved,100,0,Commonwealth,,
Wilkes-Barre Vintage T-Shirt Sale Benefitting THON,Item Sale,Wilkes-Barre,76,11/8/2023,11/8/2023,Penn State Wilkes-Barre:     ,Approved,650,475,Commonwealth,,
Bracelets Benefitting THON,Item Sale,Era Pasha and Madeline Ritenour (2024),3147,11/28/2023,11/28/2023,,Approved,100,58,Independent Couple,,
Trilogy and Phi Sigma Kappa Breakfast Sandwich Sale Benefitting THON,Item Sale,Phi Sigma Kappa PSK & Trilogy ,72 & 10,11/9/2023,11/12/2023,,Approved,300,214,Greek,,
Delta Gamma Bracelet Making Benefitting THON,Item Sale,Delta Gamma,37,11/9/2023,11/9/2023,Delta Gamma Sorority Suite:     ,Approved,100,105,Greek,,
Raffle basket tabling Benefitting THON,Item Sale,Harrisburg,164,11/9/2023,11/9/2023,Student Enrichment Center (SEC):     ,Denied,50,,Commonwealth,,
Liberal Arts Ambassadors Freindship Bracelet Sale Benefitting THON,Item Sale,Liberal Arts Ambassadors LAA,2664,11/9/2023,11/9/2023,HUB Table 4:,Canceled,100,,General,,
ADPi & SAE's Ribbon Sale Benefitting THON,Item Sale,Alpha Delta Pi ADPi,20,11/10/2023,11/10/2023,Yallah Taco: 310 E COLLEGE AVE  STATE COLLEGE PA 16801,Canceled,100,,Greek,,
Axis Lion Shrine Benefitting THON,Item Sale,Axis ,1747,11/10/2023,11/10/2023,Nittany Lion Shrine on Curtin Rd. and Burrowes Rd.:     ,Approved,250,813.75,Special Interest,,
Phi Gamma Nu Ribboning Fundraiser Benefitting THON,Item Sale,Phi Gamma Nu ,29,11/10/2023,11/10/2023,Yallah Taco: 310 E COLLEGE AVE  STATE COLLEGE PA 16801,Approved,200,819,General,,
Vibe Fundraiser Benefitting THON,Restaurant Fundraiser,Bridget Monaco and Dana Szczublewski (2024),3098,11/28/2023,11/29/2023,Vibe Coffee Co.: 401 W BEAVER AVE  STATE COLLEGE PA 16801,Approved,100,0,Independent Couple,,
Phi Chi Theta Ribbon Sale at the Field Benefitting THON,Item Sale,Phi Chi Theta ,206,11/10/2023,11/10/2023,The Field Burger and Tap: 1 COUNTRY CLUB LN  STATE COLLEGE PA 16803,Approved,100,255,General,,
Uncle John's Jawn's Benefitting THON,Restaurant Fundraiser,Hunter Porcano and Kat Irby (2024),3159,11/30/2023,11/30/2023,Uncle John's Jawns Cheesesteak Stand: 324 E CALDER WAY  STATE COLLEGE PA 16801,Approved,300,,Independent Couple,,
Delta Gamma x Delta Upsilon Ribbon Sale Benefitting THON,Item Sale,Delta Gamma & Delta Upsilon International Fraternity Delta Upsilon,1544 & 37,11/10/2023,11/10/2023,GNC: 200 E COLLEGE AVE  STATE COLLEGE PA 16801,Approved,250,655,Greek,,
Anna & Diane Hoodie Sale Benefitting THON,Merchandise Sale,Anna Boyer and Diane Friedman (2024),3086,12/1/2023,12/14/2023,,Canceled,100,,Independent Couple,,
Epsilon Sigma Alpha Ribbon Sale Benefitting THON,Item Sale,Epsilon Sigma Alpha ESA,562,11/10/2023,11/10/2023,The Field: 1 COUNTRY CLUB LN  STATE COLLEGE PA 16803,Approved,100,67,General,,
Ribbon Sale SPN Benefitting THON,Item Sale,Student Philanthropy Network SPN,3198,11/10/2023,11/10/2023,Family Clothesline: 352 E COLLEGE AVE STE B  STATE COLLEGE PA 16801,Approved,200,46,NewMC,,
Pie A Penn State Cheerleader Benefitting THON,Item Sale,Penn State Cheerleading Team,259,11/10/2023,11/10/2023,Penn State HUB- Robeson Center:     ,Canceled,250,,General,,
ServeState x Succulent Sale Benefitting THON,Item Sale,Servestate: Students For Philanthropy ServeState,546,11/10/2023,11/10/2023,Hub:     ,Approved,125,35,General,,
Delta Sigma Pi Pie a Brother Benefitting THON,Item Sale,Delta Sigma Pi ,85,11/10/2023,11/10/2023,Hub Lawn North:     ,Approved,100,483,General,,
Pillar Ribbon Sale Benefitting THON,Item Sale,Pillar ,1297,11/10/2023,11/10/2023,MISKA Jewelers: 100 E COLLEGE AVE  STATE COLLEGE PA 16801,Approved,100,387.85,Special Interest,,
Breakfast Sandwiches & Coffee Delivery Benefitting THON,Item Sale,Era Pasha and Madeline Ritenour (2024),3147,12/2/2023,12/2/2023,Era Pasha: 150 E BEAVER AVE  STATE COLLEGE PA 16801,Approved,100,106,Independent Couple,,
Chipotle Fundraiser Benefitting THON,Restaurant Fundraiser,Maddie Neulander and Katelyn Felsberg (2024),3190,12/2/2023,12/2/2023,Chipotle: 116 HIESTER ST  STATE COLLEGE PA 16801,Approved,100,0,Independent Couple,,
Big 10 Championship Game Squares Benefitting THON,Sporting Event,Brendan Polidora and Jack Shields (2024),3057,12/2/2023,12/2/2023,Online:     ,Denied,1000,,Independent Couple,,
Tri-STATE Ribbon Sale x Benefitting THON,Item Sale,Tri-STATE ,1177,11/10/2023,11/10/2023,MISKA Jewelers: 100 E COLLEGE AVE  STATE COLLEGE PA 16801,Approved,150,100.56,Special Interest,,
Alpha Phi Omega Hot Chocolate Sale Benefitting THON,Item Sale,Alpha Phi Omega ,54,11/11/2023,11/11/2023,Hub Lawn:     ,Approved,100,100,General,,
Tapestry Dance Company Ribbon Sale Benefitting THON,Item Sale,Tapestry Dance Company ,142,11/11/2023,11/11/2023,Student Bookstore: 330 E COLLEGE AVE  STATE COLLEGE PA 16801,Approved,50,46,General,,
Alpha Xi Delta & Lambda Chi Alpha Ribbon Sale Benefitting THON,Item Sale,Alpha Xi Delta AXID & Lambda Chi Alpha,31 & 5,11/11/2023,11/11/2023,The Original Waffle Shop West: 1610 W COLLEGE AVE  STATE COLLEGE PA 16801,Canceled,400,,Greek,,
Autumn and Sarah Pasta Party Benefitting THON,Benefit Dinner,Autumn Swain and Sarah Vargas (2024),3161,12/3/2023,12/3/2023,632 W College Ave:,Approved,150,153,Independent Couple,,
Volé x Alpha Sigma Phi 11/12 Ribbon Sale Benefitting THON,Item Sale,Alpha Sigma Phi & Volé,126 & 34,11/12/2023,11/12/2023,Starbucks: 180 E BEAVER AVE  STATE COLLEGE PA 16801,Approved,100,,Greek,,
Phi Chi Theta Ribbon Sale at the Field Benefitting THON,Item Sale,Phi Chi Theta ,206,11/12/2023,11/12/2023,The Field Burger and Tap: 1 COUNTRY CLUB LN  STATE COLLEGE PA 16803,Approved,100,280,General,,
Whiplash and PKT's Ribbon Sale Benefitting THON,Item Sale,Phi Kappa Tau PKT/ Phi Tau  & Whiplash Dance Team,47 & 215,11/12/2023,11/12/2023,Family Clothes Line: 352 E COLLEGE AVE  STATE COLLEGE PA 16801,Approved,100,86,Greek,,
Behrend Ribbon Sales at Walmart Benefitting THON,Item Sale,Behrend,73,11/12/2023,11/12/2023,Walmart Supercenter: 1825 DOWNS DR  ERIE PA 16509,Approved,500,,Commonwealth,,
PSU Figure Skating Gardner's Candies Benefitting THON,Item Sale,Figure Skating,1334,11/12/2023,11/25/2023,,Approved,50,,General,,
Football Watch Party Benefitting THON,Benefit Dinner,Mackenzie Lee and Cade Helfrich (2024),3133,12/3/2023,12/3/2023,131 Heister Street apt 522:,Canceled,150,,Independent Couple,,
A-7 Double Good Benefitting THON,Item Sale,A-7,1192,11/13/2023,11/17/2023,,Approved,200,375.5,Special Interest,,
Penn State Law Book Sale Benefitting THON,Item Sale,Penn State Law,1552,11/13/2023,11/16/2023,Penn State Law- Lewis Katz Building:     ,Canceled,50,,Commonwealth,,
Painting Pup Kits Benefitting THON,Item Sale,Pre-Vet Club PVC,1095,11/13/2023,11/17/2023,HUB:     ,Approved,100,110,General,,
Liberal Arts Ambassadors Freindship Bracelet Sale Benefitting THON,Item Sale,Liberal Arts Ambassadors LAA,2664,11/13/2023,11/13/2023,UP- HUB Table ##4:,Canceled,75,,General,,
Gift card Raffle Benefitting THON,Item Sale,Fayette,44,11/13/2023,11/16/2023,Penn State Fayette:     ,Approved,8000,8000,Commonwealth,,
Hershey Kisses Grilled Stickies Sale Benefitting THON,Item Sale,Hershey Kisses HK,1667,11/13/2023,11/26/2023,,Approved,1000,916.5,Special Interest,,
Football Watch Party Benefitting THON,Benefit Dinner,Mackenzie Lee and Cade Helfrich (2024),3133,12/3/2023,12/3/2023,131 Heister Street apt 522:,Canceled,150,,Independent Couple,,
SPSEA X Sticker Sale Benefitting THON,Item Sale,Student Pennsylvania State Education Association SPSEA,96,11/13/2023,11/16/2023,,Approved,150,138,General,,
Whiplash x PKT Texas Roadhouse Fundraiser Benefitting THON,Item Sale,Phi Kappa Tau PKT/ Phi Tau  & Whiplash Dance Team,47 & 215,11/14/2023,11/14/2023,UP: HUB Main Lounge Table #1:,Approved,100,96,Greek,,
SfW x EWiL Bracelet Sale Benefitting THON,Item Sale,Empowering Women in Law EWIL & Schreyer for Women SFW,2886 & 2927,11/14/2023,11/14/2023,HUB Informational Table #6:,Approved,100,76,General,,
Pasta Dinner Benefitting THON,Benefit Dinner,Gigi Corazzi and Alyssa Aprahamian (2024),3125,12/3/2023,12/3/2023,Gigi Corazzi: 150 E BEAVER AVE  STATE COLLEGE PA 16801,Approved,200,,Independent Couple,,
Penn State Lehigh Valley Children's Book Drive Benefitting THON,Item Sale,Lehigh Valley,113,11/15/2023,11/28/2023,Penn State Lehigh Valley:     ,Approved,500,,Commonwealth,,
Epsilon Sigma Alpha Ribbon Sale Benefitting THON,Item Sale,Epsilon Sigma Alpha ESA,562,11/15/2023,11/15/2023,The Field: 1 COUNTRY CLUB LN  STATE COLLEGE PA 16803,Approved,100,,General,,
Corn Bag Fundraiser x Apollo Benefitting THON,Item Sale,Apollo ,1745,11/15/2023,11/15/2023,022 BBH:,Approved,150,210,Special Interest,,
Whiplash x PKT Texas Roadhouse Fundraiser Benefitting THON,Item Sale,Phi Kappa Tau PKT/ Phi Tau  & Whiplash Dance Team,47 & 215,11/15/2023,11/15/2023,UP: HUB Main Lounge Table #1:,Approved,99.96,154,Greek,,
Trilogy and Phi Sigma Kappa Thanksgiving Dinner Benefitting THON,Item Sale,Phi Sigma Kappa PSK & Trilogy ,72 & 10,11/15/2023,11/15/2023,Phi Sigma Kappa: 501 S ALLEN ST  STATE COLLEGE PA 16801,Canceled,250,,Greek,,
DG x DU Carters Table Fundraiser Benefitting THON,Item Sale,Delta Gamma & Delta Upsilon International Fraternity Delta Upsilon,1544 & 37,11/15/2023,11/15/2023,Carter's Table: 407 E BEAVER AVE  STATE COLLEGE PA 16801,Approved,100,0,Greek,,
Sports Business Club Professional Headshots Fundraiser Benefitting THON,Item Sale,Sports Business Club SBC,287,11/15/2023,11/15/2023,Business Building Atrium:     ,Approved,75,60,General,,
Ribbon Sales Benefitting THON,Item Sale,Nittany Dance Project NDP & Theta Chi,102 & 2876,11/15/2023,11/15/2023,McLanahan's Penn State Room: 414 E COLLEGE AVE  STATE COLLEGE PA 16801,Approved,100,562,Greek,,
Pie a brother and Pie a Dancer Benefitting THON,Item Sale,Nittany Dance Project NDP & Theta Chi,102 & 2876,11/15/2023,11/15/2023,HUB Robeson Center:     ,Approved,100,450,Greek,,
Finals Care Packages Benefitting THON,Item Sale,Brianna Lewis and Makenna Shields (2024),3107,12/3/2023,12/9/2023,Makenna Shields:     ,Approved,100,,Independent Couple,,
Science LionPride Ribbon and Bracelet Sale Benefitting THON,Item Sale,Science Lionpride SLP,1379,11/16/2023,11/16/2023,Maycee Burnside:     ,Approved,100,13,General,,
Ribbon Fundraiser- House Full of Letters x Benefitting THON,Item Sale,No Refund Theatre NRT,235,11/16/2023,11/18/2023,Forum 111:,Approved,30,17,General,,
TEPXGSS Pie a Brother Fundraiser Benefitting THON,Item Sale,Gamma Sigma Sigma  & Tau Epsilon Phi TEP,46 & 2213,11/16/2023,11/16/2023,Hub-Robeson Center Lawn:     ,Canceled,100,,Greek,,
TEPXGSS Pie a Brother Fundraiser Benefitting THON,Item Sale,Gamma Sigma Sigma  & Tau Epsilon Phi TEP,46 & 2213,11/16/2023,11/16/2023,Hub-Robeson Center Lawn:     ,Approved,100,,Greek,,
ADPi & SAE's Ribbon Sale Benefitting THON,Item Sale,Alpha Delta Pi ADPi,20,11/17/2023,11/17/2023,Yallah Taco: 310 E COLLEGE AVE  STATE COLLEGE PA 16801,Canceled,100,,Greek,,
Axis Lion Shrine Benefitting THON,Item Sale,Axis ,1747,11/17/2023,11/17/2023,The Nittany Lion Shrine: Curtin Rd and Burrowes Rd:     ,Approved,250,238,Special Interest,,
Twin Valley Coffee Benefitting THON,Item Sale,Taylor Root and Meghan McFillin (2024),3193,12/3/2023,12/16/2023,,Approved,50,,Independent Couple,,
Delta Gamma x Delta Upsilon Benefitting THON,Item Sale,Delta Gamma & Delta Upsilon International Fraternity Delta Upsilon,1544 & 37,11/17/2023,11/17/2023,GNC: 200 E COLLEGE AVE  STATE COLLEGE PA 16801,Canceled,250,,Greek,,
Pasta Dinner Benefitting THON,Benefit Dinner,Maeve Riley and Sophie Sclafani (2024),3138,12/4/2023,12/10/2023,,Approved,150,231,Independent Couple,,
Penn State Scranton Joe Corbi's Catalog Fundraiser Benefitting THON,Item Sale,Scranton,171,11/17/2023,11/30/2023,Penn State Scranton/Online:     ,Canceled,250,,Commonwealth,,
Penn State CHAARG X 2000 Degrees Benefitting THON,Item Sale,"Changing Health, Attitudes, and Actions To Recreate Girls at Penn State CHAARG",2098,11/17/2023,11/17/2023,2000 Degrees: 202 W COLLEGE AVE  STATE COLLEGE PA 16801,Approved,200,,General,,
Holiday Caroling Benefitting THON,Event/Concert,Maddie Neulander and Katelyn Felsberg (2024),3190,12/4/2023,12/4/2023,Katelyn Felsberg: 320 E BEAVER AVE Apt 505 STATE COLLEGE PA 16801,Canceled,80,,Independent Couple,,
Ornament Sale Benefitting THON,Item Sale,Ariana Buccelli and Isabella Turndorf (2024),3099,12/4/2023,12/4/2023,HUB Information Table #5:,Approved,100,105,Independent Couple,,
Candy Cane Grams Benefitting THON,Item Sale,Maia Ramsey and Avery Vodar (2024),3212,12/4/2023,12/9/2023,,Approved,54.93,30,Independent Couple,,
Penn State Lehigh Valley Ribbon Sale Benefitting THON,Item Sale,Lehigh Valley,113,11/19/2023,11/19/2023,Christkindlmarkt Bethlehem:: 101 FOUNDERS WAY  BETHLEHEM PA 18015,Approved,100,146,Commonwealth,,
Whiplash and PKT's Ribbon Sale Benefitting THON,Item Sale,Phi Kappa Tau PKT/ Phi Tau  & Whiplash Dance Team,47 & 215,11/19/2023,11/19/2023,Family Clothes Line: 352 E COLLEGE AVE  STATE COLLEGE PA 16801,Approved,100,,Greek,,
Madison x Ava Clothing Sale- Benefitting THON,Item Sale,Madison Ekstrom and Ava Paulucci (2024),3222,12/4/2023,12/4/2023,Ava Paulucci: 632 W COLLEGE AVE  STATE COLLEGE PA 16801,Approved,175,80,Independent Couple,,
Ribbon Sale Benefitting THON,Item Sale,Fayette,44,11/20/2023,11/22/2023,Shop N Save: 150 WALNUT HILL RD  UNIONTOWN PA 15401,Approved,1000,,Commonwealth,,
Chi Phi and Phi Rho Cookie Dough Benefitting THON,Item Sale,Chi Phi & Phi Sigma Rho Phi Rho,81 & 160,11/20/2023,12/3/2023,,Canceled,100,,Greek,,
Epsilon Sigma Alpha Ribbon Sale Benefitting THON,Item Sale,Epsilon Sigma Alpha ESA,562,11/20/2023,11/20/2023,Playa Bowls: 4 AIRPORT SQ  NORTH WALES PA 19454,Approved,100,65,General,,
Phi Chi Theta Ribbon Sale at the Philly Pretzel Factory Benefitting THON,Item Sale,Phi Chi Theta ,206,11/20/2023,11/20/2023,The Philly Pretzel Factory: 499 HORSHAM RD  HORSHAM PA 19044,Approved,100,340,General,,
Phi Gamma Nu Ribboning Fundraiser Benefitting THON,Item Sale,Phi Gamma Nu ,29,11/20/2023,11/20/2023,2133 Market St:,Approved,100,91,General,,
Club Cross Country November 20th Ribbon Sale Benefitting THON,Item Sale,Club Cross Country XC,305,11/20/2023,11/20/2023,Johnny's Bagels & Deli: 472 MAIN ST  BETHLEHEM PA 18018,Approved,125,43,General,,
Canes Fundraiser X Benefitting THON,Restaurant Fundraiser,Anya Arora and Maggie Conklin (2024),3229,12/4/2023,12/4/2023,Raising Canes: 228 E COLLEGE AVE  STATE COLLEGE PA 16801,Denied,50,,Independent Couple,,
Club Cross Country November 21st and 22nd Ribbon Sales Benefitting THON,Item Sale,Club Cross Country XC,305,11/21/2023,11/22/2023,Bucks County Running Co:     ,Approved,225,250.2,General,,
Camille Rock Shoe Charm Sale Benefitting THON,Item Sale,Fundraising Outreach 2,2370,11/21/2023,11/26/2023,Anywhere where Committee Member lives:     ,Approved,100,26.6,joint,,
Tapestry Dance Company Charleston Wrapped Online Fundraiser Benefitting THON,Item Sale,Tapestry Dance Company ,142,11/21/2023,12/4/2023,,Approved,200,,General,,
Club Cross Country November 21st Ribbon Sale Benefitting THON,Item Sale,Club Cross Country XC,305,11/21/2023,11/21/2023,Witch Flavor: 588 3RD ST  BEAVER PA 15009,Approved,150,60,General,,
S'mores Benefitting THON,Bake Sale,Ashtyn Webb and Gab Zuckerman (2024),3089,12/5/2023,12/5/2023,Gab's House: 316 W FAIRMOUNT AVE  STATE COLLEGE PA 16801,Canceled,100,,Independent Couple,,
Bracelets Benefitting THON,Item Sale,Era Pasha and Madeline Ritenour (2024),3147,12/5/2023,12/5/2023,HUB:     ,Canceled,100,,Independent Couple,,
Epsilon Sigma Alpha Ribbon Sale Benefitting THON,Item Sale,Epsilon Sigma Alpha ESA,562,11/22/2023,11/22/2023,Orbis Caffee: 675 WASHINGTON RD  PITTSBURGH PA 15228,Approved,100,62,General,,
Pittsburgh Ribbon Sales Benefitting THON,Item Sale,Delta Sigma Pi ,85,11/22/2023,11/22/2023,Bethel Bakery: 5200 BRIGHTWOOD RD  BETHEL PARK PA 15102,Approved,100,432,General,,
Ribbon Sale x Apollo Benefitting THON,Item Sale,Apollo ,1745,11/22/2023,11/22/2023,The Juice Pod Ridley: 237 MILMONT AVE  FOLSOM PA 19033,Approved,50,102,Special Interest,,
2024 Logo Button Pins Benefitting THON,Item Sale,Manav Shah and Amisha Chander (2024),3142,12/5/2023,12/17/2023,,Denied,999.98,,Independent Couple,,
Ribbon Sale Benefitting THON,Item Sale,Pillar ,1297,11/23/2023,11/23/2023,Primantis Downtown: 2 MARKET SQ  PITTSBURGH PA 15222,Canceled,50,,Special Interest,,
Pillar Ribbon Sale Benefitting THON,Item Sale,Pillar ,1297,11/24/2023,11/24/2023,Dwellings Boutique: 426 MARKET ST  LEWISBURG PA 17837,Canceled,50,,Special Interest,,
Pillar Ribbon Sale Benefitting THON,Item Sale,Pillar ,1297,11/24/2023,11/24/2023,Yardley Jewelers: 2 S MAIN ST  YARDLEY PA 19067,Canceled,50,,Special Interest,,
Penn State Lehigh Valley Ribbon Sale Benefitting THON,Item Sale,Lehigh Valley,113,11/25/2023,11/25/2023,Christkindlmarkt Bethlehem:     ,Canceled,100,,Commonwealth,,
Penn State Lehigh Valley Ribbon Sale Benefitting THON,Item Sale,Lehigh Valley,113,11/25/2023,11/25/2023,Christkindlmarkt Bethlehem: 101 FOUNDERS WAY  BETHLEHEM PA 18015,Approved,100,645,Commonwealth,,
Philadelphia Ribbon Sales Benefitting THON,Item Sale,Delta Sigma Pi ,85,11/25/2023,11/25/2023,Carlino's Market: 128 W MARKET ST  WEST CHESTER PA 19382,Approved,100,1090.82,General,,
Atlas Ribbon Sale Benefitting THON,Item Sale,Atlas ,312,11/25/2023,11/25/2023,Helmrich’s Seafood: 137 5TH ST  WILLIAMSPORT PA 17701,Approved,100,186,Special Interest,,
Virginia Ribbon Sales Benefitting THON,Item Sale,Delta Sigma Pi ,85,11/25/2023,11/25/2023,Panera Bread: 7351 ATLAS WALK WAY  GAINESVILLE VA 20155,Approved,100,319,General,,
Atlas Ribbon Sale Benefitting THON,Item Sale,Atlas ,312,11/25/2023,11/25/2023,Champion Shoe Sales & Repair: 119 N 2ND ST REAR  LEWISBURG PA 17837,Approved,100,136,Special Interest,,
Atlas Ribbon Sale Benefitting THON,Item Sale,Atlas ,312,11/25/2023,11/25/2023,Sugar Whipped Bakery: 77 E MAIN ST  LITITZ PA 17543,Approved,100,67,Special Interest,,
Phi Chi Theta Ribboning at the Starbucks in Doylestown Benefitting THON,Item Sale,Phi Chi Theta ,206,11/25/2023,11/25/2023,Starbucks: 10 N MAIN ST  DOYLESTOWN PA 18901,Approved,100,135,General,,
Phi Gamma Nu Ribbon Sale Benefitting THON,Item Sale,Phi Gamma Nu ,29,11/25/2023,11/25/2023,Pennsylvania Macaroni Co.: 2010 PENN AVE # 2012  PITTSBURGH PA 15222,Approved,100,359,General,,
Alpha Omicron Pi & Phi Kappa Psi Yellow Ribbon Sale Benefitting THON,Item Sale,Alpha Omicron Pi AOII & Phi Kappa Psi,8 & 32,11/26/2023,11/26/2023,Mclanahans Penn State Room: 414 E COLLEGE AVE  STATE COLLEGE PA 16801,Canceled,100,,Greek,,
Whiplash and PKT's Ribbon Sale Benefitting THON,Item Sale,Phi Kappa Tau PKT/ Phi Tau  & Whiplash Dance Team,47 & 215,11/26/2023,11/26/2023,Family Clothes Line: 352 E COLLEGE AVE  STATE COLLEGE PA 16801,Approved,100,,Greek,,
Behrend Ribbon Sales at Walmart Benefitting THON,Item Sale,Behrend,73,11/26/2023,11/26/2023,Walmart Supercenter: 1825 DOWNS DR  ERIE PA 16509,Approved,500,655.57,Commonwealth,,
Volé Rent a Dress Benefitting THON,Item Sale,Volé,126,11/26/2023,12/1/2023,HUB-Robeson Center:     ,Approved,50,45,General,,
New Jersey Ribbon Sales Benefitting THON,Item Sale,Delta Sigma Pi ,85,11/26/2023,11/26/2023,Bagel City Grille: 998 TABOR RD  MORRIS PLAINS NJ 07950,Approved,100,660.1,General,,
PSU Figure Skating Gardner's Candies Benefitting THON,Item Sale,Figure Skating,1334,11/26/2023,12/9/2023,,Approved,50,,General,,
Phi Sigma Rho and Chi Phi Bread Fundraiser Benefitting THON,Item Sale,Chi Phi & Phi Sigma Rho Phi Rho,81 & 160,11/26/2023,12/2/2023,,Approved,100,0,Greek,,
Phi Gamma Nu Ribbon Sale Benefitting THON,Item Sale,Phi Gamma Nu ,29,11/26/2023,11/26/2023,21 W Street:,Approved,100,185,General,,
Phi Gamma Nu Ribbon Sale Benefitting THON,Item Sale,Phi Gamma Nu ,29,11/26/2023,11/26/2023,21 W Street:,Approved,100,,General,,
Volé Dance Photoshoot Benefitting THON,Item Sale,Volé,126,11/27/2023,12/9/2023,Borland Building:     ,Approved,100,241,General,,
Zumba Benefitting THON,Sporting Event,Michael Castelli and Liza Huber (2024) & Penn State Fitness Instructors,1104 & 3102,12/5/2023,12/5/2023,Intramural Building:     ,Denied,100,,Independent Couple,,
Fitness Class Benefitting THON,Sporting Event,Lily Blomster and Natasha Farmer (2024) & Penn State Fitness Instructors,1104 & 3093,12/5/2023,12/5/2023,White building:     ,Approved,75,25,Independent Couple,,
Dancer Relations Holiday Candy Grams Benefitting THON,Item Sale,THON Dancer Relations,1006,11/27/2023,12/5/2023,,Approved,200,67,joint,,
Gigi X Alyssa and Kylie X Olivia Cookies and Cocoa Benefitting THON,Benefit Dinner,Gigi Corazzi and Alyssa Aprahamian (2024) & Olivia Keyte and Kylie Marsden (2024),3125 & 3150,12/6/2023,12/6/2023,The Edge: 254 E BEAVER AVE  STATE COLLEGE PA 16801,Approved,200,,Independent Couple,,
FOTO Pasta Dinner Benefitting THON,Item Sale,FOTO ,1336,11/28/2023,11/28/2023,HUB:     ,Approved,20,75,Special Interest,,
Pie us in the Face Benefitting THON,Event/Concert,Alicia Armstrong and Chelsea Birkel (2024),3220,12/6/2023,12/6/2023,HUB-Robeson Center:     ,Approved,70,97,Independent Couple,,
Stocking Stuffers x Unison Benefitting THON,Item Sale,Unison ,3124,11/28/2023,11/30/2023,HUB Information Table:     ,Approved,100,71,General,,
Basket Bingo Benefitting THON,Item Sale,Fayette,44,11/28/2023,12/11/2023,Penn State Fayette- The Elberly Campus:     ,Approved,1000,,Commonwealth,,
Raffle Benefitting THON,Item Sale,Fayette,44,11/28/2023,12/11/2023,Penn State Fayette- The Elberly Campus:     ,Approved,8000,,Commonwealth,,
PSET x PGM Wreath Sale Benefitting THON,Item Sale,English Equestrian Club  & Professional Golf Management,314 & 381,11/28/2023,12/10/2023,,Approved,100,,General,,
Penn State Lehigh Valley Children's Book Drive Benefitting THON,Item Sale,Lehigh Valley,113,11/29/2023,12/12/2023,Penn State Lehigh Valley:     ,Approved,500,,Commonwealth,,
Everyday Christmas Ornament Sale x Benefitting THON,Item Sale,Everyday Benefitting THON Everyday,1194,11/29/2023,11/30/2023,HUB Information Desk 1:,Approved,50,35.5,Special Interest,,
Ohana X Apollo Pasta Dinner Benefitting THON,Item Sale,Apollo  & Ohana ,1161 & 1745,11/29/2023,11/29/2023,247 South Barnard Street: 247 S BARNARD ST  STATE COLLEGE PA 16801,Approved,100,115,Special Interest,,
Ornament Making Impact Benefitting THON,Item Sale,Impact ,1751,11/29/2023,11/29/2023,HUB Robeson Center:     ,Approved,50,30,Special Interest,,
Sigma Kappa Finals Care Packages Benefitting THON,Item Sale,Sigma Kappa,35,11/29/2023,12/8/2023,,Approved,300,485,Greek,,
ADP x DPHIE Mystery Gift Benefitting THON,Item Sale,Alpha Delta Phi Delta House & Delta Phi Epsilon DPhiE,1073 & 2090,11/30/2023,11/30/2023,Hetzel Union Building:     ,Canceled,100,,Greek,,
Dancer Relations Committee Tag Benefitting THON,Item Sale,THON Dancer Relations,1006,11/30/2023,12/5/2023,,Approved,500,1127,joint,,
USITT Concessions Benefitting THON,Item Sale,US Institute of Theatre Technology  USITT,2705,11/30/2023,11/30/2023,Pavilion Theatre:     ,Approved,20,12,General,,
Hitz Different R&R Committee X School Dress Down Day Benefitting THON,Item Sale,Security Team 7,2529,11/30/2023,12/13/2023,St Hubert Catholic High School: 7320 TORRESDALE AVE  PHILADELPHIA PA 19136,Approved,100,,joint,,
Society of Women Engineers Virtual Garage Sale Benefitting THON,Item Sale,Society of Women Engineers SWE,57,11/30/2023,12/11/2023,Hammond 123:,Approved,100,110,General,,
Phi Chi Theta Ribbon Sale at the Field Benefitting THON,Item Sale,Phi Chi Theta ,206,12/1/2023,12/1/2023,The Field Burger and Tap: 1 COUNTRY CLUB LN  STATE COLLEGE PA 16803,Approved,100,164,General,,
Kappa Kappa Gamma Build-a-Bear Benefitting THON,Item Sale,Delta Chi & Kappa Kappa Gamma,23 & 22,12/1/2023,12/1/2023,HUB-Robeson Center:     ,Approved,300,800,Greek,,
Finals Week/Xmas Goodie Bags Benefitting THON,Item Sale,Penn State Fitness Instructors,1104,12/1/2023,12/8/2023,,Approved,300,120,General,,
ADP x DPHIE Mystery Gift Benefitting THON,Item Sale,Alpha Delta Phi Delta House & Delta Phi Epsilon DPhiE,1073 & 2090,12/1/2023,12/1/2023,Hetzel Union Building:     ,Approved,100,72,Greek,,
CullyfloweR&Rs Ribbon Sale Benefitting THON,Item Sale,Events Coordinator & Committee Liaison,2373,12/1/2023,12/1/2023,HUB Information Booth:     ,Approved,100,83,joint,,
Alpha Phi Omega Plant Sale Benefitting THON,Item Sale,Alpha Phi Omega ,54,12/2/2023,12/2/2023,Hub Lawn:     ,Approved,100,9,General,,
J9 Nails Manicure Benefitting THON,Item Sale,Maggie DeVito and Janine Fiorella (2024),3168,12/6/2023,12/8/2023,Pugh Centre: 150 E BEAVER AVE Apt. 414 STATE COLLEGE PA 16801,Canceled,50,,Independent Couple,,
Penn State Lehigh Valley Ribbon Sale Benefitting THON,Item Sale,Lehigh Valley,113,12/2/2023,12/2/2023,The Coopersburg Diner & Family Resturant: 336 N 3RD ST  COOPERSBURG PA 18036,Canceled,100,,Commonwealth,,
Ribbon Fundraiser- Company x Benefitting THON,Item Sale,No Refund Theatre NRT,235,12/2/2023,12/2/2023,Forum 111:,Approved,40,55.8,General,,
Kappa Kappa Gamma x Gemini Jewlery Benefitting THON,Item Sale,Kappa Kappa Gamma,22,12/3/2023,12/3/2023,The Maxxen: 131 HIESTER ST  STATE COLLEGE PA 16801,Canceled,200,,Greek,,
Whiplash and PKT's Ribbon Sale Benefitting THON,Item Sale,Phi Kappa Tau PKT/ Phi Tau  & Whiplash Dance Team,47 & 215,12/3/2023,12/3/2023,Family Clothes Line: 352 E COLLEGE AVE  STATE COLLEGE PA 16801,Approved,99.97,,Greek,,
Kappa Kappa Gamma Build-a-Bear Benefitting THON,Item Sale,Delta Chi & Kappa Kappa Gamma,23 & 22,12/3/2023,12/3/2023,HUB-Robeson Center:     ,Canceled,300,,Greek,,
Axis Lion Shrine Benefitting THON,Item Sale,Axis ,1747,12/3/2023,12/3/2023,The Nittany Lion Shrine:     ,Canceled,250,,Special Interest,,
Behrend Ribbon Sales at Walmart Benefitting THON,Item Sale,Behrend,73,12/3/2023,12/3/2023,Walmart Supercenter: 1825 DOWNS DR  ERIE PA 16509,Approved,500,727.5,Commonwealth,,
Phi Chi Theta Ribbon Sale at the Field Benefitting THON,Item Sale,Phi Chi Theta ,206,12/3/2023,12/3/2023,The Field Burger and Tap: 1 COUNTRY CLUB LN  STATE COLLEGE PA 16803,Approved,100,124,General,,
Sigma Kappa Ribbon Sale Benefitting THON,Item Sale,Sigma Kappa,35,12/3/2023,12/3/2023,Thomas 100:,Approved,50,13,Greek,,
Kappa Kappa Gamma x Delta Chi Ornament Decorating Benefitting THON,Item Sale,Delta Chi & Kappa Kappa Gamma,23 & 22,12/3/2023,12/3/2023,,Approved,199.98,104,Greek,,
Wild WeStearns’ Candy Grams Benefitting THON,Item Sale,Security Team 8,3194,12/3/2023,12/10/2023,State College:     ,Approved,40,,joint,,
Finals Breakfast Run Benefitting THON,Item Sale,Rexanna Quedenfeld and Lisa Han (2024),3094,12/6/2023,12/13/2023,,Canceled,50,,Independent Couple,,
Alyssa and Amber X Sticker Sale X Benefitting THON,Item Sale,Alyssa Becker and Amber Singh (2024),3186,12/6/2023,12/19/2023,,Approved,100,,Independent Couple,,
Kerrigan and Abby & Haley and Jacob Benefitting THON,Restaurant Fundraiser,Haley McKeever and Jacob Rotondo (2024) & Kerrigan Beggy and Abby Bisson (2024),3064 & 3199,12/6/2023,12/6/2023,Panera Bread: 148 S ALLEN ST  STATE COLLEGE PA 16801,Approved,100,0,Independent Couple,,
Penn State Lehigh Valley Children's Book Drive Benefitting THON,Item Sale,Lehigh Valley,113,12/4/2023,12/8/2023,Northampton Area High School: 1619 LAUBACH AVE  NORTHAMPTON PA 18067,Canceled,100,,Commonwealth,,
Penn State Lehigh Valley Children's Book Drive Benefitting THON,Item Sale,Lehigh Valley,113,12/4/2023,12/8/2023,Northampton Area Middle School: 1617 LAUBACH AVE  NORTHAMPTON PA 18067,Canceled,100,,Commonwealth,,
Wellness Bags x Apollo Benefitting THON,Item Sale,Apollo ,1745,12/4/2023,12/6/2023,022 BBH- Apollo General Meeting Location:,Approved,50,15,Special Interest,,
SPSEA X Mason Jar Craft Benefitting THON,Item Sale,Student Pennsylvania State Education Association SPSEA,96,12/4/2023,12/4/2023,Chambers Building:     ,Approved,50,55,General,,
SNAPS Benefitting THON,Item Sale,Student Nurses' Association at Penn State SNAPS,104,12/4/2023,12/4/2023,Hershey Campus - College of Nursing:     ,Approved,50,20,General,,
Kines x SNAPS Clothing Auction-Benefitting THON,Item Sale,Kinesiology Club KINES club & Student Nurses' Association at Penn State SNAPS,104 & 100,12/4/2023,12/4/2023,Willard Building Room 360:,Approved,150,160,General,,
The Woodshop Labs Auction Benefitting THON,Item Auction,Hunter Porcano and Kat Irby (2024),3159,12/7/2023,12/9/2023,,Denied,500,,Independent Couple,,
PLL Sticker Sale Benefitting THON,Item Sale,Lyrical Line Dance Company PLL ,79,12/4/2023,12/5/2023,,Approved,50,70,General,,
Candygrams Benefitting THON,Item Sale,Men's Club Ultimate Frisbee & Women's Club Ultimate Frisbee ,2067 & 348,12/4/2023,12/8/2023,,Approved,150,52,General,,
Pink House Chocolates Benefitting THON,Item Sale,Greater Allegheny,163,12/4/2023,12/8/2023,Student Community Center (SCC):     ,Approved,150,100,Commonwealth,,
AYS afternoon coffee Benefitting THON,Item Sale,Arabian Youth Society AYS,3216,12/4/2023,12/4/2023,Fraser Commomns: 115 S FRASER ST  STATE COLLEGE PA 16801,Canceled,150,,joint,,
Primanti Bros. Dine to Donate for Danielle Valletti and Haley Begany Benefitting THON,Restaurant Fundraiser,Danielle Valletti and Haley Begany (2024),3081,12/7/2023,12/7/2023,Primanti Brothers: 130 HIESTER ST  STATE COLLEGE PA 16801,Approved,300,,Independent Couple,,
Sarah and Sonoma's Spaghetti Dinner Benefitting THON,Benefit Dinner,Sarah Trueman and Sonoma Calkins (2024),3226,12/9/2023,12/13/2023,Sarah Trueman: 478 E BEAVER AVE  STATE COLLEGE PA 16801,Approved,100,170,Independent Couple,,
Delta Gamma x Delta Upsilon Ornamnet Making Benefitting THON,Item Sale,Delta Gamma & Delta Upsilon International Fraternity Delta Upsilon,1544 & 37,12/5/2023,12/5/2023,Delta Upsilon: 229 LOCUST LN  STATE COLLEGE PA 16801,Approved,150,135,Greek,,
Lucas and Aidan Taco Night Benefitting THON,Benefit Dinner,Lucas Levant and Aidan Bastarrika (2024),3227,12/10/2023,12/10/2023,601 S Pugh:,Approved,100,,Independent Couple,,
Pasta Dinner Benefitting THON,Item Sale,Alpha Tau Omega ATO & Zeta Tau Alpha,1 & 2,12/5/2023,12/5/2023,Alpha Tau Omega: 119 E PROSPECT AVE  STATE COLLEGE PA 16801,Approved,100,392,Greek,,
Tri-STATE Raffle x Benefitting THON,Item Sale,Tri-STATE ,1177,12/5/2023,12/8/2023,,Approved,100,210,Special Interest,,
Pancake Breakfast Benefitting THON,Item Sale,Riley Neglia and Kari Jim (2024),3137,12/10/2023,12/10/2023,Centre Court Apartments: 141 S GARNER ST Apt 504 STATE COLLEGE PA 16801,Approved,130,70,Independent Couple,,
Pasta Dinner Delivery Benefitting THON,Item Sale,Era Pasha and Madeline Ritenour (2024),3147,12/10/2023,12/10/2023,150 E Beaver Ave:,Canceled,150,,Independent Couple,,
Sigma Sigma Sigma x Zeta Beta Tau: Pics with Santa Benefitting THON,Item Sale,Sigma Sigma Sigma Tri Sigma & Zeta Beta Tau ZBT,33 & 1476,12/6/2023,12/6/2023,HUB:     ,Approved,100,296,Greek,,
Holiday Craft Night Benefitting THON,Item Sale,Blue Band ,95,12/6/2023,12/6/2023,Chambers Building Room 202:,Approved,60,56,General,,
Lindsasaurus R&Rex Bracelet and Ribbon Sale Benefitting THON,Item Sale,Fundraising Outreach 6,2384,12/6/2023,12/6/2023,HUB Information Table #3:,Approved,100,70,joint,,
Thrifting fundraiser for fashion society at Penn-state Benefitting THON,Item Sale,Fashion Society at Penn State FSPS,2593,12/6/2023,12/6/2023,HUB:     ,Approved,200,,General,,
Eclipse Holiday Goodie Bags Benefitting THON,Item Sale,Eclipse ,2020,12/6/2023,12/6/2023,Sparks Building:     ,Approved,50,40,Special Interest,,
Finals Coffee/Tea Delivery Benefitting THON,Item Sale,Maddie Neulander and Katelyn Felsberg (2024),3190,12/10/2023,12/13/2023,Our Apartment: 320 E BEAVER AVE  STATE COLLEGE PA 16801,Canceled,80,,Independent Couple,,
Omega Phi Alpha Benefitting THON,Item Sale,Omega Phi Alpha OphiA,48,12/7/2023,12/7/2023,,Canceled,250,,Greek,,
Omega Phi Alpha Crewnecks Benefitting THON,Item Sale,Omega Phi Alpha OphiA,48,12/7/2023,12/7/2023,,Approved,100,240.48,Greek,,
Penn State Scranton Pasta Dinner Benefitting THON,Item Sale,Scranton,171,12/7/2023,12/7/2023,Penn State Scranton:     ,Approved,300,590,Commonwealth,,
Poinsettias x Apollo Benefitting THON,Item Sale,Apollo ,1745,12/8/2023,12/8/2023,022 BBH:,Approved,200,272,Special Interest,,
Penn State Altoona Holiday Marketing Benefitting THON,Item Sale,Altoona,165,12/8/2023,12/8/2023,Penn State Altoona:     ,Approved,1000,0,Commonwealth,,
Phi Chi Theta Ribbon Sale at the Field Benefitting THON,Item Sale,Phi Chi Theta ,206,12/8/2023,12/8/2023,The Field Burger and Tap: 1 COUNTRY CLUB LN  STATE COLLEGE PA 16803,Approved,100,56,General,,
Holiday Candygrams Benefitting THON,Item Sale,Omega Phi Alpha OphiA,48,12/8/2023,12/8/2023,HUB:     ,Approved,250,24,Greek,,
Penn State Lehigh Valley Ribbon Sale Benefitting THON,Item Sale,Lehigh Valley,113,12/8/2023,12/8/2023,My Place Pizza Restaurant: 270 E NORTHAMPTON ST  BATH PA 18014,Canceled,100,,Commonwealth,,
Grilled Stickies Fundraiser Impact Benefitting THON,Item Sale,Impact ,1751,12/8/2023,12/8/2023,Natalie Murtagh: 300 WAUPELANI DR  STATE COLLEGE PA 16801,Approved,75,190,Special Interest,,
Penn State Thespian Society x Pie a Member of Exec Benefitting THON,Item Sale,Thespian Society at Penn State Thespians,136,12/8/2023,12/8/2023,HUB Office 318:,Approved,100,130,General,,
Axis Ribbon Sale Benefitting THON,Item Sale,Axis ,1747,12/8/2023,12/8/2023,Campus Steaks:     ,Canceled,100,,Special Interest,,
Axis Ribbon Sale Benefitting THON,Item Sale,Axis ,1747,12/8/2023,12/8/2023,Campus Steaks:     ,Approved,100,27,Special Interest,,
Phi Chi Theta Ribboning at the Student Bookstore Benefitting THON,Item Sale,Phi Chi Theta ,206,12/8/2023,12/8/2023,,Approved,100,62,General,,
Whiplash Mary Kay Fundraiser Benefitting THON,Item Sale,Whiplash Dance Team,215,12/8/2023,12/21/2023,,Approved,50,,General,,
PSU Figure Skating Gardner's Candies Benefitting THON,Item Sale,Figure Skating,1334,12/9/2023,12/15/2023,,Approved,50,0,General,,
Alpha Phi Omega Plant Sale Benefitting THON,Item Sale,Alpha Phi Omega ,54,12/9/2023,12/9/2023,Hub information table #1:,Canceled,50,,General,,
Alpha Xi Delta & Lambda Chi Alpha Ribbon Sale Benefitting THON,Item Sale,Alpha Xi Delta AXID & Lambda Chi Alpha,31 & 5,12/9/2023,12/9/2023,The Original Waffle Shop West: 1610 W COLLEGE AVE  STATE COLLEGE PA 16801,Canceled,400,,Greek,,
Whiplash and PKT's Ribbon Sale Benefitting THON,Item Sale,Phi Kappa Tau PKT/ Phi Tau  & Whiplash Dance Team,47 & 215,12/10/2023,12/10/2023,Family Clothes Line: 352 E COLLEGE AVE  STATE COLLEGE PA 16801,Approved,100,,Greek,,
Coffee Delivery Benefitting THON,Item Sale,Kerrigan Beggy and Abby Bisson (2024),3199,12/10/2023,12/12/2023,,Canceled,50,,Independent Couple,,
Phi Chi Theta Ribbon Sale at the Field Benefitting THON,Item Sale,Phi Chi Theta ,206,12/10/2023,12/10/2023,The Field Burger and Tap: 1 COUNTRY CLUB LN  STATE COLLEGE PA 16803,Approved,100,60,General,,
Breakfast Sandwiches Benefitting THON,Item Sale,Alysha Ulrich and Jenna Ulrich (2024),3157,12/10/2023,12/10/2023,"dorm buildings, apartment buildings, and houses in the State College area:     ",Approved,128,,Independent Couple,,
Breakfast Sandwiches Benefitting THON,Item Sale,Alysha Ulrich and Jenna Ulrich (2024),3157,12/10/2023,12/10/2023,"dorm buildings, apartment buildings, and houses in the State College area:     ",Approved,128,,Independent Couple,,
Resolute Nutraceuticals X Benefitting THON,Item Sale,Bodybuilding and Fitness BBAF,536,12/10/2023,12/10/2023,Online Purchase through link tree:     ,Approved,45,,General,,
Maia and Avery Delivering Pasta Meals During Finals Week Benefitting THON,Benefit Dinner,Maia Ramsey and Avery Vodar (2024),3212,12/11/2023,12/13/2023,"Possibly the HUB, the library, and other buildings on campus where students may study:     ",Approved,250,,Independent Couple,,
Yellow Ribbon Sale Benefitting THON,Item Sale,Caroline Sullivan and Kira Smith (2024),3073,12/13/2023,12/13/2023,Bagels and Beyond: 853 MILL CREEK RD  MANAHAWKIN NJ 08050,Canceled,100,,Independent Couple,,
Pizza Kit x Benefitting THON,Item Sale,Alexa Breisch and Kayla Breisch (2024),3108,12/15/2023,12/17/2023,,Canceled,250,,Independent Couple,,
Phi Sigma Rho and Chi Phi Food Delivery Benefitting THON,Item Sale,Chi Phi & Phi Sigma Rho Phi Rho,81 & 160,12/10/2023,12/10/2023,Chi Phi House: 360 E HAMILTON AVE  STATE COLLEGE PA 16801,Approved,100,190,Greek,,
ADPi x Gardners Candies Benefitting THON,Item Sale,Alpha Delta Pi ADPi,20,12/11/2023,12/24/2023,,Approved,200,0,Greek,,
Alpha Phi Omega Holiday Gift Wrapping Benefitting THON,Item Sale,Alpha Phi Omega ,54,12/11/2023,12/13/2023,HUB Tabeling 1 & 2:,Canceled,100,,General,,
Women in Business Grilled Cheese Delivery Benefitting THON,Item Sale,Women In Business WIB,151,12/11/2023,12/11/2023,,Approved,100,120,General,,
Basket Bingo Benefitting THON,Item Sale,Fayette,44,12/11/2023,12/24/2023,Penn State Fayette- The Elberly Campus:     ,Approved,5000,,Commonwealth,,
Raffle Benefitting THON,Item Sale,Fayette,44,12/11/2023,12/24/2023,Penn State Fayette- The Elberly Campus:     ,Approved,8000,,Commonwealth,,
Double Good Popcorn Sale Benefitting THON,Item Sale,Pre-Vet Club PVC,1095,12/13/2023,12/17/2023,,Approved,50,0,General,,
Bagel master Benefitting THON,Restaurant Fundraiser,Carly Weisfelner and Emily Locker (2024),3085,12/17/2023,12/20/2023,Bagel Master: 43 COLD SPRING RD  SYOSSET NY 11791,Approved,400,1146.09,Independent Couple,,
Penn State Lehigh Valley Children's Book Drive Benefitting THON,Item Sale,Lehigh Valley,113,12/14/2023,12/27/2023,Penn State Lehigh Valley:     ,Approved,500,,Commonwealth,,
Blue Band Calendar Sale Band Together Benefitting THON,Item Sale,Blue Band ,95,12/14/2023,12/17/2023,O. Richard Bundy Blue Band Building:     ,Approved,600,1052.13,General,,
SWE Ornament Making Benefitting THON,Item Sale,Society of Women Engineers SWE,57,12/14/2023,12/14/2023,Hammond 220:,Approved,30,35,General,,
Pasta Dinner Lindsey & Lindsey Benefitting THON,Benefit Dinner,Lindsey Schettini and Lindsey Schwarzbach (2024),3179,12/18/2023,12/18/2023,Lindsey Schwarzbach: 3075 NAVAJO CT  GIBSONIA PA 15044,Denied,100,,Independent Couple,,
Schreyer StuCo Hot Chocolate Benefitting THON,Item Sale,Schreyer Honors College Student Council SHC StuCo,1731,12/15/2023,12/15/2023,Atherton Courtyard:     ,Approved,100,40,General,,
Phi Chi Theta Ribbon Sale at DeLorenzo's Tomato Pies Benefitting THON,Item Sale,Phi Chi Theta ,206,12/15/2023,12/15/2023,DeLorenzo's Tomato Pies: 1707 YARDLEY LANGHORNE RD  YARDLEY PA 19067,Canceled,100,,General,,
Ribbon Sale Benefitting THON,Item Sale,Fayette,44,12/15/2023,12/17/2023,Shop N Save: 150 WALNUT HILL RD  UNIONTOWN PA 15401,Approved,1000,,Commonwealth,,
SDT x Vanilla Sky Benefitting THON,Item Sale,Sigma Delta Tau,24,12/17/2023,12/17/2023,Vanilla Sky Boutique: 7949 JERICHO TPKE  WOODBURY NY 11797,Approved,300,0,Greek,,
Breakfast Sandwich Fundraiser Benefitting THON,Item Sale,Baseball Club Club Baseball & Club Field Hockey PSFHC,52 & 1780,12/17/2023,12/18/2023,Julia Romano's House:     ,Canceled,100,,General,,
Breakfast Sandwich Fundraiser Benefitting THON,Item Sale,Baseball Club Club Baseball & Club Field Hockey PSFHC,52 & 1780,12/17/2023,12/18/2023,Julia Romano's House: 827 OLD BOALSBURG RD  STATE COLLEGE PA 16801,Approved,100,123,General,,
Phi Gamma Nu Ribboning Fundraiser Benefitting THON,Item Sale,Phi Gamma Nu ,29,12/17/2023,12/17/2023,Jaco Juice and Taco Bar: 21 W STATE ST  MEDIA PA 19063,Approved,100,231.59,General,,
AMSA Ribbon Sale Benefitting THON,Item Sale,American Medical Student Association AMSA,1577,12/18/2023,12/31/2023,Home: 1 WATERMAN FARM RD  CUMBERLAND RI 02864,Canceled,50,,General,,
Fayette Christmas Caroling Benefitting THON,Item Sale,Fayette,44,12/18/2023,12/20/2023,Cross Creek: 508 STONEBRIDGE CT  UNIONTOWN PA 15401,Approved,1000,,Commonwealth,,
Alex Hymel and Erika Long x Donut Sale Benefitting THON,Item Sale,Alex Hymel and Erika Long (2024),3119,12/18/2023,12/31/2023,,Approved,150,,Independent Couple,,
Bow Fundraiser Benefitting THON,Item Sale,Jamie Semmer and Ashley Pearson (2024),3117,12/18/2023,12/31/2023,,Approved,200,,Independent Couple,,
Penn State CHAARG X Double Good Popcorn Benefitting THON,Item Sale,"Changing Health, Attitudes, and Actions To Recreate Girls at Penn State CHAARG",2098,12/18/2023,12/22/2023,,Approved,500,298.5,General,,
Pizza Kits x Benefitting THON,Item Sale,Alexa Breisch and Kayla Breisch (2024),3108,12/18/2023,12/19/2023,Alexa Breisch (Home): 39 PIN OAK DR  PHOENIXVILLE PA 19460,Approved,250,450,Independent Couple,,
Alpha Sigma Phi Hot Chocolate Sale Benefitting THON,Item Sale,Alpha Sigma Phi,34,12/18/2023,12/18/2023,Good Earth Garden Market: 11650 FALLS RD  POTOMAC MD 20854,Approved,300,75,Greek,,
Homeade Ornaments Benefitting THON,Item Sale,Shannon Cain and Arlene Flanders (2024),3130,12/18/2023,12/31/2023,,Approved,800,290,Independent Couple,,
Eclipse Double Good Popcorn Benefitting THON,Item Sale,Eclipse ,2020,12/19/2023,12/23/2023,,Approved,500,0,Special Interest,,
Kari and Riley's Dine and Donate Benefitting THON,Restaurant Fundraiser,Riley Neglia and Kari Jim (2024),3137,12/18/2023,12/18/2023,Dominicks: 3337 COUNTY LINE RD  CHALFONT PA 18914,Approved,500,0,Independent Couple,,
Wilkes-Barre Gift Wrapping Fundraiser Benefitting THON,Item Sale,Wilkes-Barre,76,12/19/2023,12/20/2023,Wyoming Valley Mall: 29 WYOMING VALLEY MALL  WILKES BARRE PA 18702,Canceled,400,,Commonwealth,,
Rules & Regulations X Ribbon Sale Benefitting THON,Item Sale,Fundraising Outreach 6,2384,12/19/2023,12/19/2023,Pennridge High School: 1228 N 5TH ST  PERKASIE PA 18944,Approved,100,92,joint,,
Phi Chi Theta Ribbon Sale at Couch Tomato Cafe Benefitting THON,Item Sale,Phi Chi Theta ,206,12/19/2023,12/19/2023,Magerks Pub & Grill:     ,Approved,100,220,General,,
Gianna and Kylie X’s Ribbon Sale Benefitting THON,Restaurant Fundraiser,Gianna Golato and Kylie Rowan (2024),3105,12/18/2023,12/18/2023,Southern Cross Kitchen: 8 E 1ST AVE  CONSHOHOCKEN PA 19428,Approved,200,80,Independent Couple,,
Volé Cranberry Street Ribbon Sale 2 Benefitting THON,Item Sale,Volé,126,12/19/2023,12/19/2023,Cranberry Street Boutique: 324 MAIN ST STE B  ROYERSFORD PA 19468,Approved,100,90,General,,
Volé Peanut Bar Ribbon Sale Benefitting THON,Item Sale,Volé,126,12/20/2023,12/20/2023,Peanut Bar: 134 COTTAGE ST  CARBONDALE PA 18407,Approved,100,740,General,,
Anna & Diane Hoodie Sale Benefitting THON,Item Sale,Anna Boyer and Diane Friedman (2024),3086,12/19/2023,12/31/2023,,Approved,144,168.14,Independent Couple,,
Epsilon Sigma Alpha x Ribbon Sales Benefitting THON,Item Sale,Epsilon Sigma Alpha ESA,562,12/20/2023,12/20/2023,Bucks County Running Company: 25 W STATE ST  DOYLESTOWN PA 18901,Approved,100,42,General,,
Maggie and Hannah gift wrapping  Benefitting THON,Item Sale,Hannah Feldman and Maggie O'Neill (2024),3129,12/19/2023,12/26/2023,Maggie O'Neill: 2640 KIRK AVE  BROOMALL PA 19008,Approved,200,,Independent Couple,,
Phi Chi Theta Ribbon Sale at Magerks Pub & Grill Benefitting THON,Item Sale,Phi Chi Theta ,206,12/21/2023,12/21/2023,Magerks Pub & Grill: 582 S BETHLEHEM PIKE  FT WASHINGTON PA 19034,Approved,100,293,General,,
Volé Hershey Fresh Market Ribbon Sale Benefitting THON,Item Sale,Volé,126,12/22/2023,12/22/2023,Fresh Market at Hershey Towne Square: 121 TOWNE SQUARE DR  HERSHEY PA 17033,Approved,100,434,General,,
Phi Chi Theta Ribbon Sale at Couch Tomato Cafe Benefitting THON,Item Sale,Phi Chi Theta ,206,12/22/2023,12/22/2023,Couch Tomato Cafe: 31 W GAY ST  WEST CHESTER PA 19380,Approved,100,239,General,,
Epsilon Sigma Alpha x Ribbon Sales Benefitting THON,Item Sale,Epsilon Sigma Alpha ESA,562,12/22/2023,12/22/2023,Orbis Caffee: 675 WASHINGTON RD  PITTSBURGH PA 15228,Approved,100,19,General,,
Ohana X Ribbon Sale Benefitting THON,Item Sale,Ohana ,1161,12/22/2023,12/22/2023,Paper Unicorn: 2 S MAIN ST  DOYLESTOWN PA 18901,Approved,600,256.1,Special Interest,,
Merch Sale Benefitting THON,Merchandise Sale,Alicia Armstrong and Chelsea Birkel (2024),3220,12/19/2023,12/19/2023,,Canceled,10,,Independent Couple,,
Alpha Sigma Phi Hot Chocolate Sale Benefitting THON,Item Sale,Alpha Sigma Phi,34,12/22/2023,12/22/2023,The Pantry: 1580 POST RD  FAIRFIELD CT 06824,Approved,150,324,Greek,,
Volé Shot & Bottle Ribbon Sale Benefitting THON,Item Sale,Volé,126,12/23/2023,12/23/2023,Shot & Bottle: 2 N QUEEN ST  LANCASTER PA 17603,Approved,100,118,General,,
Phi Gamma Nu Ribboning Benefitting THON,Item Sale,Phi Gamma Nu ,29,12/23/2023,12/23/2023,Pennsylvania Macaroni Co.: 2010 PENN AVE # 2012  PITTSBURGH PA 15222,Approved,100,726.08,General,,
Epsilon Sigma Alpha X Ribbon Sale Benefitting THON,Item Sale,Epsilon Sigma Alpha ESA,562,12/23/2023,12/23/2023,BCB Coffee: 1903 BRIDGE ST  NEW CUMBERLND PA 17070,Approved,100,76,General,,
Axis Tallutos Benefitting THON,Item Sale,Axis ,1747,12/24/2023,12/24/2023,Tallutos: 20 E SELLERS AVE  RIDLEY PARK PA 19078,Approved,200,390,Special Interest,,
Volé Cranberry Street Ribbon Sale Benefitting THON,Item Sale,Volé,126,12/24/2023,12/24/2023,Cranberry Street Boutique: 324 MAIN ST STE B  ROYERSFORD PA 19468,Approved,100,60,General,,
Ribbon Sale Benefitting THON,Item Sale,Women's Club Basketball ,146,12/26/2023,12/26/2023,Harris Teeter: 105 PURCELLVILLE GATEWAY DR  PURCELLVILLE VA 20132,Approved,200,100,General,,
Sigma Sigma Sigma x Zeta Beta Tau Ribbon Sale Fundraiser Benefitting THON,Item Sale,Sigma Sigma Sigma Tri Sigma & Zeta Beta Tau ZBT,33 & 1476,12/27/2023,12/27/2023,Bella Christe Bakery: 761 PROVIDENCE BLVD  PITTSBURGH PA 15237,Approved,50,80,Greek,,
Sarah & Sonoma's Christmas Cookie Sale Benefitting THON,Bake Sale,Sarah Trueman and Sonoma Calkins (2024),3226,12/20/2023,12/23/2023,Sarah Trueman:     ,Approved,100,126,Independent Couple,,
Ohana X Hot Chocolate Sale Benefitting THON,Item Sale,Ohana ,1161,12/27/2023,12/27/2023,Keane Residents: 1106 CLUB HOUSE RD  GLADWYNE PA 19035,Approved,50,40,Special Interest,,
Alyssa and Amber X Sticker Sale X Benefitting THON,Item Sale,Alyssa Becker and Amber Singh (2024),3186,12/20/2023,1/2/2024,,Approved,100,68,Independent Couple,,
Penn State Lehigh Valley Children's Book Drive Benefitting THON,Item Sale,Lehigh Valley,113,12/28/2023,1/10/2024,Penn State Lehigh Valley:     ,Approved,500,,Commonwealth,,
Slopeside Benefitting THON,Restaurant Fundraiser,Kayla Best and Simone Garafalo (2024),3118,12/20/2023,12/20/2023,Blue Mountain Resort:     ,Approved,200,0,Independent Couple,,
Ohana X Ribbon Sale Benefitting THON,Item Sale,Ohana ,1161,12/28/2023,12/28/2023,Paper Unicorn:     ,Approved,600,93.69,Special Interest,,
Gamma Phi Beta's Ribbon Sale Benefitting THON,Item Sale,Gamma Phi Beta,16,12/28/2023,12/28/2023,Brightside Boutique: 30 MARKET SPACE  ANNAPOLIS MD 21401,Approved,200,62,Greek,,
Yellow Ribbon Sale Benefitting THON,Item Sale,Caroline Sullivan and Kira Smith (2024),3073,12/21/2023,12/21/2023,Barnegat High School: 180 BENGAL BLVD  BARNEGAT NJ 08005,Approved,100,161,Independent Couple,,
Seemsville Pub & Grille Benefitting THON,Restaurant Fundraiser,Brooke Rockovits and McKenna Byrne (2024),3112,12/21/2023,12/21/2023,Seemsville Pub and Grille: 3819 SEEMSVILLE RD  NORTHAMPTON PA 18067,Approved,400,458,Independent Couple,,
Ribbon Sale Benefitting THON,Item Sale,Fayette,44,12/29/2023,12/31/2023,Shop N Save: 150 WALNUT HILL RD  UNIONTOWN PA 15401,Approved,1000,,Commonwealth,,
Volé Casa Toro Ribbon Sale Benefitting THON,Item Sale,Volé,126,12/29/2023,12/29/2023,Casa Toro: 216 E FAIRMOUNT ST  COOPERSBURG PA 18036,Approved,100,186,General,,
Club Cross Country 12/29 Ribbon Sales Benefitting THON,Item Sale,Club Cross Country XC,305,12/29/2023,12/29/2023,Witch Flavor: 588 3RD ST  BEAVER PA 15009,Approved,200,150.86,General,,
Gamma Phi Beta Ribbon Sale Benefitting THON,Item Sale,Gamma Phi Beta,16,12/29/2023,12/29/2023,Sweet Mabel: 235 HAVERFORD AVE  NARBERTH PA 19072,Approved,100,127,Greek,,
Atlas Ribbon Sale Benefitting THON,Item Sale,Atlas ,312,12/29/2023,12/29/2023,Williamsport Area High School: 2990 W 4TH ST  WILLIAMSPORT PA 17701,Approved,100,550,Special Interest,,
Cookie Exchange Benefitting THON,Benefit Dinner,Caroline Sullivan and Kira Smith (2024),3073,12/22/2023,12/22/2023,Kira's House: 14 CATALINA AVE  BARNEGAT NJ 08005,Approved,75,135,Independent Couple,,
Volé Card Decorating Class Benefitting THON,Item Sale,Volé,126,12/30/2023,12/30/2023,Hershey Public Library: 701 COCOA AVE  HERSHEY PA 17033,Approved,50,190,General,,
Springfield Yellow Ribbon Sale Benefitting THON,Item Sale,Springfield ,42,12/30/2023,12/30/2023,Lancaster County Farmers Market: 389 W LANCASTER AVE  WAYNE PA 19087,Canceled,400,,Special Interest,,
Ribbon Sale Kuhns Market x Apollo Benefitting THON,Item Sale,Apollo ,1745,12/30/2023,12/31/2023,Kuhns Market: 4801 MCKNIGHT RD  PITTSBURGH PA 15237,Canceled,100,,Special Interest,,
Gamma Phi Beta Ribbon Sale Benefitting THON,Item Sale,Gamma Phi Beta,16,12/30/2023,12/30/2023,Annamarie's Place: 347 MAIN ST  ROYERSFORD PA 19468,Approved,100,129,Greek,,
Club Gymnastics Ribbon Sale Benefitting THON,Item Sale,Club Gymnastics Club Gym,161,12/30/2023,12/30/2023,Primanti Bros. Restaurant and Bar: 131 W CHOCOLATE AVE  HERSHEY PA 17033,Approved,100,278.37,General,,
DR Sticker Sale Benefitting THON,Item Sale,THON Dancer Relations,1006,12/31/2023,1/11/2024,,Approved,250,355,joint,,
Gertrude Hawk Chocolate Sale Benefitting THON,Item Sale,York,170,12/31/2023,12/31/2023,Penn State York:     ,Approved,1000,1040.52,Commonwealth,,
Ohana X Hot Chocolate Sale Benefitting THON,Item Sale,Ohana ,1161,12/31/2023,12/31/2023,Silimperi Resident's: 1281 MILLER RD  WIND GAP PA 18091,Approved,50,30,Special Interest,,
Ohana X Ribbon Sale Benefitting THON,Item Sale,Ohana ,1161,1/1/2024,1/1/2024,Peter J Esposito Park: 635 MADISON HILL RD  CLARK NJ 07066,Canceled,50,,Special Interest,,
FOTO Ribbon Sale Benefitting THON,Item Sale,FOTO ,1336,1/2/2024,1/7/2024,Colonial Meat Market: 1305 W CHESTER PIKE  HAVERTOWN PA 19083,Approved,500,964.09,Special Interest,,
FOTO Ribbon Sale Benefitting THON,Item Sale,FOTO ,1336,1/2/2024,1/7/2024,Solaio Bellezza Market House: 335 MORGANZA RD  CANONSBURG PA 15317,Approved,500,505.83,Special Interest,,
FOTO Ribbon Sale Benefitting THON,Item Sale,FOTO ,1336,1/2/2024,1/7/2024,Lovely Lady Bugs: 1155 N 5TH ST  PERKASIE PA 18944,Canceled,500,,Special Interest,,
NASD Dress-Down Day Benefitting THON,Dress Down Day,Kayla Best and Simone Garafalo (2024),3118,12/22/2023,12/22/2023,Northampton Area High School: 1619 LAUBACH AVE  NORTHAMPTON PA 18067,Approved,200,630,Independent Couple,,
Ohana X Hot Chocolate & Candy Sale Benefitting THON,Item Sale,Ohana ,1161,1/3/2024,1/3/2024,Brady Residents: 366 SOUTHPORT ST  RONKONKOMA NY 11779,Approved,50,52,Special Interest,,
Ribbon Sale Benefitting THON,Item Sale,Fundraising Outreach 6,2384,1/3/2024,1/3/2024,Landis Super Market: 543 CONSTITUTION AVE  PERKASIE PA 18944,Canceled,100,,joint,,
Driven Coffee Benefitting THON,Item Sale,World Campus,1318,1/4/2024,1/17/2024,,Approved,100,0,Commonwealth,,
Ribbon Sale Benefitting THON,Item Sale,Kayla Best and Simone Garafalo (2024),3118,12/22/2023,12/22/2023,Northampton Area High School: 1619 LAUBACH AVE  NORTHAMPTON PA 18067,Approved,200,141,Independent Couple,,
Club Cross Country January 4th Ribbon Sale Benefitting THON,Item Sale,Club Cross Country XC,305,1/4/2024,1/4/2024,Metro Diner: 5600 CARLISLE PIKE  MECHANICSBURG PA 17050,Approved,500,893.41,General,,
Philadelphia Ribbon Sales Benefitting THON,Item Sale,Delta Sigma Pi ,85,1/5/2024,1/5/2024,Carlino's Market: 128 W MARKET ST  WEST CHESTER PA 19382,Approved,100,897.64,General,,
Virginia Ribbon Sales Benefitting THON,Item Sale,Delta Sigma Pi ,85,1/5/2024,1/5/2024,Giant Grocery Store: 5581 MERCHANTS VIEW SQ  HAYMARKET VA 20169,Approved,100,305.3,General,,
Phi Gamma Nu Ribboning Fundraiser Benefitting THON,Item Sale,Phi Gamma Nu ,29,1/5/2024,1/5/2024,Jaco Juice and Taco Bar: 21 W STATE ST  MEDIA PA 19063,Canceled,100,,General,,
Gianna & Kylie Ribbon Sale Benefitting THON,Restaurant Fundraiser,Gianna Golato and Kylie Rowan (2024),3105,12/24/2023,12/24/2023,Scooped Ice Cream: 25 W STATE ST  MEDIA PA 19063,Approved,150,77,Independent Couple,,
Ribboning Benefitting THON,Item Sale,Baseball Club Club Baseball & Club Field Hockey PSFHC,52 & 1780,1/5/2024,1/5/2024,Suburban Square: 4 COULTER AVE Suite 103 ARDMORE PA 19003,Approved,80,504,General,,
Basket Bingo Benefitting THON,Item Sale,Fayette,44,1/5/2024,1/18/2024,Penn State Fayette- The Elberly Campus:     ,Approved,5000,,Commonwealth,,
Raffle Benefitting THON,Item Sale,Fayette,44,1/5/2024,1/18/2024,Penn State Fayette- The Elberly Campus:     ,Approved,8000,,Commonwealth,,
Volé Covered Bridge Ribbon Sale Benefitting THON,Item Sale,Volé,126,1/5/2024,1/5/2024,Covered Bridge Brewhaus: 506 N 8TH ST  SHAMOKIN PA 17872,Approved,100,170,General,,
New Jersey Ribbon Sales Benefitting THON,Item Sale,Delta Sigma Pi ,85,1/6/2024,1/6/2024,Denville Bagel & Deli: 123 E MAIN ST  DENVILLE NJ 07834,Approved,100,143.82,General,,
Allentown Ribbon Sales Benefitting THON,Item Sale,Delta Sigma Pi ,85,1/6/2024,1/6/2024,Hotel Bethlehem: 437 MAIN ST  BETHLEHEM PA 18018,Approved,100,318,General,,
Volé Nazareth Diner Ribbon Sale Benefitting THON,Item Sale,Volé,126,1/6/2024,1/6/2024,Nazareth Diner: 581 S BROAD ST  NAZARETH PA 18064,Canceled,100,,General,,
Gamma Phi Beta Ribbon Sale Benefitting THON,Item Sale,Gamma Phi Beta,16,1/6/2024,1/6/2024,Fenicci's of Hershey: 102 W CHOCOLATE AVE  HERSHEY PA 17033,Approved,100,101,Greek,,
Ugly Holiday Sweater Contest Benefitting THON,Event/Concert,Rexanna Quedenfeld and Lisa Han (2024),3094,12/25/2023,1/7/2024,,Approved,50,,Independent Couple,,
Pittsburgh Ribbon Sales Benefitting THON,Item Sale,Delta Sigma Pi ,85,1/7/2024,1/7/2024,Totin's Diner: 10283 PERRY HWY  WEXFORD PA 15090,Approved,100,190.68,General,,
Bake Sale Benefitting THON,Bake Sale,Shannon Cain and Arlene Flanders (2024),3130,12/27/2023,12/27/2023,Metro North Hawthorne Train Station: 398 ELWOOD AVE  HAWTHORNE NY 10532,Approved,150,85,Independent Couple,,
Crochet Fundraiser Impact Benefitting THON,Item Sale,Impact ,1751,1/8/2024,1/8/2024,005 Health and Human Development Bldg:,Approved,100,185,Special Interest,,
Canvassing in NYC Benefitting THON,Event/Concert,Shannon Cain and Arlene Flanders (2024),3130,12/27/2023,12/27/2023,42nd Street: 89 E 42ND ST  NEW YORK NY 10017,Denied,200,,Independent Couple,,
Kappa Kappa Gamma x Delta Chi Chipotle Benefitting THON,Item Sale,Delta Chi & Kappa Kappa Gamma,23 & 22,1/9/2024,1/9/2024,Chiptole: 116 HIESTER ST  STATE COLLEGE PA 16801,Approved,200,,Greek,,
Common Ground Coffee Sale Benefitting THON,Item Sale,York,170,1/9/2024,1/22/2024,Penn State York:     ,Approved,100,182,Commonwealth,,
Club Ultimate Frisbee and Keystone Candle Benefitting THON,Item Sale,Men's Club Ultimate Frisbee & Women's Club Ultimate Frisbee ,2067 & 348,1/10/2024,1/17/2024,,Approved,200,177,General,,
Phi Sigma Sigma x Linked Permanent Jewelry Benefitting THON,Item Sale,Phi Sigma Sigma Phi Sig,294,1/10/2024,1/10/2024,The Legend: 246 HIGHLAND AVE APT 206  STATE COLLEGE PA 16801,Approved,100,0,Greek,,
Suzanne x Juliana Benefitting THON,Item Sale,Juliana Toohey and Suzanne Connors (2024),3203,12/27/2023,12/27/2023,Colonial Market: 1305 W CHESTER PIKE  HAVERTOWN PA 19083,Approved,200,131,Independent Couple,,
Bake Sale Benefitting THON,Bake Sale,Gianna Laucella and Katie Walker (2024),3164,12/28/2023,12/28/2023,Booked: 8511 GERMANTOWN AVE  PHILADELPHIA PA 19118,Denied,100,,Independent Couple,,
Penn State Lehigh Valley Children's Book Drive Benefitting THON,Item Sale,Lehigh Valley,113,1/11/2024,1/24/2024,Penn State Lehigh Valley:     ,Approved,500,,Commonwealth,,
Sigma Sigma Sigma Permanent Jewelry Fundraiser Benefitting THON,Item Sale,Sigma Sigma Sigma Tri Sigma & Zeta Beta Tau ZBT,33 & 1476,1/11/2024,1/11/2024,Ewing Hall:     ,Approved,100,0,Greek,,
Sigma Sigma Sigma: Thrift Shop x Beaded Bracelet Making Benefitting THON,Item Sale,Sigma Sigma Sigma Tri Sigma,33,1/11/2024,1/11/2024,"Tri Sigma Suite (Ewing Hall, 3rd Floor):",Approved,50,225,Greek,,
Double-Good Popcorn Kayla Best X Simone Garafalo Benefitting THON,Item Sale,Kayla Best and Simone Garafalo (2024),3118,12/28/2023,1/1/2024,,Approved,200,81,Independent Couple,,
Tapestry Dance Company and Plato’s Closet Benefitting THON,Item Sale,Tapestry Dance Company ,142,1/12/2024,1/15/2024,Plato’s Closet: 1526 N ATHERTON ST  STATE COLLEGE PA 16803,Denied,50,,General,,
Phi Chi Theta Ribbon Sale at the Student Bookstore Benefitting THON,Item Sale,Phi Chi Theta ,206,1/12/2024,1/12/2024,The Student Bookstore: 330 E COLLEGE AVE  STATE COLLEGE PA 16801,Approved,100,4,General,,
HOS SCHOOL MUSICAL SUPER BOWL Benefitting THON,Item Sale,Hospitality - Promotions 1/2,384,1/12/2024,1/19/2024,,Denied,135,,joint,,
Ribbon Sale Benefitting THON,Item Sale,Gianna Laucella and Katie Walker (2024),3164,12/28/2023,12/28/2023,Booked: 8511 GERMANTOWN AVE  PHILADELPHIA PA 19118,Approved,100,200,Independent Couple,,
Phi Chi Theta Ribbon Sale at The Field Benefitting THON,Item Sale,Phi Chi Theta ,206,1/12/2024,1/12/2024,The Field Burger and Tap: 1 COUNTRY CLUB LN  STATE COLLEGE PA 16803,Approved,100,71.14,General,,
Grace and Ethan Ribbon Sales Benefitting THON,Item Sale,Grace Inserra and Ethan Minnich (2024),3225,12/28/2023,12/28/2023,May 23: 117 W GAY ST STE 134  WEST CHESTER PA 19380,Approved,250,84.2,Independent Couple,,
Yellow Ribbon Sale Benefitting THON,Item Sale,Caroline Sullivan and Kira Smith (2024),3073,12/28/2023,12/28/2023,Big Apple Bakery: 595 E BAY AVE  MANAHAWKIN NJ 08050,Approved,100,460,Independent Couple,,
Phi Chi Theta Ribbon Sale at The Field Benefitting THON,Item Sale,Phi Chi Theta ,206,1/14/2024,1/14/2024,The Field Burger and Tap: 1 COUNTRY CLUB LN  STATE COLLEGE PA 16803,Approved,100,69.31,General,,
DGDU Breakfast Sandwiches Benefitting THON,Item Sale,Delta Gamma & Delta Upsilon International Fraternity Delta Upsilon,1544 & 37,1/14/2024,1/14/2024,Delta Upsilon Fraternity: 229 LOCUST LN  STATE COLLEGE PA 16801,Canceled,150,,Greek,,
Maggie and Hannah Ribboning Benefitting THON,Coin Collection,Hannah Feldman and Maggie O'Neill (2024),3129,12/29/2023,12/29/2023,Weinrich’s Bakerry: 3545 WEST CHESTER PIKE  NEWTOWN SQ PA 19073,Approved,100,195.1,Independent Couple,,
Buckingham Pizza Bake Sale Benefitting THON,Bake Sale,Juliana Toohey and Suzanne Connors (2024),3203,12/30/2023,12/30/2023,Buckingham Pizza: 4950 YORK RD  HOLICONG PA 18928,Denied,100,,Independent Couple,,
Lindsasaurus R&Rex Double Good Popcorn Benefitting THON,Item Sale,Fundraising Outreach 6,2384,1/15/2024,1/19/2024,Virtual:     ,Approved,100,,joint,,
PSNtv: Sticker Sale X Benefitting THON,Item Sale,Penn State Network Television PSNtv,320,1/15/2024,1/15/2024,HUB:     ,Denied,50,,General,,
PSNtv: Sticker Sale X Benefitting THON,Item Sale,Penn State Network Television PSNtv,320,1/15/2024,1/15/2024,HUB:     ,Denied,50,,General,,
HEAL Pet Calendar Benefitting THON,Item Sale,HEAL: Help Every Angel Live ,1540,1/15/2024,1/15/2024,203 w foster ave:,Canceled,200,,Special Interest,,
HEAL Pet Calendar Benefitting THON,Item Sale,HEAL: Help Every Angel Live ,1540,1/15/2024,1/15/2024,203 w foster ave:,Canceled,200,,Special Interest,,
HEAL Pet Calendar Benefitting THON,Item Sale,HEAL: Help Every Angel Live ,1540,1/15/2024,1/15/2024,203 w foster ave:,Canceled,200,,Special Interest,,
HEAL Pet Calendar Benefitting THON,Item Sale,HEAL: Help Every Angel Live ,1540,1/15/2024,1/15/2024,Lia's Apartment: 203 W FOSTER AVE  STATE COLLEGE PA 16801,Approved,200,240,Special Interest,,
Behrend Ribbon Sales at Walmart Benefitting THON,Item Sale,Behrend,73,1/15/2024,1/15/2024,Walmart Supercenter: 1825 DOWNS DR  ERIE PA 16509,Canceled,150,,Commonwealth,,
Delta Gamma Permanent Bracelet Making Benefitting THON,Item Sale,Delta Gamma,37,1/15/2024,1/15/2024,Rise at State College: 532 E COLLEGE AVE  STATE COLLEGE PA 16801,Canceled,150,,Greek,,
Club Cross Country Hair Ribbon Sale Benefitting THON,Item Sale,Club Cross Country XC,305,1/16/2024,1/21/2024,Rec Hall:     ,Approved,100,55,General,,
Bows and Bandana Sale x Apollo Benefitting THON,Item Sale,Apollo ,1745,1/17/2024,1/18/2024,,Approved,100,70,Special Interest,,
Science LionPride Claw Clip Sale Benefitting THON,Item Sale,Science Lionpride SLP,1379,1/17/2024,1/17/2024,HUB Robeson Center:     ,Approved,50,24,General,,
R&K Subs Benefitting THON,Item Sale,Berks,77,1/17/2024,1/30/2024,Penn State Berks Campus:     ,Approved,100,,Commonwealth,,
Alpha Phi Omega Comic Book Sale Benefitting THON,Item Sale,Alpha Phi Omega ,54,1/17/2024,1/17/2024,HUB:     ,Approved,100,45,General,,
Popluck Fundraiser Benefitting THON,Item Sale,Behrend,73,1/17/2024,1/17/2024,Popluck Popcorn: 1535 W 8TH ST  ERIE PA 16505,Approved,200,348,Commonwealth,,
Maggie and Hannah Ribboning Benefitting THON,Coin Collection,Hannah Feldman and Maggie O'Neill (2024),3129,12/30/2023,12/30/2023,Colonial Village Meat Market: 1305 W CHESTER PIKE  HAVERTOWN PA 19083,Approved,100,125.29,Independent Couple,,
Ribbon Selling Benefitting THON,Item Sale,Pass Team 3,300,1/18/2024,1/18/2024,HUB:     ,Approved,30,54,joint,,
Permanent Bracelet Fundraiser Benefitting THON,Item Sale,Altoona,165,1/18/2024,1/18/2024,Penn State Altoona:     ,Canceled,500,,Commonwealth,,
Brave Gowns Benefitting THON,Item Sale,World Campus,1318,1/18/2024,1/31/2024,,Approved,100,,Commonwealth,,
Unison Earring Sale Benefitting THON,Item Sale,Unison ,3124,1/18/2024,1/19/2024,HUB Information Table:     ,Approved,100,107,General,,
Phi Chi Theta Ribbon Sale at the Student Bookstore Benefitting THON,Item Sale,Phi Chi Theta ,206,1/19/2024,1/19/2024,The Student Bookstore: 330 E COLLEGE AVE  STATE COLLEGE PA 16801,Approved,100,30,General,,
Phi Chi Theta Ribbon Sale at The Field Benefitting THON,Item Sale,Phi Chi Theta ,206,1/19/2024,1/19/2024,The Field Burger and Tap: 1 COUNTRY CLUB LN  STATE COLLEGE PA 16803,Approved,100,77,General,,
Ayuda X Ribbon Sale Benefitting THON,Item Sale,Ayuda ,1923,1/19/2024,1/19/2024,St. Paul's United Methodist Church: 250 E COLLEGE AVE  STATE COLLEGE PA 16801,Denied,100,,Special Interest,,
Club Swimming's Ribbon and Sticker Sale Benefitting THON,Item Sale,Club Swimming ,302,1/20/2024,1/20/2024,"McCoy Natatorium: Bigler and Curtain Rd, University Park, PA 16802:",Approved,50,84,General,,
Behrend Ribbon Sales at Walmart Benefitting THON,Item Sale,Behrend,73,1/20/2024,1/20/2024,Walmart Supercenter: 1825 DOWNS DR  ERIE PA 16509,Approved,150,,Commonwealth,,
Club Gymnastics Ribbon Sale Benefitting THON,Item Sale,Club Gymnastics Club Gym,161,1/20/2024,1/20/2024,White Building:     ,Approved,100,29,General,,
Bagel and Coffee Delivery Benefitting THON,Item Sale,Alpha Tau Omega ATO & Zeta Tau Alpha,1 & 2,1/20/2024,1/20/2024,Pugh Center: 150 E BEAVER AVE  STATE COLLEGE PA 16801,Approved,100,175,Greek,,
Sigma Kappa Breakfast Sandwiches Benefitting THON,Item Sale,Sigma Kappa,35,1/21/2024,1/21/2024,Lyons Hall:     ,Canceled,150,,Greek,,
Phi Chi Theta Ribbon Sale at The Field Benefitting THON,Item Sale,Phi Chi Theta ,206,1/21/2024,1/21/2024,The Field Burger and Tap: 1 COUNTRY CLUB LN  STATE COLLEGE PA 16803,Approved,100,57,General,,
Behrend Ribbon Sales at Walmart Benefitting THON,Item Sale,Behrend,73,1/21/2024,1/21/2024,Walmart Supercenter: 1825 DOWNS DR  ERIE PA 16509,Approved,150,118.52,Commonwealth,,
Phi Chi Theta Bracelet Fundraiser Benefitting THON,Item Sale,Phi Chi Theta ,206,1/22/2024,1/22/2024,,Canceled,100,,General,,
Common Ground Coffee Sale Benefitting THON,Item Sale,York,170,1/22/2024,2/3/2024,Penn State York:     ,Approved,100,295,Commonwealth,,
Keychains Benefitting THON,Item Sale,American Institute of Architecture Students AIAS,389,1/22/2024,1/22/2024,Stuckeman Family Building:     ,Approved,20,30,General,,
Valentine's Benefitting THON,Item Sale,Club Track and Field ,270,1/22/2024,2/4/2024,,Approved,250,304.5,General,,
Basket Bingo Benefitting THON,Item Sale,Fayette,44,1/22/2024,1/28/2024,Penn State Fayette- The Elberly Campus:     ,Approved,5000,,Commonwealth,,
Raffle Benefitting THON,Item Sale,Fayette,44,1/22/2024,1/31/2024,Penn State Fayette- The Elberly Campus:     ,Approved,8000,,Commonwealth,,
Ribbon Fundraiser Benefitting THON,Item Sale,Omega Chi Sigma & Omega Phi Alpha OphiA,48 & 2440,1/23/2024,1/25/2024,,Approved,45,10,General,,
Breakfast Bagel Sandwich Sale Benefitting THON,Item Sale,Club Crew ,201,1/23/2024,1/23/2024,Member's Apartment: 254 E BEAVER AVE Apt 306 STATE COLLEGE PA 16801,Approved,100,100,General,,
Pancake Breakfast Benefitting THON,Item Sale,Hailey Gerhart and Elisa Kopicki (2024),3122,12/30/2023,12/30/2023,Flatland Church: 180 W THATCHER RD  QUAKERTOWN PA 18951,Approved,1000,1079,Independent Couple,,
Infinity Superbowl Watch Party Goody Baskets Benefitting THON,Item Sale,Infinity ,3063,1/23/2024,2/3/2024,,Approved,1500,,Special Interest,,
Phi Chi Theta Permanent Jewelry Fundraiser Benefitting THON,Item Sale,Phi Chi Theta ,206,1/23/2024,1/23/2024,Park Hill Apartments: 478 E BEAVER AVE  STATE COLLEGE PA 16801,Canceled,100,,General,,
Mack Madness Ribbon & Craft Sale Benefitting THON,Item Sale,"Mack Madness ""Mackie""",2685,1/24/2024,1/24/2024,HUB Information Table:     ,Approved,50,30,Special Interest,,
Eclipse Toolkit Benefitting THON,Item Sale,Eclipse ,2020,1/24/2024,1/26/2024,,Approved,100,90,Special Interest,,
Eclipse Stickers Benefitting THON,Item Sale,Eclipse ,2020,1/24/2024,2/5/2024,,Approved,75,50,Special Interest,,
Eclipse Phone Wallets and Bracelets Benefitting THON,Item Sale,Eclipse ,2020,1/24/2024,2/5/2024,,Approved,150,124,Special Interest,,
Penn State Lehigh Valley Children's Book Drive Benefitting THON,Item Sale,Lehigh Valley,113,1/25/2024,2/1/2024,Penn State Lehigh Valley:     ,Approved,500,0,Commonwealth,,
Pie-A-Dancer Benefitting THON,Item Sale,Axis ,1747,1/25/2024,1/25/2024,Willard 258:,Approved,50,80,Special Interest,,
HSA Hot Chocolate Benefitting THON,Item Sale,Hellenic Student Association HSA,2434,1/25/2024,1/25/2024,Student Book Store: 330 E COLLEGE AVE  STATE COLLEGE PA 16801,Canceled,100,,General,,
Paige Gordons DR Committee X Pizza Fundraiser Benefitting THON,Item Sale,Incentives Coordinator & THON Dancer Relations,1006 & 364,1/25/2024,1/25/2024,Sackett Building:     ,Approved,120,130,joint,,
Axis Lion Shrine Benefitting THON,Item Sale,Axis ,1747,1/26/2024,1/26/2024,The Nittany Lion Shrine:     ,Approved,250,33,Special Interest,,
Phi Chi Theta Ribbon Sale at the Student Bookstore Benefitting THON,Item Sale,Phi Chi Theta ,206,1/26/2024,1/26/2024,The Student Bookstore: 330 E COLLEGE AVE  STATE COLLEGE PA 16801,Approved,100,3,General,,
Phi Chi Theta Ribbon Sale at The Field Benefitting THON,Item Sale,Phi Chi Theta ,206,1/26/2024,1/26/2024,The Field Burger and Tap:     ,Approved,100,26,General,,
Hot Chocolate and Cookie Fundraiser Benefitting THON,Bake Sale,Amelia Cassaday and Justin Nelson (2024),3082,1/3/2024,1/4/2024,Velocity Wings: 1020 E MAIN ST  PURCELLVILLE VA 20132,Approved,400,315,Independent Couple,,
Alpha Phi Omega Comic Book Sale Benefitting THON,Item Sale,Alpha Phi Omega ,54,1/26/2024,1/26/2024,Hub:     ,Approved,100,17,General,,
Axis Flower Sale Benefitting THON,Item Sale,Axis ,1747,1/26/2024,1/26/2024,First National Bank: 366 E COLLEGE AVE  STATE COLLEGE PA 16801,Approved,60,109.2,Special Interest,,
Epsilon Sigma Alpha Cookbook Benefitting THON,Item Sale,Epsilon Sigma Alpha ESA,562,1/26/2024,2/8/2024,,Approved,200,485,General,,
Schreyer StuCo Thrift Shop Benefitting THON,Item Sale,Schreyer Honors College Student Council SHC StuCo,1731,1/26/2024,1/26/2024,HUB Main Lounge Table #2:,Approved,100,35,General,,
Behrend Ribbon Sales at Walmart Benefitting THON,Item Sale,Behrend,73,1/27/2024,1/27/2024,Walmart Supercenter: 1825 DOWNS DR  ERIE PA 16509,Canceled,150,,Commonwealth,,
Phi Chi Theta Ribbon Sale at The Field Benefitting THON,Item Sale,Phi Chi Theta ,206,1/28/2024,1/28/2024,The Field Burger and Tap: 1 COUNTRY CLUB LN  STATE COLLEGE PA 16803,Approved,100,164,General,,
PSNtv: BINGO CARD X Benefitting THON,Item Sale,Penn State Network Television PSNtv,320,1/28/2024,2/2/2024,N/A:     ,Denied,50,,General,,
Altoona Poster Sale Benefitting THON,Item Sale,Altoona,165,1/29/2024,1/30/2024,Penn State Altoona:     ,Approved,500,,Commonwealth,,
Penn State Law Rock Painting Benefitting THON,Item Sale,Penn State Law,1552,1/29/2024,2/1/2024,Katz Building Atrium:     ,Approved,30,50,Commonwealth,,
Alpha Omicron Pi & Phi Kappa Psi x Neighbors Cookies Benefitting THON,Item Sale,Alpha Omicron Pi AOII & Phi Kappa Psi,8 & 32,1/29/2024,2/11/2024,,Approved,250,,Greek,,
Special Events Candy Grams Benefitting THON,Item Sale,THON Special Events,1011,1/29/2024,2/8/2024,,Approved,50,,joint,,
HOS School Musical Jewelry Benefitting THON,Item Sale,Hospitality - Promotions 1/2,384,1/29/2024,2/5/2024,HUB Robeson Center:     ,Approved,150,,joint,,
LLC button Fundraiser Benefitting THON,Item Sale,Leveraged Lion Capital LLC,2961,1/29/2024,2/11/2024,,Approved,50,42,General,,
Pie an Exec Member Benefitting THON,Item Sale,LimitlesS ,203,1/30/2024,1/30/2024,Fisher Plaza:     ,Approved,50,96,General,,
Candy Grams R&RAumen Noodles Benefitting THON,Item Sale,Pass Team 2,299,1/30/2024,2/5/2024,Lyons Hall:     ,Approved,90,117,joint,,
Trilogy Fanny Pack Fundraiser Benefitting THON,Item Sale,Trilogy ,10,1/30/2024,2/11/2024,Thomas Building:     ,Approved,300,309,Special Interest,,
THON SE Ribbon Sale Fundraiser Benefitting THON,Item Sale,THON History 1 & THON Special Events,1011 & 289,1/30/2024,1/30/2024,HUB-Robeson Center:     ,Approved,50,49.4,joint,,
Lion Ambassador Old Merch Garage Sale Benefitting THON,Item Sale,Lion Ambassadors ,83,1/30/2024,2/9/2024,,Approved,30,90,General,,
Vibe Coffee Co. Benefitting THON,Item Sale,Alpha Tau Omega ATO & Zeta Tau Alpha,1 & 2,1/31/2024,1/31/2024,Vibe Coffee Co.: 401 W BEAVER AVE  STATE COLLEGE PA 16801,Approved,100,0,Greek,,
Alpha Gamma Rho & Phi Sigma Sigma Friendship Bracelet Benefitting THON,Item Sale,Alpha Gamma Rho AGR & Phi Sigma Sigma Phi Sig,187 & 294,1/31/2024,1/31/2024,HUB-Robeson Center:     ,Canceled,1000,,Greek,,
Eclipse Phone Wallets and Bracelets Benefitting THON,Item Sale,Eclipse ,2020,1/31/2024,2/13/2024,Sparks Building:     ,Canceled,150,,Special Interest,,
Penn State PRSSA Headshot Fundraiser #3 Benefitting THON,Item Sale,Public Relations Student Society of America PRSSA,63,1/31/2024,1/31/2024,Willard Media Center:     ,Approved,200,87,General,,
Penn State CHAARG X Valentine's Candy Grams Benefitting THON,Item Sale,"Changing Health, Attitudes, and Actions To Recreate Girls at Penn State CHAARG",2098,1/31/2024,2/6/2024,,Approved,500,715,General,,
SDT Pasta Dinner Benefitting THON,Item Sale,Sigma Delta Tau,24,1/31/2024,1/31/2024,Haller Hall:     ,Approved,300,817,Greek,,
Paracord Bracelets Benefitting THON,Item Sale,Stewardship 1,2625,1/31/2024,2/7/2024,Thomas Building:     ,Approved,105,99.75,joint,,
The Big Game Boxes Sale Benefitting THON,Item Sale,Eclipse ,2020,1/31/2024,2/11/2024,,Canceled,700,,Special Interest,,
Charms Benefitting THON,Item Sale,World Campus,1318,1/31/2024,1/31/2024,Outreach Building:     ,Approved,50,17,Commonwealth,,
Snack & Item Sale at Benefit Concert x Apollo Benefitting THON,Item Sale,Apollo ,1745,2/1/2024,2/1/2024,Webster's Bookstore and Cafe: 133 E BEAVER AVE  STATE COLLEGE PA 16801,Approved,50,25,Special Interest,,
Valentine's Day Candy Sale Benefitting THON,Item Sale,Club Dodgeball ,471,2/1/2024,2/8/2024,HUB:     ,Action Needed,50,,General,,
SPSEA X Sticker Sale Benefitting THON,Item Sale,Student Pennsylvania State Education Association SPSEA,96,2/1/2024,2/2/2024,,Action Needed,100,,General,,
Tri-STATE Candy Gram Sale Benefitting THON,Item Sale,Tri-STATE ,1177,2/1/2024,2/1/2024,HUB-Robeson Center:     ,Approved,50,8,Special Interest,,
Ribbon Fundraiser- Resnick Manor x Benefitting THON,Item Sale,No Refund Theatre NRT,235,2/1/2024,2/3/2024,Forum 111:,Approved,50,19,General,,
Hot Chocolate Benefitting THON,Item Sale,Omega Chi Sigma,2440,2/1/2024,2/1/2024,Campus Steaks: 119 S PUGH ST  STATE COLLEGE PA 16801,Approved,100,88,General,,
Axis Lion Shrine Benefitting THON,Item Sale,Axis ,1747,2/2/2024,2/2/2024,The Nittany Lion Shrine:     ,Approved,150,74,Special Interest,,
FIN Button Pins Benefitting THON,Item Sale,THON Finance,1128,2/2/2024,2/2/2024,HUB:     ,Approved,100,48,joint,,
CSSA New Year Decoration Sale Benefitting THON,Item Sale,Chinese Students and Scholars Association CSSA,30,2/2/2024,2/2/2024,Mr. Wish: 320 E COLLEGE AVE  STATE COLLEGE PA 16801,Approved,400,557.6,NewMC,,
Family Relations Bow Sale Benefitting THON,Item Sale,THON Family Relations,1003,2/2/2024,2/2/2024,HUB Table:     ,Approved,100,41,joint,,
Kappa Delta X Jemini Jewelry Benefitting THON,Item Sale,Kappa Delta KD,26,2/2/2024,2/2/2024,The Maxxen: 131 HIESTER ST  STATE COLLEGE PA 16801,Approved,150,141,Greek,,
Delta Gamma Permanent Bracelet Making Benefitting THON,Item Sale,Delta Gamma,37,2/2/2024,2/2/2024,Delta Gamma Sorority Suite:     ,Approved,150,0,Greek,,
Phi Chi Theta Ribbon Sale at The Field Benefitting THON,Item Sale,Phi Chi Theta ,206,2/2/2024,2/2/2024,The Field Burger and Tap: 1 COUNTRY CLUB LN  STATE COLLEGE PA 16803,Approved,50,101,General,,
Garage Sale Benefitting THON,Item Sale,Gamma Phi Beta,16,2/2/2024,2/2/2024,Liv's (THON Chairs) Apartment: 251 E NITTANY AVE  STATE COLLEGE PA 16801,Approved,100,188,Greek,,
FOTO Pancake Breakfast Benefitting THON,Item Sale,FOTO ,1336,2/3/2024,2/3/2024,Nittany Apartments:     ,Approved,50,81,Special Interest,,
Penn State Lehigh Valley Ribbon Sale Benefitting THON,Item Sale,Lehigh Valley,113,2/3/2024,2/3/2024,Stabler Arena: 124 GOODMAN DR  BETHLEHEM PA 18015,Approved,100,,Commonwealth,,
"Penn State Lehigh Valley ""3s for THON"" Benefitting THON",Item Sale,Lehigh Valley,113,2/3/2024,2/3/2024,Stabler Arena: 124 GOODMAN DR  BETHLEHEM PA 18015,Denied,100,,Commonwealth,,
Kappa Kappa Gamma x Gemini Jewlery Benefitting THON,Item Sale,Kappa Kappa Gamma,22,2/4/2024,2/4/2024,The Maxxen: 131 HIESTER ST  STATE COLLEGE PA 16801,Approved,200,290,Greek,,
Permanent Bracelets with Delta Zeta Benefitting THON,Item Sale,Delta Zeta DZ & Sigma Pi,39 & 36,2/4/2024,2/4/2024,Delta Zeta Suite - Haller Hall Floor 3:,Approved,200,,Greek,,
Axis Bracelet Sale Benefitting THON,Item Sale,Axis ,1747,2/4/2024,2/5/2024,Willard Building 151:,Canceled,100,,Special Interest,,
Phi Chi Theta Ribbon Sale at The Field Benefitting THON,Item Sale,Phi Chi Theta ,206,2/4/2024,2/4/2024,The Field Burger and Tap: 1 COUNTRY CLUB LN  STATE COLLEGE PA 16803,Approved,50,170,General,,
Alpha Xi Delta Bracelet Fundraiser Benefitting THON,Item Sale,Alpha Xi Delta AXID,31,2/4/2024,2/4/2024,Pugh Centre State College: 150 E BEAVER AVE  STATE COLLEGE PA 16801,Approved,200,0,Greek,,
Penn State Law Friendship Bracelets Benefitting THON,Item Sale,Penn State Law,1552,2/5/2024,2/8/2024,Katz Building Atrium:     ,Approved,45,36,Commonwealth,,
Eberly Student Council THON Weekend Accessories x Benefitting THON,Item Sale,Eberly College of Science Student Council ,140,2/5/2024,2/5/2024,HUB:     ,Approved,100,,General,,
College of EMS Ribbon Sale Benefitting THON,Item Sale,Earth and Mineral Sciences Student Council EMS StuCo,105,2/5/2024,2/9/2024,Ryan Family Student Center:     ,Approved,50,,General,,
Axis Bracelet Sale Benefitting THON,Item Sale,Axis ,1747,2/5/2024,2/13/2024,,Approved,50,20,Special Interest,,
"Sticker, Button, Bracelet Sale x Apollo Benefitting THON",Item Sale,Apollo ,1745,2/5/2024,2/5/2024,022 BBH:,Approved,30,32,Special Interest,,
Ayuda Hair Bow Sale Benefitting THON,Item Sale,Ayuda ,1923,2/5/2024,2/7/2024,316 Nursing Sciences Building:,Approved,25,43,Special Interest,,
Chocolate Covered Strawberries Benefitting THON,Item Sale,American Institute of Architecture Students AIAS,389,2/5/2024,2/9/2024,,Approved,50,225,Greek,,
Italian Student Society x 2000 Degrees Benefitting THON,Item Sale,Italian Student Society ISS,1030,2/5/2024,2/8/2024,2000 Degrees: 202 W COLLEGE AVE  STATE COLLEGE PA 16801,Approved,150,0,NewMC,,
CullyfloweR&Rs Ribbon Sale Benefitting THON,Item Sale,Events Coordinator & Committee Liaison,2373,2/5/2024,2/5/2024,HUB Information Booth:     ,Canceled,50,,joint,,
Mack Madness Candy Gram Fundraiser Benefitting THON,Item Sale,"Mack Madness ""Mackie""",2685,2/5/2024,2/12/2024,,Approved,40,,Special Interest,,
Lindsasaurus R&Rex X Valentine's Day Candy Grams Benefitting THON,Item Sale,Fundraising Outreach 6,2384,2/6/2024,2/6/2024,Lindsasaurus R&Rex CM Meeting:     ,Canceled,100,,joint,,
PSNtv: Sticker Sale X Benefitting THON,Item Sale,Penn State Network Television PSNtv,320,2/6/2024,2/6/2024,HUB:     ,Approved,50,,General,,
Permanent Bracelet Fundraiser Benefitting THON,Item Sale,Altoona,165,2/6/2024,2/6/2024,Penn State Altoona Harry E Slep Student Center:     ,Approved,500,,Commonwealth,,
Whiplash Bracelet Fundraiser Benefitting THON,Item Sale,Whiplash Dance Team,215,2/6/2024,2/8/2024,HUB:     ,Approved,50,,General,,
Thrift Store Benefitting THON,Item Sale,Alpha Sigma Alpha ASA,6,2/6/2024,2/6/2024,HUB:     ,Approved,50,75,Greek,,
Lindsasaurus R&Rex Bracelet & Ribbon Sale Benefitting THON,Item Sale,Fundraising Outreach 6,2384,2/6/2024,2/6/2024,HUB Information Table #5:,Canceled,100,,joint,,
ADPi's Rose Sale Benefitting THON,Item Sale,Alpha Delta Pi ADPi,20,2/7/2024,2/14/2024,Alpha Delta Pi Suite in Cross Hall (Floor 3):,Approved,100,233,Greek,,
Schreyer StuCo Thrift Shop Benefitting THON,Item Sale,Schreyer Honors College Student Council SHC StuCo,1731,2/7/2024,2/7/2024,HUB main lounge table #2:,Approved,100,68.5,General,,
Lionettes Hat Benefitting THON,Item Sale,Dance Team (Lionettes),204,2/7/2024,2/12/2024,,Canceled,500,,General,,
SDT x Alexandra Madison Jewelry Benefitting THON,Item Sale,Sigma Delta Tau,24,2/7/2024,2/7/2024,Connections: 130 S ALLEN ST  STATE COLLEGE PA 16801,Approved,300,0,Greek,,
SDT x Connections Benefitting THON,Item Sale,Sigma Delta Tau,24,2/7/2024,2/7/2024,Connections: 130 S ALLEN ST  STATE COLLEGE PA 16801,Approved,100,0,Greek,,
UPUA General Assesmbly coffee delivery Benefitting THON,Item Sale,University Park Undergraduate Association UPUA,1202,2/7/2024,2/14/2024,UPUA meeting room in hub:     ,Canceled,50,,General,,
Valentine's Day Teddy Bears Impact Benefitting THON,Item Sale,Impact ,1751,2/8/2024,2/8/2024,HUB Information Table 3:,Approved,50,157,Special Interest,,
Delta Sigma Pi Headshots Benefitting THON,Item Sale,Delta Sigma Pi ,85,2/8/2024,2/8/2024,Business Building:     ,Approved,150,350,General,,
Ribbon Sale Benefitting THON,Item Sale,Admin & SL Liaison & THON R&R Event Safety,330 & 538,2/8/2024,2/8/2024,Hub-Robeson Center:     ,Approved,40,29,joint,,
Tapestry Dance Company Flower Sale Benefitting THON,Item Sale,Tapestry Dance Company ,142,2/8/2024,2/8/2024,HUB:     ,Approved,50,86.5,General,,
Lindsasaurus R&Rex Bracelet & Ribbon Sale Benefitting THON,Item Sale,Fundraising Outreach 6,2384,2/8/2024,2/8/2024,HUB Info Tabe #9:,Canceled,100,,joint,,
Charms Benefitting THON,Item Sale,World Campus,1318,2/8/2024,2/8/2024,HUB:     ,Approved,25,15,Commonwealth,,
Volé Craft Night Benefitting THON,Item Sale,Volé,126,2/8/2024,2/8/2024,HUB-Robeson Center:     ,Approved,100,115,General,,
Conner’s McTHONneR&Rs’ Bracelet Making Benefitting THON,Item Sale,Fundraising Outreach 1,2369,2/8/2024,2/8/2024,Agricultural Engineering Building:     ,Approved,85,80,joint,,
FOTO Grilled Cheese Benefitting THON,Item Sale,FOTO ,1336,2/9/2024,2/9/2024,Nittany Apartments:     ,Canceled,50,,Special Interest,,
Candy Grams x Gamma Sigma Sigma Benefitting THON,Item Sale,Gamma Sigma Sigma ,46,2/9/2024,2/9/2024,HUB - Robeson Center: HUB - Robeson Center  University Park PA 16802,Approved,150,40,Greek,,
Club Gymnastics Krispy Kreme Sale Benefitting THON,Item Sale,Club Gymnastics Club Gym,161,2/9/2024,2/12/2024,Krispy Kreme: 511 MOOSIC ST  SCRANTON PA 18505,Approved,100,64,General,,
Phi Chi Theta Ribbon Sale at The Field Benefitting THON,Item Sale,Phi Chi Theta ,206,2/9/2024,2/9/2024,The Field Burger and Tap: 1 COUNTRY CLUB LN  STATE COLLEGE PA 16803,Approved,50,94,General,,
Unison Valentine's Day Sale Benefitting THON,Item Sale,Unison ,3124,2/9/2024,2/14/2024,HUB-Robinson Center:     ,Approved,100,161,General,,
Valentine's Day Fundraiser Benefitting THON,Item Sale,Infinity ,3063,2/9/2024,2/13/2024,,Approved,75,25,Special Interest,,
ConnoR&R Spaniels Ribbon Sale Benefitting THON,Item Sale,THON R&R Event Safety & Training & Development 2,538 & 3195,2/9/2024,2/9/2024,HUB Main Lounge Table #5:,Approved,100,132,joint,,
Ayuda Ribbon Sale Benefitting THON,Item Sale,Ayuda ,1923,2/9/2024,2/9/2024,St. Paul’s United Methodist Church:     ,Approved,65,55,Special Interest,,
SWE Toy Sale Benefitting THON,Item Sale,Society of Women Engineers SWE,57,2/9/2024,2/13/2024,215 Hammond Building:,Approved,50,88,General,,
DAR Sticker Sale Benefitting THON,Item Sale,THON Donor & Alumni Relations Development,453,2/9/2024,2/16/2024,,Approved,30,,joint,,
Ribbon Sale Benefitting THON,Item Sale,Fayette,44,2/9/2024,2/11/2024,Shop N Save: 150 WALNUT HILL RD  UNIONTOWN PA 15401,Approved,1000,,Commonwealth,,
Pillar Candygrams Benefitting THON,Item Sale,Pillar ,1297,2/9/2024,2/9/2024,Alternative Fundraising Chair's Apartment: 870 TOFTREES AVE 313 STATE COLLEGE PA 16803,Approved,30,35,Special Interest,,
Breakfast Sandwich Delivery Benefitting THON,Item Sale,Nittany Dance Project NDP & Theta Chi,102 & 2876,2/10/2024,2/11/2024,Theta Chi House: 523 S ALLEN ST  STATE COLLEGE PA 16801,Canceled,200,,Greek,,
Penn State CHAARG Headbands Benefitting THON,Item Sale,"Changing Health, Attitudes, and Actions To Recreate Girls at Penn State CHAARG",2098,2/10/2024,2/10/2024,Williard Building 260:,Approved,100,145,General,,
PR stickers Benefitting THON,Item Sale,THON Public Relations,1008,2/10/2024,2/12/2024,,Canceled,40,,joint,,
Sigma Kappa Clothing Sale Benefitting THON,Item Sale,Sigma Kappa,35,2/11/2024,2/11/2024,Thomas 100:,Approved,200,37,Greek,,
SDT x Phi Who Pancake Breakfast Benefitting THON,Item Sale,Phi Kappa Theta & Sigma Delta Tau,24 & 49,2/11/2024,2/11/2024,Phi Kappa Theta: 338 E FAIRMOUNT AVE  STATE COLLEGE PA 16801,Approved,300,995,Greek,,
Phi Chi Theta Ribbon Sale at The Field Benefitting THON,Item Sale,Phi Chi Theta ,206,2/11/2024,2/11/2024,The Field Burger and Tap: 1 COUNTRY CLUB LN  STATE COLLEGE PA 16803,Approved,50,62,General,,
Boulevard Bandana and Bag Sale Benefitting THON,Item Sale,Boulevard BLVD,1784,2/11/2024,2/11/2024,"Jade Hofman, Boulevard Fundraising Captain's Apartment: 301 S PUGH ST Apt 604 STATE COLLEGE PA 16801",Approved,50,67,General,,
Phi Sigma Rho & Chi Phi Super Bowl Squares Benefitting THON,Item Sale,Chi Phi & Phi Sigma Rho Phi Rho,81 & 160,2/11/2024,2/11/2024,,Canceled,200,,Greek,,
HEAL Soup Fundraiser Benefitting THON,Item Sale,HEAL: Help Every Angel Live ,1540,2/11/2024,2/11/2024,Kaileigh's apartment: 223 W HAMILTON AVE  STATE COLLEGE PA 16801,Canceled,80,,Special Interest,,
Boulevard Valentine's Candy Grams Benefitting THON,Item Sale,Boulevard BLVD,1784,2/11/2024,2/11/2024,Madisen Ilgenfritz: 646 E COLLEGE AVE APT 406  STATE COLLEGE PA 16801,Approved,50,75,General,,
Club Cheer and Delta Sigma Phi Beads Benefitting THON,Item Sale,Cheerleading Club Club Cheer & Delta Sigma Phi,13 & 321,2/11/2024,2/11/2024,Delta Sigma Phi House: 508 LOCUST LN  STATE COLLEGE PA 16801,Approved,100,,Greek,,
Pin Sale Benefitting THON,Item Sale,Club Sailing  & Dance Alliance PSDA,408 & 1553,2/11/2024,2/14/2024,,Canceled,30,,General,,
Axis Lion Shrine Benefitting THON,Item Sale,Axis ,1747,2/12/2024,2/12/2024,The Nittany Lion Shrine:     ,Canceled,150,,Special Interest,,
Penn State Law Last Chance Donations (Ribbon Sale) Benefitting THON,Item Sale,Penn State Law,1552,2/12/2024,2/14/2024,Katz Building Atrium:     ,Approved,15,15.25,Commonwealth,,
Sigma Kappa x Fiji Chocolate Covered Strawberries Sale Benefitting THON,Item Sale,Phi Gamma Delta & Sigma Kappa,35 & 19,2/12/2024,2/12/2024,,Approved,300,351,Greek,,
NDP x Theta Chi DIY Valentine's Flower Bouquet Benefitting THON,Item Sale,Nittany Dance Project NDP & Theta Chi,102 & 2876,2/12/2024,2/13/2024,HUB:     ,Approved,200,173,Greek,,
Penn State Cheerleading Bow Sales Benefitting THON,Item Sale,Penn State Cheerleading Team,259,2/12/2024,2/15/2024,HUB Robinson Center: 201 Old Main  University Park PA 16802,Approved,300,125,General,,
HEALentines Benefitting THON,Item Sale,HEAL: Help Every Angel Live ,1540,2/12/2024,2/12/2024,Willard Building:     ,Approved,10,82.67,Special Interest,,
Nittany Lion Kissing Booth Benefitting THON,Item Sale,Penn State Cheerleading Team,259,2/12/2024,2/12/2024,HUB-Robeson Center:     ,Canceled,250,,General,,
SFO X DKA Candygrams Benefitting THON,Item Sale,Delta Kappa Alpha DKA & Student Film Organization SFO,2665 & 2675,2/12/2024,2/16/2024,Carnegie Building:     ,Action Needed,80,,General,,
Alpha Chi Rho Ribbon Sale Benefitting THON,Item Sale,Alpha Chi Rho AXP,116,2/12/2024,2/12/2024,HUB Information Table PRCC:     ,Approved,100,83,Greek,,
Kappa Alpha Theta Kisses for a Cure Fundraiser Benefitting THON,Item Sale,Kappa Alpha Theta,14,2/12/2024,2/12/2024,THON Chair's Apartment: 141 S GARNER ST  STATE COLLEGE PA 16801,Approved,250,165,Greek,,
Alpha Kappa Psi Valentines Day Candy Grams Benefitting THON,Item Sale,Alpha Kappa Psi ,61,2/12/2024,2/13/2024,,Approved,500,782,General,,
PLL x Yerbae Candy Grams Benefitting THON,Item Sale,Lyrical Line Dance Company PLL ,79,2/12/2024,2/14/2024,,Approved,60,123,General,,
ServeState Ribbon Sale Benefitting THON,Item Sale,Servestate: Students For Philanthropy ServeState,546,2/12/2024,2/12/2024,HUB:     ,Approved,50,133,General,,
R&R Sticker Fundraiser Sale Benefitting THON,Item Sale,THON R&R Fundraising Safety,2245,2/12/2024,2/12/2024,,Approved,100,,joint,,
Phi Beta Lambda Pasta Dinner Benefitting THON,Item Sale,Phi Beta Lambda,1029,2/12/2024,2/12/2024,,Approved,100,100,General,,
ODC Valentines's Day Candy Grams Benefitting THON,Item Sale,Orchesis Dance Company ODC,124,2/12/2024,2/14/2024,,Approved,50,25,General,,
PotatoGrams with Atlas Benefitting THON,Item Sale,Atlas ,312,2/12/2024,2/12/2024,HUB Robenson Center:     ,Approved,50,1544,Special Interest,,
CullyfloweR&Rs Ribbon Sale Benefitting THON,Item Sale,Events Coordinator & Committee Liaison,2373,2/13/2024,2/13/2024,HUB Information Booth:     ,Approved,55,22,joint,,
Eclipse Fanny Pack Sale Benefitting THON,Item Sale,Eclipse ,2020,2/13/2024,2/13/2024,,Approved,60,93,Special Interest,,
DASH Candy Grams Benefitting THON,Item Sale,DASH ,543,2/14/2024,2/14/2024,HUB Robeson Center:     ,Canceled,40,,Special Interest,,
Bouquets Benefitting THON,Item Sale,Omega Phi Alpha OphiA,48,2/14/2024,2/14/2024,HUB:     ,Approved,100,386,Greek,,
Valentine's Day Serenade Benefitting THON,Item Sale,Hospitality - Dancer Meals 1/2,386,2/14/2024,2/14/2024,Any building on campus running meetings on 2/14:,Approved,100,,joint,,
DASH Valentine's Roses Benefitting THON,Item Sale,DASH ,543,2/14/2024,2/14/2024,HUB Robeson Center:     ,Approved,40,100,Special Interest,,
Club Cross Country Candygrams Benefitting THON,Item Sale,Club Cross Country XC,305,2/14/2024,2/14/2024,Rec Hall:     ,Approved,50,72,General,,
UPUA General Assembly candy gram delivery Benefitting THON,Item Sale,University Park Undergraduate Association UPUA,1202,2/14/2024,2/14/2024,UPUA office in hub:     ,Approved,20,,General,,
Alpha Phi Omega Date With a Book Benefitting THON,Item Sale,Alpha Phi Omega ,54,2/14/2024,2/14/2024,Hub Table #1:,Action Needed,100,,General,,
Hitz Different R&R Committee X Ribbon Sale Benefitting THON,Item Sale,Security Team 7,2529,2/14/2024,2/14/2024,HUB:     ,Approved,50,67,joint,,
Springfield Ten Thousand Villages Benefitting THON,Item Sale,Springfield ,42,2/14/2024,2/14/2024,Hub Roberson Center University Park Pa 16803:,Canceled,200,,Special Interest,,
Trilogy and Phi Sigma Kappa Pasta Dinner Benefitting THON,Item Sale,Phi Sigma Kappa PSK & Trilogy ,72 & 10,2/15/2024,2/15/2024,Phi Sigma Kappa: 501 S ALLEN ST  STATE COLLEGE PA 16801,Approved,300,,General,,
Kappa Kappa Gamma x Delta Chi Merchandise Benefitting THON,Merchandise Sale,Kappa Kappa Gamma,22,7/26/2023,8/8/2023,,Approved,200,,Greek,,
Sweatshirt Fundraiser Benefitting THON,Merchandise Sale,Nittany Dance Project NDP & Theta Chi,102 & 2876,7/31/2023,8/10/2023,,Denied,1000,,Greek,,
Sigma Kappa and Phi Gamma Delta Summer Merch Sale Benefitting THON,Merchandise Sale,Phi Gamma Delta & Sigma Kappa,35 & 19,8/10/2023,8/23/2023,,Approved,200,691,Greek,,
DPhiE Sweatshirt Fundraiser Benefitting THON,Merchandise Sale,Delta Phi Epsilon DPhiE,2090,8/26/2023,8/27/2023,,Canceled,180,,Greek,,
World Campus 2024 Theme Merchandise Benefitting THON,Merchandise Sale,World Campus,1318,8/28/2023,9/10/2023,,Canceled,250,,Commonwealth,,
Sweatshirt Fundraiser Benefitting THON,Merchandise Sale,Nittany Dance Project NDP & Theta Chi,102 & 2876,8/31/2023,9/13/2023,,Approved,1000,315,Greek,,
Club Swimming Merchandise Benefitting THON,Merchandise Sale,Club Swimming ,302,9/11/2023,9/24/2023,Online:     ,Approved,150,334,General,,
Merchandise Sale x Everyday Benefitting THON,Merchandise Sale,Everyday Benefitting THON Everyday,1194,9/11/2023,9/24/2023,,Approved,100,167.5,Special Interest,,
Pi Beta Phi Connections Fundraiser Benefitting THON,Merchandise Sale,Pi Beta Phi Pi Phi,18,9/20/2023,9/20/2023,Connections: 130 S ALLEN ST  STATE COLLEGE PA 16801,Approved,200,0,Greek,,
Atlas Yearly Tee Benefitting THON,Merchandise Sale,Atlas ,312,9/20/2023,9/27/2023,,Approved,2000,1740,Special Interest,,
SDT x Lock Boutique Benefitting THON,Merchandise Sale,Phi Kappa Theta & Sigma Delta Tau,24 & 49,9/22/2023,9/22/2023,Lock Boutique: 216 E COLLEGE AVE  STATE COLLEGE PA 16801,Approved,100,300,Greek,,
Boxing and wrestling club  merchandise Benefitting THON,Merchandise Sale,Boxing Club  & Club Wrestling ,1546 & 1769,9/26/2023,10/25/2023,,Approved,400,615,General,,
Professional Headshots Benefitting THON,Event/Concert,Alicia Armstrong and Chelsea Birkel (2024),3220,1/3/2024,1/3/2024,Mindowaskin Park:     ,Approved,100,,Independent Couple,,
Nittany Lion Chase Merchandise Benefitting THON,Merchandise Sale,Club Crew ,201,9/30/2023,9/30/2023,,Approved,500,774,General,,
Penn State Brandywine Benefitting THON,Merchandise Sale,Brandywine,51,9/30/2023,9/30/2023,25 Yearsley Mill Road:,Denied,500,,Commonwealth,,
Penn State Brandywine Benefitting THON,Merchandise Sale,Brandywine,51,9/30/2023,9/30/2023,Penn State Brandywine:     ,Approved,500,2160,Commonwealth,,
Ruck for a Cure Shirts X Kaizen Benefitting THON,Merchandise Sale,Kaizen  & Operation Blue and Gold OBG,133 & 1896,10/2/2023,10/6/2023,,Approved,825,670.36,General,,
Sapphire Fall Merchandise Benefitting THON,Merchandise Sale,Sapphire Leadership Program ,1543,10/4/2023,10/11/2023,,Approved,300,350,General,,
Thrifting fundraiser for fashion society at Penn-state Benefitting THON,Merchandise Sale,Fashion Society at Penn State FSPS,2593,10/6/2023,10/6/2023,HUB:     ,Canceled,400,,General,,
Eclipse Tie-Dye Benefitting THON,Merchandise Sale,Eclipse ,2020,10/8/2023,10/8/2023,Board Member Justin's place: 212 S BARNARD ST  STATE COLLEGE PA 16801,Approved,500,480,Special Interest,,
Philly Sports Gear Auction Benefitting THON,Item Auction,Maeve Riley and Sophie Sclafani (2024),3138,1/3/2024,1/5/2024,,Approved,100,146,Independent Couple,,
Merchandise Benefitting THON,Merchandise Sale,LimitlesS ,203,10/10/2023,10/16/2023,,Approved,100,180,General,,
PSET PGM Pumpkin Carving Benefitting THON,Merchandise Sale,English Equestrian Club  & Professional Golf Management,314 & 381,10/15/2023,10/15/2023,House 1: 502 S PUGH ST  STATE COLLEGE PA 16801,Approved,100,80,General,,
Sigma Kappa Fall Hoodie Benefitting THON,Merchandise Sale,Sigma Kappa,35,10/15/2023,10/28/2023,,Approved,200,1085,Greek,,
BBAF x Happy Valley Buttons Benefitting THON,Merchandise Sale,Bodybuilding and Fitness BBAF,536,10/17/2023,10/19/2023,,Approved,200,140,General,,
Family Relations Hoodies Benefitting THON,Merchandise Sale,THON Family Relations,1003,10/18/2023,10/31/2023,,Approved,130,75,joint,,
Double Good Popcorn Sale Benefitting THON,Item Sale,Sam Phillips and Josalyn Scarberry (2024),3143,1/3/2024,1/7/2024,,Approved,100,,Independent Couple,,
Penn State Equestrian Team and Professional Golf Management 5K T-Shirt Benefitting THON,Merchandise Sale,English Equestrian Club  & Professional Golf Management,314 & 381,10/22/2023,10/22/2023,PSU:     ,Approved,100,,General,,
Phi Sigma Sigma Fall Sweatshirt Sale Benefitting THON,Merchandise Sale,Phi Sigma Sigma Phi Sig,294,10/23/2023,11/1/2023,,Approved,800,,Greek,,
Delta Zeta x Connections Benefitting THON,Merchandise Sale,Delta Zeta DZ & Sigma Pi,39 & 36,10/25/2023,10/25/2023,Connections Clothing: 130 S ALLEN ST  STATE COLLEGE PA 16801,Approved,300,0,Greek,,
Stuckeman Halloween Bash - AIAS Benefitting THON,Merchandise Sale,American Institute of Architecture Students AIAS,389,10/25/2023,10/25/2023,Stuckeman Family Building Lawn:     ,Approved,75,50,General,,
Alpha Zeta Pumpkin Painting Benefitting THON,Merchandise Sale,Alpha Zeta,191,10/25/2023,10/25/2023,Alpha Zeta:     ,Approved,100,183,Greek,,
Omega Phi Alpha and Omega Chi Sigma Sweatshirt/Crewneck Benefitting THON,Merchandise Sale,Omega Chi Sigma & Omega Phi Alpha OphiA,48 & 2440,10/26/2023,10/31/2023,,Canceled,150,,Greek,,
Thrifting fundraiser for fashion society at Penn-state Benefitting THON,Merchandise Sale,Fashion Society at Penn State FSPS,2593,10/27/2023,10/27/2023,HUB: 1 Pollock road  university park PA 16802,Canceled,400,,General,,
FIJI Golf Tournament Hats Benefitting THON,Merchandise Sale,Phi Gamma Delta,19,10/29/2023,11/8/2023,,Canceled,250,,Greek,,
Women in Business Merchandise Benefitting THON,Merchandise Sale,Women In Business WIB,151,10/30/2023,11/12/2023,,Approved,500,750,General,,
Omega Phi Alpha and Omega Chi Sigma Sweatshirt/Crewneck Benefitting THON,Merchandise Sale,Omega Chi Sigma & Omega Phi Alpha OphiA,48 & 2440,10/31/2023,11/3/2023,,Approved,200,453,Greek,,
PSFHC x PSBC Merch Fundraiser Benefitting THON,Merchandise Sale,Baseball Club Club Baseball & Club Field Hockey PSFHC,52 & 1780,10/31/2023,11/8/2023,Field Hockey Complex:     ,Approved,300,631.62,General,,
OPP Sweatshirt Benefitting THON,Merchandise Sale,THON OPPerations,1007,11/2/2023,11/16/2023,"Committee Member Meetings (Thomas Building, Sackett Building, Willard Building, Hammond Building):     ",Approved,1500,2362,joint,,
Ellington Ridge Country Club Golf Simulation Fundraiser - Devon Bertram and Katelin Johndrow (2024) Benefitting THON,Business Sponsorship,Devon Bertram and Katelin Johndrow (2024),3069,1/4/2024,1/4/2024,Ellington Ridge Country Club: 56 ABBOTT RD  ELLINGTON CT 06029,Approved,400,1354,Independent Couple,,
Phi Sigma Sigma Fall Sweatshirt Sale Benefitting THON,Merchandise Sale,Phi Sigma Sigma Phi Sig,294,11/8/2023,11/8/2023,,Approved,500,0,Greek,,
Pie-in-the-Face & Tie Dye x Circle K Benefitting THON,Merchandise Sale,Circle K ,84,11/12/2023,11/12/2023,HUB Lawn:     ,Approved,49.92,55,General,,
Thrifting fundraiser for fashion society at Penn-state Benefitting THON,Merchandise Sale,Fashion Society at Penn State FSPS,2593,11/14/2023,11/14/2023,HUB:     ,Canceled,100,,General,,
Delta Gamma x Delta Upsilon Merchandise Benefitting THON,Merchandise Sale,Delta Gamma & Delta Upsilon International Fraternity Delta Upsilon,1544 & 37,11/23/2023,11/29/2023,,Denied,300,,Greek,,
Brandywine Sweatshirt and Hoodie Sale Benefitting THON,Merchandise Sale,Brandywine,51,11/27/2023,12/4/2023,"Penn State Brandywine, Student Union Building:     ",Approved,500,1624,Commonwealth,,
Alpha Kappa Psi Merch Sale Benefitting THON,Merchandise Sale,Alpha Kappa Psi ,61,11/27/2023,11/27/2023,,Approved,300,436,General,,
KINGS Benefitting THON,Item Sale,Mackenzie Lee and Cade Helfrich (2024),3133,1/4/2024,1/4/2024,Kings Food Markets: 255 S LIVINGSTON AVE  LIVINGSTON NJ 07039,Canceled,200,,Independent Couple,,
Navigators Merch Sale Benefitting THON,Merchandise Sale,Navigators at Penn State ,313,11/27/2023,12/10/2023,,Approved,150,51.5,General,,
OPP Fanny Packs Benefitting THON,Merchandise Sale,OPPerations - Inter-Committee Events,396,11/27/2023,12/6/2023,,Canceled,200,,joint,,
Special Events Sticker Sale Benefitting THON,Merchandise Sale,THON Special Events,1011,11/27/2023,12/6/2023,,Approved,100,75,joint,,
SDT Kendra Scott Benefitting THON,Merchandise Sale,Sigma Delta Tau,24,11/28/2023,11/30/2023,,Approved,500,,Greek,,
Kappa Alpha Theta x Connections Benefitting THON,Merchandise Sale,Kappa Alpha Theta,14,11/30/2023,11/30/2023,Connections: 130 S ALLEN ST  STATE COLLEGE PA 16801,Approved,75,0,Greek,,
PJ's in Bellingham Benefitting THON,Restaurant Fundraiser,Danil Kurtz and Kayla Martinis (2024),3158,1/4/2024,1/4/2024,PJs Bar and Grill: 191 MECHANIC ST  BELLINGHAM MA 02019,Approved,500,0,Independent Couple,,
SDT Senior Shirts Benefitting THON,Merchandise Sale,Sigma Delta Tau,24,12/4/2023,12/4/2023,,Approved,100,,Greek,,
Men's Club Lacrosse Team Store Benefitting THON,Merchandise Sale,Men's Lacrosse Club ,141,12/13/2023,12/20/2023,,Approved,500,,General,,
All HOS Hoodie Benefitting THON,Merchandise Sale,Hospitality - Admin/Donor Relations & THON Hospitality,1005 & 387,12/13/2023,12/22/2023,,Canceled,100,,joint,,
PSU figure skating Benefitting THON,Merchandise Sale,Figure Skating,1334,12/15/2023,12/28/2023,,Canceled,15,,General,,
Panara Fundraiser Benefitting THON,Restaurant Fundraiser,Haley McKeever and Jacob Rotondo (2024),3064,1/4/2024,1/4/2024,Panara Bread: 73 OLD DUBLIN PIKE  DOYLESTOWN PA 18901,Approved,50,,Independent Couple,,
all HOS Crewneck Benefitting THON,Merchandise Sale,Hospitality - Admin/Donor Relations & THON Hospitality,1005 & 387,12/20/2023,12/26/2023,,Approved,500,180,joint,,
all HOS Fuel the Fight shirt Benefitting THON,Merchandise Sale,Hospitality - Admin/Donor Relations & THON Hospitality,1005 & 387,12/24/2023,1/6/2024,,Approved,100,120,joint,,
PSSC Merch Fundraiser Benefitting THON,Merchandise Sale,Snowboard ,1312,1/1/2024,1/3/2024,,Approved,100,0,General,,
College of EMS Merchandise Sale Benefitting THON,Merchandise Sale,Earth and Mineral Sciences Student Council EMS StuCo,105,1/2/2024,1/15/2024,,Approved,100,104,General,,
P.J. Whelihan's x Brooke & McKenna Benefitting THON,Restaurant Fundraiser,Brooke Rockovits and McKenna Byrne (2024),3112,1/4/2024,1/4/2024,PJ Whelihan's Pub and Restaurant: 3395 HIGH POINT BLVD  BETHLEHEM PA 18017,Approved,1000,0,Independent Couple,,
Club Powerlifting THON Weekend Gear Benefitting THON,Merchandise Sale,Club Powerlifting ,507,1/7/2024,1/21/2024,,Approved,100,68.82,General,,
DIY homemade record posters sale Benefitting THON,Item Sale,Ian Cox and Sara Almasy (2024),3174,1/5/2024,1/18/2024,,Approved,40,,Independent Couple,,
Club Cross Country Miles for Smiles Shirts Benefitting THON,Merchandise Sale,Club Cross Country XC,305,1/7/2024,1/15/2024,Rec Hall:     ,Approved,200,40,General,,
Volé Crewneck Sale Benefitting THON,Merchandise Sale,Volé,126,1/8/2024,1/21/2024,,Approved,100,406,General,,
DPhiE Sweatshirt Fundraiser Benefitting THON,Merchandise Sale,Delta Phi Epsilon DPhiE,2090,1/8/2024,1/15/2024,,Canceled,370,,Greek,,
DPhiE Football Sweatshirt Benefitting THON,Merchandise Sale,Delta Phi Epsilon DPhiE,2090,1/8/2024,1/15/2024,,Canceled,265,,Greek,,
Sigma Sigma Sigma x Zeta Beta Connections Fundraiser Benefitting THON,Merchandise Sale,Sigma Sigma Sigma Tri Sigma & Zeta Beta Tau ZBT,33 & 1476,1/9/2024,1/9/2024,Connections: 130 S ALLEN ST  STATE COLLEGE PA 16801,Approved,100,0,Greek,,
Boxing and wrestling merch Benefitting THON,Merchandise Sale,Boxing Club  & Club Wrestling ,1546 & 1769,1/10/2024,1/12/2024,Collegiate pride:     ,Approved,200,200,General,,
OPP Stickers Benefitting THON,Merchandise Sale,OPPerations - Inter-Committee Events,396,1/11/2024,1/18/2024,,Approved,99.98,76,joint,,
Club tennis hoodies Benefitting THON,Merchandise Sale,Club Tennis ,1048,1/12/2024,1/17/2024,,Approved,100,218,General,,
"Sticker, Button, Ribbon Sale Benefitting THON",Merchandise Sale,Ian Cox and Sara Almasy (2024),3174,1/5/2024,1/18/2024,,Approved,40,63,Independent Couple,,
Alpha Kappa Psi Sweatshirts Benefitting THON,Merchandise Sale,Alpha Kappa Psi ,61,1/15/2024,1/28/2024,,Denied,200,,General,,
Maggie and Hannah Ribboning Benefitting THON,Coin Collection,Hannah Feldman and Maggie O'Neill (2024),3129,1/6/2024,1/6/2024,The Paper Unicorn: 2 S MAIN ST  DOYLESTOWN PA 18901,Approved,100,,Independent Couple,,
PLL Hoodie Sale Benefitting THON,Merchandise Sale,Lyrical Line Dance Company PLL ,79,1/15/2024,1/21/2024,,Approved,100,284,General,,
PLL T-Shirt Sale Benefitting THON,Merchandise Sale,Lyrical Line Dance Company PLL ,79,1/15/2024,1/21/2024,,Approved,50,128.44,General,,
Club Cheer and Delta Sigma Phi Merch Benefitting THON,Merchandise Sale,Cheerleading Club Club Cheer & Delta Sigma Phi,13 & 321,1/16/2024,1/18/2024,White Building:     ,Canceled,600,,Greek,,
Ribbon Sale Benefitting THON,Item Sale,Riley Neglia and Kari Jim (2024),3137,1/6/2024,1/6/2024,17 Maple Ave:,Canceled,75,,Independent Couple,,
Finals Week Cookies Fundraiser Benefitting THON,Bake Sale,Alicia Armstrong and Chelsea Birkel (2024),3220,1/7/2024,1/7/2024,,Approved,70,30,Independent Couple,,
R&R Crewneck and Sticker Fundraiser Sale Benefitting THON,Merchandise Sale,THON R&R Fundraising Safety,2245,1/22/2024,2/1/2024,,Canceled,100,,joint,,
R&R Crewneck and Sticker Fundraiser Sale Benefitting THON,Merchandise Sale,THON R&R Fundraising Safety,2245,1/22/2024,2/1/2024,,Approved,100,734,joint,,
PSFHC x PSBC Merch Fundraiser Benefitting THON,Merchandise Sale,Baseball Club Club Baseball & Club Field Hockey PSFHC,52 & 1780,1/22/2024,1/31/2024,Julia Romano's House: 827 OLD BOALSBURG RD  STATE COLLEGE PA 16801,Denied,200,,General,,
Plato's Closet Impact Benefitting THON,Merchandise Sale,Impact ,1751,1/22/2024,1/22/2024,Plato's Closet: 1526 N ATHERTON ST  STATE COLLEGE PA 16803,Approved,500,57,Special Interest,,
Sigma Kappa & FIJI Sweatpants Sale Benefitting THON,Merchandise Sale,Phi Gamma Delta & Sigma Kappa,35 & 19,1/23/2024,2/5/2024,,Approved,300,490,Greek,,
Circle K Shirts Benefitting THON,Merchandise Sale,Circle K ,84,1/24/2024,1/31/2024,Willard Building:     ,Denied,60,,General,,
DASH Merchandise Sale 2024 Benefitting THON,Merchandise Sale,DASH ,543,1/26/2024,1/26/2024,,Approved,40,107,Special Interest,,
T-Shirt Sale Benefitting THON,Merchandise Sale,Hazleton,74,1/27/2024,1/27/2024,Penn State Hazleton Gymnasium:     ,Approved,800,630.05,Commonwealth,,
Penn State Equestrian Team and Professional Golf Management Short-sleeve Benefitting THON,Merchandise Sale,English Equestrian Club  & Professional Golf Management,314 & 381,1/29/2024,1/29/2024,Penn State University:     ,Canceled,100,,General,,
Penn State Equestrian Team and Professional Golf Management Crewneck Benefitting THON,Merchandise Sale,English Equestrian Club  & Professional Golf Management,314 & 381,1/29/2024,1/29/2024,Penn State University:     ,Approved,100,,General,,
Penn State Equestrian Team and Professional Golf Management Hoodie Benefitting THON,Merchandise Sale,English Equestrian Club  & Professional Golf Management,314 & 381,1/29/2024,1/29/2024,Penn State University:     ,Canceled,100,,General,,
Penn State Equestrian Team and Professional Golf Management Sweatpants Benefitting THON,Merchandise Sale,English Equestrian Club  & Professional Golf Management,314 & 381,1/29/2024,1/29/2024,Penn State University:     ,Approved,100,,General,,
Penn State Equestrian Team and Professional Golf Management Hat Benefitting THON,Merchandise Sale,English Equestrian Club  & Professional Golf Management,314 & 381,1/29/2024,1/29/2024,Penn State University:     ,Approved,100,,General,,
Phi Gamma Nu Button Sale Benefitting THON,Merchandise Sale,Phi Gamma Nu ,29,1/29/2024,2/2/2024,Online:     ,Approved,100,204,General,,
World Campus 2024 Theme Merchandise Benefitting THON,Merchandise Sale,World Campus,1318,1/29/2024,2/2/2024,,Approved,100,,Commonwealth,,
Alpha Xi Delta Merchandise Clothing Drive Benefitting THON,Merchandise Sale,Alpha Xi Delta AXID,31,1/31/2024,1/31/2024,Business Building 004:,Approved,500,703,Greek,,
Lionettes Sweatpants Benefitting THON,Merchandise Sale,Dance Team (Lionettes),204,1/31/2024,2/2/2024,,Approved,50,53.77,General,,
Gill Sans MT Hats Benefitting THON,Merchandise Sale,Fundraising Development 6,3192,1/31/2024,2/1/2024,,Canceled,400,,joint,,
PSSC Item Sale Benefitting THON,Merchandise Sale,Snowboard ,1312,2/5/2024,2/5/2024,,Approved,100,198,General,,
OPP Legacy Shirt Benefitting THON,Merchandise Sale,THON OPPerations,1007,2/5/2024,2/14/2024,,Approved,400,110,joint,,
Pi Beta Phi and Sigma Phi Epsilon Connections Fundraiser Benefitting THON,Merchandise Sale,Pi Beta Phi Pi Phi & Sigma Phi Epsilon,18 & 11,2/6/2024,2/6/2024,Connections: 130 S ALLEN ST  STATE COLLEGE PA 16801,Approved,400,0,Greek,,
Sapphire Spring Merchandise Benefitting THON,Merchandise Sale,Sapphire Leadership Program ,1543,2/11/2024,2/14/2024,,Approved,150,190,General,,
PRSSA Pie A Comm Professor Benefitting THON,No Shave/Buzz Cut,Public Relations Student Society of America PRSSA,63,9/13/2023,9/13/2023,HUB Robeson Center:     ,Approved,150,89,General,,
PSBC JCuts Benefitting THON,No Shave/Buzz Cut,Baseball Club Club Baseball,1780,10/16/2023,10/23/2023,JCuts (Brian Joslin's) house: 225 I ALY  STATE COLLEGE PA 16801,Approved,100,100,General,,
Men's Club Lacrosse No Shave November Benefitting THON,No Shave/Buzz Cut,Men's Lacrosse Club ,141,11/1/2023,11/14/2023,,Approved,50,,General,,
No Shave November Fundraiser Benefitting THON,No Shave/Buzz Cut,Omega Chi Sigma & Omega Phi Alpha OphiA,48 & 2440,11/1/2023,11/13/2023,,Approved,120,30,Greek,,
Operation Blue and Gold's No Shave November Benefitting THON,No Shave/Buzz Cut,Kaizen  & Operation Blue and Gold OBG,133 & 1896,11/1/2023,11/10/2023,ONLINE:     ,Approved,75,,General,,
THON Hospitality's HOStaches Benefitting THON,No Shave/Buzz Cut,THON Hospitality,1005,11/1/2023,11/13/2023,,Approved,250,330,joint,,
No Shave November Benefitting THON,No Shave/Buzz Cut,THON OPPerations,1007,11/2/2023,11/15/2023,Willard Building:     ,Approved,75,40,joint,,
Alpha Phi Omega Benefitting THON,No Shave/Buzz Cut,Alpha Phi Omega ,54,11/6/2023,11/6/2023,Hub Tabling:     ,Approved,500,17,General,,
Earth and Mineral Sciences No Shave November Benefitting THON,No Shave/Buzz Cut,Earth and Mineral Sciences Student Council EMS StuCo,105,11/18/2023,12/1/2023,,Approved,100,240,General,,
Men's Club Lacrosse No Shave November Benefitting THON,No Shave/Buzz Cut,Men's Lacrosse Club ,141,11/20/2023,11/30/2023,,Approved,60,50,General,,
Phi Kappa Psi No Shave November Benefitting THON,No Shave/Buzz Cut,Alpha Omicron Pi AOII & Phi Kappa Psi,8 & 32,11/30/2023,11/30/2023,Phi Kappa Psi: 403 LOCUST LN  STATE COLLEGE PA 16801,Approved,150,,Greek,,
Mile run and haircuts Benefitting THON,No Shave/Buzz Cut,Acacia,7,1/30/2024,1/30/2024,Acacia Fraternity: 234 LOCUST LN  STATE COLLEGE PA 16801,Canceled,100,,Greek,,
OPPerations No Hair Don't Care Benefitting THON,No Shave/Buzz Cut,OPPerations - Timeline Management,417,2/13/2024,2/14/2024,Apartment Downtown: 301 S PUGH ST  STATE COLLEGE PA 16801,Approved,50,200,joint,,
Phi Kappa Psi and AOPi x Crumbl Cookie Benefitting THON,Restaurant Fundraiser,Alpha Omicron Pi AOII & Phi Kappa Psi,8 & 32,7/1/2023,7/1/2023,,Approved,1000,140.2,Greek,,
Volé Mountain View Restaurant Fundraiser Benefitting THON,Restaurant Fundraiser,Alpha Sigma Phi & Volé,126 & 34,7/19/2023,7/19/2023,Mountain View Family Drive-In: 602 JACOBSBURG RD  NAZARETH PA 18064,Approved,50,127,Greek,,
Pelicans Snowballs Restaurant Fundraiser Benefitting THON,Restaurant Fundraiser,Atlas ,312,7/27/2023,7/27/2023,Pelican's Snoballs: 152 SHIKELLAMY AVE  SUNBURY PA 17801,Approved,100,0,Special Interest,,
Tau Kappa Epsilon x Epsilon Sigma Alpha PJ Whelihan’s Benefitting THON,Restaurant Fundraiser,Epsilon Sigma Alpha ESA & Tau Kappa Epsilon TKE,27 & 562,8/1/2023,8/1/2023,PJ Welihan's: 1347 WILMINGTON PIKE  WEST CHESTER PA 19382,Approved,100,0,Greek,,
Volé Chickie's and Pete's Restaurant Fundraiser Benefitting THON,Restaurant Fundraiser,Alpha Sigma Phi & Volé,126 & 34,8/3/2023,8/3/2023,Chickie's and Pete's: 5035 TOWNSHIP LINE RD  DREXEL HILL PA 19026,Approved,50,0,Greek,,
Tau Kappa Epsilon and Epsilon Sigma Alpha x Sundae School Benefitting THON,Restaurant Fundraiser,Epsilon Sigma Alpha ESA & Tau Kappa Epsilon TKE,27 & 562,8/3/2023,8/3/2023,Sundae School: 401 SCHOOL HOUSE RD  TELFORD PA 18969,Approved,100,87.74,Greek,,
Alex Hymel and Erika Long x Walking Tacos Benefitting THON,Benefit Dinner,Alex Hymel and Erika Long (2024),3119,1/7/2024,1/7/2024,632 W College Ave: 632 W COLLEGE AVE Unit 5 STATE COLLEGE PA 16801,Approved,50,132,Independent Couple,,
ADPi x SAE Chipotle Fundraiser Benefitting THON,Restaurant Fundraiser,Alpha Delta Pi ADPi & Sigma Alpha Epsilon SAE,20 & 209,8/22/2023,8/22/2023,Chipotle: 116 HIESTER ST  STATE COLLEGE PA 16801,Approved,100,0,Greek,,
Penn State Lehigh Valley Night at The Inside Scoop Benefitting THON,Restaurant Fundraiser,Lehigh Valley,113,8/24/2023,8/24/2023,The Inside Scoop: 301 N 3RD ST  COOPERSBURG PA 18036,Approved,250,0,Commonwealth,,
Tau Kappa Epsilon x Epsilon Sigma Alpha Panera Benefitting THON,Restaurant Fundraiser,Epsilon Sigma Alpha ESA & Tau Kappa Epsilon TKE,27 & 562,8/29/2023,8/29/2023,Panera Bread: 148 S ALLEN ST  STATE COLLEGE PA 16801,Approved,100,0,Greek,,
FOTO Panda Express Benefitting THON,Restaurant Fundraiser,FOTO ,1336,8/29/2023,8/29/2023,Hetzel Union Building:     ,Approved,100,0,Special Interest,,
Panda Express and Sports Business Club Benefitting THON,Restaurant Fundraiser,Sports Business Club SBC,287,8/30/2023,8/30/2023,Panda Express - HUB-Robeson Center:     ,Approved,100,0,General,,
Panda Express Restaurant Fundraiser with Atlas Benefitting THON,Restaurant Fundraiser,Atlas ,312,8/31/2023,8/31/2023,7 Hub/robeson Center:,Approved,250,0,Special Interest,,
Delta Zeta x Sigma Pi Roots Fundraiser Benefitting THON,Restaurant Fundraiser,Delta Zeta DZ & Sigma Pi,39 & 36,8/31/2023,8/31/2023,Roots Natural Kitchen: 270 E BEAVER AVE  STATE COLLEGE PA 16801,Approved,100,0,Greek,,
SDT & Phi Who X Rita's Benefitting THON,Restaurant Fundraiser,Phi Kappa Theta & Sigma Delta Tau,24 & 49,9/1/2023,9/1/2023,Rita's of State College PA: 1609 N ATHERTON ST  STATE COLLEGE PA 16803,Approved,150,0,Greek,,
Panda Express Impact Benefitting THON,Restaurant Fundraiser,Impact ,1751,9/5/2023,9/5/2023,Panda Express HUB:     ,Approved,150,,Special Interest,,
Raising Canes Fundraiser Benefitting THON,Restaurant Fundraiser,Alpha Tau Omega ATO & Zeta Tau Alpha,1 & 2,9/5/2023,9/5/2023,Raising Canes: 228 E COLLEGE AVE  STATE COLLEGE PA 16801,Approved,100,0,Greek,,
Yo-Go Crazy Benefitting THON,Restaurant Fundraiser,Berks,77,9/5/2023,9/5/2023,Yo Go Crazy Frozen Yogurt: 2733 PAPERMILL RD # 4  WYOMISSING PA 19610,Approved,50,0,Commonwealth,,
FOTO Chipotle Benefitting THON,Restaurant Fundraiser,FOTO ,1336,9/6/2023,9/6/2023,Chipotle: 116 HIESTER ST  STATE COLLEGE PA 16801,Approved,100,,Special Interest,,
Idou Coffee Co. x Apollo Benefitting THON,Restaurant Fundraiser,Apollo ,1745,9/9/2023,9/9/2023,Curtain Road:     ,Approved,300,10,Special Interest,,
Chipotle and Sports Business Club Benefitting THON,Restaurant Fundraiser,Sports Business Club SBC,287,9/11/2023,9/11/2023,Chipotle: 116 HIESTER ST  STATE COLLEGE PA 16801,Approved,200,0,General,,
Panera Restaurant Fundraiser with Atlas Benefitting THON,Restaurant Fundraiser,Atlas ,312,9/12/2023,9/12/2023,Panera: 148 S ALLEN ST  STATE COLLEGE PA 16801,Approved,150,0,Special Interest,,
Altoona Texas Roadhouse Restaurant Night Fundraiser Benefitting THON,Restaurant Fundraiser,Altoona,165,9/12/2023,9/12/2023,Texas Roadhouse: 1560 OSGOOD DR  ALTOONA PA 16602,Approved,200,62,Commonwealth,,
Panda Express X Ohana Benefitting THON,Restaurant Fundraiser,Ohana ,1161,9/12/2023,9/12/2023,Panda Express:     ,Approved,100,0,Special Interest,,
Women in Business Chipolte Fundraiser Benefitting THON,Restaurant Fundraiser,Women In Business WIB,151,9/13/2023,9/13/2023,Chipolte: 116 HIESTER ST  STATE COLLEGE PA 16801,Approved,150,0,General,,
Kappa Alpha Theta Presents Roots Natural Kitchen Benefitting THON,Restaurant Fundraiser,Kappa Alpha Theta,14,9/13/2023,9/13/2023,Roots Natural Kitchen: 270 E BEAVER AVE  STATE COLLEGE PA 16801,Approved,75,0,Greek,,
Club Cross Country Panera Fundraiser Benefitting THON,Restaurant Fundraiser,Club Cross Country XC,305,9/14/2023,9/14/2023,Panera: 148 S ALLEN ST  STATE COLLEGE PA 16801,Approved,150,,General,,
Delta Zeta x Sigma Pi Chipotle Fundraiser Benefitting THON,Restaurant Fundraiser,Delta Zeta DZ & Sigma Pi,39 & 36,9/17/2023,9/17/2023,Chipotle: 116 HIESTER ST  STATE COLLEGE PA 16801,Approved,150,0,Greek,,
Sigma Sigma Sigma x Zeta Beta Tau Chipotle Fundraiser Benefitting THON,Restaurant Fundraiser,Sigma Sigma Sigma Tri Sigma & Zeta Beta Tau ZBT,33 & 1476,9/18/2023,9/18/2023,Chipotle: 116 HIESTER ST  STATE COLLEGE PA 16801,Approved,180,0,Greek,,
Ohana X Panera Benefitting THON,Restaurant Fundraiser,Ohana ,1161,9/18/2023,9/18/2023,Panera Bread: 148 S ALLEN ST  STATE COLLEGE PA 16801,Approved,150,0,Special Interest,,
Tau Kappa Epsilon x Epsilon Sigma Alpha Panda Express Benefitting THON,Restaurant Fundraiser,Epsilon Sigma Alpha ESA & Tau Kappa Epsilon TKE,27 & 562,9/18/2023,9/18/2023,Panda Express:     ,Approved,100,0,Greek,,
Eclipse Auntie Anne's Benefitting THON,Restaurant Fundraiser,Eclipse ,2020,9/18/2023,9/18/2023,Auntie Anne's: 324 E COLLEGE AVE  STATE COLLEGE PA 16801,Approved,50,0,Special Interest,,
FOTO Noodles & Company Benefitting THON,Restaurant Fundraiser,FOTO ,1336,9/19/2023,9/19/2023,244 W College Ave:,Approved,100,,Special Interest,,
Chipotle Benefitting THON,Restaurant Fundraiser,World Campus,1318,9/19/2023,9/19/2023,Chipotle: 10 W CHOCOLATE AVE  HERSHEY PA 17033,Approved,150,0,Commonwealth,,
Vibe Coffee Co.- ATO x ZTA Benefitting THON,Restaurant Fundraiser,Alpha Tau Omega ATO & Zeta Tau Alpha,1 & 2,9/19/2023,9/19/2023,Vibe Coffe Co.: 401 W BEAVER AVE  STATE COLLEGE PA 16801,Approved,100,0,Greek,,
Hershey Kisses Chipotle Fundraiser Benefitting THON,Restaurant Fundraiser,Hershey Kisses HK,1667,9/19/2023,9/19/2023,Chipotle: 116 HIESTER ST  STATE COLLEGE PA 16801,Approved,100,0,Special Interest,,
Panera Benefitting THON,Restaurant Fundraiser,Berks,77,9/19/2023,9/19/2023,Panera Bread: 2733 PAPERMILL RD  READING PA 19610,Approved,100,0,Commonwealth,,
FOTO Applebee's Benefitting THON,Restaurant Fundraiser,FOTO ,1336,9/20/2023,9/20/2023,Applebee's: 12 COLONNADE WAY  STATE COLLEGE PA 16803,Approved,100,0,Special Interest,,
Rib Rally Benefitting THON,Restaurant Fundraiser,Atlas ,312,9/20/2023,9/20/2023,Texas Roadhouse: 1885 WADDLE RD  STATE COLLEGE PA 16803,Approved,200,0,Special Interest,,
Eclipse Auntie Anne's Benefitting THON,Restaurant Fundraiser,Eclipse ,2020,9/20/2023,9/20/2023,Auntie Anne's: 324 E COLLEGE AVE  STATE COLLEGE PA 16801,Canceled,50,,Special Interest,,
FOTO Raising Cane's Fundraiser Benefitting THON,Restaurant Fundraiser,FOTO ,1336,9/21/2023,9/21/2023,Raising Cane's: 228 E COLLEGE AVE  STATE COLLEGE PA 16801,Approved,50,0,Special Interest,,
DPhiE x ADP Panda Express Fundraiser Benefitting THON,Restaurant Fundraiser,Alpha Delta Phi Delta House & Delta Phi Epsilon DPhiE,1073 & 2090,9/21/2023,9/21/2023,Panda Express at the HUB:     ,Approved,45,0,Greek,,
Penn State Dance Alliance X Panda Express Benefitting THON,Restaurant Fundraiser,Dance Alliance PSDA,1553,9/21/2023,9/21/2023,Panda Express:     ,Canceled,50,,General,,
Merch Sale Benefitting THON,Merchandise Sale,Alicia Armstrong and Chelsea Birkel (2024),3220,1/7/2024,1/15/2024,,Approved,10,156,Independent Couple,,
Penn State CHAARG + Panera Benefitting THON,Restaurant Fundraiser,"Changing Health, Attitudes, and Actions To Recreate Girls at Penn State CHAARG",2098,9/21/2023,9/21/2023,Panera Bread: 148 S ALLEN ST  STATE COLLEGE PA 16801,Approved,50,0,General,,
Sweet Ride Benefitting THON,Restaurant Fundraiser,Berks,77,9/21/2023,9/21/2023,Sweet Ride Ice Cream: 542 PENN AVE  WEST READING PA 19611,Approved,50,,Commonwealth,,
Phi Sigma Rho and Chi Phi Roots Benefitting THON,Restaurant Fundraiser,Chi Phi & Phi Sigma Rho Phi Rho,81 & 160,9/22/2023,9/22/2023,Roots Natural Kitchen: 270 E BEAVER AVE  STATE COLLEGE PA 16801,Approved,100,0,Greek,,
Ohana X Chipotle Benefitting THON,Restaurant Fundraiser,Ohana ,1161,9/25/2023,9/25/2023,Chipotle: 116 HIESTER ST  STATE COLLEGE PA 16801,Approved,100,0,Special Interest,,
Panda Express x Circle K Benefitting THON,Restaurant Fundraiser,Circle K ,84,9/25/2023,9/25/2023,Panda Express at The HUB:     ,Approved,100,,General,,
Penn State York Sarah’s Creamery Dine-out Benefitting THON,Restaurant Fundraiser,York,170,9/26/2023,9/26/2023,Sarah’s Creamery: 121 S MAIN ST  DOVER PA 17315,Approved,150,25,Commonwealth,,
Restaurant Fundraiser with Roots Benefitting THON,Restaurant Fundraiser,Atlas ,312,9/26/2023,9/26/2023,Roots Natural Kitchen: 270 E BEAVER AVE  STATE COLLEGE PA 16801,Approved,250,0,Special Interest,,
Kappa Alpha Theta Presents Raising Cane's Benefitting THON,Restaurant Fundraiser,Kappa Alpha Theta,14,9/26/2023,9/26/2023,Raising Cane's: 228 E COLLEGE AVE  STATE COLLEGE PA 16801,Approved,25,0,Greek,,
Hershey Kisses Panera Bread Fundraiser Benefitting THON,Restaurant Fundraiser,Hershey Kisses HK,1667,9/26/2023,9/26/2023,Panera Bread: 148 S ALLEN ST  STATE COLLEGE PA 16801,Approved,100,0,Special Interest,,
LimitlesS Panda Express Fundraiser Benefitting THON,Restaurant Fundraiser,LimitlesS ,203,9/26/2023,9/26/2023,Panda Express:     ,Approved,75,0,General,,
Volé x Alpha Sigma Phi Raising Canes Fundraiser Benefitting THON,Restaurant Fundraiser,Alpha Sigma Phi & Volé,126 & 34,9/26/2023,9/26/2023,Raising Canes: 228 E COLLEGE AVE  STATE COLLEGE PA 16801,Denied,50,,Greek,hootay,hi!
Alpha Omicron Pi and Phi Kappa Psi x Chipotle Benefitting THON,Restaurant Fundraiser,Alpha Omicron Pi AOII & Phi Kappa Psi,8 & 32,9/27/2023,9/27/2023,Chipotle Restaurant: 116 HIESTER ST  STATE COLLEGE PA 16801,Approved,100,0,Greek,,
SDT & Phi Who X Roots Benefitting THON,Restaurant Fundraiser,Phi Kappa Theta & Sigma Delta Tau,24 & 49,9/27/2023,9/27/2023,Roots Natural Kitchen: 270 E BEAVER AVE  STATE COLLEGE PA 16801,Approved,200,0,Greek,,
Club tennis Teadori Benefitting THON,Restaurant Fundraiser,Club Tennis ,1048,9/27/2023,9/28/2023,454 E College Ave:,Approved,50,30,General,,
Women in Business Panera Fundraiser Benefitting THON,Restaurant Fundraiser,Women In Business WIB,151,9/28/2023,9/28/2023,Panera Break:     ,Canceled,110,,General,,
Women in Business Panera Fundraiser Benefitting THON,Restaurant Fundraiser,Women In Business WIB,151,9/28/2023,9/28/2023,Panera Break: 148 S ALLEN ST  STATE COLLEGE PA 16801,Approved,110,0,General,,
LimitlesS Canes Resturant Fundraiser Benefitting THON,Restaurant Fundraiser,LimitlesS ,203,9/28/2023,9/28/2023,Raising Canes Chicken Fingers: 228 E COLLEGE AVE  STATE COLLEGE PA 16801,Approved,40,,General,,
Panera Bread and Sports Business Club Benefitting THON,Restaurant Fundraiser,Sports Business Club SBC,287,9/29/2023,9/29/2023,Panera Bread: 148 S ALLEN ST  STATE COLLEGE PA 16801,Canceled,150,,General,,
Panera Bread and Sports Business Club Benefitting THON,Restaurant Fundraiser,Sports Business Club SBC,287,9/29/2023,9/29/2023,Panera Bread: 148 S ALLEN ST  STATE COLLEGE PA 16801,Approved,150,0,General,,
Chick 2 Fundraiser Benefitting THON,Restaurant Fundraiser,American Institute of Chemical Engineers AIChE,64,9/29/2023,9/29/2023,Chick 2: 128 E COLLEGE AVE  STATE COLLEGE PA 16801,Approved,100,,General,,
Phi Sig and AGR Roots Fundraiser Benefitting THON,Restaurant Fundraiser,Alpha Gamma Rho AGR & Phi Sigma Sigma Phi Sig,187 & 294,9/29/2023,9/29/2023,Roots Natural Kitchen: 270 E BEAVER AVE  STATE COLLEGE PA 16801,Approved,100,0,Greek,,
Dance Alliance PSDA X Panera Benefitting THON,Restaurant Fundraiser,Dance Alliance PSDA,1553,10/1/2023,10/1/2023,Panera Bread: 148 S ALLEN ST  STATE COLLEGE PA 16801,Approved,50,,General,,
Chipotle Fundraiser for Atlas Benefitting THON,Restaurant Fundraiser,Atlas ,312,10/2/2023,10/2/2023,Chipotle: 116 HIESTER ST  STATE COLLEGE PA 16801,Approved,200,0,Special Interest,,
Ayuda Panda Express Fundraiser Benefitting THON,Restaurant Fundraiser,Ayuda ,1923,10/2/2023,10/2/2023,Panda Express:     ,Approved,50,0,Special Interest,,
Bhakti Yoga Fundraiser for Fashion Society at Penn State Benefitting THON,Restaurant Fundraiser,Fashion Society at Penn State FSPS,2593,10/3/2023,10/3/2023,Bhakti Yoga Center: 322B E COLLEGE AVE  STATE COLLEGE PA 16801,Approved,300,100,General,,
Hershey Kisses Texas Roadhouse Benefitting THON,Restaurant Fundraiser,Hershey Kisses HK,1667,10/4/2023,10/4/2023,Texas Roadhouse: 1885 WADDLE RD  STATE COLLEGE PA 16803,Approved,30,,Special Interest,,
Pillar at Panera Bread Benefitting THON,Restaurant Fundraiser,Pillar ,1297,10/4/2023,10/4/2023,Panera Bread: 148 S ALLEN ST  STATE COLLEGE PA 16801,Approved,50,0,Special Interest,,
LimitlesS Roots Fundraiser Benefitting THON,Restaurant Fundraiser,LimitlesS ,203,10/4/2023,10/4/2023,Roots Natural Kitchen:     ,Canceled,90,,General,,
LimitlesS Roots Fundraiser Benefitting THON,Restaurant Fundraiser,LimitlesS ,203,10/4/2023,10/4/2023,Roots Natural Kitchen:     ,Canceled,90,,General,,
LimitlesS Roots Fundraiser Benefitting THON,Restaurant Fundraiser,LimitlesS ,203,10/4/2023,10/4/2023,Roots Natural Kitchen: 270 E BEAVER AVE  STATE COLLEGE PA 16801,Approved,90,,General,,
Chi Phi and Phi Sigma Rho Chipotle Benefitting THON,Restaurant Fundraiser,Chi Phi & Phi Sigma Rho Phi Rho,81 & 160,10/4/2023,10/4/2023,Chipotle: 1850 N ATHERTON ST  STATE COLLEGE PA 16803,Approved,100,0,Greek,,
Alpha Epsilon Pi & Alpha Phi Roots Fundraiser Benefitting THON,Restaurant Fundraiser,Alpha Phi,12,10/5/2023,10/5/2023,Roots Natural Kitchen: 270 E BEAVER AVE  STATE COLLEGE PA 16801,Approved,50,0,Greek,,
Urban Dance Troupe and Panda Benefitting THON,Restaurant Fundraiser,Urban Dance Troupe UDT,2568,10/6/2023,10/6/2023,HUB Panda Express:     ,Approved,70,,General,,
Society of Women Engineers Vibe Coffee Co. Dine-in Benefitting THON,Restaurant Fundraiser,Society of Women Engineers SWE,57,10/6/2023,10/6/2023,Vibe Coffee Co.: 401 W BEAVER AVE  STATE COLLEGE PA 16801,Approved,20,0,General,,
FOTO Panda Express Benefitting THON,Restaurant Fundraiser,FOTO ,1336,10/9/2023,10/9/2023,Hetzel Union Building:     ,Approved,100,,Special Interest,,
Student Film Organization X Teadori Benefitting THON,Restaurant Fundraiser,Delta Kappa Alpha DKA & Student Film Organization SFO,2665 & 2675,10/9/2023,10/9/2023,Teadori: 454 E COLLEGE AVE  STATE COLLEGE PA 16801,Approved,40,0,General,,
Chick-fil-a Fundraiser Benefitting THON,Restaurant Fundraiser,Maddie Neulander and Katelyn Felsberg (2024),3190,1/7/2024,1/13/2024,Chick-fil-A Glastonbury: 2941 MAIN ST  GLASTONBURY CT 06033,Canceled,300,,Independent Couple,,
Tau Kappa Epsilon x Epsilon Sigma Alpha PMANS Benefitting THON,Restaurant Fundraiser,Epsilon Sigma Alpha ESA & Tau Kappa Epsilon TKE,27 & 562,10/9/2023,10/9/2023,Primanti Bros: 130 HIESTER ST  STATE COLLEGE PA 16801,Approved,100,,Greek,,
LimitlesS Panera Resturant Fundraiser Benefitting THON,Restaurant Fundraiser,LimitlesS ,203,10/10/2023,10/10/2023,Panera Bread: 148 S ALLEN ST  STATE COLLEGE PA 16801,Approved,120,,General,,
Anthony's Coal Fired Pizza Benefitting THON,Restaurant Fundraiser,Berks,77,10/10/2023,10/10/2023,Anthony's Coal Fired Pizza & Wings: 2733 PAPERMILL RD STE 7  WYOMISSING PA 19610,Approved,50,,Commonwealth,,
Penn State CHAARG + Chipotle Benefitting THON,Restaurant Fundraiser,"Changing Health, Attitudes, and Actions To Recreate Girls at Penn State CHAARG",2098,10/10/2023,10/10/2023,Chipotle: 116 HIESTER ST  STATE COLLEGE PA 16801,Approved,100,0,General,,
TDX Texas Roadhouse Fundraiser Benefitting THON,Restaurant Fundraiser,Theta Delta Chi TDX,147,10/10/2023,10/10/2023,Texas Roadhouse: 1885 WADDLE RD  STATE COLLEGE PA 16803,Approved,100,0,Greek,,
Connections x Gamma Phi Beta Benefitting THON,Restaurant Fundraiser,Acacia & Gamma Phi Beta,16 & 7,10/10/2023,10/10/2023,Connections Clothing: 130 S ALLEN ST  STATE COLLEGE PA 16801,Approved,50,0,Greek,,
FOTO Fiddlehead Benefitting THON,Restaurant Fundraiser,FOTO ,1336,10/11/2023,10/11/2023,Fiddlehead: 134 W COLLEGE AVE  STATE COLLEGE PA 16801,Approved,100,0,Special Interest,,
BMES Benefitting THON - Panera Bread Restaurant Fundraiser Benefitting THON,Restaurant Fundraiser,"Biomedical Engineering Society Student Chapter at Penn State, Undergraduate Student Association BMES UGSA",333,10/11/2023,10/11/2023,Panera Bread: 148 S ALLEN ST  STATE COLLEGE PA 16801,Approved,50,,General,,
Primanti Bros Fundraiser for Behrend Benefitting THON,Restaurant Fundraiser,Behrend,73,10/11/2023,10/11/2023,Primanti Bros: 5800 PEACH ST  ERIE PA 16565,Approved,150,,Commonwealth,,
Penn State Lehigh Valley Night at Playa Bowls Benefitting THON,Restaurant Fundraiser,Lehigh Valley,113,10/11/2023,10/11/2023,Playa Bowls: 3045 CENTER VALLEY PKWY  CENTER VALLEY PA 18034,Approved,200,155,Commonwealth,,
Noodles and Company Benefitting THON,Restaurant Fundraiser,Atlas ,312,10/12/2023,10/12/2023,Noodles and Company: 244 W COLLEGE AVE  STATE COLLEGE PA 16801,Approved,150,,Special Interest,,
Women in Business Roots Natural Kitchen Benefitting THON,Restaurant Fundraiser,Women In Business WIB,151,10/12/2023,10/12/2023,Roots Natural Kitchen State College: 270 E BEAVER AVE  STATE COLLEGE PA 16801,Approved,100,0,General,,
Teadori Fundraiser Benefitting THON,Restaurant Fundraiser,American Institute of Chemical Engineers AIChE,64,10/12/2023,10/13/2023,Teadori: 454 E COLLEGE AVE  STATE COLLEGE PA 16801,Approved,100,0,General,,
SDT & Phi Who X Panera Benefitting THON,Restaurant Fundraiser,Phi Kappa Theta & Sigma Delta Tau,24 & 49,10/13/2023,10/13/2023,Panera Bread: 148 S ALLEN ST  STATE COLLEGE PA 16801,Approved,150,,Greek,,
Ohana X Hibachi San Benefitting THON,Restaurant Fundraiser,Ohana ,1161,10/13/2023,10/13/2023,Hibachi San:     ,Approved,50,,Special Interest,,
Roots Natural Kitchen X PRSSA Benefitting THON,Restaurant Fundraiser,Public Relations Student Society of America PRSSA,63,10/13/2023,10/13/2023,270 E Beaver Ave:,Approved,150,,General,,
Dphie x ADP Teadori Benefitting THON,Restaurant Fundraiser,Alpha Delta Phi Delta House & Delta Phi Epsilon DPhiE,1073 & 2090,10/14/2023,10/14/2023,Teadori: 454 E COLLEGE AVE  STATE COLLEGE PA 16801,Approved,50,,Greek,,
Phi Who & SDT X Yallah Taco Benefitting THON,Restaurant Fundraiser,Phi Kappa Theta & Sigma Delta Tau,24 & 49,10/15/2023,10/15/2023,Yallah Taco: 310 E COLLEGE AVE  STATE COLLEGE PA 16801,Approved,100,0,Greek,,
Chipotle Fundraiser Benefitting THON,Restaurant Fundraiser,Alpha Tau Omega ATO & Zeta Tau Alpha,1 & 2,10/16/2023,10/16/2023,Chipotle: 116 HIESTER ST  STATE COLLEGE PA 16801,Approved,200,,Greek,,
FOTO Applebee's Benefitting THON,Restaurant Fundraiser,FOTO ,1336,10/16/2023,10/16/2023,Applebee's: 12 COLONNADE WAY  STATE COLLEGE PA 16803,Approved,99.99,,Special Interest,,
Limitless Texas Roadhouse Fundraiser Benefitting THON,Restaurant Fundraiser,LimitlesS ,203,10/16/2023,10/16/2023,Texas Roadhouse: 1885 WADDLE RD  STATE COLLEGE PA 16803,Approved,50,,General,,
THON R&R Panda Express Benefitting THON,Restaurant Fundraiser,THON R&R Event Safety & THON R&R Fundraising Safety,538 & 2245,10/17/2023,10/17/2023,HUB Panda Express:     ,Approved,100000,0,joint,,
TDX Wings Over Fundraiser Benefitting THON,Restaurant Fundraiser,Theta Delta Chi TDX,147,10/17/2023,10/17/2023,Wings Over: 244 W HAMILTON AVE  STATE COLLEGE PA 16801,Approved,200,,Greek,,
Kappa Alpha Theta Presents Panera Bread Benefitting THON,Restaurant Fundraiser,Kappa Alpha Theta,14,10/18/2023,10/18/2023,Panera Bread: 148 S ALLEN ST  STATE COLLEGE PA 16801,Approved,50,0,Greek,,
Club Cross Country Chipotle Fundraiser Benefitting THON,Restaurant Fundraiser,Club Cross Country XC,305,10/18/2023,10/18/2023,Chipotle: 116 HIESTER ST  STATE COLLEGE PA 16801,Approved,150,0,General,,
Penn State Dance Alliance X Roots Benefitting THON,Restaurant Fundraiser,Dance Alliance PSDA,1553,10/18/2023,10/18/2023,Roots Natural Kitchen: 270 E BEAVER AVE  STATE COLLEGE PA 16801,Approved,50,0,General,,
Hersey Kisses Panda Express Fundraiser Benefitting THON,Restaurant Fundraiser,Hershey Kisses HK,1667,10/18/2023,10/18/2023,Panda Express:     ,Approved,60,0,Special Interest,,
Sigma Sigma Sigma x Zeta Beta Tau Texas Roadhouse Fundraiser Benefitting THON,Restaurant Fundraiser,Sigma Sigma Sigma Tri Sigma & Zeta Beta Tau ZBT,33 & 1476,10/18/2023,10/18/2023,Texas Roadhouse: 1885 WADDLE RD  STATE COLLEGE PA 16803,Approved,100,0,Greek,,
Phi Chi Theta Raising Canes Benefitting THON,Restaurant Fundraiser,Phi Chi Theta ,206,10/18/2023,10/31/2023,Raising Cane's Chicken Tenders: 228 E COLLEGE AVE  STATE COLLEGE PA 16801,Denied,250,,General,,
Alpha Omicron Pi x Roots Benefitting THON,Restaurant Fundraiser,Alpha Omicron Pi AOII & Phi Kappa Psi,8 & 32,10/19/2023,10/19/2023,Roots Natural Kitchen: 270 E BEAVER AVE  STATE COLLEGE PA 16801,Approved,100,0,Greek,,
PMA's Yallah Fundraiser Benefitting THON,Restaurant Fundraiser,Professional Management Association PMA,243,10/19/2023,10/19/2023,Yallah Taco: 310 E COLLEGE AVE  STATE COLLEGE PA 16801,Approved,30,,General,,
Sauly Boys Benefitting THON,Restaurant Fundraiser,LimitlesS ,203,10/19/2023,10/19/2023,Sauly Boy's: 124 S ALLEN ST  STATE COLLEGE PA 16801,Approved,55,0,General,,
VSA Boba Fundraising Benefitting THON,Restaurant Fundraiser,Vietnamese Student Association VSA,732,10/19/2023,10/19/2023,Teadori: 454 E COLLEGE AVE  STATE COLLEGE PA 16801,Approved,150,505,General,,
Everyday Panera Fundraiser Benefitting THON,Restaurant Fundraiser,Everyday Benefitting THON Everyday,1194,10/20/2023,10/20/2023,Panera: 148 S ALLEN ST  STATE COLLEGE PA 16801,Approved,50,,Special Interest,,
Panera Restaurant Fundraiser with Atlas Benefitting THON,Restaurant Fundraiser,Atlas ,312,10/22/2023,10/22/2023,Panera: 148 S ALLEN ST  STATE COLLEGE PA 16801,Approved,150,,Special Interest,,
Kappa Alpha Theta Presents Chipotle Benefitting THON,Restaurant Fundraiser,Kappa Alpha Theta,14,10/23/2023,10/23/2023,Chipotle: 116 HIESTER ST  STATE COLLEGE PA 16801,Approved,50,0,Greek,,
Clothing Drive Benefitting THON,Event/Concert,Kayla Best and Simone Garafalo (2024),3118,1/8/2024,1/13/2024,Plato's Closet: 1526 N ATHERTON ST  STATE COLLEGE PA 16803,Approved,80,136,Independent Couple,,
Texas Roadhouse Fundraiser Benefitting THON,Restaurant Fundraiser,Phi Kappa Tau PKT/ Phi Tau  & Whiplash Dance Team,47 & 215,10/23/2023,10/23/2023,Texas Roadhouse: 1885 WADDLE RD  STATE COLLEGE PA 16803,Approved,200,0,Greek,,
Honeygrow Benefitting THON,Restaurant Fundraiser,Berks,77,10/23/2023,10/23/2023,Honeygrow: 2715 N MERIDIAN BLVD  WYOMISSING PA 19610,Approved,50,0,Commonwealth,,
Penn State CHAARG + Roots Benefitting THON,Restaurant Fundraiser,"Changing Health, Attitudes, and Actions To Recreate Girls at Penn State CHAARG",2098,10/23/2023,10/23/2023,Roots Natural Kitchen: 270 E BEAVER AVE  STATE COLLEGE PA 16801,Canceled,100,,General,,
Penn State York Chipotle Dine-out Benefitting THON,Restaurant Fundraiser,York,170,10/24/2023,10/24/2023,Chipotle: 1923 SPRINGWOOD RD  YORK PA 17403,Approved,150,62.29,Commonwealth,,
FOTO Sauly Boy's Benefitting THON,Restaurant Fundraiser,FOTO ,1336,10/24/2023,10/24/2023,Sauly Boy's: 124 S ALLEN ST  STATE COLLEGE PA 16801,Canceled,100,,Special Interest,,
FOTO Sauly Boy's Benefitting THON,Restaurant Fundraiser,FOTO ,1336,10/24/2023,10/24/2023,Sauly Boy's: 124 S ALLEN ST  STATE COLLEGE PA 16801,Approved,100,0,Special Interest,,
Andrew Spence and Dylan Lantz-Goldstein x Wristbands Benefitting THON,Item Sale,Dylan Lantz-Goldstein and Andrew Spence (2024),3170,1/8/2024,1/21/2024,Penn State University:     ,Denied,300,,Independent Couple,,
Hershey Kisses Roots Fundraiser Benefitting THON,Restaurant Fundraiser,Hershey Kisses HK,1667,10/24/2023,10/24/2023,Roots Natural Kitchen: 270 E BEAVER AVE  STATE COLLEGE PA 16801,Approved,50,,Special Interest,,
Shake Smart and Sports Business Club Benefitting THON,Restaurant Fundraiser,Sports Business Club SBC,287,10/25/2023,10/25/2023,Shake Smart:     ,Approved,60,0,General,,
Panera X PRSSA Benefitting THON,Restaurant Fundraiser,Public Relations Student Society of America PRSSA,63,10/25/2023,10/25/2023,Panera Bread: 148 S ALLEN ST  STATE COLLEGE PA 16801,Approved,150,0,General,,
Volé Roots Fundraiser Benefitting THON,Restaurant Fundraiser,Volé,126,10/25/2023,10/25/2023,Roots Natural Kitchen: 270 E BEAVER AVE  STATE COLLEGE PA 16801,Approved,100,,General,,
SNAPS x KINES Club Panda Express Fundraiser Benefitting THON,Restaurant Fundraiser,Kinesiology Club KINES club & Student Nurses' Association at Penn State SNAPS,104 & 100,10/25/2023,10/25/2023,Panda Express:     ,Approved,100,0,General,,
Qdoba Restaurant Fundraiser with Atlas Benefitting THON,Restaurant Fundraiser,Atlas ,312,10/26/2023,10/26/2023,Qdoba: 1918 N ATHERTON ST  STATE COLLEGE PA 16803,Approved,200,0,Special Interest,,
Sigma Pi X Delta Zeta Panera Fundraiser Benefitting THON,Restaurant Fundraiser,Delta Zeta DZ & Sigma Pi,39 & 36,10/26/2023,10/26/2023,Panera Bread: 148 S ALLEN ST  STATE COLLEGE PA 16801,Approved,100,0,Greek,,
Yallah Taco Fundraiser Benefitting THON,Restaurant Fundraiser,Student Red Cross Club SRCC,90,10/26/2023,10/26/2023,Yallah Taco: 310 E COLLEGE AVE  STATE COLLEGE PA 16801,Approved,40,0,NewMC,,
FOTO Monte Carlo's Benefitting THON,Restaurant Fundraiser,FOTO ,1336,10/26/2023,10/26/2023,Monte Carlos Pizza: 616 W COLLEGE AVE  STATE COLLEGE PA 16801,Approved,100,15,Special Interest,,
Ohana X Raising Cane's Benefitting THON,Restaurant Fundraiser,Ohana ,1161,10/26/2023,10/26/2023,Raising Cane's Chicken Fingers: 228 E COLLEGE AVE  STATE COLLEGE PA 16801,Approved,50,,Special Interest,,
Chi Phi and Phi Sigma Rho Panera Benefitting THON,Restaurant Fundraiser,Chi Phi & Phi Sigma Rho Phi Rho,81 & 160,10/27/2023,10/27/2023,Panera: 148 S ALLEN ST  STATE COLLEGE PA 16801,Approved,100,,Greek,,
Roots Benefitting THON,Restaurant Fundraiser,Alpha Tau Omega ATO & Zeta Tau Alpha,1 & 2,10/30/2023,10/30/2023,Roots: 270 E BEAVER AVE  STATE COLLEGE PA 16801,Approved,100,,Greek,,
Roots Benefitting THON,Restaurant Fundraiser,Alpha Tau Omega ATO & Zeta Tau Alpha,1 & 2,10/30/2023,10/30/2023,Roots: 270 E BEAVER AVE  STATE COLLEGE PA 16801,Canceled,100,,Greek,,
Dphie x ADP Teadori Fundraiser Benefitting THON,Restaurant Fundraiser,Alpha Delta Phi Delta House & Delta Phi Epsilon DPhiE,1073 & 2090,10/31/2023,10/31/2023,Teadori: 454 E COLLEGE AVE  STATE COLLEGE PA 16801,Approved,50,,Greek,,
Restaurant Fundraiser with Hibachi San Benefitting THON,Restaurant Fundraiser,Atlas ,312,11/1/2023,11/1/2023,Hibachi-San:     ,Approved,200,0,Special Interest,,
HEAL x Panera Bread Benefitting THON,Restaurant Fundraiser,HEAL: Help Every Angel Live ,1540,11/1/2023,11/1/2023,Panera Bread: 148 S ALLEN ST  STATE COLLEGE PA 16801,Approved,40,0,Special Interest,,
8 Mile Pizza Benefitting THON,Restaurant Fundraiser,Alpha Tau Omega ATO & Zeta Tau Alpha,1 & 2,11/1/2023,11/1/2023,8 Mile Pizza: 300 S PUGH ST  STATE COLLEGE PA 16801,Approved,100,0,Greek,,
SDT & Phi Who X Raising Cane's Benefitting THON,Restaurant Fundraiser,Phi Kappa Theta & Sigma Delta Tau,24 & 49,11/2/2023,11/2/2023,Raising Cane's Chicken Fingers: 228 E COLLEGE AVE  STATE COLLEGE PA 16801,Approved,150,,Greek,,
Texas Roadhouse Rib Rally for Club Softball Benefitting THON,Restaurant Fundraiser,Club Softball ,132,11/2/2023,11/15/2023,Alexandra Bogle:     ,Approved,75,0,General,,
Indian Fusion Cakes Benefitting THON,Item Sale,Manav Shah and Amisha Chander (2024),3142,1/8/2024,1/12/2024,,Approved,200,110,Independent Couple,,
Teadori Benefitting THON,Restaurant Fundraiser,Bodybuilding and Fitness BBAF,536,11/3/2023,11/3/2023,Teadori: 454 E COLLEGE AVE  STATE COLLEGE PA 16801,Approved,100,,General,,
Panera Benefitting THON,Restaurant Fundraiser,Omega Phi Alpha OphiA,48,11/5/2023,11/5/2023,Panera Bread: 148 S ALLEN ST  STATE COLLEGE PA 16801,Approved,100,,Greek,,
Epsilon Sigma Alpha Chipotle Benefitting THON,Restaurant Fundraiser,Epsilon Sigma Alpha ESA,562,11/5/2023,11/5/2023,Chipotle: 116 HIESTER ST  STATE COLLEGE PA 16801,Approved,100,,General,,
Kappa Kappa Gamma x Roots Benefitting THON,Restaurant Fundraiser,Kappa Kappa Gamma,22,11/6/2023,11/6/2023,Roots Natural Kitchen: 270 E BEAVER AVE  STATE COLLEGE PA 16801,Approved,150,,Greek,,
Kappa Alpha Theta Presents Five Guys Benefitting THON,Restaurant Fundraiser,Kappa Alpha Theta,14,11/6/2023,11/6/2023,Five Guys: 226 W COLLEGE AVE  STATE COLLEGE PA 16801,Approved,75,0,Greek,,
Panera Fundraiser Benefitting THON,Restaurant Fundraiser,Penn State College of Medicine at Hershey,2209,11/6/2023,11/6/2023,Panera Bread: 1178 MAE ST  HUMMELSTOWN PA 17036,Approved,40,,Commonwealth,,
Aphi x AEPi Chipotle Fundraiser Benefitting THON,Restaurant Fundraiser,Alpha Phi,12,11/6/2023,11/6/2023,Chipotle: 116 HIESTER ST  STATE COLLEGE PA 16801,Approved,60,,Greek,,
Maggie and Hannah Ribboning Benefitting THON,Coin Collection,Hannah Feldman and Maggie O'Neill (2024),3129,1/10/2024,1/10/2024,Nothing Bundt Cakes: 1524 MAIN ST  WARRINGTON PA 18976,Canceled,200,,Independent Couple,,
Penn State CHAARG X Texas Roadhouse Benefitting THON,Restaurant Fundraiser,"Changing Health, Attitudes, and Actions To Recreate Girls at Penn State CHAARG",2098,11/6/2023,11/6/2023,Texas Roadhouse: 1885 WADDLE RD  STATE COLLEGE PA 16803,Approved,100,0,General,,
Rêve Dance Company & Club Dodgeball x Raising Cane's Benefitting THON,Restaurant Fundraiser,Club Dodgeball  & RêVe Dance Company,470 & 471,11/6/2023,11/6/2023,Raising Cane's: 228 E COLLEGE AVE  STATE COLLEGE PA 16801,Approved,100,,General,,
Panda Express Restaurant Fundraiser with Atlas Benefitting THON,Restaurant Fundraiser,Atlas ,312,11/7/2023,11/7/2023,7 Hub/robeson Center:,Approved,200,0,Special Interest,,
Women in Business Raising Canes Fundraiser Benefitting THON,Restaurant Fundraiser,Women In Business WIB,151,11/7/2023,11/7/2023,Raising Canes: 228 E COLLEGE AVE  STATE COLLEGE PA 16801,Approved,50,0,General,,
SNAPS x Panera Bread Benefitting THON,Restaurant Fundraiser,Student Nurses' Association at Penn State SNAPS,104,11/7/2023,11/7/2023,Panera Bread: 1178 MAE ST  HUMMELSTOWN PA 17036,Approved,50,0,General,,
Dance Alliance PSDA X Chipotle Benefitting THON,Restaurant Fundraiser,Dance Alliance PSDA,1553,11/8/2023,11/8/2023,Chipotle: 116 HIESTER ST  STATE COLLEGE PA 16801,Approved,50,,General,,
Phi Sigma Sigma Panera Fundraiser Benefitting THON,Restaurant Fundraiser,Alpha Gamma Rho AGR & Phi Sigma Sigma Phi Sig,187 & 294,11/8/2023,11/8/2023,,Approved,150,,Greek,,
Chipotle Fundraiser for Behrend Benefitting THON,Restaurant Fundraiser,Behrend,73,11/8/2023,11/8/2023,Chipotle: 4165 BUFFALO RD  ERIE PA 16510,Approved,150,,Commonwealth,,
Penn State Lehigh Valley Night at Red Robin Benefitting THON,Restaurant Fundraiser,Lehigh Valley,113,11/8/2023,11/8/2023,Red Robin: 2845 CENTER VALLEY PKWY  CENTER VALLEY PA 18034,Approved,100,0,Commonwealth,,
TPEG Fundraiser at Raising Cane's Benefitting THON,Restaurant Fundraiser,Theme Park Engineering Group Penn State TPEG,93,11/8/2023,11/8/2023,Raising Cane's: 228 E COLLEGE AVE  STATE COLLEGE PA 16801,Approved,50,,General,,
Gammacacia x Roots Benefitting THON,Restaurant Fundraiser,Acacia & Gamma Phi Beta,16 & 7,11/8/2023,11/8/2023,270 E Beaver Ave:,Approved,100,0,Greek,,
Texas Roadhouse Benefitting THON,Restaurant Fundraiser,Alpha Tau Omega ATO & Zeta Tau Alpha,1 & 2,11/8/2023,11/8/2023,Texas Roadhouse: 1885 WADDLE RD  STATE COLLEGE PA 16803,Approved,100,0,Greek,,
Raising Cane's Chicken Fingers and Sports Business Club Benefitting THON,Restaurant Fundraiser,Sports Business Club SBC,287,11/9/2023,11/9/2023,Raising Cane's Chicken Fingers: 228 E COLLEGE AVE  STATE COLLEGE PA 16801,Approved,100,,General,,
Pilates Benefitting THON,Event/Concert,Maddie Blonder and Olivia Sanders (2024),3090,1/10/2024,1/10/2024,White Buiilding Room 132:,Approved,120,210,Independent Couple,,
APhi x AEPi Panera Fundraiser Benefitting THON,Restaurant Fundraiser,Alpha Phi,12,11/9/2023,11/9/2023,Panera: 148 S ALLEN ST  STATE COLLEGE PA 16801,Approved,40,,Greek,,
Ice Bucket Challenge Benefitting THON,Event/Concert,Rexanna Quedenfeld and Lisa Han (2024),3094,1/10/2024,1/18/2024,,Approved,60,70,Independent Couple,,
SA and ODS Panda Express Fundraiser Benefitting THON,Restaurant Fundraiser,Omega Delta Sigma ODS & Sigma Alpha,71 & 2689,11/10/2023,11/10/2023,7 Hub/robeson Center:,Approved,100,0,Greek,,
Ohana X Roots Benefitting THON,Restaurant Fundraiser,Ohana ,1161,11/10/2023,11/10/2023,Roots Natural Kitchen: 270 E BEAVER AVE  STATE COLLEGE PA 16801,Approved,100,,Special Interest,,
Chipotle x Liberal Arts Ambassadors Benefitting THON,Restaurant Fundraiser,Liberal Arts Ambassadors LAA,2664,11/12/2023,11/12/2023,Chipotle: 116 HIESTER ST  STATE COLLEGE PA 16801,Approved,75,0,General,,
BBAF X Panera Benefitting THON,Restaurant Fundraiser,Bodybuilding and Fitness BBAF,536,11/12/2023,11/12/2023,Panera: 148 S ALLEN ST  STATE COLLEGE PA 16801,Approved,120,,General,,
Vibe Coffee Fundraiser Whiplash X PKT Benefitting THON,Restaurant Fundraiser,Phi Kappa Tau PKT/ Phi Tau  & Whiplash Dance Team,47 & 215,11/13/2023,11/13/2023,Vibe Coffee Co.: 401 W BEAVER AVE  STATE COLLEGE PA 16801,Approved,200,,Greek,,
Sigma Sigma Sigma x Zeta Beta Tau Roots Fundraiser Benefitting THON,Restaurant Fundraiser,Sigma Sigma Sigma Tri Sigma & Zeta Beta Tau ZBT,33 & 1476,11/13/2023,11/13/2023,Roots: 270 E BEAVER AVE  STATE COLLEGE PA 16801,Approved,100,0,Greek,,
SNAPS x KINES Club Panera Bread Benefitting THON,Restaurant Fundraiser,Kinesiology Club KINES club & Student Nurses' Association at Penn State SNAPS,104 & 100,11/13/2023,11/13/2023,Panera Bread: 148 S ALLEN ST  STATE COLLEGE PA 16801,Approved,200,0,General,,
Texas Roadhouse Fundraiser with Penn State PGM Benefitting THON,Restaurant Fundraiser,English Equestrian Club  & Professional Golf Management,314 & 381,11/13/2023,11/13/2023,Texas Roadhouse: 1885 WADDLE RD  STATE COLLEGE PA 16803,Approved,100,0,General,,
Linked Permanent Jewelry Sale Benefitting THON,Restaurant Fundraiser,Gamma Phi Beta,16,11/13/2023,11/13/2023,131 Sowers Street:,Approved,150,0,Greek,,
Altoona Texas Roadhouse Restauarant Night Fundraiser Benefitting THON,Restaurant Fundraiser,Altoona,165,11/14/2023,11/14/2023,Texas Roadhouse: 1560 OSGOOD DR  ALTOONA PA 16602,Approved,200,59,Commonwealth,,
Chipotle Benefitting THON,Restaurant Fundraiser,Berks,77,11/14/2023,11/14/2023,Chipotle Mexican Grill: 2733 PAPERMILL RD  READING PA 19610,Approved,50,,Commonwealth,,
Sigma Alpha's Teadori Fundraiser Benefitting THON,Restaurant Fundraiser,Sigma Alpha,71,11/14/2023,11/14/2023,Teadori: 454 E COLLEGE AVE  STATE COLLEGE PA 16801,Approved,50,0,Greek,,
Phi Sigma Rho and Chi Phi Texas Roadhouse Benefitting THON,Restaurant Fundraiser,Chi Phi & Phi Sigma Rho Phi Rho,81 & 160,11/14/2023,11/14/2023,Texas Roadhouse: 1885 WADDLE RD  STATE COLLEGE PA 16803,Approved,100,0,Greek,,
Chipotle Fundraiser for Atlas Benefitting THON,Restaurant Fundraiser,Atlas ,312,11/15/2023,11/15/2023,116 Heister Street:,Approved,300,0,Special Interest,,
Roots Natural Kitchen Fundraiser PGM and PSET Equestrian Team Benefitting THON,Restaurant Fundraiser,English Equestrian Club  & Professional Golf Management,314 & 381,11/15/2023,11/15/2023,Roots Natural Kitchen: 270 E BEAVER AVE  STATE COLLEGE PA 16801,Canceled,60,,General,,
Hershey Kisses Applebee's fundraiser  Benefitting THON,Restaurant Fundraiser,Hershey Kisses HK,1667,11/15/2023,11/15/2023,Applebee's: 12 COLONNADE WAY  STATE COLLEGE PA 16803,Approved,50,,Special Interest,,
Chipotle Impact Benefitting THON,Restaurant Fundraiser,Impact ,1751,11/15/2023,11/15/2023,Chipotle: 116 HIESTER ST  STATE COLLEGE PA 16801,Approved,50,0,Special Interest,,
Saxbys Fundraiser - Leveraged Lion Capital Benefitting THON,Restaurant Fundraiser,Leveraged Lion Capital LLC,2961,11/15/2023,11/15/2023,Saxbys:     ,Approved,120,0,General,,
Playa Bowls x Gamma Phi Beta Benefitting THON,Restaurant Fundraiser,Gamma Phi Beta,16,11/15/2023,11/15/2023,Playa Bowls: 482 E CALDER WAY  STATE COLLEGE PA 16801,Approved,50,0,Greek,,
Women in Business Panda Express Fundraiser Benefitting THON,Restaurant Fundraiser,Women In Business WIB,151,11/16/2023,11/16/2023,Panda express Hub Robeson Center:     ,Approved,100,0,General,,
Women in Business Panda Express Fundraiser Benefitting THON,Restaurant Fundraiser,Women In Business WIB,151,11/16/2023,11/16/2023,Panda express Hub Robeson Center:     ,Canceled,100,,General,,
FOTO Root's Benefitting THON,Restaurant Fundraiser,FOTO ,1336,11/16/2023,11/16/2023,Root's Natural Ktchen: 270 E BEAVER AVE  STATE COLLEGE PA 16801,Canceled,100,,Special Interest,,
FOTO Root's Benefitting THON,Restaurant Fundraiser,FOTO ,1336,11/16/2023,11/16/2023,Root's Natural Ktchen: 270 E BEAVER AVE  STATE COLLEGE PA 16801,Approved,100,,Special Interest,,
Primanti Brothers Fundraiser Benefitting THON,Restaurant Fundraiser,Alpha Tau Omega ATO & Zeta Tau Alpha,1 & 2,11/16/2023,11/16/2023,Primanti Brothers: 130 HIESTER ST  STATE COLLEGE PA 16801,Approved,100,,Greek,,
Vibe Coffee Co. x Ayuda Benefitting THON,Restaurant Fundraiser,Ayuda ,1923,11/16/2023,11/16/2023,Vibe Coffee Co.: 401 W BEAVER AVE  STATE COLLEGE PA 16801,Approved,40,0,Special Interest,,
SDT & Phi Who X Inside Out Cookie Benefitting THON,Restaurant Fundraiser,Phi Kappa Theta & Sigma Delta Tau,24 & 49,11/17/2023,11/17/2023,Downtown State College Farmers Market: 299 LOCUST LN  STATE COLLEGE PA 16801,Approved,50,110,Greek,,
Alyssa and Amber X Sticker Sale X Benefitting THON,Item Sale,Alyssa Becker and Amber Singh (2024),3186,1/10/2024,1/23/2024,,Approved,100,,Independent Couple,,
FOTO Panera Bread (Bloomsburg) Fundraiser Benefitting THON,Restaurant Fundraiser,FOTO ,1336,11/19/2023,11/19/2023,Panera Bread: 60 PLAZA DR  BLOOMSBURG PA 17815,Approved,50,0,Special Interest,,
Epsilon Sigma Alpha Playa Bowls Benefitting THON,Restaurant Fundraiser,Epsilon Sigma Alpha ESA,562,11/20/2023,11/20/2023,Playa Bowls: 4 AIRPORT SQ  NORTH WALES PA 19454,Approved,50,50,General,,
Headshots Benefitting THON,Item Sale,Brianna Lewis and Makenna Shields (2024),3107,1/10/2024,1/17/2024,Business Building:     ,Denied,100,,Independent Couple,,
Burritos Benefitting THON,Benefit Dinner,Sarah Trueman and Sonoma Calkins (2024),3226,1/11/2024,1/14/2024,Sarah Trueman: 478 E BEAVER AVE  STATE COLLEGE PA 16801,Approved,100,49,Independent Couple,,
DPhiE x ADP Panda Express Fundraiser Benefitting THON,Restaurant Fundraiser,Alpha Delta Phi Delta House & Delta Phi Epsilon DPhiE,1073 & 2090,11/22/2023,11/22/2023,Panda Express at the HUB:     ,Canceled,45,,Greek,,
The Juice Pod Ridley x Apollo Benefitting THON,Restaurant Fundraiser,Apollo ,1745,11/22/2023,11/22/2023,The Juice Pod Ridley: 237 MILMONT AVE  FOLSOM PA 19033,Approved,100,0,Special Interest,,
Paige Blankenhorn & Ella Palmieri Food Sale Benefitting THON,Bake Sale,Ella Palmieri and Paige Blankenhorn (2024),3084,1/12/2024,1/12/2024,Auction Time Bid Board: 1506 CENTRE TPKE STE 6  ORWIGSBURG PA 17961,Approved,500,823,Independent Couple,,
Pasta Dinner Benefitting THON,Benefit Dinner,Taylor Root and Meghan McFillin (2024),3193,1/12/2024,1/12/2024,Taylor Root:  201,Approved,50,47,Independent Couple,,
Pasta Dinner Benefitting THON,Benefit Dinner,Taylor Root and Meghan McFillin (2024),3193,1/12/2024,1/12/2024,Taylor Root:  201,Approved,50,,Independent Couple,,
Phi Gamma Nu Roots Kitchen Benefitting THON,Restaurant Fundraiser,Phi Gamma Nu ,29,11/27/2023,11/27/2023,270 E Beaver Ave:,Approved,100,,General,,
Phi Gamma Nu Roots Kitchen Benefitting THON,Restaurant Fundraiser,Phi Gamma Nu ,29,11/27/2023,11/27/2023,270 E Beaver Ave:,Approved,100,0,General,,
Alpha Kappa Psi Chipotle Fundraiser Benefitting THON,Restaurant Fundraiser,Alpha Kappa Psi ,61,11/27/2023,11/27/2023,Chipotle:     ,Approved,50,,General,,
Penn State York MOD Pizza Dine-out Benefitting THON,Restaurant Fundraiser,York,170,11/28/2023,11/28/2023,MOD Pizza: 114 PAULINE DR  YORK PA 17402,Approved,200,,Commonwealth,,
Kappa Alpha Theta Presents Roots Benefitting THON,Restaurant Fundraiser,Kappa Alpha Theta,14,11/28/2023,11/28/2023,Roots Natural Kitchen: 270 E BEAVER AVE  STATE COLLEGE PA 16801,Approved,300,,Greek,,
Alyssa and Amber X Sticker Sale X Benefitting THON,Item Sale,Alyssa Becker and Amber Singh (2024),3186,1/12/2024,1/12/2024,HUB-Robeson Center:     ,Approved,100,100,Independent Couple,,
Alpha Xi Delta & Lambda Chi Alpha Panera Fundraiser Benefitting THON,Restaurant Fundraiser,Alpha Xi Delta AXID & Lambda Chi Alpha,31 & 5,11/28/2023,11/28/2023,Panera Bread: 148 S ALLEN ST  STATE COLLEGE PA 16801,Approved,200,0,Greek,,
Roots and Sports Business Club Benefitting THON,Restaurant Fundraiser,Sports Business Club SBC,287,11/29/2023,11/29/2023,Roots Natural Kitchen: 270 E BEAVER AVE  STATE COLLEGE PA 16801,Approved,100,,General,,
SfW Vibe Coffee Benefitting THON,Restaurant Fundraiser,Empowering Women in Law EWIL & Schreyer for Women SFW,2886 & 2927,11/29/2023,11/29/2023,Vibe Coffee: 401 W BEAVER AVE  STATE COLLEGE PA 16801,Approved,50,0,General,,
Panera Impact Benefitting THON,Restaurant Fundraiser,Impact ,1751,11/29/2023,11/29/2023,Panera: 148 S ALLEN ST  STATE COLLEGE PA 16801,Approved,50,,Special Interest,,
Lindsasaurus R&Rex X Applebee's Benefitting THON,Restaurant Fundraiser,Fundraising Outreach 6,2384,11/29/2023,11/29/2023,Applebee's: 12 COLONNADE WAY  STATE COLLEGE PA 16803,Approved,100,,joint,,
Panera Fundrasier Benefitting THON,Restaurant Fundraiser,Alpha Tau Omega ATO & Zeta Tau Alpha,1 & 2,11/30/2023,11/30/2023,Panera Bread: 148 S ALLEN ST  STATE COLLEGE PA 16801,Approved,100,,Greek,,
SWE Benefitting THON Panda Express Dine-In Fundraiser Benefitting THON,Restaurant Fundraiser,Society of Women Engineers SWE,57,11/30/2023,11/30/2023,Panda Express:     ,Canceled,50,,General,,
Grilled Cheese and Soup Fundraiser Benefitting THON,Item Sale,Maddie Neulander and Katelyn Felsberg (2024),3190,1/12/2024,1/12/2024,Our Apartment: 320 E BEAVER AVE  STATE COLLEGE PA 16801,Approved,100,160,Independent Couple,,
Hersey Kisses Auntie Anne's Fundraiser Benefitting THON,Restaurant Fundraiser,Hershey Kisses HK,1667,11/30/2023,11/30/2023,Auntie Anne's:     ,Approved,20,0,Special Interest,,
Club Sailing X Panda Express Benefitting THON,Restaurant Fundraiser,Club Sailing  & Dance Alliance PSDA,408 & 1553,12/1/2023,12/1/2023,Panda Express in the HUB:     ,Approved,40,,General,,
Roots Benefitting THON,Restaurant Fundraiser,Omega Chi Sigma & Omega Phi Alpha OphiA,48 & 2440,12/1/2023,12/1/2023,"Roots Natural Kitchen: 270 E BEAVER AVE State College, PA 16801 STATE COLLEGE PA 16801",Approved,100,,Greek,,
Winter Back to School Goody Bag Sale Benefitting THON,Item Sale,Leah Jacobs and Ainsley Novotny (2024),3189,1/12/2024,1/19/2024,,Approved,100,40,Independent Couple,,
FOTO Panda Express Benefitting THON,Restaurant Fundraiser,FOTO ,1336,12/4/2023,12/4/2023,Hetzel Union Building:     ,Approved,99.99,0,Special Interest,,
ADPi Panera Fundraiser Benefitting THON,Restaurant Fundraiser,Alpha Delta Pi ADPi,20,12/4/2023,12/4/2023,Panera: 148 S ALLEN ST  STATE COLLEGE PA 16801,Denied,50,,Greek,,
Cubby’s Benefitting THON,Restaurant Fundraiser,Ella Palmieri and Paige Blankenhorn (2024),3084,1/12/2024,1/12/2024,Cubby’s Ice Cream Cafe: 295 E MAIN ST  HUMMELSTOWN PA 17036,Approved,200,,Independent Couple,,
Ohana X Vibe Coffee Benefitting THON,Restaurant Fundraiser,Ohana ,1161,12/4/2023,12/4/2023,401 W Beaver Ave:,Approved,50,0,Special Interest,,
Eclipse Roots Benefitting THON,Restaurant Fundraiser,Eclipse ,2020,12/4/2023,12/4/2023,Roots Natural Kitchen: 270 E BEAVER AVE  STATE COLLEGE PA 16801,Approved,80,0,Special Interest,,
Texas Roadhouse Benefitting THON,Restaurant Fundraiser,Omega Chi Sigma & Omega Phi Alpha OphiA,48 & 2440,12/5/2023,12/5/2023,Texas Roadhouse: 1885 WADDLE RD  STATE COLLEGE PA 16803,Approved,150,0,Greek,,
The Greek Benefitting THON,Restaurant Fundraiser,Communications - Organization Resources & THON Communications,1000 & 2857,12/5/2023,12/5/2023,The Greek: 102 E CLINTON AVE  STATE COLLEGE PA 16803,Approved,1000,0,joint,,
Phi Chi Theta Raising Canes Benefitting THON,Restaurant Fundraiser,Phi Chi Theta ,206,12/6/2023,12/6/2023,Raising Cane's Chicken Tenders:     ,Approved,300,,General,,
Bhakti Yoga Center Benefitting THON,Event/Concert,Juliana Toohey and Suzanne Connors (2024),3203,1/13/2024,1/13/2024,Bhakti Yoga Center: 322B E COLLEGE AVE  STATE COLLEGE PA 16801,Approved,150,120,Independent Couple,,
Pillar at Chipotle Benefitting THON,Restaurant Fundraiser,Pillar ,1297,12/6/2023,12/6/2023,Chipotle: 116 HIESTER ST  STATE COLLEGE PA 16801,Approved,100,0,Special Interest,,
ADPi x Panda Express Benefitting THON,Restaurant Fundraiser,Alpha Delta Pi ADPi,20,12/7/2023,12/7/2023,Panda Express at the HUB:     ,Denied,100,,Greek,,
Vibe Coffee x Apollo Benefitting THON,Restaurant Fundraiser,Apollo ,1745,12/7/2023,12/7/2023,Vibe Coffee Co.: 401 W BEAVER AVE  STATE COLLEGE PA 16801,Approved,50,0,Special Interest,,
The Woodshop Labs Furniture Raffle Benefitting THON,Item Auction,Hunter Porcano and Kat Irby (2024),3159,1/13/2024,1/15/2024,,Approved,150,200,Independent Couple,,
Sigma Kappa and Texas Roadhouse Benefitting THON,Restaurant Fundraiser,Sigma Kappa,35,12/7/2023,12/7/2023,Texas Roadhouse: 1885 WADDLE RD  STATE COLLEGE PA 16803,Approved,100,0,Greek,,
Raising Canes with Atlas Benefitting THON,Restaurant Fundraiser,Atlas ,312,12/7/2023,12/7/2023,Raising Canes: 228 E COLLEGE AVE  STATE COLLEGE PA 16801,Approved,70,0,Special Interest,,
Axis Campus Steaks Benefitting THON,Restaurant Fundraiser,Axis ,1747,12/8/2023,12/9/2023,Campus Steaks: 119 S PUGH ST 1006 C STATE COLLEGE PA 16801,Approved,50,0,Special Interest,,
SDT & Phi Who X Chipotle Benefitting THON,Restaurant Fundraiser,Phi Kappa Theta & Sigma Delta Tau,24 & 49,12/10/2023,12/10/2023,Chipotle: 116 HIESTER ST  STATE COLLEGE PA 16801,Approved,150,0,Greek,,
PSAMA Chipotle Fundraiser Benefitting THON,Restaurant Fundraiser,American Marketing Association at Penn State PSAMA,92,12/11/2023,12/11/2023,Chipotle: 116 HIESTER ST  STATE COLLEGE PA 16801,Approved,106,0,General,,
Sigma Sigma Sigma x Zeta Beta Tau Panera Fundraiser Benefitting THON,Restaurant Fundraiser,Sigma Sigma Sigma Tri Sigma & Zeta Beta Tau ZBT,33 & 1476,12/11/2023,12/11/2023,Panera: 148 S ALLEN ST  STATE COLLEGE PA 16801,Canceled,100,,Greek,,
Penn State Boxing Club Benefitting THON,Restaurant Fundraiser,Boxing Club  & Club Wrestling ,1546 & 1769,12/12/2023,12/12/2023,Chipotle: 116 HIESTER ST  STATE COLLEGE PA 16801,Approved,100,,General,,
HEAL x Vibe Coffee Co Benefitting THON,Restaurant Fundraiser,HEAL: Help Every Angel Live ,1540,12/12/2023,12/12/2023,Vibe Coffee Co: 401 W BEAVER AVE  STATE COLLEGE PA 16801,Approved,40,0,Special Interest,,
Alpha Epsilon Delta Carter's Table Taco Night Benefitting THON,Restaurant Fundraiser,Alpha Epsilon Delta,65,12/12/2023,12/12/2023,Carter's Table: 407 E BEAVER AVE  STATE COLLEGE PA 16801,Approved,100,200,General,,
Primanti Brothers Fundraiser Benefitting THON,Restaurant Fundraiser,Mont Alto,112,12/13/2023,12/13/2023,Primanti Bros. Chambersburg:     ,Denied,150,,Commonwealth,,
Bracelet and Necklace Sale Alyssa X Haley Benefitting THON,Item Sale,Alyssa Ricca and Haley Kaplan (2024),3167,1/13/2024,1/18/2024,,Approved,50,90,Independent Couple,,
FOTO Honeygrow Benefitting THON,Restaurant Fundraiser,FOTO ,1336,12/18/2023,12/18/2023,Honeygrow: 171 MARKET ST  COLLEGEVILLE PA 19426,Approved,50,,Special Interest,,
Breakfast Sandwich Delivery Benefitting THON,Benefit Dinner,Kayla Best and Simone Garafalo (2024),3118,1/14/2024,1/14/2024,Penn State University:     ,Approved,150,116.56,Independent Couple,,
Thrift Sale Benefitting THON,Item Sale,Ian Cox and Sara Almasy (2024),3174,1/14/2024,1/22/2024,Locust Lane House: 302 LOCUST LN  STATE COLLEGE PA 16801,Canceled,50,,Independent Couple,,
FOTO Venice Pizza & Pasta Benefitting THON,Restaurant Fundraiser,FOTO ,1336,12/19/2023,12/19/2023,Venice Pizza & Pasta: 60 LANCASTER AVE  MALVERN PA 19355,Approved,50,0,Special Interest,,
Clothing Sale Benefitting THON,Merchandise Sale,Gigi Corazzi and Alyssa Aprahamian (2024),3125,1/14/2024,1/14/2024,Gigi Corazzi: 150 E BEAVER AVE  STATE COLLEGE PA 16801,Approved,200,,Independent Couple,,
FOTO Blaze Pizza Benefitting THON,Restaurant Fundraiser,FOTO ,1336,12/20/2023,12/20/2023,Blaze Pizza: 4401 JONESTOWN RD Unit 102 HARRISBURG PA 17109,Approved,50,0,Special Interest,,
Singing Lions X Freshido Kitchen Fundraiser Benefitting THON,Restaurant Fundraiser,"Singing Lions Singing Lions, Slions",152,12/20/2023,12/27/2023,Freshido Kitchen in Fresh Market: 121 TOWNE SQUARE DR  HERSHEY PA 17033,Approved,450,,General,,
FOTO Sweet Frog Benefitting THON,Restaurant Fundraiser,FOTO ,1336,12/20/2023,12/20/2023,Sweet Frog: 531 BALTIMORE PIKE  BEL AIR MD 21014,Approved,50,0,Special Interest,,
Spaghetti Dinner Benefitting THON,Benefit Dinner,Maddie Taylor and Mackenzie Catino (2024),3140,1/15/2024,1/15/2024,Maddie's House: 228 S BARNARD ST  STATE COLLEGE PA 16801,Approved,49.97,75,Independent Couple,,
Volé So Fun Frozen Yogurt Restaurant Fundraiser Benefitting THON,Restaurant Fundraiser,Volé,126,12/21/2023,12/21/2023,So Fun Frozen Yogurt: 3770 DRYLAND WAY UNIT 1200  EASTON PA 18045,Approved,75,0,General,,
Tau Kappa Epsilon x Epsilon Sigma Alpha PJ Whelihan’s Benefitting THON,Restaurant Fundraiser,Epsilon Sigma Alpha ESA & Tau Kappa Epsilon TKE,27 & 562,12/21/2023,12/21/2023,PJ Whelihan’s Restaurant: 1347 WILMINGTON PIKE  WEST CHESTER PA 19382,Approved,100,0,Greek,,
Emily Martin X Danielle Manni Sticker Sale Benefitting THON,Item Sale,Emily Martin and Danielle Manni (2024),3152,1/15/2024,1/15/2024,,Canceled,100,,Independent Couple,,
Altoona Coffee on 3rd Fundraiser Benefitting THON,Restaurant Fundraiser,Altoona,165,1/1/2024,1/14/2024,Coffee on 3rd: 1524 3RD AVE  DUNCANSVILLE PA 16635,Approved,200,,Commonwealth,,
Panera Restaurant Fundraiser with Atlas Benefitting THON,Restaurant Fundraiser,Atlas ,312,1/3/2024,1/3/2024,Panera: 202 BASIN ST  WILLIAMSPORT PA 17701,Approved,100,0,Special Interest,,
Panera Restaurant Fundraiser with Atlas Benefitting THON,Restaurant Fundraiser,Atlas ,312,1/3/2024,1/3/2024,Panera: 2092 FRUITVILLE PIKE  LANCASTER PA 17601,Approved,100,0,Special Interest,,
FOTO Panera Bread (West Chester) Benefitting THON,Restaurant Fundraiser,FOTO ,1336,1/4/2024,1/4/2024,Panera Bread: 1115 W CHESTER PIKE  WEST CHESTER PA 19382,Approved,100,,Special Interest,,
Maggie and Hannah Pins Benefitting THON,Merchandise Sale,Hannah Feldman and Maggie O'Neill (2024),3129,1/15/2024,1/19/2024,,Approved,100,,Independent Couple,,
Austin and Noah Pasta Dinner Benefitting THON,Benefit Dinner,Austin Ehrensberger and Noah Straub (2024),3141,1/16/2024,1/16/2024,320 E Beaver Avenue Apartment 103:,Approved,400,235,Independent Couple,,
Pasta Dinner Benefitting THON,Benefit Dinner,Shannon Cain and Arlene Flanders (2024),3130,1/16/2024,1/16/2024,Arlene Flanders: 311 UNIVERSITY MNR W  HERSHEY PA 17033,Approved,100,60,Independent Couple,,
MOD Pizza Fundraiser Benefitting THON,Restaurant Fundraiser,Mont Alto,112,1/7/2024,1/7/2024,MOD Pizza: 917 NORLAND AVE  CHAMBERSBURG PA 17201,Denied,150,,Commonwealth,,
Waffle and Hot Chocolate Breakfast Benefitting THON,Benefit Dinner,Jessica Johnson and Madison Iemma (2024),3154,1/16/2024,1/16/2024,Our house: 500 S PUGH ST  STATE COLLEGE PA 16801,Approved,50,148,Independent Couple,,
FOTO Vibe Coffee Co. Benefitting THON,Restaurant Fundraiser,FOTO ,1336,1/8/2024,1/8/2024,Vibe Coffee Co.: 401 W BEAVER AVE  STATE COLLEGE PA 16801,Approved,50,0,Special Interest,,
Vibe Coffee Co. and Sports Business Club Benefitting THON,Restaurant Fundraiser,Sports Business Club SBC,287,1/10/2024,1/10/2024,Vibe Coffee Co.: 401 W BEAVER AVE  STATE COLLEGE PA 16801,Approved,75,0,General,,
HEAL x Chipotle Benefitting THON,Restaurant Fundraiser,HEAL: Help Every Angel Live ,1540,1/10/2024,1/10/2024,Chipotle: 116 HIESTER ST  STATE COLLEGE PA 16801,Approved,75,0,Special Interest,,
Chipotle Benefitting THON,Restaurant Fundraiser,Abington,114,1/10/2024,1/10/2024,Chipotle Mexican Grill: 2618 W MORELAND RD  WILLOW GROVE PA 19090,Approved,50,,Commonwealth,,
Get Air Benefitting THON,Restaurant Fundraiser,Omega Chi Sigma & Omega Phi Alpha OphiA,48 & 2440,1/11/2024,1/11/2024,Get Air State College: 2252 E COLLEGE AVE  STATE COLLEGE PA 16801,Approved,200,0,Greek,,
SDT x Phi Who Are U Hungry Benefitting THON,Restaurant Fundraiser,Phi Kappa Theta & Sigma Delta Tau,24 & 49,1/11/2024,1/11/2024,Are U Hungry: 111 SOWERS ST  STATE COLLEGE PA 16801,Approved,100,0,Greek,,
Breakdancing Benefitting THON,Event/Concert,Maddie Blonder and Olivia Sanders (2024),3090,1/16/2024,1/16/2024,132 White Building:,Approved,120,,Independent Couple,,
Rêve Dance Company x Vibe Coffee Co. Benefitting THON,Restaurant Fundraiser,RêVe Dance Company,470,1/12/2024,1/12/2024,Vibe Coffee Company: 401 W BEAVER AVE  STATE COLLEGE PA 16801,Approved,100,0,General,,
Altoona Coffee Fundraiser Benefitting THON,Restaurant Fundraiser,Altoona,165,1/14/2024,1/18/2024,Coffee on 3rd: 1524 3RD AVE  DUNCANSVILLE PA 16635,Approved,200,,Commonwealth,,
Chipotle X PRSSA Benefitting THON,Restaurant Fundraiser,Public Relations Student Society of America PRSSA,63,1/15/2024,1/15/2024,Chipotle: 116 HIESTER ST  STATE COLLEGE PA 16801,Approved,150,0,General,,
SPSEA X Fiddlehead Restaurant Fundraiser Benefitting THON,Restaurant Fundraiser,Student Pennsylvania State Education Association SPSEA,96,1/15/2024,1/15/2024,Fiddlehead: 134 W COLLEGE AVE  STATE COLLEGE PA 16801,Approved,50,0,General,,
Rêve Dance Company & Club Dodgeball x Panda Express Benefitting THON,Restaurant Fundraiser,Club Dodgeball  & RêVe Dance Company,470 & 471,1/17/2024,1/17/2024,Panda Express:     ,Approved,100,,General,,
SDT x Phi Phi Who Vibe Coffee Benefitting THON,Restaurant Fundraiser,Phi Kappa Theta & Sigma Delta Tau,24 & 49,1/17/2024,1/17/2024,Vibe Coffee: 401 W BEAVER AVE  STATE COLLEGE PA 16801,Approved,100,0,Greek,,
Altoona Coffee Fundraiser Benefitting THON,Restaurant Fundraiser,Altoona,165,1/18/2024,1/31/2024,Coffee on 3rd: 1524 3RD AVE  DUNCANSVILLE PA 16635,Approved,200,,Commonwealth,,
Panda Express Dine-In Fundraiser SWE Benefitting THON,Restaurant Fundraiser,Society of Women Engineers SWE,57,1/19/2024,1/19/2024,Panda Express:     ,Canceled,30,,General,,
Panda Express Dine In SWE Benefitting THON,Restaurant Fundraiser,Society of Women Engineers SWE,57,1/19/2024,1/19/2024,Panda Express:     ,Approved,30,,General,,
Cade & Mack + DG & DU with Campus Steaks Benefitting THON,Restaurant Fundraiser,"Delta Gamma, Delta Upsilon International Fraternity Delta Upsilon & Mackenzie Lee and Cade Helfrich (2024)","1544, 37 & 3133",1/19/2024,1/19/2024,Campus Steaks: 119 S PUGH ST  STATE COLLEGE PA 16801,Approved,300,0,Greek,,
Epsilon Sigma Alpha Roots Benefitting THON,Restaurant Fundraiser,Epsilon Sigma Alpha ESA,562,1/19/2024,1/19/2024,Roots: 270 E BEAVER AVE  STATE COLLEGE PA 16801,Approved,100,,General,,
FOTO Get Air Benefitting THON,Restaurant Fundraiser,FOTO ,1336,1/21/2024,1/21/2024,Get Air: 2252 E COLLEGE AVE  STATE COLLEGE PA 16801,Approved,50,,Special Interest,,
Ohana X Hibachi San Benefitting THON,Restaurant Fundraiser,Ohana ,1161,1/22/2024,1/22/2024,Hibachi San:     ,Approved,50,,Special Interest,,
ADPi Chipotle Fundraiser Benefitting THON,Restaurant Fundraiser,Alpha Delta Pi ADPi,20,1/23/2024,1/23/2024,Chipotle: 116 HIESTER ST  STATE COLLEGE PA 16801,Approved,100,0,Greek,,
Panda Express X Penn State PRSSA Benefitting THON,Restaurant Fundraiser,Public Relations Student Society of America PRSSA,63,1/23/2024,1/23/2024,HUB Robeson Center:     ,Approved,150,,General,,
Volé X Alpha Sigma Phi Texas Roadhouse Restaurant Fundraiser Benefitting THON,Restaurant Fundraiser,Alpha Sigma Phi & Volé,126 & 34,1/23/2024,1/23/2024,Texas Roadhouse State College: 1885 WADDLE RD  STATE COLLEGE PA 16803,Approved,100,0,Greek,,
Panera Restaurant Fundraiser with Atlas Benefitting THON,Restaurant Fundraiser,Atlas ,312,1/23/2024,1/23/2024,Panera: 148 S ALLEN ST  STATE COLLEGE PA 16801,Approved,100,,Special Interest,,
FOTO Panera Benefitting THON,Restaurant Fundraiser,FOTO ,1336,1/24/2024,1/24/2024,Panera Bread: 148 S ALLEN ST  STATE COLLEGE PA 16801,Approved,40,0,Special Interest,,
PSNtv: Raisin' Canes Event X Benefitting THON,Restaurant Fundraiser,Penn State Network Television PSNtv,320,1/24/2024,1/24/2024,Raisin Canes: 228 E COLLEGE AVE  STATE COLLEGE PA 16801,Canceled,100,,General,,
TGI Fridays Fundraiser for Behrend Benefitting THON,Restaurant Fundraiser,Behrend,73,1/24/2024,1/24/2024,TGI Fridays: 6755 PEACH ST  ERIE PA 16509,Approved,100,,Commonwealth,,
Ohana X Raising Cane's Benefitting THON,Restaurant Fundraiser,Ohana ,1161,1/25/2024,1/25/2024,Raising Cane's:     ,Approved,50,,Special Interest,,
Hershey Kisses x Mr.Wish Benefitting THON,Restaurant Fundraiser,Hershey Kisses HK,1667,1/25/2024,1/25/2024,Mr. Wish: 320 E COLLEGE AVE  STATE COLLEGE PA 16801,Approved,70,41,Special Interest,,
Alpha Omicron Pi & Phi Kappa Psi x Roots Benefitting THON,Restaurant Fundraiser,Alpha Omicron Pi AOII & Phi Kappa Psi,8 & 32,1/26/2024,1/26/2024,Roots Natural Kitchen State College: 270 E BEAVER AVE  STATE COLLEGE PA 16801,Approved,100,,Greek,,
FOTO Auntie Anne's Benefitting THON,Restaurant Fundraiser,FOTO ,1336,1/26/2024,1/26/2024,Auntie Anne's: 324 E COLLEGE AVE  STATE COLLEGE PA 16801,Approved,20,,Special Interest,,
FOTO Panda Express Benefitting THON,Restaurant Fundraiser,FOTO ,1336,1/29/2024,1/29/2024,Hetzel Union Building:     ,Approved,50,0,Special Interest,,
Alpha Zeta Panda Express Fundraiser Benefitting THON,Restaurant Fundraiser,Alpha Zeta,191,1/30/2024,1/30/2024,Panda Express:     ,Approved,200,,Greek,,
SDT Pasta Dinner Benefitting THON,Restaurant Fundraiser,Phi Kappa Theta & Sigma Delta Tau,24 & 49,1/31/2024,1/31/2024,Haller Hall:     ,Canceled,300,,Greek,,
Rib Rally Benefitting THON,Restaurant Fundraiser,Atlas ,312,2/1/2024,2/1/2024,"Texas Roadhouse:  State College, PA, 16803",Approved,100,0,Special Interest,,
Roots x UPUA Benefitting THON,Restaurant Fundraiser,University Park Undergraduate Association UPUA,1202,2/2/2024,2/2/2024,Roots Natural Kitchen: 270 E BEAVER AVE  STATE COLLEGE PA 16801,Canceled,40,,General,,
SfW x EWiL Vibe Coffee Fundraiser Benefitting THON,Restaurant Fundraiser,Empowering Women in Law EWIL & Schreyer for Women SFW,2886 & 2927,2/5/2024,2/5/2024,Vibe Coffee: 401 W BEAVER AVE  STATE COLLEGE PA 16801,Approved,30,0,General,,
Club Cheer and Delta Sigma Phi Texas Roadhouse Benefitting THON,Restaurant Fundraiser,Cheerleading Club Club Cheer & Delta Sigma Phi,13 & 321,2/6/2024,2/6/2024,Texas Roadhouse: 1885 WADDLE RD  STATE COLLEGE PA 16803,Approved,200,,General,,
Chipotle Fundraiser with Penn State PGM Benefitting THON,Restaurant Fundraiser,English Equestrian Club  & Professional Golf Management,314 & 381,2/7/2024,2/7/2024,Chipotle: 116 HIESTER ST  STATE COLLEGE PA 16801,Approved,70,0,General,,
Pillar x Roots Benefitting THON,Restaurant Fundraiser,Pillar ,1297,2/7/2024,2/7/2024,Roots Natural Kitchen: 270 E BEAVER AVE  STATE COLLEGE PA 16801,Approved,100,,Special Interest,,
Blaze Pizza Fundraiser for Behrend Benefitting THON,Restaurant Fundraiser,Behrend,73,2/7/2024,2/7/2024,Blaze Pizza: 1930 DOUGLAS PKWY  ERIE PA 16509,Approved,150,,Commonwealth,,
SWE Panera Bread Dine-In Benefitting THON,Restaurant Fundraiser,Society of Women Engineers SWE,57,2/8/2024,2/8/2024,Panera Bread: 148 S ALLEN ST  STATE COLLEGE PA 16801,Approved,35,0,General,,
ROOTS Benefitting THON,Restaurant Fundraiser,Biobehavioral Health Society BBHS,223,2/8/2024,2/8/2024,ROOTS Natural Kitchen: 270 E BEAVER AVE  STATE COLLEGE PA 16801,Approved,85,,General,,
Sigma Pi X Delta Zeta Panera Fundraiser Benefitting THON,Restaurant Fundraiser,Delta Zeta DZ & Sigma Pi,39 & 36,2/9/2024,2/9/2024,Panera Bread: 148 S ALLEN ST  STATE COLLEGE PA 16801,Approved,100,,Greek,,
Panda Express Fundraiser Benefitting THON,Restaurant Fundraiser,"Institute of Electrical and Electronic Engineers, Penn State Chapter IEEE",80,2/13/2024,2/13/2024,Hub Robeson Center:     ,Approved,100,,General,,
Student Film Organization X Raising Cane's Benefitting THON,Restaurant Fundraiser,Delta Kappa Alpha DKA & Student Film Organization SFO,2665 & 2675,2/13/2024,2/13/2024,Raising Cane's: 228 E COLLEGE AVE  STATE COLLEGE PA 16801,Approved,60,,General,,
Club Cheer and Delta Sigma Phi Roots Benefitting THON,Restaurant Fundraiser,Cheerleading Club Club Cheer & Delta Sigma Phi,13 & 321,2/13/2024,2/13/2024,Roots: 270 E BEAVER AVE  STATE COLLEGE PA 16801,Approved,100,,Greek,,
Club Cross Country Virtual 5k Benefitting THON,Sporting Event,Club Cross Country XC,305,7/7/2023,7/9/2023,,Approved,100,190,General,,
Kappa Kappa Gamma x Delta Chi Run Benefitting THON,Sporting Event,Kappa Kappa Gamma,22,7/16/2023,7/16/2023,,Approved,200,,Greek,,
Pasta Dinner Benefitting THON,Benefit Dinner,Alicia Armstrong and Chelsea Birkel (2024),3220,1/17/2024,1/17/2024,The Legacy Apartment: 478 E CALDER WAY  STATE COLLEGE PA 16801,Approved,60,73,Independent Couple,,
FOTO Phillies Game Fundraiser Benefitting THON,Sporting Event,FOTO ,1336,8/5/2023,8/5/2023,Citizens Bank Park: 1 CITIZENS BANK WAY  PHILADELPHIA PA 19148,Approved,200,0,Special Interest,,
Spring Semester Get Ready Kit Benefitting THON,Item Sale,Gianna Laucella and Katie Walker (2024),3164,1/17/2024,1/19/2024,Our house: 314 H ALY  STATE COLLEGE PA 16801,Approved,50,65,Independent Couple,,
Alpha Kappa Psi Fantasy Football Benefitting THON,Sporting Event,Alpha Kappa Psi ,61,8/15/2023,8/17/2023,,Approved,180,240,General,,
Behrend Annual Disc GOlf Tournament Benefitting THON,Sporting Event,Behrend,73,8/26/2023,8/26/2023,Penn State Behrend Disc Golf Course:     ,Approved,500,250,Commonwealth,,
Delta Sigma Pi Volleyball Tournament Benefitting THON,Sporting Event,Delta Sigma Pi ,85,8/27/2023,8/27/2023,Sunset Park: 850 MCKEE ST  STATE COLLEGE PA 16803,Approved,200,280,General,,
Sigma Pi and Delta Zeta Walk FTK Benefitting THON,Sporting Event,Delta Zeta DZ & Sigma Pi,39 & 36,8/28/2023,9/10/2023,Sigma Pi: 303 FRATERNITY ROW  STATE COLLEGE PA 16801,Approved,1500,,Greek,,
Alpha Sigma Phi Milk Mile Benefitting THON,Sporting Event,Alpha Sigma Phi,34,8/30/2023,8/30/2023,Alpha Sigma Phi: 420 E PROSPECT AVE  STATE COLLEGE PA 16801,Approved,150,70,Greek,,
Men's & Women's Club Basketball Cornhole Tournament Benefitting THON,Sporting Event,Men's Club Basketball  & Women's Club Basketball ,146 & 1452,9/3/2023,9/3/2023,Daniel Wethey's House: 132 E FAIRMOUNT AVE  STATE COLLEGE PA 16801,Approved,180,307,General,,
Fit for a Cure Benefitting THON,Sporting Event,Gamma Phi Beta & Penn State Fitness Instructors,16 & 1104,9/5/2023,9/5/2023,#117 White Building:,Approved,82.5,139,Greek,,
Fit for a Cure Benefitting THON,Sporting Event,Gamma Phi Beta & Penn State Fitness Instructors,16 & 1104,9/5/2023,9/5/2023,Room #117 White Building:,Canceled,82.5,,Greek,,
Newman Kickball Benefitting THON,Sporting Event,Newman Catholic Student Association ,66,9/8/2023,9/8/2023,Penn State Intramural Field:     ,Approved,50,37,General,,
Sigma Pi and Delta Zeta Walk FTK Pt. 2 Benefitting THON,Sporting Event,Delta Zeta DZ & Sigma Pi,39 & 36,9/10/2023,9/23/2023,Sigma Pi: 303 FRATERNITY ROW  STATE COLLEGE PA 16801,Approved,1500,,Greek,,
Delta Zeta / Sigma Pi Cornhole Tournament Benefitting THON,Sporting Event,Delta Zeta DZ & Sigma Pi,39 & 36,9/10/2023,9/10/2023,Sigma Pi: 303 FRATERNITY ROW  STATE COLLEGE PA 16801,Denied,300,,Greek,,
Club Cross Country Donut Dash Benefitting THON,Sporting Event,Club Cross Country XC,305,9/10/2023,9/10/2023,Tower Road:     ,Approved,500,870,General,,
Goat Yoga Benefitting THON,Sporting Event,Delta Zeta DZ & Sigma Pi,39 & 36,9/12/2023,9/13/2023,Nittany Meadow Farm: 227 NITTANY MEADOW FARM LN  CENTRE HALL PA 16828,Approved,600,580,Greek,,
TDX BenchaThon Benefitting THON,Sporting Event,Theta Delta Chi TDX,147,9/12/2023,9/12/2023,Theta Delta Chi House: 305 E PROSPECT AVE  STATE COLLEGE PA 16801,Approved,300,700,Greek,,
Phi Beta Lambda Spikeball Benefitting THON,Sporting Event,Phi Beta Lambda,1029,9/14/2023,9/14/2023,HUB Lawn:     ,Canceled,100,,General,,
Beach Volleyball Tournament Benefitting THON,Sporting Event,Puerto Rican Student Association PRSA,688,9/16/2023,9/16/2023,The Yards at Old State: 1830 BLUE COURSE DR  STATE COLLEGE PA 16801,Approved,160,121,General,,
Crew Spikeball Tournament Benefitting THON,Sporting Event,Club Crew ,201,9/17/2023,9/17/2023,HUB:     ,Canceled,90,,General,,
Gotcha Benefitting THON,Sporting Event,Lyrical Line Dance Company PLL ,79,9/17/2023,9/28/2023,Penn State Campus:     ,Approved,100,120,General,,
Servestate's Hit It On Benefitting THON,Sporting Event,Servestate: Students For Philanthropy ServeState,546,9/18/2023,9/18/2023,Valley Country Club: 79 COUNTRY CLUB LN  SUGARLOAF PA 18249,Canceled,8000,,General,,
Clothing Sale Benefitting THON,Merchandise Sale,Caroline Riley and Yani Hawthorne (2024) & Era Pasha and Madeline Ritenour (2024),3103 & 3147,1/17/2024,1/17/2024,Pugh Center: 150 E BEAVER AVE  STATE COLLEGE PA 16801,Approved,100,232,Independent Couple,,
Rugby Spikeball Tournament Benefitting THON,Sporting Event,Rugby Football Club - Men's & Rugby Football Club - Women's ,284 & 2703,9/24/2023,9/25/2023,West Campus IM Field 2:,Approved,200,,General,,
Cycle Core with Trilogy Benefitting THON,Sporting Event,Penn State Fitness Instructors & Trilogy ,10 & 1104,9/24/2023,9/24/2023,Intramural Building:  Curtain rd   ,Approved,150,50,General,,
Spoon Tag Benefitting THON,Sporting Event,Club Track and Field ,270,9/25/2023,10/2/2023,Multi-sport facility:     ,Approved,300,,General,,
Phi Kappa Theta Bench-A-Thon Benefitting THON,Sporting Event,Phi Kappa Theta,49,9/25/2023,9/25/2023,Phi Kappa Theta: 338 E FAIRMOUNT AVE  STATE COLLEGE PA 16801,Canceled,200,,Greek,,
Kappa Kappa Gamma x Delta Chi Basketball Tournament Benefitting THON,Sporting Event,Delta Chi & Kappa Kappa Gamma,23 & 22,9/26/2023,9/26/2023,Pollock Basketball Courts:     ,Canceled,150,,Greek,,
Clothing Sale Benefitting THON,Merchandise Sale,Caroline Riley and Yani Hawthorne (2024) & Era Pasha and Madeline Ritenour (2024),3103 & 3147,1/17/2024,1/17/2024,Caroline Riley: 150 E BEAVER AVE APT 721  STATE COLLEGE PA 16801,Approved,100,0,Independent Couple,,
Crew Spikeball Tournament Benefitting THON,Sporting Event,Club Crew ,201,9/26/2023,9/26/2023,HUB Lawn:     ,Canceled,120,,General,,
SDT Work Out Class Benefitting THON,Sporting Event,Sigma Delta Tau,24,9/26/2023,9/26/2023,The Rise: 532 E COLLEGE AVE  STATE COLLEGE PA 16801,Approved,100,45,Greek,,
Operation Blue and Gold Bring Your Friend to PT Benefitting THON,Sporting Event,Operation Blue and Gold OBG,133,9/27/2023,9/27/2023,Bigler Field:     ,Approved,500,450,General,,
Knock out Pediatric Cancer - Penn State Boxing Club X Benefitting THON,Sporting Event,Boxing Club  & Club Wrestling ,1546 & 1769,9/27/2023,9/27/2023,Hub Lawn:     ,Approved,100,448,General,,
FOTO Olympics Benefitting THON,Sporting Event,"Alpha Epsilon Delta, Eclipse , FOTO , Phi Epsilon Kappa PEK & Sign Language Organization ","65, 237, 1336, 2020 & 2457",10/1/2023,10/1/2023,IM Fields:     ,Approved,80,201,General,,
Tri-team mini's Tournament Benefitting THON,Sporting Event,Men's Club Ultimate Frisbee & Women's Club Ultimate Frisbee ,2067 & 348,10/1/2023,10/1/2023,Intramural Fields:     ,Approved,900,170,General,,
TDX Golf Outting Benefitting THON,Sporting Event,Theta Delta Chi TDX,147,10/1/2023,10/1/2023,Theta Delta Chi House: 305 E PROSPECT AVE  STATE COLLEGE PA 16801,Approved,200,270,Greek,,
BLVD x HEAL Org Olympics Benefitting THON,Sporting Event,Boulevard BLVD & HEAL: Help Every Angel Live ,1540 & 1784,10/1/2023,10/1/2023,IM Fields:     ,Canceled,20,,General,,
Penn State Lehigh Valley Dodgeball Tournament Benefitting THON,Sporting Event,Lehigh Valley,113,10/3/2023,10/3/2023,Penn State Lehigh Valley:     ,Approved,100,323,Commonwealth,,
Penn State Law Sprint Race/Long Jump Benefitting THON,Sporting Event,Penn State Law,1552,10/3/2023,10/3/2023,Katz lawn:     ,Approved,25,30,Commonwealth,,
Sigma Pi and Delta Zeta Walk FTK Pt. 3 Benefitting THON,Sporting Event,Delta Zeta DZ & Sigma Pi,39 & 36,10/3/2023,10/3/2023,Sigma Pi: 303 FRATERNITY ROW  STATE COLLEGE PA 16801,Approved,1500,420,Greek,,
Alpha Phi x Alpha Epsilon Pi Golf Fundraiser Benefitting THON,Sporting Event,Alpha Epsilon Pi AEPi & Alpha Phi,12 & 118,10/5/2023,10/5/2023,Penn State Golf Course: 1523 W COLLEGE AVE  STATE COLLEGE PA 16801,Approved,350,339,Greek,,
Ice Cream and Cornhole Benefitting THON,Sporting Event,Men's Water Polo Club  & Women's Water Polo Club ,127 & 445,10/6/2023,10/6/2023,Girl's Water Polo House: 239 S BARNARD ST  STATE COLLEGE PA 16801,Approved,100,40,General,,
ice cream and cornhole Benefitting THON,Sporting Event,Men's Water Polo Club  & Women's Water Polo Club ,127 & 445,10/6/2023,10/6/2023,Maggie Krieger's home:     ,Approved,100,,General,,
Backstreet Boys Benefitting THON,Event/Concert,Brandon Shunk and Matthew Barber (2024),3068,1/18/2024,1/31/2024,,Approved,1000,,Independent Couple,,
Phi Chi Theta Golf Outing Benefitting THON,Sporting Event,Phi Chi Theta ,206,10/7/2023,10/7/2023,310 Elks Club Rd:,Canceled,840,,General,,
Kaizen x OBG Ruck For A Cure 2023 Benefitting THON,Sporting Event,Kaizen  & Operation Blue and Gold OBG,133 & 1896,10/7/2023,10/8/2023,"Sidewalk around East Halls complex, headed at Wagner ROTC building:     ",Approved,2000,2151,General,,
Volleyball Tournament Benefitting THON,Sporting Event,Penn State Law,1552,10/8/2023,10/8/2023,The View Apartments: 850 TOFTREES AVE  STATE COLLEGE PA 16803,Approved,50,20,Commonwealth,,
Cornhole Tournament Benefitting THON,Sporting Event,Delta Gamma & Delta Upsilon International Fraternity Delta Upsilon,1544 & 37,10/8/2023,10/8/2023,Delta Upsilson Lawn: 229 LOCUST LN  STATE COLLEGE PA 16801,Approved,250,150,Greek,,
Beta Sigma Beta & Kappa Delta 3V3 Basketball Tournament Benefitting THON,Sporting Event,Beta Sigma Beta & Kappa Delta KD,68 & 26,10/8/2023,10/8/2023,Beta Sigma Beta: 255 E FAIRMOUNT AVE  STATE COLLEGE PA 16801,Approved,500,477.95,Greek,,
"Phi Sigma Rho, Chi Phi, ZBT, Tri Sigma, SAE, and ADPi Volleyball Tournament Fundraiser Benefitting THON",Sporting Event,"Alpha Delta Pi ADPi, Chi Phi, Phi Sigma Rho Phi Rho, Sigma Alpha Epsilon SAE, Sigma Sigma Sigma Tri Sigma & Zeta Beta Tau ZBT","20, 81, 33, 209, 1476 & 160",10/8/2023,10/8/2023,Chi Phi House: 360 E HAMILTON AVE  STATE COLLEGE PA 16801,Approved,200,1311.3,Greek,,
ATO x ZTA Golf Outing Benefitting THON,Sporting Event,Alpha Tau Omega ATO & Zeta Tau Alpha,1 & 2,10/8/2023,10/8/2023,Mountain View Country Club: 310 ELKS CLUB RD  BOALSBURG PA 16827,Approved,300,1850,Greek,,
Penn State CHAARG Fitness Crawl Benefitting THON,Sporting Event,"Changing Health, Attitudes, and Actions To Recreate Girls at Penn State CHAARG & Penn State Fitness Instructors",1104 & 2098,10/9/2023,10/9/2023,Intramural Building:     ,Approved,100,90,General,,
Club Cheer and Delta Sigma Phi Powder Puff Benefitting THON,Sporting Event,Cheerleading Club Club Cheer & Delta Sigma Phi,13 & 321,10/11/2023,10/11/2023,IM Fields:     ,Approved,400,167,General,,
Zumba with Atlas Benefitting THON,Sporting Event,Atlas  & Penn State Fitness Instructors,312 & 1104,10/12/2023,10/12/2023,Intramural Building:     ,Approved,70,85,Special Interest,,
Penn State Rugby Tackle-a-Thon Benefitting THON,Sporting Event,Rugby Football Club - Men's & Rugby Football Club - Women's ,284 & 2703,10/13/2023,10/21/2023,West Campus IM Field 2:,Approved,200,1022,General,,
Atlas x TDX Field Day Benefitting THON,Sporting Event,Atlas  & Theta Delta Chi TDX,147 & 312,10/15/2023,10/15/2023,Forest Resources Building Lawn:     ,Approved,100,330,Special Interest,,
Delta Sigma Pi Cornhole Tournament Benefitting THON,Sporting Event,Delta Sigma Pi ,85,10/15/2023,10/15/2023,213 S Burrowes St: 213 S BURROWES ST  STATE COLLEGE PA 16801,Approved,150,430,General,,
3x3 Basketball Tournament Benefitting THON,Sporting Event,Puerto Rican Student Association PRSA,688,10/16/2023,10/16/2023,The Yards at Old State: 1830 BLUE COURSE DR  STATE COLLEGE PA 16801,Approved,200,117,General,,
Alpha Sigma Phi Wiffleball Benefitting THON,Sporting Event,Alpha Sigma Phi,34,10/16/2023,10/16/2023,Alpha Sigma Phi: 420 E PROSPECT AVE  STATE COLLEGE PA 16801,Approved,100,130,Greek,,
HEAL Tag Benefitting THON,Sporting Event,HEAL: Help Every Angel Live ,1540,10/16/2023,10/29/2023,Penn State University:     ,Approved,30,12.05,Special Interest,,
Continuation of Spoon Tag Benefitting THON,Sporting Event,Club Track and Field ,270,10/16/2023,10/23/2023,Multi-sport facility:     ,Approved,500,495,General,,
Ohana Kickball Tournament X Benefitting THON,Sporting Event,Ohana ,1161,10/16/2023,10/16/2023,Community Fields: 500 WESTERLY PKWY  STATE COLLEGE PA 16801,Canceled,20,,Special Interest,,
Penn State Harrisburg Volleyball Game Benefitting THON,Sporting Event,Harrisburg,164,10/17/2023,10/17/2023,777 W Harrisburg Pike:,Approved,100,161.25,Commonwealth,,
F45 X Gamma Phi Beta Benefitting THON,Sporting Event,Gamma Phi Beta,16,10/17/2023,10/17/2023,F45 Training State College:,Canceled,100,,Greek,,
F45 X Gamma Phi Beta Benefitting THON,Sporting Event,Gamma Phi Beta,16,10/17/2023,10/17/2023,F45 Training State College: 232 E COLLEGE AVE  STATE COLLEGE PA 16801,Approved,100,0,Greek,,
Tau Kappa Epsilon x Epsilon Sigma Alpha Powderpuff Benefitting THON,Sporting Event,Epsilon Sigma Alpha ESA & Tau Kappa Epsilon TKE,27 & 562,10/17/2023,10/17/2023,Tau Kappa Epsilon: 346 E PROSPECT AVE  STATE COLLEGE PA 16801,Approved,200,110,Greek,,
Alpha Omicron Pi and Phi Kappa Psi Bowling Benefitting THON,Sporting Event,Alpha Omicron Pi AOII & Phi Kappa Psi,8 & 32,10/17/2023,10/17/2023,Northland Bowling:     ,Denied,400,,Greek,,
Alpha Omicron Pi and Phi Kappa Psi Bowling Benefitting THON,Sporting Event,Alpha Omicron Pi AOII & Phi Kappa Psi,8 & 32,10/17/2023,10/17/2023,Northland Bowling:     ,Approved,400,356,Greek,,
Alpha Omicron Pi and Phi Kappa Psi Bowling Benefitting THON,Sporting Event,Alpha Omicron Pi AOII & Phi Kappa Psi,8 & 32,10/17/2023,10/17/2023,Brian M Jonovich: 1521 MARTIN ST  STATE COLLEGE PA 16803,Denied,400,,Greek,,
Bow Range Target Practice Benefitting THON,Sporting Event,Tau Phi Delta Treehouse,70,10/18/2023,10/18/2023,Tau Phi Delta Property: 427 E FAIRMOUNT AVE  STATE COLLEGE PA 16801,Approved,200,106,Greek,,
Penn State CHAARG + Aqua HIIT Benefitting THON,Sporting Event,"Changing Health, Attitudes, and Actions To Recreate Girls at Penn State CHAARG",2098,10/18/2023,10/18/2023,McCoy Natatorium:     ,Approved,100,180,General,,
Pilates with Club Field Hockey Benefitting THON,Sporting Event,Club Field Hockey PSFHC & Penn State Fitness Instructors,52 & 1104,10/19/2023,10/19/2023,White building:     ,Approved,150,56,General,,
"Club soccer, ATO, and ZTA Kickball Benefitting THON",Sporting Event,"Alpha Tau Omega ATO, Men's Club Soccer , Women's Club Soccer  & Zeta Tau Alpha","69, 145, 1 & 2",10/19/2023,10/19/2023,West Campus soccer field:     ,Canceled,100,,Greek,,
PGM THON Scramble Benefitting THON,Sporting Event,English Equestrian Club  & Professional Golf Management,314 & 381,10/21/2023,10/21/2023,Penn State Golf Courses:     ,Approved,1000,945,General,,
PSU Crossfit Kettlebells for Kids Benefitting THON,Sporting Event,Crossfit Club at Penn State ,542,10/21/2023,10/21/2023,Wagner Building:     ,Approved,200,375,General,,
Pasta Dinner Benefitting THON,Benefit Dinner,Olivia Keyte and Kylie Marsden (2024),3150,1/21/2024,1/21/2024,Olivia Keyte: 254 E BEAVER AVE Apt 403 STATE COLLEGE PA 16801,Approved,150,,Independent Couple,,
SDT Workout Class Benefitting THON,Sporting Event,Sigma Delta Tau,24,10/23/2023,10/23/2023,The Rise: 532 E COLLEGE AVE  STATE COLLEGE PA 16801,Approved,100,60,Greek,,
Maggie and Hannah Pasta and Taco Dinner Benefitting THON,Benefit Dinner,Hannah Feldman and Maggie O'Neill (2024),3129,1/21/2024,1/21/2024,Alexander Court:     ,Approved,70,70,Independent Couple,,
Kappa Alpha Theta F45 Fundraiser Benefitting THON,Sporting Event,Kappa Alpha Theta,14,10/24/2023,10/24/2023,F45 Training State College: 232 E COLLEGE AVE  STATE COLLEGE PA 16801,Approved,400,0,Greek,,
3v3 Tournament Benefitting THON,Sporting Event,Men's Club Basketball  & Women's Club Basketball ,146 & 1452,10/25/2023,10/26/2023,White Building:     ,Approved,350,240,General,,
Ohana X Celcius Goat Yoga Benefitting THON,Sporting Event,Ohana ,1161,10/25/2023,10/25/2023,Nittany Meadow Farm: 227 NITTANY MEADOW FARM LN  CENTRE HALL PA 16828,Approved,75,200,Special Interest,,
Panera Fundraiser Benefitting THON,Business Sponsorship,Brianna Lewis and Makenna Shields (2024),3107,1/21/2024,1/21/2024,Panera Bread: 1 College Ave  University Park PA 16802,Approved,40,,Independent Couple,,
Kickball Game- Brandywine Benefitting THON,Sporting Event,Brandywine,51,10/26/2023,10/26/2023,Penn State Brandywine:     ,Approved,150,400,Commonwealth,,
Global Brigades Dodgeball Tournament Benefitting THON,Sporting Event,Global Brigades Campus Council,131,10/27/2023,10/27/2023,"Business Building Meadow: 210 Business Building, University Park, PA 16802:",Approved,120,82,General,,
Pink Out Games Benefitting THON,Sporting Event,Mont Alto,112,10/28/2023,10/28/2023,Avery Diehl:     ,Denied,150,,Commonwealth,,
FIJI Golf Fundraiser Benefitting THON,Sporting Event,Phi Gamma Delta,19,10/29/2023,10/29/2023,Mountain View Golf Course: 310 ELKS CLUB RD  BOALSBURG PA 16827,Approved,500,870,Greek,,
PSBC Wiffle Ball Benefitting THON,Sporting Event,Baseball Club Club Baseball & Club Field Hockey PSFHC,52 & 1780,10/29/2023,10/30/2023,IM Fields:     ,Approved,150,150,General,,
Club Powerlifting x BBAF Cornhole Tournament Benefitting THON,Sporting Event,Bodybuilding and Fitness BBAF & Club Powerlifting ,507 & 536,10/29/2023,10/29/2023,IM Building:     ,Canceled,150,,General,,
Phi Epsilon Kappa X Alpha Epsilon Delta Field Day Benefitting THON,Sporting Event,Alpha Epsilon Delta & Phi Epsilon Kappa PEK,65 & 2457,10/29/2023,10/29/2023,IM Fields:     ,Canceled,200,,General,,
Paper Airplane Competition x Benefitting THON,Sporting Event,No Refund Theatre NRT,235,10/29/2023,10/29/2023,Thomas 110:,Canceled,40,,General,,
Pasta Dinner Benefitting THON,Item Sale,Caraline Newman and Emily Paulik (2024),3127,1/23/2024,1/23/2024,Caraline Newman:  Apt 503,Approved,100,218.71,Independent Couple,,
SDT x Phi Who F45 Benefitting THON,Sporting Event,Phi Kappa Theta & Sigma Delta Tau,24 & 49,11/1/2023,11/1/2023,F45 Training: 232 E COLLEGE AVE  STATE COLLEGE PA 16801,Approved,200,0,Greek,,
Paper Airplane Competition x Benefitting THON,Sporting Event,No Refund Theatre NRT,235,11/1/2023,11/1/2023,Thomas 110:,Approved,40,20,General,,
Ayuda X Mario Kart Tournament Benefitting THON,Sporting Event,Ayuda ,1923,11/2/2023,11/2/2023,Forum Building 108:,Approved,124.95,65,Special Interest,,
Phi Chi Theta Powderpuff Benefitting THON,Sporting Event,Phi Chi Theta ,206,11/3/2023,11/3/2023,Orchard Park: 1013 BAYBERRY DR  STATE COLLEGE PA 16801,Approved,200,330,General,,
NFL Survivor Pool Benefitting THON,Sporting Event,Delta Sigma Pi ,85,11/5/2023,11/6/2023,,Denied,200,,General,,
Marine Workout Benefitting THON,Sporting Event,"Alpha Tau Omega ATO, Operation Blue and Gold OBG & Zeta Tau Alpha","1, 2 & 133",11/6/2023,11/6/2023,ATO Chapter House: 321 E FAIRMOUNT AVE  STATE COLLEGE PA 16801,Approved,100,100,Greek,,
Club Volleyball Spike-a-thon Benefitting THON,Sporting Event,Women's Club Volleyball ,304,11/6/2023,11/12/2023,"South Gym, Hepper Fitness Center:     ",Canceled,200,,General,,
Volé Bring a Friend to Dance Class Benefitting THON,Sporting Event,Volé,126,11/7/2023,11/7/2023,White Building:     ,Approved,100,120,General,,
Epsilon Sigma Alpha F45 Benefitting THON,Sporting Event,Epsilon Sigma Alpha ESA,562,11/8/2023,11/8/2023,F45: 232 E COLLEGE AVE  STATE COLLEGE PA 16801,Canceled,100,,General,,
Penn State Hazleton 100 Days Benefitting THON,Sporting Event,Hazleton,74,11/8/2023,11/8/2023,Penn State Hazleton:     ,Approved,100,0,Commonwealth,,
"Phi Sigma Rho, Chi Phi, SAE, ADPi, Volé, Alpha Sigma Phi, APD, and Orchesis Powderpuff Football Benefitting THON",Sporting Event,"Alpha Delta Pi ADPi, Alpha Phi Delta APD, Alpha Sigma Phi, Chi Phi, Orchesis Dance Company ODC, Phi Sigma Rho Phi Rho, Sigma Alpha Epsilon SAE & Volé","20, 81, 126, 124, 34, 188, 209 & 160",11/9/2023,11/9/2023,Chi Phi House: 360 E HAMILTON AVE  STATE COLLEGE PA 16801,Canceled,200,,Greek,,
Pet a Puppy Benefitting THON,Sporting Event,Tau Phi Delta Treehouse,70,11/9/2023,11/9/2023,Hub Lawn:     ,Denied,25,,Greek,,
Volleyball Tournament Benefitting THON,Sporting Event,Greater Allegheny,163,11/10/2023,11/10/2023,Penn State Greater Allegheny Wunderley Gym:     ,Approved,200,150,Commonwealth,,
Club Sports Powderpuff Benefitting THON,Sporting Event,"Baseball Club Club Baseball, Club Field Hockey PSFHC, Men's Club Basketball , Men's Lacrosse Club , Women's Club Basketball , Women's Club Lacrosse  & Women's Club Volleyball ","52, 141, 146, 205, 304, 1452 & 1780",11/10/2023,11/10/2023,Orchard Park: 1013 BAYBERRY DR  STATE COLLEGE PA 16801,Canceled,500,,General,,
Phi Gamma Nu Turkey Bowl Benefitting THON,Sporting Event,Phi Chi Theta  & Phi Gamma Nu ,29 & 206,11/12/2023,11/12/2023,Old Main Lawn:     ,Approved,100,361,General,,
Penn State CHAARG X Kaizen Flag Football Benefitting THON,Sporting Event,"Changing Health, Attitudes, and Actions To Recreate Girls at Penn State CHAARG & Kaizen ",1896 & 2098,11/12/2023,11/12/2023,Bigler Field:     ,Approved,500,115,General,,
Ski Club Playing Tag Benefitting THON,Sporting Event,Ski Club (Recreational) PSU Ski Club,392,11/13/2023,11/14/2023,HUB: Hetzel Union Building:     ,Approved,50,125,General,,
Yogalates with PBL Benefitting THON,Sporting Event,Penn State Fitness Instructors & Phi Beta Lambda,1029 & 1104,11/13/2023,11/13/2023,White building:  Shortlage rd.   ,Approved,75,60,General,,
Penn State Altoona Spikeball Tournament Benefitting THON,Sporting Event,Altoona,165,11/13/2023,11/13/2023,Penn State Altoona:     ,Approved,100,110,Commonwealth,,
Penn State CHAARG X F45 Benefitting THON,Sporting Event,"Changing Health, Attitudes, and Actions To Recreate Girls at Penn State CHAARG",2098,11/13/2023,11/13/2023,F45 Training State College: 232 E COLLEGE AVE  STATE COLLEGE PA 16801,Approved,100,264,General,,
Kappa Kappa Gamma PYP Hot Yoga Benefitting THON,Sporting Event,Kappa Kappa Gamma,22,11/14/2023,11/14/2023,PYP Studio: 1748 S ATHERTON ST  STATE COLLEGE PA 16801,Approved,400,120,Greek,,
Bike 46 Miles in 46 Hours Benefitting THON,Sporting Event,THON Entertainment,1002,11/14/2023,11/16/2023,"IM Building, White Building, Hepper Fitness Center:     ",Denied,100,,joint,,
F 45 x Benefitting THON,Sporting Event,Bodybuilding and Fitness BBAF,536,11/14/2023,11/14/2023,F 45 Training State College: 232 E COLLEGE AVE  STATE COLLEGE PA 16801,Approved,300,0,General,,
3v3 Basketball Tournament with Behrend Benefitting THON,Sporting Event,Behrend,73,11/14/2023,11/14/2023,Penn State Behrend:     ,Approved,100,210,Commonwealth,,
Mikey MinajR&Rs Spoon Tag Benefitting THON,Sporting Event,Fundraising Development 6,3192,11/14/2023,11/27/2023,HUB:     ,Canceled,100,,joint,,
Lionheart Boxing X Benefitting THON,Sporting Event,Bodybuilding and Fitness BBAF,536,11/15/2023,11/15/2023,Lionheart Fitness and Training: 127 SOWERS ST  STATE COLLEGE PA 16801,Approved,80,94,General,,
100 Days: 3-point contest Benefitting THON,Sporting Event,Hazleton,74,11/15/2023,11/15/2023,Penn State Hazleton:     ,Approved,30,0,Commonwealth,,
Ribbon Sale Benefitting THON,Sporting Event,Hazleton,74,11/15/2023,11/15/2023,Penn State Hazleton:     ,Approved,25,,Commonwealth,,
SDT Workout Class Benefitting THON,Sporting Event,Sigma Delta Tau,24,11/17/2023,11/17/2023,Rise: 532 E COLLEGE AVE  STATE COLLEGE PA 16801,Approved,75,95,Greek,,
Pavement Pounders for Atlas Benefitting THON,Sporting Event,Atlas ,312,11/19/2023,11/25/2023,,Approved,100,72,Special Interest,,
Walking Tacos Benefitting THON,Event/Concert,Sammy Topkis and Alexis Mason (2024),3092,1/24/2024,1/24/2024,sammy topkis: 532 E COLLEGE AVE  STATE COLLEGE PA 16801,Canceled,200,,Independent Couple,,
Cycling with THON Entertainment Benefitting THON,Sporting Event,Penn State Fitness Instructors & THON Entertainment,1002 & 1104,11/19/2023,11/19/2023,Intramural Building:     ,Denied,130,,joint,,
Raffle Benefitting THON,Item Auction,Haley McCarthy-Levy and Isabella Russo (2024),3180,1/24/2024,1/31/2024,,Denied,70,,Independent Couple,,
Campus Tag Benefitting THON,Sporting Event,Baseball Club Club Baseball & Club Field Hockey PSFHC,52 & 1780,11/27/2023,11/28/2023,,Approved,520,450,General,,
Mikey MinajR&Rs Spoon Tag Benefitting THON,Sporting Event,Fundraising Development 6,3192,11/28/2023,12/5/2023,Campus:     ,Canceled,150,,joint,,
Kappa Delta F45 Fundraiser Benefitting THON,Sporting Event,Kappa Delta KD,26,11/29/2023,11/29/2023,F45 State College: 232 E COLLEGE AVE  STATE COLLEGE PA 16801,Approved,300,150,Greek,,
Pillar Spoon Tag Benefitting THON,Sporting Event,Pillar ,1297,11/29/2023,12/6/2023,Health and Human Development Building: 005 Health and Human Development Building  University Park PA 16802,Approved,50,100,Special Interest,,
Delta Upsilon 3v3 Basketball Tournament Benefitting THON,Sporting Event,Delta Gamma & Delta Upsilon International Fraternity Delta Upsilon,1544 & 37,11/30/2023,11/30/2023,Delta Upsilon Chapter House: 229 LOCUST LN  STATE COLLEGE PA 16801,Approved,150,200,Greek,,
Basketball Tournament Benefitting THON,Sporting Event,Greater Allegheny,163,12/1/2023,12/1/2023,Wunderley Gym:     ,Canceled,100,,Commonwealth,,
Pasta Dinner Benefitting THON,Item Sale,Caraline Newman and Emily Paulik (2024),3127,1/26/2024,1/27/2024,caraline newman: 330 W COLLEGE AVE apt 503 STATE COLLEGE PA 16801,Canceled,100,,Independent Couple,,
Club Cross Country vs Club Track Kickball Benefitting THON,Sporting Event,Club Cross Country XC & Club Track and Field ,305 & 270,12/2/2023,12/2/2023,IM Fields:     ,Approved,120,199,General,,
Brandon Strong Basketball Tournament Benefitting THON,Sporting Event,Phi Kappa Theta & Sigma Delta Tau,24 & 49,12/3/2023,12/3/2023,Nittany Valley Sports Centre: 177 CHAMPION DR  STATE COLLEGE PA 16803,Approved,300,112,Greek,,
BBAF Bodybuilding Competition Benefitting THON,Sporting Event,Bodybuilding and Fitness BBAF,536,12/3/2023,12/3/2023,"Forum Building:  201 OLD MAIN, STATE COLLEGE, PA 16802:",Approved,200,284,General,,
Urban Dance Troupe Open Class Benefitting THON,Sporting Event,Urban Dance Troupe UDT,2568,12/3/2023,12/3/2023,White Building:     ,Approved,100,35,General,,
Gold Out Hockey Game Benefitting THON,Sporting Event,Harrisburg,164,12/3/2023,12/3/2023,Twin Ponds Arena: 3904 COREY RD  HARRISBURG PA 17109,Approved,100,152,Commonwealth,,
SDT Workout Class Benefitting THON,Sporting Event,Sigma Delta Tau,24,12/4/2023,12/4/2023,Penn State Hillel:     ,Approved,100,29,Greek,,
Volé x Alpha Sigma Phi Trivia Night Benefitting THON,Sporting Event,Alpha Sigma Phi & Volé,126 & 34,12/4/2023,12/4/2023,Willard Building:     ,Canceled,100,,Greek,,
Cycling with Theta Benefitting THON,Sporting Event,Kappa Alpha Theta & Penn State Fitness Instructors,14 & 1104,12/5/2023,12/5/2023,Intramural Building:     ,Approved,130,90,Greek,,
True Auction Benefitting THON,Item Auction,Haley McCarthy-Levy and Isabella Russo (2024),3180,1/29/2024,2/4/2024,,Approved,149.97,,Independent Couple,,
Pasta Dinner Benefitting THON,Bake Sale,Haley McCarthy-Levy and Isabella Russo (2024),3180,1/31/2024,2/11/2024,,Approved,150,,Independent Couple,,
Yogalates with Sigma Kappa Benefitting THON,Sporting Event,Penn State Fitness Instructors & Sigma Kappa,35 & 1104,12/6/2023,12/6/2023,White building:     ,Approved,100,25,Greek,,
Alpha Sigma Phi Video Game Tournament Benefitting THON,Sporting Event,Alpha Sigma Phi,34,12/6/2023,12/6/2023,Alpha Sigma Phi: 420 E PROSPECT AVE  STATE COLLEGE PA 16801,Approved,100,124,Greek,,
Club Powerlifting x BBAF Cornhole Tournament Benefitting THON,Sporting Event,Bodybuilding and Fitness BBAF & Club Powerlifting ,507 & 536,12/8/2023,12/8/2023,White Building 126:,Approved,150,135,General,,
Holiday Mile x Apollo Benefitting THON,Sporting Event,Apollo ,1745,12/9/2023,12/9/2023,IM Fields:     ,Approved,100,30,Special Interest,,
Penn State Lehigh Valley Night at the Phantoms Benefitting THON,Sporting Event,Lehigh Valley,113,12/15/2023,12/15/2023,PPL Center: 701 HAMILTON ST  ALLENTOWN PA 18101,Approved,500,215,Commonwealth,,
Alpha Sigma Phi Video Game Tournament Benefitting THON,Sporting Event,Alpha Sigma Phi,34,1/3/2024,1/3/2024,,Canceled,50,,Greek,,
Eclipse Water Assassins Benefitting THON,Sporting Event,Eclipse ,2020,1/10/2024,1/23/2024,,Approved,150,220,Special Interest,,
HOS Tag Benefitting THON,Sporting Event,THON Hospitality,1005,1/10/2024,1/11/2024,Thomas Building:     ,Approved,100,65,joint,,
HOS Tag Benefitting THON,Sporting Event,THON Hospitality,1005,1/11/2024,1/11/2024,Thomas Building:     ,Approved,100,,joint,,
Phi Chi Theta Get Air Benefitting THON,Sporting Event,Phi Chi Theta ,206,1/14/2024,1/14/2024,Get Air: 2252 E COLLEGE AVE  STATE COLLEGE PA 16801,Approved,90,,General,,
Axis SIO Dodgeball Tournament Benefitting THON,Sporting Event,Axis ,1747,1/15/2024,1/28/2024,White Building:     ,Approved,750,150,Special Interest,,
Ski and Snowboard Club Dodgeball Benefitting THON,Sporting Event,Ski Club (Recreational) PSU Ski Club & Snowboard ,392 & 1312,1/15/2024,1/15/2024,White Building Rm 126:,Approved,200,236,General,,
Chi Phi & Tri Sig & Phi Sig & PKT & Phi Rho & ZBT & AGR & Whiplash Powderpuff Football Benefitting THON,Sporting Event,"Alpha Gamma Rho AGR, Chi Phi, Phi Kappa Tau PKT/ Phi Tau , Phi Sigma Rho Phi Rho, Phi Sigma Sigma Phi Sig, Sigma Sigma Sigma Tri Sigma, Whiplash Dance Team & Zeta Beta Tau ZBT","81, 33, 47, 215, 187, 1476, 160 & 294",1/15/2024,1/15/2024,Chi Phi House: 360 E HAMILTON AVE  STATE COLLEGE PA 16801,Approved,200,757,Greek,,
Penn State CHAARG X PYP Hot Pilates Benefitting THON,Sporting Event,"Changing Health, Attitudes, and Actions To Recreate Girls at Penn State CHAARG",2098,1/16/2024,1/16/2024,The PYP Studio: 1748 S ATHERTON ST  STATE COLLEGE PA 16801,Canceled,200,,General,,
SDT Workout Class Benefitting THON,Sporting Event,Sigma Delta Tau,24,1/16/2024,1/16/2024,The Rise: 532 E COLLEGE AVE  STATE COLLEGE PA 16801,Approved,100,75,Greek,,
Zumba Benefitting THON,Sporting Event,Michael Castelli and Liza Huber (2024) & Penn State Fitness Instructors,1104 & 3102,1/16/2024,1/16/2024,Intramural Building:     ,Approved,60,108,joint,,
Phi Kappa Psi Bowling Benefitting THON,Sporting Event,Phi Kappa Psi,32,1/16/2024,1/16/2024,Northland Bowl: 1521 MARTIN ST  STATE COLLEGE PA 16803,Denied,300,,Greek,,
Lionheart Boxing X Benefitting THON,Sporting Event,Bodybuilding and Fitness BBAF,536,1/17/2024,1/17/2024,Lionheart Fitness and Training: 127 SOWERS ST  STATE COLLEGE PA 16801,Approved,80,0,General,,
OPPickup Benefitting THON,Sporting Event,THON OPPerations,1007,1/18/2024,1/18/2024,The White Building:     ,Canceled,400,,joint,,
Club Cross Country Spoon Tag Benefitting THON,Sporting Event,Club Cross Country XC,305,1/18/2024,1/18/2024,Rec Hall:     ,Approved,175,204,General,,
Dodgeball Tournament Benefitting THON,Sporting Event,Greater Allegheny,163,1/19/2024,1/19/2024,Wunderley Gym:     ,Canceled,100,,Commonwealth,,
Around the World Benefitting THON,Sporting Event,Operation Blue and Gold OBG,133,1/19/2024,1/26/2024,,Approved,2000,2745,General,,
Jersey Jerry challenge Benefitting THON,Sporting Event,Phi Kappa Psi,32,1/19/2024,1/19/2024,The yards:     ,Approved,200,,Greek,,
CIES Northland Bowl Fundraiser Benefitting THON,Sporting Event,Corporate Innovation & Entrepreneurship Society CIES,727,1/20/2024,1/20/2024,Northland Bowl & Sports Center: 1521 MARTIN ST  STATE COLLEGE PA 16803,Approved,120,140,General,,
Pickleball Tournament Benefitting THON,Sporting Event,Rugby Football Club - Men's & Rugby Football Club - Women's ,284 & 2703,1/21/2024,1/21/2024,Tennis Center:     ,Action Needed,260,,greek,,
Penn State CHAARG X Physique Dance Benefitting THON,Sporting Event,"Changing Health, Attitudes, and Actions To Recreate Girls at Penn State CHAARG",2098,1/22/2024,1/22/2024,Chambers Building 104:,Approved,50,25,General,,
SDT Workout Class Benefitting THON,Sporting Event,Sigma Delta Tau,24,1/22/2024,1/22/2024,532 E College Ave:,Canceled,100,,Greek,,
SDT Workout Class Benefitting THON,Sporting Event,Sigma Delta Tau,24,1/22/2024,1/22/2024,532 E College Ave:,Canceled,100,,Greek,,
Alpha Sigma Phi Bench-A-THON Benefitting THON,Sporting Event,Alpha Sigma Phi,34,1/22/2024,1/22/2024,Alpha Sigma Phi: 420 E PROSPECT AVE  STATE COLLEGE PA 16801,Canceled,100,,Greek,,
Alpha Gamma Rho Phi Sigma Sigma Food Eating Contest Benefitting THON,Sporting Event,Alpha Gamma Rho AGR & Phi Sigma Sigma Phi Sig,187 & 294,1/23/2024,1/23/2024,Alpha Gamma Rho House: 322 FRATERNITY ROW  STATE COLLEGE PA 16801,Approved,1000,295,Greek,,
Delta Chi x Kappa Kappa Gamma Pull-Up Competition Benefitting THON,Sporting Event,Delta Chi & Kappa Kappa Gamma,23 & 22,1/23/2024,1/24/2024,Delta Chi Fraternity: 424 E FAIRMOUNT AVE  STATE COLLEGE PA 16801,Approved,49.99,,greek,,
Penn State CHAARG X PYP Hot Pilates Benefitting THON,Sporting Event,"Changing Health, Attitudes, and Actions To Recreate Girls at Penn State CHAARG",2098,1/23/2024,1/23/2024,The PYP Studio: 1748 S ATHERTON ST  STATE COLLEGE PA 16801,Approved,300,450,General,,
Club Cross Country Miles for Smiles Benefitting THON,Sporting Event,Club Cross Country XC,305,1/26/2024,1/28/2024,Waring Commons Lounge:     ,Approved,1000,1425.4,General,,
Penn State Scranton Cross-Checking Cancer Night with the WBS Penguins x Benefitting THON,Sporting Event,Scranton,171,1/27/2024,1/27/2024,Mohegan Sun Arena at Casey Plaza: 255 HIGHLAND PARK BLVD  WLKS BARR TWP PA 18702,Approved,100,,Commonwealth,,
Boulevard Volleyball Tournament Benefitting THON,Sporting Event,Boulevard BLVD,1784,1/27/2024,1/27/2024,126 White Building:,Approved,120,80,General,,
3's for THON (hosted by athletic department) Benefitting THON,Sporting Event,Hazleton,74,1/27/2024,1/27/2024,Penn State Hazleton Gymnasium:     ,Approved,100,314.5,Commonwealth,,
Penn State BBAF Benefitting THON,Sporting Event,Bodybuilding and Fitness BBAF,536,1/28/2024,1/28/2024,Pegula Ice Arena:     ,Approved,95,107.27,General,,
Kaizen Water Game Benefitting THON,Sporting Event,Kaizen ,1896,1/28/2024,1/31/2024,Wagner Building:     ,Approved,250,105,General,,
SIO Dodgeball Tournament Benefitting THON,Sporting Event,Axis  & Hershey Kisses HK,1667 & 1747,1/28/2024,1/28/2024,White Building:     ,Canceled,16,,Special Interest,,
Eclipse SIO Dodgeball Benefitting THON,Sporting Event,Eclipse ,2020,1/28/2024,1/28/2024,White Building:     ,Approved,25,87,Special Interest,,
Pillar SIO Dodgeball Benefitting THON,Sporting Event,Pillar ,1297,1/28/2024,1/28/2024,White Building Gym:     ,Approved,50,113,Special Interest,,
SIO Dodgeball Benefitting THON,Sporting Event,Atlas  & Axis ,312 & 1747,1/28/2024,1/28/2024,White Building:     ,Approved,50,18,Special Interest,,
Dodgeball with Axis x Benefitting THON,Sporting Event,A-7  & Axis,1192 & 1747,1/28/2024,1/28/2024,White Building:     ,Approved,10,22,Special Interest,,
Men's Club Lacrosse Workout Benefitting THON,Sporting Event,Men's Lacrosse Club ,141,1/29/2024,1/29/2024,Lionheart Fitness: 127 SOWERS ST  STATE COLLEGE PA 16801,Approved,80,60,General,,
3v3 Basketball Tournament Benefitting THON,Sporting Event,Altoona,165,1/31/2024,1/31/2024,Penn State Altoona:     ,Approved,120,,Commonwealth,,
Bench-A-THON X Benefitting THON,Sporting Event,Bodybuilding and Fitness BBAF,536,2/4/2024,2/4/2024,Lionheart Fitness and Training: 127 SOWERS ST  STATE COLLEGE PA 16801,Approved,140,191,General,,
Turf workout with CHAARG Benefitting THON,Sporting Event,"Changing Health, Attitudes, and Actions To Recreate Girls at Penn State CHAARG & Penn State Fitness Instructors",1104 & 2098,2/4/2024,2/4/2024,Intramural Building:     ,Approved,100,86,General,,
Mario Kart Tournament x Benefitting THON,Sporting Event,No Refund Theatre NRT,235,2/4/2024,2/4/2024,Apartment: 458 E COLLEGE AVE Apt. 601 STATE COLLEGE PA 16801,Canceled,50,,General,,
Alpha Gamma Rho and Phi Sigma Sigma 46 in 46 Benefitting THON,Sporting Event,Alpha Gamma Rho AGR & Phi Sigma Sigma Phi Sig,187 & 294,2/5/2024,2/6/2024,Alpha Gamma Rho House: 322 FRATERNITY ROW  STATE COLLEGE PA 16801,Canceled,1000,,Greek,,
Duck Hunt Fundraiser Benefitting THON,Sporting Event,Acacia & Gamma Phi Beta,16 & 7,2/6/2024,2/16/2024,Acacia Fraternity:     ,Canceled,300,,Greek,,
Cycling with Delta Sigma Pi Benefitting THON,Sporting Event,Delta Sigma Pi  & Penn State Fitness Instructors,85 & 1104,2/7/2024,2/7/2024,Intramural Building:     ,Approved,120,55,Greek,,
FIJI Lombard MMA Benefitting THON,Sporting Event,Phi Gamma Delta,19,2/7/2024,2/7/2024,Lombard MMA: 127 SOWERS ST  STATE COLLEGE PA 16801,Approved,100,90,Greek,,
Cycling with THON Entertainment Benefitting THON,Sporting Event,Penn State Fitness Instructors & THON Entertainment,1002 & 1104,2/8/2024,2/8/2024,Intramural Building:     ,Approved,75,40,General,,
Open Gym with The Penn State Cheerleaders Benefitting THON,Sporting Event,Penn State Cheerleading Team,259,2/11/2024,2/11/2024,Fame All Star's: 511 E COLLEGE AVE  PLEASANT GAP PA 16823,Approved,500,1575,Approved Program,,
Ballet for the Boyz Benefitting THON,Sporting Event,Raw Aesthetic Movements R.A.M. Squad,1018,2/11/2024,2/11/2024,Hub 232:,Approved,75,,General,,
Penn State CHAARG Pre-THON Yoga Benefitting THON,Sporting Event,"Changing Health, Attitudes, and Actions To Recreate Girls at Penn State CHAARG",2098,2/12/2024,2/12/2024,Wagner Building 304:,Approved,50,30,General,,
Club Cross Country Pacer Test Benefitting THON,Sporting Event,Club Cross Country XC,305,2/12/2024,2/12/2024,Rec Hall:     ,Approved,75,50,General,,
