0 67 2242
67 2241 2242
67 68 2241
2242 2241 738
68 2243 2241
2243 2244 2241
2243 737 2244
2241 2244 738
68 69 2243
69 2245 2243
69 70 2245
2243 2245 737
738 2244 2247
2244 2246 2247
2244 737 2246
2247 2246 370
70 2248 2245
2248 2249 2245
2248 739 2249
2245 2249 737
739 2250 2249
2250 2251 2249
2250 740 2251
2249 2251 737
739 2252 2250
2252 2253 2250
2252 369 2253
2250 2253 740
737 2251 2246
2251 2254 2246
2251 740 2254
2246 2254 370
70 71 2248
71 2255 2248
71 72 2255
2248 2255 739
72 2256 2255
2256 2257 2255
2256 741 2257
2255 2257 739
72 73 2256
73 2258 2256
73 74 2258
2256 2258 741
739 2257 2252
2257 2259 2252
2257 741 2259
2252 2259 369
370 2254 2261
2254 2260 2261
2254 740 2260
2261 2260 743
740 2262 2260
2262 2263 2260
2262 742 2263
2260 2263 743
740 2253 2262
2253 2264 2262
2253 369 2264
2262 2264 742
743 2263 2266
2263 2265 2266
2263 742 2265
2266 2265 282
74 2267 2258
2267 2268 2258
2267 744 2268
2258 2268 741
744 2269 2268
2269 2270 2268
2269 745 2270
2268 2270 741
744 2271 2269
2271 2272 2269
2271 371 2272
2269 2272 745
741 2270 2259
2270 2273 2259
2270 745 2273
2259 2273 369
371 2274 2272
2274 2275 2272
2274 746 2275
2272 2275 745
746 2276 2275
2276 2277 2275
2276 747 2277
2275 2277 745
746 2278 2276
2278 2279 2276
2278 372 2279
2276 2279 747
745 2277 2273
2277 2280 2273
2277 747 2280
2273 2280 369
371 2281 2274
2281 2282 2274
2281 748 2282
2274 2282 746
748 2283 2282
2283 2284 2282
2283 749 2284
2282 2284 746
748 2285 2283
2285 2286 2283
2285 281 2286
2283 2286 749
746 2284 2278
2284 2287 2278
2284 749 2287
2278 2287 372
369 2280 2264
2280 2288 2264
2280 747 2288
2264 2288 742
747 2289 2288
2289 2290 2288
2289 750 2290
2288 2290 742
747 2279 2289
2279 2291 2289
2279 372 2291
2289 2291 750
742 2290 2265
2290 2292 2265
2290 750 2292
2265 2292 282
74 75 2267
75 2293 2267
75 76 2293
2267 2293 744
76 2294 2293
2294 2295 2293
2294 751 2295
2293 2295 744
76 77 2294
77 2296 2294
77 78 2296
2294 2296 751
744 2295 2271
2295 2297 2271
2295 751 2297
2271 2297 371
78 2298 2296
2298 2299 2296
2298 752 2299
2296 2299 751
752 2300 2299
2300 2301 2299
2300 753 2301
2299 2301 751
752 2302 2300
2302 2303 2300
2302 373 2303
2300 2303 753
751 2301 2297
2301 2304 2297
2301 753 2304
2297 2304 371
78 79 2298
79 2305 2298
79 80 2305
2298 2305 752
80 2306 2305
2306 2307 2305
2306 754 2307
2305 2307 752
80 81 2306
81 2308 2306
81 82 2308
2306 2308 754
752 2307 2302
2307 2309 2302
2307 754 2309
2302 2309 373
371 2304 2281
2304 2310 2281
2304 753 2310
2281 2310 748
753 2311 2310
2311 2312 2310
2311 755 2312
2310 2312 748
753 2303 2311
2303 2313 2311
2303 373 2313
2311 2313 755
748 2312 2285
2312 2314 2285
2312 755 2314
2285 2314 281
282 2292 2316
2292 2315 2316
2292 750 2315
2316 2315 757
750 2317 2315
2317 2318 2315
2317 756 2318
2315 2318 757
750 2291 2317
2291 2319 2317
2291 372 2319
2317 2319 756
757 2318 2321
2318 2320 2321
2318 756 2320
2321 2320 375
372 2322 2319
2322 2323 2319
2322 758 2323
2319 2323 756
758 2324 2323
2324 2325 2323
2324 759 2325
2323 2325 756
758 2326 2324
2326 2327 2324
2326 374 2327
2324 2327 759
756 2325 2320
2325 2328 2320
2325 759 2328
2320 2328 375
372 2287 2322
2287 2329 2322
2287 749 2329
2322 2329 758
749 2330 2329
2330 2331 2329
2330 760 2331
2329 2331 758
749 2286 2330
2286 2332 2330
2286 281 2332
2330 2332 760
758 2331 2326
2331 2333 2326
2331 760 2333
2326 2333 374
375 2328 2335
2328 2334 2335
2328 759 2334
2335 2334 762
759 2336 2334
2336 2337 2334
2336 761 2337
2334 2337 762
759 2327 2336
2327 2338 2336
2327 374 2338
2336 2338 761
762 2337 2340
2337 2339 2340
2337 761 2339
2340 2339 262
82 2341 2308
2341 2342 2308
2341 763 2342
2308 2342 754
763 2343 2342
2343 2344 2342
2343 764 2344
2342 2344 754
763 2345 2343
2345 2346 2343
2345 376 2346
2343 2346 764
754 2344 2309
2344 2347 2309
2344 764 2347
2309 2347 373
376 2348 2346
2348 2349 2346
2348 765 2349
2346 2349 764
765 2350 2349
2350 2351 2349
2350 766 2351
2349 2351 764
765 2352 2350
2352 2353 2350
2352 377 2353
2350 2353 766
764 2351 2347
2351 2354 2347
2351 766 2354
2347 2354 373
376 2355 2348
2355 2356 2348
2355 767 2356
2348 2356 765
767 2357 2356
2357 2358 2356
2357 768 2358
2356 2358 765
767 2359 2357
2359 2360 2357
2359 283 2360
2357 2360 768
765 2358 2352
2358 2361 2352
2358 768 2361
2352 2361 377
373 2354 2313
2354 2362 2313
2354 766 2362
2313 2362 755
766 2363 2362
2363 2364 2362
2363 769 2364
2362 2364 755
766 2353 2363
2353 2365 2363
2353 377 2365
2363 2365 769
755 2364 2314
2364 2366 2314
2364 769 2366
2314 2366 281
283 2367 2360
2367 2368 2360
2367 770 2368
2360 2368 768
770 2369 2368
2369 2370 2368
2369 771 2370
2368 2370 768
770 2371 2369
2371 2372 2369
2371 378 2372
2369 2372 771
768 2370 2361
2370 2373 2361
2370 771 2373
2361 2373 377
378 2374 2372
2374 2375 2372
2374 772 2375
2372 2375 771
772 2376 2375
2376 2377 2375
2376 773 2377
2375 2377 771
772 2378 2376
2378 2379 2376
2378 379 2379
2376 2379 773
771 2377 2373
2377 2380 2373
2377 773 2380
2373 2380 377
378 2381 2374
2381 2382 2374
2381 774 2382
2374 2382 772
774 2383 2382
2383 2384 2382
2383 775 2384
2382 2384 772
774 2385 2383
2385 2386 2383
2385 284 2386
2383 2386 775
772 2384 2378
2384 2387 2378
2384 775 2387
2378 2387 379
377 2380 2365
2380 2388 2365
2380 773 2388
2365 2388 769
773 2389 2388
2389 2390 2388
2389 776 2390
2388 2390 769
773 2379 2389
2379 2391 2389
2379 379 2391
2389 2391 776
769 2390 2366
2390 2392 2366
2390 776 2392
2366 2392 281
283 2393 2367
2393 2394 2367
2393 777 2394
2367 2394 770
777 2395 2394
2395 2396 2394
2395 778 2396
2394 2396 770
777 2397 2395
2397 2398 2395
2397 380 2398
2395 2398 778
770 2396 2371
2396 2399 2371
2396 778 2399
2371 2399 378
380 2400 2398
2400 2401 2398
2400 779 2401
2398 2401 778
779 2402 2401
2402 2403 2401
2402 780 2403
2401 2403 778
779 2404 2402
2404 2405 2402
2404 381 2405
2402 2405 780
778 2403 2399
2403 2406 2399
2403 780 2406
2399 2406 378
380 2407 2400
2407 2408 2400
2407 781 2408
2400 2408 779
781 2409 2408
2409 2410 2408
2409 782 2410
2408 2410 779
781 2411 2409
2411 2412 2409
2411 261 2412
2409 2412 782
779 2410 2404
2410 2413 2404
2410 782 2413
2404 2413 381
378 2406 2381
2406 2414 2381
2406 780 2414
2381 2414 774
780 2415 2414
2415 2416 2414
2415 783 2416
2414 2416 774
780 2405 2415
2405 2417 2415
2405 381 2417
2415 2417 783
774 2416 2385
2416 2418 2385
2416 783 2418
2385 2418 284
281 2392 2332
2392 2419 2332
2392 776 2419
2332 2419 760
776 2420 2419
2420 2421 2419
2420 784 2421
2419 2421 760
776 2391 2420
2391 2422 2420
2391 379 2422
2420 2422 784
760 2421 2333
2421 2423 2333
2421 784 2423
2333 2423 374
379 2424 2422
2424 2425 2422
2424 785 2425
2422 2425 784
785 2426 2425
2426 2427 2425
2426 786 2427
2425 2427 784
785 2428 2426
2428 2429 2426
2428 382 2429
2426 2429 786
784 2427 2423
2427 2430 2423
2427 786 2430
2423 2430 374
379 2387 2424
2387 2431 2424
2387 775 2431
2424 2431 785
775 2432 2431
2432 2433 2431
2432 787 2433
2431 2433 785
775 2386 2432
2386 2434 2432
2386 284 2434
2432 2434 787
785 2433 2428
2433 2435 2428
2433 787 2435
2428 2435 382
374 2430 2338
2430 2436 2338
2430 786 2436
2338 2436 761
786 2437 2436
2437 2438 2436
2437 788 2438
2436 2438 761
786 2429 2437
2429 2439 2437
2429 382 2439
2437 2439 788
761 2438 2339
2438 2440 2339
2438 788 2440
2339 2440 262
82 83 2341
83 2441 2341
83 84 2441
2341 2441 763
84 2442 2441
2442 2443 2441
2442 789 2443
2441 2443 763
84 85 2442
85 2444 2442
85 86 2444
2442 2444 789
763 2443 2345
2443 2445 2345
2443 789 2445
2345 2445 376
86 2446 2444
2446 2447 2444
2446 790 2447
2444 2447 789
790 2448 2447
2448 2449 2447
2448 791 2449
2447 2449 789
790 2450 2448
2450 2451 2448
2450 383 2451
2448 2451 791
789 2449 2445
2449 2452 2445
2449 791 2452
2445 2452 376
86 87 2446
87 2453 2446
87 88 2453
2446 2453 790
88 2454 2453
2454 2455 2453
2454 792 2455
2453 2455 790
88 89 2454
89 2456 2454
89 90 2456
2454 2456 792
790 2455 2450
2455 2457 2450
2455 792 2457
2450 2457 383
376 2452 2355
2452 2458 2355
2452 791 2458
2355 2458 767
791 2459 2458
2459 2460 2458
2459 793 2460
2458 2460 767
791 2451 2459
2451 2461 2459
2451 383 2461
2459 2461 793
767 2460 2359
2460 2462 2359
2460 793 2462
2359 2462 283
90 2463 2456
2463 2464 2456
2463 794 2464
2456 2464 792
794 2465 2464
2465 2466 2464
2465 795 2466
2464 2466 792
794 2467 2465
2467 2468 2465
2467 384 2468
2465 2468 795
792 2466 2457
2466 2469 2457
2466 795 2469
2457 2469 383
384 2470 2468
2470 2471 2468
2470 796 2471
2468 2471 795
796 2472 2471
2472 2473 2471
2472 797 2473
2471 2473 795
796 2474 2472
2474 2475 2472
2474 385 2475
2472 2475 797
795 2473 2469
2473 2476 2469
2473 797 2476
2469 2476 383
384 2477 2470
2477 2478 2470
2477 798 2478
2470 2478 796
798 2479 2478
2479 2480 2478
2479 799 2480
2478 2480 796
798 2481 2479
2481 2482 2479
2481 285 2482
2479 2482 799
796 2480 2474
2480 2483 2474
2480 799 2483
2474 2483 385
383 2476 2461
2476 2484 2461
2476 797 2484
2461 2484 793
797 2485 2484
2485 2486 2484
2485 800 2486
2484 2486 793
797 2475 2485
2475 2487 2485
2475 385 2487
2485 2487 800
793 2486 2462
2486 2488 2462
2486 800 2488
2462 2488 283
90 91 2463
91 2489 2463
91 92 2489
2463 2489 794
92 2490 2489
2490 2491 2489
2490 801 2491
2489 2491 794
92 93 2490
93 2492 2490
93 94 2492
2490 2492 801
794 2491 2467
2491 2493 2467
2491 801 2493
2467 2493 384
94 2494 2492
2494 2495 2492
2494 802 2495
2492 2495 801
802 2496 2495
2496 2497 2495
2496 803 2497
2495 2497 801
802 2498 2496
2498 2499 2496
2498 386 2499
2496 2499 803
801 2497 2493
2497 2500 2493
2497 803 2500
2493 2500 384
94 95 2494
95 2501 2494
95 96 2501
2494 2501 802
96 2502 2501
2502 2503 2501
2502 804 2503
2501 2503 802
96 97 2502
97 2504 2502
97 98 2504
2502 2504 804
802 2503 2498
2503 2505 2498
2503 804 2505
2498 2505 386
384 2500 2477
2500 2506 2477
2500 803 2506
2477 2506 798
803 2507 2506
2507 2508 2506
2507 805 2508
2506 2508 798
803 2499 2507
2499 2509 2507
2499 386 2509
2507 2509 805
798 2508 2481
2508 2510 2481
2508 805 2510
2481 2510 285
283 2488 2393
2488 2511 2393
2488 800 2511
2393 2511 777
800 2512 2511
2512 2513 2511
2512 806 2513
2511 2513 777
800 2487 2512
2487 2514 2512
2487 385 2514
2512 2514 806
777 2513 2397
2513 2515 2397
2513 806 2515
2397 2515 380
385 2516 2514
2516 2517 2514
2516 807 2517
2514 2517 806
807 2518 2517
2518 2519 2517
2518 808 2519
2517 2519 806
807 2520 2518
2520 2521 2518
2520 387 2521
2518 2521 808
806 2519 2515
2519 2522 2515
2519 808 2522
2515 2522 380
385 2483 2516
2483 2523 2516
2483 799 2523
2516 2523 807
799 2524 2523
2524 2525 2523
2524 809 2525
2523 2525 807
799 2482 2524
2482 2526 2524
2482 285 2526
2524 2526 809
807 2525 2520
2525 2527 2520
2525 809 2527
2520 2527 387
380 2522 2407
2522 2528 2407
2522 808 2528
2407 2528 781
808 2529 2528
2529 2530 2528
2529 810 2530
2528 2530 781
808 2521 2529
2521 2531 2529
2521 387 2531
2529 2531 810
781 2530 2411
2530 2532 2411
2530 810 2532
2411 2532 261
262 2440 2534
2440 2533 2534
2440 788 2533
2534 2533 812
788 2535 2533
2535 2536 2533
2535 811 2536
2533 2536 812
788 2439 2535
2439 2537 2535
2439 382 2537
2535 2537 811
812 2536 2539
2536 2538 2539
2536 811 2538
2539 2538 389
382 2540 2537
2540 2541 2537
2540 813 2541
2537 2541 811
813 2542 2541
2542 2543 2541
2542 814 2543
2541 2543 811
813 2544 2542
2544 2545 2542
2544 388 2545
2542 2545 814
811 2543 2538
2543 2546 2538
2543 814 2546
2538 2546 389
382 2435 2540
2435 2547 2540
2435 787 2547
2540 2547 813
787 2548 2547
2548 2549 2547
2548 815 2549
2547 2549 813
787 2434 2548
2434 2550 2548
2434 284 2550
2548 2550 815
813 2549 2544
2549 2551 2544
2549 815 2551
2544 2551 388
389 2546 2553
2546 2552 2553
2546 814 2552
2553 2552 817
814 2554 2552
2554 2555 2552
2554 816 2555
2552 2555 817
814 2545 2554
2545 2556 2554
2545 388 2556
2554 2556 816
817 2555 2558
2555 2557 2558
2555 816 2557
2558 2557 287
284 2559 2550
2559 2560 2550
2559 818 2560
2550 2560 815
818 2561 2560
2561 2562 2560
2561 819 2562
2560 2562 815
818 2563 2561
2563 2564 2561
2563 390 2564
2561 2564 819
815 2562 2551
2562 2565 2551
2562 819 2565
2551 2565 388
390 2566 2564
2566 2567 2564
2566 820 2567
2564 2567 819
820 2568 2567
2568 2569 2567
2568 821 2569
2567 2569 819
820 2570 2568
2570 2571 2568
2570 391 2571
2568 2571 821
819 2569 2565
2569 2572 2565
2569 821 2572
2565 2572 388
390 2573 2566
2573 2574 2566
2573 822 2574
2566 2574 820
822 2575 2574
2575 2576 2574
2575 823 2576
2574 2576 820
822 2577 2575
2577 2578 2575
2577 286 2578
2575 2578 823
820 2576 2570
2576 2579 2570
2576 823 2579
2570 2579 391
388 2572 2556
2572 2580 2556
2572 821 2580
2556 2580 816
821 2581 2580
2581 2582 2580
2581 824 2582
2580 2582 816
821 2571 2581
2571 2583 2581
2571 391 2583
2581 2583 824
816 2582 2557
2582 2584 2557
2582 824 2584
2557 2584 287
284 2418 2559
2418 2585 2559
2418 783 2585
2559 2585 818
783 2586 2585
2586 2587 2585
2586 825 2587
2585 2587 818
783 2417 2586
2417 2588 2586
2417 381 2588
2586 2588 825
818 2587 2563
2587 2589 2563
2587 825 2589
2563 2589 390
381 2590 2588
2590 2591 2588
2590 826 2591
2588 2591 825
826 2592 2591
2592 2593 2591
2592 827 2593
2591 2593 825
826 2594 2592
2594 2595 2592
2594 392 2595
2592 2595 827
825 2593 2589
2593 2596 2589
2593 827 2596
2589 2596 390
381 2413 2590
2413 2597 2590
2413 782 2597
2590 2597 826
782 2598 2597
2598 2599 2597
2598 828 2599
2597 2599 826
782 2412 2598
2412 2600 2598
2412 261 2600
2598 2600 828
826 2599 2594
2599 2601 2594
2599 828 2601
2594 2601 392
390 2596 2573
2596 2602 2573
2596 827 2602
2573 2602 822
827 2603 2602
2603 2604 2602
2603 829 2604
2602 2604 822
827 2595 2603
2595 2605 2603
2595 392 2605
2603 2605 829
822 2604 2577
2604 2606 2577
2604 829 2606
2577 2606 286
287 2584 2608
2584 2607 2608
2584 824 2607
2608 2607 831
824 2609 2607
2609 2610 2607
2609 830 2610
2607 2610 831
824 2583 2609
2583 2611 2609
2583 391 2611
2609 2611 830
831 2610 2613
2610 2612 2613
2610 830 2612
2613 2612 394
391 2614 2611
2614 2615 2611
2614 832 2615
2611 2615 830
832 2616 2615
2616 2617 2615
2616 833 2617
2615 2617 830
832 2618 2616
2618 2619 2616
2618 393 2619
2616 2619 833
830 2617 2612
2617 2620 2612
2617 833 2620
2612 2620 394
391 2579 2614
2579 2621 2614
2579 823 2621
2614 2621 832
823 2622 2621
2622 2623 2621
2622 834 2623
2621 2623 832
823 2578 2622
2578 2624 2622
2578 286 2624
2622 2624 834
832 2623 2618
2623 2625 2618
2623 834 2625
2618 2625 393
394 2620 2627
2620 2626 2627
2620 833 2626
2627 2626 836
833 2628 2626
2628 2629 2626
2628 835 2629
2626 2629 836
833 2619 2628
2619 2630 2628
2619 393 2630
2628 2630 835
836 2629 2632
2629 2631 2632
2629 835 2631
2632 2631 258
98 2633 2504
2633 2634 2504
2633 837 2634
2504 2634 804
837 2635 2634
2635 2636 2634
2635 838 2636
2634 2636 804
837 2637 2635
2637 2638 2635
2637 395 2638
2635 2638 838
804 2636 2505
2636 2639 2505
2636 838 2639
2505 2639 386
395 2640 2638
2640 2641 2638
2640 839 2641
2638 2641 838
839 2642 2641
2642 2643 2641
2642 840 2643
2641 2643 838
839 2644 2642
2644 2645 2642
2644 396 2645
2642 2645 840
838 2643 2639
2643 2646 2639
2643 840 2646
2639 2646 386
395 2647 2640
2647 2648 2640
2647 841 2648
2640 2648 839
841 2649 2648
2649 2650 2648
2649 842 2650
2648 2650 839
841 2651 2649
2651 2652 2649
2651 288 2652
2649 2652 842
839 2650 2644
2650 2653 2644
2650 842 2653
2644 2653 396
386 2646 2509
2646 2654 2509
2646 840 2654
2509 2654 805
840 2655 2654
2655 2656 2654
2655 843 2656
2654 2656 805
840 2645 2655
2645 2657 2655
2645 396 2657
2655 2657 843
805 2656 2510
2656 2658 2510
2656 843 2658
2510 2658 285
288 2659 2652
2659 2660 2652
2659 844 2660
2652 2660 842
844 2661 2660
2661 2662 2660
2661 845 2662
2660 2662 842
844 2663 2661
2663 2664 2661
2663 397 2664
2661 2664 845
842 2662 2653
2662 2665 2653
2662 845 2665
2653 2665 396
397 2666 2664
2666 2667 2664
2666 846 2667
2664 2667 845
846 2668 2667
2668 2669 2667
2668 847 2669
2667 2669 845
846 2670 2668
2670 2671 2668
2670 398 2671
2668 2671 847
845 2669 2665
2669 2672 2665
2669 847 2672
2665 2672 396
397 2673 2666
2673 2674 2666
2673 848 2674
2666 2674 846
848 2675 2674
2675 2676 2674
2675 849 2676
2674 2676 846
848 2677 2675
2677 2678 2675
2677 289 2678
2675 2678 849
846 2676 2670
2676 2679 2670
2676 849 2679
2670 2679 398
396 2672 2657
2672 2680 2657
2672 847 2680
2657 2680 843
847 2681 2680
2681 2682 2680
2681 850 2682
2680 2682 843
847 2671 2681
2671 2683 2681
2671 398 2683
2681 2683 850
843 2682 2658
2682 2684 2658
2682 850 2684
2658 2684 285
288 2685 2659
2685 2686 2659
2685 851 2686
2659 2686 844
851 2687 2686
2687 2688 2686
2687 852 2688
2686 2688 844
851 2689 2687
2689 2690 2687
2689 399 2690
2687 2690 852
844 2688 2663
2688 2691 2663
2688 852 2691
2663 2691 397
399 2692 2690
2692 2693 2690
2692 853 2693
2690 2693 852
853 2694 2693
2694 2695 2693
2694 854 2695
2693 2695 852
853 2696 2694
2696 2697 2694
2696 400 2697
2694 2697 854
852 2695 2691
2695 2698 2691
2695 854 2698
2691 2698 397
399 2699 2692
2699 2700 2692
2699 855 2700
2692 2700 853
855 2701 2700
2701 2702 2700
2701 856 2702
2700 2702 853
855 2703 2701
2703 2704 2701
2703 263 2704
2701 2704 856
853 2702 2696
2702 2705 2696
2702 856 2705
2696 2705 400
397 2698 2673
2698 2706 2673
2698 854 2706
2673 2706 848
854 2707 2706
2707 2708 2706
2707 857 2708
2706 2708 848
854 2697 2707
2697 2709 2707
2697 400 2709
2707 2709 857
848 2708 2677
2708 2710 2677
2708 857 2710
2677 2710 289
285 2684 2526
2684 2711 2526
2684 850 2711
2526 2711 809
850 2712 2711
2712 2713 2711
2712 858 2713
2711 2713 809
850 2683 2712
2683 2714 2712
2683 398 2714
2712 2714 858
809 2713 2527
2713 2715 2527
2713 858 2715
2527 2715 387
398 2716 2714
2716 2717 2714
2716 859 2717
2714 2717 858
859 2718 2717
2718 2719 2717
2718 860 2719
2717 2719 858
859 2720 2718
2720 2721 2718
2720 401 2721
2718 2721 860
858 2719 2715
2719 2722 2715
2719 860 2722
2715 2722 387
398 2679 2716
2679 2723 2716
2679 849 2723
2716 2723 859
849 2724 2723
2724 2725 2723
2724 861 2725
2723 2725 859
849 2678 2724
2678 2726 2724
2678 289 2726
2724 2726 861
859 2725 2720
2725 2727 2720
2725 861 2727
2720 2727 401
387 2722 2531
2722 2728 2531
2722 860 2728
2531 2728 810
860 2729 2728
2729 2730 2728
2729 862 2730
2728 2730 810
860 2721 2729
2721 2731 2729
2721 401 2731
2729 2731 862
810 2730 2532
2730 2732 2532
2730 862 2732
2532 2732 261
263 2733 2704
2733 2734 2704
2733 863 2734
2704 2734 856
863 2735 2734
2735 2736 2734
2735 864 2736
2734 2736 856
863 2737 2735
2737 2738 2735
2737 402 2738
2735 2738 864
856 2736 2705
2736 2739 2705
2736 864 2739
2705 2739 400
402 2740 2738
2740 2741 2738
2740 865 2741
2738 2741 864
865 2742 2741
2742 2743 2741
2742 866 2743
2741 2743 864
865 2744 2742
2744 2745 2742
2744 403 2745
2742 2745 866
864 2743 2739
2743 2746 2739
2743 866 2746
2739 2746 400
402 2747 2740
2747 2748 2740
2747 867 2748
2740 2748 865
867 2749 2748
2749 2750 2748
2749 868 2750
2748 2750 865
867 2751 2749
2751 2752 2749
2751 290 2752
2749 2752 868
865 2750 2744
2750 2753 2744
2750 868 2753
2744 2753 403
400 2746 2709
2746 2754 2709
2746 866 2754
2709 2754 857
866 2755 2754
2755 2756 2754
2755 869 2756
2754 2756 857
866 2745 2755
2745 2757 2755
2745 403 2757
2755 2757 869
857 2756 2710
2756 2758 2710
2756 869 2758
2710 2758 289
290 2759 2752
2759 2760 2752
2759 870 2760
2752 2760 868
870 2761 2760
2761 2762 2760
2761 871 2762
2760 2762 868
870 2763 2761
2763 2764 2761
2763 404 2764
2761 2764 871
868 2762 2753
2762 2765 2753
2762 871 2765
2753 2765 403
404 2766 2764
2766 2767 2764
2766 872 2767
2764 2767 871
872 2768 2767
2768 2769 2767
2768 873 2769
2767 2769 871
872 2770 2768
2770 2771 2768
2770 405 2771
2768 2771 873
871 2769 2765
2769 2772 2765
2769 873 2772
2765 2772 403
404 2773 2766
2773 2774 2766
2773 874 2774
2766 2774 872
874 2775 2774
2775 2776 2774
2775 875 2776
2774 2776 872
874 2777 2775
2777 2778 2775
2777 291 2778
2775 2778 875
872 2776 2770
2776 2779 2770
2776 875 2779
2770 2779 405
403 2772 2757
2772 2780 2757
2772 873 2780
2757 2780 869
873 2781 2780
2781 2782 2780
2781 876 2782
2780 2782 869
873 2771 2781
2771 2783 2781
2771 405 2783
2781 2783 876
869 2782 2758
2782 2784 2758
2782 876 2784
2758 2784 289
290 2785 2759
2785 2786 2759
2785 877 2786
2759 2786 870
877 2787 2786
2787 2788 2786
2787 878 2788
2786 2788 870
877 2789 2787
2789 2790 2787
2789 406 2790
2787 2790 878
870 2788 2763
2788 2791 2763
2788 878 2791
2763 2791 404
406 2792 2790
2792 2793 2790
2792 879 2793
2790 2793 878
879 2794 2793
2794 2795 2793
2794 880 2795
2793 2795 878
879 2796 2794
2796 2797 2794
2796 407 2797
2794 2797 880
878 2795 2791
2795 2798 2791
2795 880 2798
2791 2798 404
406 2799 2792
2799 2800 2792
2799 881 2800
2792 2800 879
881 2801 2800
2801 2802 2800
2801 882 2802
2800 2802 879
881 2803 2801
2803 2804 2801
2803 264 2804
2801 2804 882
879 2802 2796
2802 2805 2796
2802 882 2805
2796 2805 407
404 2798 2773
2798 2806 2773
2798 880 2806
2773 2806 874
880 2807 2806
2807 2808 2806
2807 883 2808
2806 2808 874
880 2797 2807
2797 2809 2807
2797 407 2809
2807 2809 883
874 2808 2777
2808 2810 2777
2808 883 2810
2777 2810 291
289 2784 2726
2784 2811 2726
2784 876 2811
2726 2811 861
876 2812 2811
2812 2813 2811
2812 884 2813
2811 2813 861
876 2783 2812
2783 2814 2812
2783 405 2814
2812 2814 884
861 2813 2727
2813 2815 2727
2813 884 2815
2727 2815 401
405 2816 2814
2816 2817 2814
2816 885 2817
2814 2817 884
885 2818 2817
2818 2819 2817
2818 886 2819
2817 2819 884
885 2820 2818
2820 2821 2818
2820 408 2821
2818 2821 886
884 2819 2815
2819 2822 2815
2819 886 2822
2815 2822 401
405 2779 2816
2779 2823 2816
2779 875 2823
2816 2823 885
875 2824 2823
2824 2825 2823
2824 887 2825
2823 2825 885
875 2778 2824
2778 2826 2824
2778 291 2826
2824 2826 887
885 2825 2820
2825 2827 2820
2825 887 2827
2820 2827 408
401 2822 2731
2822 2828 2731
2822 886 2828
2731 2828 862
886 2829 2828
2829 2830 2828
2829 888 2830
2828 2830 862
886 2821 2829
2821 2831 2829
2821 408 2831
2829 2831 888
862 2830 2732
2830 2832 2732
2830 888 2832
2732 2832 261
263 2833 2733
2833 2834 2733
2833 889 2834
2733 2834 863
889 2835 2834
2835 2836 2834
2835 890 2836
2834 2836 863
889 2837 2835
2837 2838 2835
2837 409 2838
2835 2838 890
863 2836 2737
2836 2839 2737
2836 890 2839
2737 2839 402
409 2840 2838
2840 2841 2838
2840 891 2841
2838 2841 890
891 2842 2841
2842 2843 2841
2842 892 2843
2841 2843 890
891 2844 2842
2844 2845 2842
2844 410 2845
2842 2845 892
890 2843 2839
2843 2846 2839
2843 892 2846
2839 2846 402
409 2847 2840
2847 2848 2840
2847 893 2848
2840 2848 891
893 2849 2848
2849 2850 2848
2849 894 2850
2848 2850 891
893 2851 2849
2851 2852 2849
2851 292 2852
2849 2852 894
891 2850 2844
2850 2853 2844
2850 894 2853
2844 2853 410
402 2846 2747
2846 2854 2747
2846 892 2854
2747 2854 867
892 2855 2854
2855 2856 2854
2855 895 2856
2854 2856 867
892 2845 2855
2845 2857 2855
2845 410 2857
2855 2857 895
867 2856 2751
2856 2858 2751
2856 895 2858
2751 2858 290
292 2859 2852
2859 2860 2852
2859 896 2860
2852 2860 894
896 2861 2860
2861 2862 2860
2861 897 2862
2860 2862 894
896 2863 2861
2863 2864 2861
2863 411 2864
2861 2864 897
894 2862 2853
2862 2865 2853
2862 897 2865
2853 2865 410
411 2866 2864
2866 2867 2864
2866 898 2867
2864 2867 897
898 2868 2867
2868 2869 2867
2868 899 2869
2867 2869 897
898 2870 2868
2870 2871 2868
2870 412 2871
2868 2871 899
897 2869 2865
2869 2872 2865
2869 899 2872
2865 2872 410
411 2873 2866
2873 2874 2866
2873 900 2874
2866 2874 898
900 2875 2874
2875 2876 2874
2875 901 2876
2874 2876 898
900 2877 2875
2877 2878 2875
2877 293 2878
2875 2878 901
898 2876 2870
2876 2879 2870
2876 901 2879
2870 2879 412
410 2872 2857
2872 2880 2857
2872 899 2880
2857 2880 895
899 2881 2880
2881 2882 2880
2881 902 2882
2880 2882 895
899 2871 2881
2871 2883 2881
2871 412 2883
2881 2883 902
895 2882 2858
2882 2884 2858
2882 902 2884
2858 2884 290
292 2885 2859
2885 2886 2859
2885 903 2886
2859 2886 896
903 2887 2886
2887 2888 2886
2887 904 2888
2886 2888 896
903 2889 2887
2889 2890 2887
2889 413 2890
2887 2890 904
896 2888 2863
2888 2891 2863
2888 904 2891
2863 2891 411
413 2892 2890
2892 2893 2890
2892 905 2893
2890 2893 904
905 2894 2893
2894 2895 2893
2894 906 2895
2893 2895 904
905 2896 2894
2896 2897 2894
2896 414 2897
2894 2897 906
904 2895 2891
2895 2898 2891
2895 906 2898
2891 2898 411
413 2899 2892
2899 2900 2892
2899 907 2900
2892 2900 905
907 2901 2900
2901 2902 2900
2901 908 2902
2900 2902 905
907 2903 2901
2903 2904 2901
2903 257 2904
2901 2904 908
905 2902 2896
2902 2905 2896
2902 908 2905
2896 2905 414
411 2898 2873
2898 2906 2873
2898 906 2906
2873 2906 900
906 2907 2906
2907 2908 2906
2907 909 2908
2906 2908 900
906 2897 2907
2897 2909 2907
2897 414 2909
2907 2909 909
900 2908 2877
2908 2910 2877
2908 909 2910
2877 2910 293
290 2884 2785
2884 2911 2785
2884 902 2911
2785 2911 877
902 2912 2911
2912 2913 2911
2912 910 2913
2911 2913 877
902 2883 2912
2883 2914 2912
2883 412 2914
2912 2914 910
877 2913 2789
2913 2915 2789
2913 910 2915
2789 2915 406
412 2916 2914
2916 2917 2914
2916 911 2917
2914 2917 910
911 2918 2917
2918 2919 2917
2918 912 2919
2917 2919 910
911 2920 2918
2920 2921 2918
2920 415 2921
2918 2921 912
910 2919 2915
2919 2922 2915
2919 912 2922
2915 2922 406
412 2879 2916
2879 2923 2916
2879 901 2923
2916 2923 911
901 2924 2923
2924 2925 2923
2924 913 2925
2923 2925 911
901 2878 2924
2878 2926 2924
2878 293 2926
2924 2926 913
911 2925 2920
2925 2927 2920
2925 913 2927
2920 2927 415
406 2922 2799
2922 2928 2799
2922 912 2928
2799 2928 881
912 2929 2928
2929 2930 2928
2929 914 2930
2928 2930 881
912 2921 2929
2921 2931 2929
2921 415 2931
2929 2931 914
881 2930 2803
2930 2932 2803
2930 914 2932
2803 2932 264
261 2832 2600
2832 2933 2600
2832 888 2933
2600 2933 828
888 2934 2933
2934 2935 2933
2934 915 2935
2933 2935 828
888 2831 2934
2831 2936 2934
2831 408 2936
2934 2936 915
828 2935 2601
2935 2937 2601
2935 915 2937
2601 2937 392
408 2938 2936
2938 2939 2936
2938 916 2939
2936 2939 915
916 2940 2939
2940 2941 2939
2940 917 2941
2939 2941 915
916 2942 2940
2942 2943 2940
2942 416 2943
2940 2943 917
915 2941 2937
2941 2944 2937
2941 917 2944
2937 2944 392
408 2827 2938
2827 2945 2938
2827 887 2945
2938 2945 916
887 2946 2945
2946 2947 2945
2946 918 2947
2945 2947 916
887 2826 2946
2826 2948 2946
2826 291 2948
2946 2948 918
916 2947 2942
2947 2949 2942
2947 918 2949
2942 2949 416
392 2944 2605
2944 2950 2605
2944 917 2950
2605 2950 829
917 2951 2950
2951 2952 2950
2951 919 2952
2950 2952 829
917 2943 2951
2943 2953 2951
2943 416 2953
2951 2953 919
829 2952 2606
2952 2954 2606
2952 919 2954
2606 2954 286
291 2955 2948
2955 2956 2948
2955 920 2956
2948 2956 918
920 2957 2956
2957 2958 2956
2957 921 2958
2956 2958 918
920 2959 2957
2959 2960 2957
2959 417 2960
2957 2960 921
918 2958 2949
2958 2961 2949
2958 921 2961
2949 2961 416
417 2962 2960
2962 2963 2960
2962 922 2963
2960 2963 921
922 2964 2963
2964 2965 2963
2964 923 2965
2963 2965 921
922 2966 2964
2966 2967 2964
2966 418 2967
2964 2967 923
921 2965 2961
2965 2968 2961
2965 923 2968
2961 2968 416
417 2969 2962
2969 2970 2962
2969 924 2970
2962 2970 922
924 2971 2970
2971 2972 2970
2971 925 2972
2970 2972 922
924 2973 2971
2973 2974 2971
2973 294 2974
2971 2974 925
922 2972 2966
2972 2975 2966
2972 925 2975
2966 2975 418
416 2968 2953
2968 2976 2953
2968 923 2976
2953 2976 919
923 2977 2976
2977 2978 2976
2977 926 2978
2976 2978 919
923 2967 2977
2967 2979 2977
2967 418 2979
2977 2979 926
919 2978 2954
2978 2980 2954
2978 926 2980
2954 2980 286
291 2810 2955
2810 2981 2955
2810 883 2981
2955 2981 920
883 2982 2981
2982 2983 2981
2982 927 2983
2981 2983 920
883 2809 2982
2809 2984 2982
2809 407 2984
2982 2984 927
920 2983 2959
2983 2985 2959
2983 927 2985
2959 2985 417
407 2986 2984
2986 2987 2984
2986 928 2987
2984 2987 927
928 2988 2987
2988 2989 2987
2988 929 2989
2987 2989 927
928 2990 2988
2990 2991 2988
2990 419 2991
2988 2991 929
927 2989 2985
2989 2992 2985
2989 929 2992
2985 2992 417
407 2805 2986
2805 2993 2986
2805 882 2993
2986 2993 928
882 2994 2993
2994 2995 2993
2994 930 2995
2993 2995 928
882 2804 2994
2804 2996 2994
2804 264 2996
2994 2996 930
928 2995 2990
2995 2997 2990
2995 930 2997
2990 2997 419
417 2992 2969
2992 2998 2969
2992 929 2998
2969 2998 924
929 2999 2998
2999 3000 2998
2999 931 3000
2998 3000 924
929 2991 2999
2991 3001 2999
2991 419 3001
2999 3001 931
924 3000 2973
3000 3002 2973
3000 931 3002
2973 3002 294
286 2980 2624
2980 3003 2624
2980 926 3003
2624 3003 834
926 3004 3003
3004 3005 3003
3004 932 3005
3003 3005 834
926 2979 3004
2979 3006 3004
2979 418 3006
3004 3006 932
834 3005 2625
3005 3007 2625
3005 932 3007
2625 3007 393
418 3008 3006
3008 3009 3006
3008 933 3009
3006 3009 932
933 3010 3009
3010 3011 3009
3010 934 3011
3009 3011 932
933 3012 3010
3012 3013 3010
3012 420 3013
3010 3013 934
932 3011 3007
3011 3014 3007
3011 934 3014
3007 3014 393
418 2975 3008
2975 3015 3008
2975 925 3015
3008 3015 933
925 3016 3015
3016 3017 3015
3016 935 3017
3015 3017 933
925 2974 3016
2974 3018 3016
2974 294 3018
3016 3018 935
933 3017 3012
3017 3019 3012
3017 935 3019
3012 3019 420
393 3014 2630
3014 3020 2630
3014 934 3020
2630 3020 835
934 3021 3020
3021 3022 3020
3021 936 3022
3020 3022 835
934 3013 3021
3013 3023 3021
3013 420 3023
3021 3023 936
835 3022 2631
3022 3024 2631
3022 936 3024
2631 3024 258
98 99 2633
99 3025 2633
99 100 3025
2633 3025 837
100 3026 3025
3026 3027 3025
3026 937 3027
3025 3027 837
100 101 3026
101 3028 3026
101 102 3028
3026 3028 937
837 3027 2637
3027 3029 2637
3027 937 3029
2637 3029 395
102 3030 3028
3030 3031 3028
3030 938 3031
3028 3031 937
938 3032 3031
3032 3033 3031
3032 939 3033
3031 3033 937
938 3034 3032
3034 3035 3032
3034 421 3035
3032 3035 939
937 3033 3029
3033 3036 3029
3033 939 3036
3029 3036 395
102 103 3030
103 3037 3030
103 104 3037
3030 3037 938
104 3038 3037
3038 3039 3037
3038 940 3039
3037 3039 938
104 105 3038
105 3040 3038
105 106 3040
3038 3040 940
938 3039 3034
3039 3041 3034
3039 940 3041
3034 3041 421
395 3036 2647
3036 3042 2647
3036 939 3042
2647 3042 841
939 3043 3042
3043 3044 3042
3043 941 3044
3042 3044 841
939 3035 3043
3035 3045 3043
3035 421 3045
3043 3045 941
841 3044 2651
3044 3046 2651
3044 941 3046
2651 3046 288
106 3047 3040
3047 3048 3040
3047 942 3048
3040 3048 940
942 3049 3048
3049 3050 3048
3049 943 3050
3048 3050 940
942 3051 3049
3051 3052 3049
3051 422 3052
3049 3052 943
940 3050 3041
3050 3053 3041
3050 943 3053
3041 3053 421
422 3054 3052
3054 3055 3052
3054 944 3055
3052 3055 943
944 3056 3055
3056 3057 3055
3056 945 3057
3055 3057 943
944 3058 3056
3058 3059 3056
3058 423 3059
3056 3059 945
943 3057 3053
3057 3060 3053
3057 945 3060
3053 3060 421
422 3061 3054
3061 3062 3054
3061 946 3062
3054 3062 944
946 3063 3062
3063 3064 3062
3063 947 3064
3062 3064 944
946 3065 3063
3065 3066 3063
3065 295 3066
3063 3066 947
944 3064 3058
3064 3067 3058
3064 947 3067
3058 3067 423
421 3060 3045
3060 3068 3045
3060 945 3068
3045 3068 941
945 3069 3068
3069 3070 3068
3069 948 3070
3068 3070 941
945 3059 3069
3059 3071 3069
3059 423 3071
3069 3071 948
941 3070 3046
3070 3072 3046
3070 948 3072
3046 3072 288
106 107 3047
107 3073 3047
107 108 3073
3047 3073 942
108 3074 3073
3074 3075 3073
3074 949 3075
3073 3075 942
108 109 3074
109 3076 3074
109 110 3076
3074 3076 949
942 3075 3051
3075 3077 3051
3075 949 3077
3051 3077 422
110 3078 3076
3078 3079 3076
3078 950 3079
3076 3079 949
950 3080 3079
3080 3081 3079
3080 951 3081
3079 3081 949
950 3082 3080
3082 3083 3080
3082 424 3083
3080 3083 951
949 3081 3077
3081 3084 3077
3081 951 3084
3077 3084 422
110 111 3078
111 3085 3078
111 112 3085
3078 3085 950
112 3086 3085
3086 3087 3085
3086 952 3087
3085 3087 950
112 113 3086
113 3088 3086
113 114 3088
3086 3088 952
950 3087 3082
3087 3089 3082
3087 952 3089
3082 3089 424
422 3084 3061
3084 3090 3061
3084 951 3090
3061 3090 946
951 3091 3090
3091 3092 3090
3091 953 3092
3090 3092 946
951 3083 3091
3083 3093 3091
3083 424 3093
3091 3093 953
946 3092 3065
3092 3094 3065
3092 953 3094
3065 3094 295
288 3072 2685
3072 3095 2685
3072 948 3095
2685 3095 851
948 3096 3095
3096 3097 3095
3096 954 3097
3095 3097 851
948 3071 3096
3071 3098 3096
3071 423 3098
3096 3098 954
851 3097 2689
3097 3099 2689
3097 954 3099
2689 3099 399
423 3100 3098
3100 3101 3098
3100 955 3101
3098 3101 954
955 3102 3101
3102 3103 3101
3102 956 3103
3101 3103 954
955 3104 3102
3104 3105 3102
3104 425 3105
3102 3105 956
954 3103 3099
3103 3106 3099
3103 956 3106
3099 3106 399
423 3067 3100
3067 3107 3100
3067 947 3107
3100 3107 955
947 3108 3107
3108 3109 3107
3108 957 3109
3107 3109 955
947 3066 3108
3066 3110 3108
3066 295 3110
3108 3110 957
955 3109 3104
3109 3111 3104
3109 957 3111
3104 3111 425
399 3106 2699
3106 3112 2699
3106 956 3112
2699 3112 855
956 3113 3112
3113 3114 3112
3113 958 3114
3112 3114 855
956 3105 3113
3105 3115 3113
3105 425 3115
3113 3115 958
855 3114 2703
3114 3116 2703
3114 958 3116
2703 3116 263
114 3117 3088
3117 3118 3088
3117 959 3118
3088 3118 952
959 3119 3118
3119 3120 3118
3119 960 3120
3118 3120 952
959 3121 3119
3121 3122 3119
3121 426 3122
3119 3122 960
952 3120 3089
3120 3123 3089
3120 960 3123
3089 3123 424
426 3124 3122
3124 3125 3122
3124 961 3125
3122 3125 960
961 3126 3125
3126 3127 3125
3126 962 3127
3125 3127 960
961 3128 3126
3128 3129 3126
3128 427 3129
3126 3129 962
960 3127 3123
3127 3130 3123
3127 962 3130
3123 3130 424
426 3131 3124
3131 3132 3124
3131 963 3132
3124 3132 961
963 3133 3132
3133 3134 3132
3133 964 3134
3132 3134 961
963 3135 3133
3135 3136 3133
3135 296 3136
3133 3136 964
961 3134 3128
3134 3137 3128
3134 964 3137
3128 3137 427
424 3130 3093
3130 3138 3093
3130 962 3138
3093 3138 953
962 3139 3138
3139 3140 3138
3139 965 3140
3138 3140 953
962 3129 3139
3129 3141 3139
3129 427 3141
3139 3141 965
953 3140 3094
3140 3142 3094
3140 965 3142
3094 3142 295
296 3143 3136
3143 3144 3136
3143 966 3144
3136 3144 964
966 3145 3144
3145 3146 3144
3145 967 3146
3144 3146 964
966 3147 3145
3147 3148 3145
3147 428 3148
3145 3148 967
964 3146 3137
3146 3149 3137
3146 967 3149
3137 3149 427
428 3150 3148
3150 3151 3148
3150 968 3151
3148 3151 967
968 3152 3151
3152 3153 3151
3152 969 3153
3151 3153 967
968 3154 3152
3154 3155 3152
3154 429 3155
3152 3155 969
967 3153 3149
3153 3156 3149
3153 969 3156
3149 3156 427
428 3157 3150
3157 3158 3150
3157 970 3158
3150 3158 968
970 3159 3158
3159 3160 3158
3159 971 3160
3158 3160 968
970 3161 3159
3161 3162 3159
3161 297 3162
3159 3162 971
968 3160 3154
3160 3163 3154
3160 971 3163
3154 3163 429
427 3156 3141
3156 3164 3141
3156 969 3164
3141 3164 965
969 3165 3164
3165 3166 3164
3165 972 3166
3164 3166 965
969 3155 3165
3155 3167 3165
3155 429 3167
3165 3167 972
965 3166 3142
3166 3168 3142
3166 972 3168
3142 3168 295
296 3169 3143
3169 3170 3143
3169 973 3170
3143 3170 966
973 3171 3170
3171 3172 3170
3171 974 3172
3170 3172 966
973 3173 3171
3173 3174 3171
3173 430 3174
3171 3174 974
966 3172 3147
3172 3175 3147
3172 974 3175
3147 3175 428
430 3176 3174
3176 3177 3174
3176 975 3177
3174 3177 974
975 3178 3177
3178 3179 3177
3178 976 3179
3177 3179 974
975 3180 3178
3180 3181 3178
3180 431 3181
3178 3181 976
974 3179 3175
3179 3182 3175
3179 976 3182
3175 3182 428
430 3183 3176
3183 3184 3176
3183 977 3184
3176 3184 975
977 3185 3184
3185 3186 3184
3185 978 3186
3184 3186 975
977 3187 3185
3187 3188 3185
3187 265 3188
3185 3188 978
975 3186 3180
3186 3189 3180
3186 978 3189
3180 3189 431
428 3182 3157
3182 3190 3157
3182 976 3190
3157 3190 970
976 3191 3190
3191 3192 3190
3191 979 3192
3190 3192 970
976 3181 3191
3181 3193 3191
3181 431 3193
3191 3193 979
970 3192 3161
3192 3194 3161
3192 979 3194
3161 3194 297
295 3168 3110
3168 3195 3110
3168 972 3195
3110 3195 957
972 3196 3195
3196 3197 3195
3196 980 3197
3195 3197 957
972 3167 3196
3167 3198 3196
3167 429 3198
3196 3198 980
957 3197 3111
3197 3199 3111
3197 980 3199
3111 3199 425
429 3200 3198
3200 3201 3198
3200 981 3201
3198 3201 980
981 3202 3201
3202 3203 3201
3202 982 3203
3201 3203 980
981 3204 3202
3204 3205 3202
3204 432 3205
3202 3205 982
980 3203 3199
3203 3206 3199
3203 982 3206
3199 3206 425
429 3163 3200
3163 3207 3200
3163 971 3207
3200 3207 981
971 3208 3207
3208 3209 3207
3208 983 3209
3207 3209 981
971 3162 3208
3162 3210 3208
3162 297 3210
3208 3210 983
981 3209 3204
3209 3211 3204
3209 983 3211
3204 3211 432
425 3206 3115
3206 3212 3115
3206 982 3212
3115 3212 958
982 3213 3212
3213 3214 3212
3213 984 3214
3212 3214 958
982 3205 3213
3205 3215 3213
3205 432 3215
3213 3215 984
958 3214 3116
3214 3216 3116
3214 984 3216
3116 3216 263
114 115 3117
115 3217 3117
115 116 3217
3117 3217 959
116 3218 3217
3218 3219 3217
3218 985 3219
3217 3219 959
116 117 3218
117 3220 3218
117 118 3220
3218 3220 985
959 3219 3121
3219 3221 3121
3219 985 3221
3121 3221 426
118 3222 3220
3222 3223 3220
3222 986 3223
3220 3223 985
986 3224 3223
3224 3225 3223
3224 987 3225
3223 3225 985
986 3226 3224
3226 3227 3224
3226 433 3227
3224 3227 987
985 3225 3221
3225 3228 3221
3225 987 3228
3221 3228 426
118 119 3222
119 3229 3222
119 120 3229
3222 3229 986
120 3230 3229
3230 3231 3229
3230 988 3231
3229 3231 986
120 121 3230
121 3232 3230
121 122 3232
3230 3232 988
986 3231 3226
3231 3233 3226
3231 988 3233
3226 3233 433
426 3228 3131
3228 3234 3131
3228 987 3234
3131 3234 963
987 3235 3234
3235 3236 3234
3235 989 3236
3234 3236 963
987 3227 3235
3227 3237 3235
3227 433 3237
3235 3237 989
963 3236 3135
3236 3238 3135
3236 989 3238
3135 3238 296
122 3239 3232
3239 3240 3232
3239 990 3240
3232 3240 988
990 3241 3240
3241 3242 3240
3241 991 3242
3240 3242 988
990 3243 3241
3243 3244 3241
3243 434 3244
3241 3244 991
988 3242 3233
3242 3245 3233
3242 991 3245
3233 3245 433
434 3246 3244
3246 3247 3244
3246 992 3247
3244 3247 991
992 3248 3247
3248 3249 3247
3248 993 3249
3247 3249 991
992 3250 3248
3250 3251 3248
3250 435 3251
3248 3251 993
991 3249 3245
3249 3252 3245
3249 993 3252
3245 3252 433
434 3253 3246
3253 3254 3246
3253 994 3254
3246 3254 992
994 3255 3254
3255 3256 3254
3255 995 3256
3254 3256 992
994 3257 3255
3257 3258 3255
3257 298 3258
3255 3258 995
992 3256 3250
3256 3259 3250
3256 995 3259
3250 3259 435
433 3252 3237
3252 3260 3237
3252 993 3260
3237 3260 989
993 3261 3260
3261 3262 3260
3261 996 3262
3260 3262 989
993 3251 3261
3251 3263 3261
3251 435 3263
3261 3263 996
989 3262 3238
3262 3264 3238
3262 996 3264
3238 3264 296
122 123 3239
123 3265 3239
123 124 3265
3239 3265 990
124 3266 3265
3266 3267 3265
3266 997 3267
3265 3267 990
124 125 3266
125 3268 3266
125 126 3268
3266 3268 997
990 3267 3243
3267 3269 3243
3267 997 3269
3243 3269 434
126 3270 3268
3270 3271 3268
3270 998 3271
3268 3271 997
998 3272 3271
3272 3273 3271
3272 999 3273
3271 3273 997
998 3274 3272
3274 3275 3272
3274 436 3275
3272 3275 999
997 3273 3269
3273 3276 3269
3273 999 3276
3269 3276 434
126 127 3270
127 3277 3270
127 128 3277
3270 3277 998
128 3278 3277
3278 3279 3277
3278 1000 3279
3277 3279 998
128 129 3278
129 3280 3278
129 1 3280
3278 3280 1000
998 3279 3274
3279 3281 3274
3279 1000 3281
3274 3281 436
434 3276 3253
3276 3282 3253
3276 999 3282
3253 3282 994
999 3283 3282
3283 3284 3282
3283 1001 3284
3282 3284 994
999 3275 3283
3275 3285 3283
3275 436 3285
3283 3285 1001
994 3284 3257
3284 3286 3257
3284 1001 3286
3257 3286 298
296 3264 3169
3264 3287 3169
3264 996 3287
3169 3287 973
996 3288 3287
3288 3289 3287
3288 1002 3289
3287 3289 973
996 3263 3288
3263 3290 3288
3263 435 3290
3288 3290 1002
973 3289 3173
3289 3291 3173
3289 1002 3291
3173 3291 430
435 3292 3290
3292 3293 3290
3292 1003 3293
3290 3293 1002
1003 3294 3293
3294 3295 3293
3294 1004 3295
3293 3295 1002
1003 3296 3294
3296 3297 3294
3296 437 3297
3294 3297 1004
1002 3295 3291
3295 3298 3291
3295 1004 3298
3291 3298 430
435 3259 3292
3259 3299 3292
3259 995 3299
3292 3299 1003
995 3300 3299
3300 3301 3299
3300 1005 3301
3299 3301 1003
995 3258 3300
3258 3302 3300
3258 298 3302
3300 3302 1005
1003 3301 3296
3301 3303 3296
3301 1005 3303
3296 3303 437
430 3298 3183
3298 3304 3183
3298 1004 3304
3183 3304 977
1004 3305 3304
3305 3306 3304
3305 1006 3306
3304 3306 977
1004 3297 3305
3297 3307 3305
3297 437 3307
3305 3307 1006
977 3306 3187
3306 3308 3187
3306 1006 3308
3187 3308 265
263 3216 2833
3216 3309 2833
3216 984 3309
2833 3309 889
984 3310 3309
3310 3311 3309
3310 1007 3311
3309 3311 889
984 3215 3310
3215 3312 3310
3215 432 3312
3310 3312 1007
889 3311 2837
3311 3313 2837
3311 1007 3313
2837 3313 409
432 3314 3312
3314 3315 3312
3314 1008 3315
3312 3315 1007
1008 3316 3315
3316 3317 3315
3316 1009 3317
3315 3317 1007
1008 3318 3316
3318 3319 3316
3318 438 3319
3316 3319 1009
1007 3317 3313
3317 3320 3313
3317 1009 3320
3313 3320 409
432 3211 3314
3211 3321 3314
3211 983 3321
3314 3321 1008
983 3322 3321
3322 3323 3321
3322 1010 3323
3321 3323 1008
983 3210 3322
3210 3324 3322
3210 297 3324
3322 3324 1010
1008 3323 3318
3323 3325 3318
3323 1010 3325
3318 3325 438
409 3320 2847
3320 3326 2847
3320 1009 3326
2847 3326 893
1009 3327 3326
3327 3328 3326
3327 1011 3328
3326 3328 893
1009 3319 3327
3319 3329 3327
3319 438 3329
3327 3329 1011
893 3328 2851
3328 3330 2851
3328 1011 3330
2851 3330 292
297 3331 3324
3331 3332 3324
3331 1012 3332
3324 3332 1010
1012 3333 3332
3333 3334 3332
3333 1013 3334
3332 3334 1010
1012 3335 3333
3335 3336 3333
3335 439 3336
3333 3336 1013
1010 3334 3325
3334 3337 3325
3334 1013 3337
3325 3337 438
439 3338 3336
3338 3339 3336
3338 1014 3339
3336 3339 1013
1014 3340 3339
3340 3341 3339
3340 1015 3341
3339 3341 1013
1014 3342 3340
3342 3343 3340
3342 440 3343
3340 3343 1015
1013 3341 3337
3341 3344 3337
3341 1015 3344
3337 3344 438
439 3345 3338
3345 3346 3338
3345 1016 3346
3338 3346 1014
1016 3347 3346
3347 3348 3346
3347 1017 3348
3346 3348 1014
1016 3349 3347
3349 3350 3347
3349 299 3350
3347 3350 1017
1014 3348 3342
3348 3351 3342
3348 1017 3351
3342 3351 440
438 3344 3329
3344 3352 3329
3344 1015 3352
3329 3352 1011
1015 3353 3352
3353 3354 3352
3353 1018 3354
3352 3354 1011
1015 3343 3353
3343 3355 3353
3343 440 3355
3353 3355 1018
1011 3354 3330
3354 3356 3330
3354 1018 3356
3330 3356 292
297 3194 3331
3194 3357 3331
3194 979 3357
3331 3357 1012
979 3358 3357
3358 3359 3357
3358 1019 3359
3357 3359 1012
979 3193 3358
3193 3360 3358
3193 431 3360
3358 3360 1019
1012 3359 3335
3359 3361 3335
3359 1019 3361
3335 3361 439
431 3362 3360
3362 3363 3360
3362 1020 3363
3360 3363 1019
1020 3364 3363
3364 3365 3363
3364 1021 3365
3363 3365 1019
1020 3366 3364
3366 3367 3364
3366 441 3367
3364 3367 1021
1019 3365 3361
3365 3368 3361
3365 1021 3368
3361 3368 439
431 3189 3362
3189 3369 3362
3189 978 3369
3362 3369 1020
978 3370 3369
3370 3371 3369
3370 1022 3371
3369 3371 1020
978 3188 3370
3188 3372 3370
3188 265 3372
3370 3372 1022
1020 3371 3366
3371 3373 3366
3371 1022 3373
3366 3373 441
439 3368 3345
3368 3374 3345
3368 1021 3374
3345 3374 1016
1021 3375 3374
3375 3376 3374
3375 1023 3376
3374 3376 1016
1021 3367 3375
3367 3377 3375
3367 441 3377
3375 3377 1023
1016 3376 3349
3376 3378 3349
3376 1023 3378
3349 3378 299
292 3356 2885
3356 3379 2885
3356 1018 3379
2885 3379 903
1018 3380 3379
3380 3381 3379
3380 1024 3381
3379 3381 903
1018 3355 3380
3355 3382 3380
3355 440 3382
3380 3382 1024
903 3381 2889
3381 3383 2889
3381 1024 3383
2889 3383 413
440 3384 3382
3384 3385 3382
3384 1025 3385
3382 3385 1024
1025 3386 3385
3386 3387 3385
3386 1026 3387
3385 3387 1024
1025 3388 3386
3388 3389 3386
3388 442 3389
3386 3389 1026
1024 3387 3383
3387 3390 3383
3387 1026 3390
3383 3390 413
440 3351 3384
3351 3391 3384
3351 1017 3391
3384 3391 1025
1017 3392 3391
3392 3393 3391
3392 1027 3393
3391 3393 1025
1017 3350 3392
3350 3394 3392
3350 299 3394
3392 3394 1027
1025 3393 3388
3393 3395 3388
3393 1027 3395
3388 3395 442
413 3390 2899
3390 3396 2899
3390 1026 3396
2899 3396 907
1026 3397 3396
3397 3398 3396
3397 1028 3398
3396 3398 907
1026 3389 3397
3389 3399 3397
3389 442 3399
3397 3399 1028
907 3398 2903
3398 3400 2903
3398 1028 3400
2903 3400 257
258 3024 3402
3024 3401 3402
3024 936 3401
3402 3401 1030
936 3403 3401
3403 3404 3401
3403 1029 3404
3401 3404 1030
936 3023 3403
3023 3405 3403
3023 420 3405
3403 3405 1029
1030 3404 3407
3404 3406 3407
3404 1029 3406
3407 3406 444
420 3408 3405
3408 3409 3405
3408 1031 3409
3405 3409 1029
1031 3410 3409
3410 3411 3409
3410 1032 3411
3409 3411 1029
1031 3412 3410
3412 3413 3410
3412 443 3413
3410 3413 1032
1029 3411 3406
3411 3414 3406
3411 1032 3414
3406 3414 444
420 3019 3408
3019 3415 3408
3019 935 3415
3408 3415 1031
935 3416 3415
3416 3417 3415
3416 1033 3417
3415 3417 1031
935 3018 3416
3018 3418 3416
3018 294 3418
3416 3418 1033
1031 3417 3412
3417 3419 3412
3417 1033 3419
3412 3419 443
444 3414 3421
3414 3420 3421
3414 1032 3420
3421 3420 1035
1032 3422 3420
3422 3423 3420
3422 1034 3423
3420 3423 1035
1032 3413 3422
3413 3424 3422
3413 443 3424
3422 3424 1034
1035 3423 3426
3423 3425 3426
3423 1034 3425
3426 3425 301
294 3427 3418
3427 3428 3418
3427 1036 3428
3418 3428 1033
1036 3429 3428
3429 3430 3428
3429 1037 3430
3428 3430 1033
1036 3431 3429
3431 3432 3429
3431 445 3432
3429 3432 1037
1033 3430 3419
3430 3433 3419
3430 1037 3433
3419 3433 443
445 3434 3432
3434 3435 3432
3434 1038 3435
3432 3435 1037
1038 3436 3435
3436 3437 3435
3436 1039 3437
3435 3437 1037
1038 3438 3436
3438 3439 3436
3438 446 3439
3436 3439 1039
1037 3437 3433
3437 3440 3433
3437 1039 3440
3433 3440 443
445 3441 3434
3441 3442 3434
3441 1040 3442
3434 3442 1038
1040 3443 3442
3443 3444 3442
3443 1041 3444
3442 3444 1038
1040 3445 3443
3445 3446 3443
3445 300 3446
3443 3446 1041
1038 3444 3438
3444 3447 3438
3444 1041 3447
3438 3447 446
443 3440 3424
3440 3448 3424
3440 1039 3448
3424 3448 1034
1039 3449 3448
3449 3450 3448
3449 1042 3450
3448 3450 1034
1039 3439 3449
3439 3451 3449
3439 446 3451
3449 3451 1042
1034 3450 3425
3450 3452 3425
3450 1042 3452
3425 3452 301
294 3002 3427
3002 3453 3427
3002 931 3453
3427 3453 1036
931 3454 3453
3454 3455 3453
3454 1043 3455
3453 3455 1036
931 3001 3454
3001 3456 3454
3001 419 3456
3454 3456 1043
1036 3455 3431
3455 3457 3431
3455 1043 3457
3431 3457 445
419 3458 3456
3458 3459 3456
3458 1044 3459
3456 3459 1043
1044 3460 3459
3460 3461 3459
3460 1045 3461
3459 3461 1043
1044 3462 3460
3462 3463 3460
3462 447 3463
3460 3463 1045
1043 3461 3457
3461 3464 3457
3461 1045 3464
3457 3464 445
419 2997 3458
2997 3465 3458
2997 930 3465
3458 3465 1044
930 3466 3465
3466 3467 3465
3466 1046 3467
3465 3467 1044
930 2996 3466
2996 3468 3466
2996 264 3468
3466 3468 1046
1044 3467 3462
3467 3469 3462
3467 1046 3469
3462 3469 447
445 3464 3441
3464 3470 3441
3464 1045 3470
3441 3470 1040
1045 3471 3470
3471 3472 3470
3471 1047 3472
3470 3472 1040
1045 3463 3471
3463 3473 3471
3463 447 3473
3471 3473 1047
1040 3472 3445
3472 3474 3445
3472 1047 3474
3445 3474 300
301 3452 3476
3452 3475 3476
3452 1042 3475
3476 3475 1049
1042 3477 3475
3477 3478 3475
3477 1048 3478
3475 3478 1049
1042 3451 3477
3451 3479 3477
3451 446 3479
3477 3479 1048
1049 3478 3481
3478 3480 3481
3478 1048 3480
3481 3480 449
446 3482 3479
3482 3483 3479
3482 1050 3483
3479 3483 1048
1050 3484 3483
3484 3485 3483
3484 1051 3485
3483 3485 1048
1050 3486 3484
3486 3487 3484
3486 448 3487
3484 3487 1051
1048 3485 3480
3485 3488 3480
3485 1051 3488
3480 3488 449
446 3447 3482
3447 3489 3482
3447 1041 3489
3482 3489 1050
1041 3490 3489
3490 3491 3489
3490 1052 3491
3489 3491 1050
1041 3446 3490
3446 3492 3490
3446 300 3492
3490 3492 1052
1050 3491 3486
3491 3493 3486
3491 1052 3493
3486 3493 448
449 3488 3495
3488 3494 3495
3488 1051 3494
3495 3494 1054
1051 3496 3494
3496 3497 3494
3496 1053 3497
3494 3497 1054
1051 3487 3496
3487 3498 3496
3487 448 3498
3496 3498 1053
1054 3497 3500
3497 3499 3500
3497 1053 3499
3500 3499 267
264 3501 3468
3501 3502 3468
3501 1055 3502
3468 3502 1046
1055 3503 3502
3503 3504 3502
3503 1056 3504
3502 3504 1046
1055 3505 3503
3505 3506 3503
3505 450 3506
3503 3506 1056
1046 3504 3469
3504 3507 3469
3504 1056 3507
3469 3507 447
450 3508 3506
3508 3509 3506
3508 1057 3509
3506 3509 1056
1057 3510 3509
3510 3511 3509
3510 1058 3511
3509 3511 1056
1057 3512 3510
3512 3513 3510
3512 451 3513
3510 3513 1058
1056 3511 3507
3511 3514 3507
3511 1058 3514
3507 3514 447
450 3515 3508
3515 3516 3508
3515 1059 3516
3508 3516 1057
1059 3517 3516
3517 3518 3516
3517 1060 3518
3516 3518 1057
1059 3519 3517
3519 3520 3517
3519 302 3520
3517 3520 1060
1057 3518 3512
3518 3521 3512
3518 1060 3521
3512 3521 451
447 3514 3473
3514 3522 3473
3514 1058 3522
3473 3522 1047
1058 3523 3522
3523 3524 3522
3523 1061 3524
3522 3524 1047
1058 3513 3523
3513 3525 3523
3513 451 3525
3523 3525 1061
1047 3524 3474
3524 3526 3474
3524 1061 3526
3474 3526 300
302 3527 3520
3527 3528 3520
3527 1062 3528
3520 3528 1060
1062 3529 3528
3529 3530 3528
3529 1063 3530
3528 3530 1060
1062 3531 3529
3531 3532 3529
3531 452 3532
3529 3532 1063
1060 3530 3521
3530 3533 3521
3530 1063 3533
3521 3533 451
452 3534 3532
3534 3535 3532
3534 1064 3535
3532 3535 1063
1064 3536 3535
3536 3537 3535
3536 1065 3537
3535 3537 1063
1064 3538 3536
3538 3539 3536
3538 453 3539
3536 3539 1065
1063 3537 3533
3537 3540 3533
3537 1065 3540
3533 3540 451
452 3541 3534
3541 3542 3534
3541 1066 3542
3534 3542 1064
1066 3543 3542
3543 3544 3542
3543 1067 3544
3542 3544 1064
1066 3545 3543
3545 3546 3543
3545 303 3546
3543 3546 1067
1064 3544 3538
3544 3547 3538
3544 1067 3547
3538 3547 453
451 3540 3525
3540 3548 3525
3540 1065 3548
3525 3548 1061
1065 3549 3548
3549 3550 3548
3549 1068 3550
3548 3550 1061
1065 3539 3549
3539 3551 3549
3539 453 3551
3549 3551 1068
1061 3550 3526
3550 3552 3526
3550 1068 3552
3526 3552 300
302 3553 3527
3553 3554 3527
3553 1069 3554
3527 3554 1062
1069 3555 3554
3555 3556 3554
3555 1070 3556
3554 3556 1062
1069 3557 3555
3557 3558 3555
3557 454 3558
3555 3558 1070
1062 3556 3531
3556 3559 3531
3556 1070 3559
3531 3559 452
454 3560 3558
3560 3561 3558
3560 1071 3561
3558 3561 1070
1071 3562 3561
3562 3563 3561
3562 1072 3563
3561 3563 1070
1071 3564 3562
3564 3565 3562
3564 455 3565
3562 3565 1072
1070 3563 3559
3563 3566 3559
3563 1072 3566
3559 3566 452
454 3567 3560
3567 3568 3560
3567 1073 3568
3560 3568 1071
1073 3569 3568
3569 3570 3568
3569 1074 3570
3568 3570 1071
1073 3571 3569
3571 3572 3569
3571 266 3572
3569 3572 1074
1071 3570 3564
3570 3573 3564
3570 1074 3573
3564 3573 455
452 3566 3541
3566 3574 3541
3566 1072 3574
3541 3574 1066
1072 3575 3574
3575 3576 3574
3575 1075 3576
3574 3576 1066
1072 3565 3575
3565 3577 3575
3565 455 3577
3575 3577 1075
1066 3576 3545
3576 3578 3545
3576 1075 3578
3545 3578 303
300 3552 3492
3552 3579 3492
3552 1068 3579
3492 3579 1052
1068 3580 3579
3580 3581 3579
3580 1076 3581
3579 3581 1052
1068 3551 3580
3551 3582 3580
3551 453 3582
3580 3582 1076
1052 3581 3493
3581 3583 3493
3581 1076 3583
3493 3583 448
453 3584 3582
3584 3585 3582
3584 1077 3585
3582 3585 1076
1077 3586 3585
3586 3587 3585
3586 1078 3587
3585 3587 1076
1077 3588 3586
3588 3589 3586
3588 456 3589
3586 3589 1078
1076 3587 3583
3587 3590 3583
3587 1078 3590
3583 3590 448
453 3547 3584
3547 3591 3584
3547 1067 3591
3584 3591 1077
1067 3592 3591
3592 3593 3591
3592 1079 3593
3591 3593 1077
1067 3546 3592
3546 3594 3592
3546 303 3594
3592 3594 1079
1077 3593 3588
3593 3595 3588
3593 1079 3595
3588 3595 456
448 3590 3498
3590 3596 3498
3590 1078 3596
3498 3596 1053
1078 3597 3596
3597 3598 3596
3597 1080 3598
3596 3598 1053
1078 3589 3597
3589 3599 3597
3589 456 3599
3597 3599 1080
1053 3598 3499
3598 3600 3499
3598 1080 3600
3499 3600 267
264 2932 3501
2932 3601 3501
2932 914 3601
3501 3601 1055
914 3602 3601
3602 3603 3601
3602 1081 3603
3601 3603 1055
914 2931 3602
2931 3604 3602
2931 415 3604
3602 3604 1081
1055 3603 3505
3603 3605 3505
3603 1081 3605
3505 3605 450
415 3606 3604
3606 3607 3604
3606 1082 3607
3604 3607 1081
1082 3608 3607
3608 3609 3607
3608 1083 3609
3607 3609 1081
1082 3610 3608
3610 3611 3608
3610 457 3611
3608 3611 1083
1081 3609 3605
3609 3612 3605
3609 1083 3612
3605 3612 450
415 2927 3606
2927 3613 3606
2927 913 3613
3606 3613 1082
913 3614 3613
3614 3615 3613
3614 1084 3615
3613 3615 1082
913 2926 3614
2926 3616 3614
2926 293 3616
3614 3616 1084
1082 3615 3610
3615 3617 3610
3615 1084 3617
3610 3617 457
450 3612 3515
3612 3618 3515
3612 1083 3618
3515 3618 1059
1083 3619 3618
3619 3620 3618
3619 1085 3620
3618 3620 1059
1083 3611 3619
3611 3621 3619
3611 457 3621
3619 3621 1085
1059 3620 3519
3620 3622 3519
3620 1085 3622
3519 3622 302
293 3623 3616
3623 3624 3616
3623 1086 3624
3616 3624 1084
1086 3625 3624
3625 3626 3624
3625 1087 3626
3624 3626 1084
1086 3627 3625
3627 3628 3625
3627 458 3628
3625 3628 1087
1084 3626 3617
3626 3629 3617
3626 1087 3629
3617 3629 457
458 3630 3628
3630 3631 3628
3630 1088 3631
3628 3631 1087
1088 3632 3631
3632 3633 3631
3632 1089 3633
3631 3633 1087
1088 3634 3632
3634 3635 3632
3634 459 3635
3632 3635 1089
1087 3633 3629
3633 3636 3629
3633 1089 3636
3629 3636 457
458 3637 3630
3637 3638 3630
3637 1090 3638
3630 3638 1088
1090 3639 3638
3639 3640 3638
3639 1091 3640
3638 3640 1088
1090 3641 3639
3641 3642 3639
3641 304 3642
3639 3642 1091
1088 3640 3634
3640 3643 3634
3640 1091 3643
3634 3643 459
457 3636 3621
3636 3644 3621
3636 1089 3644
3621 3644 1085
1089 3645 3644
3645 3646 3644
3645 1092 3646
3644 3646 1085
1089 3635 3645
3635 3647 3645
3635 459 3647
3645 3647 1092
1085 3646 3622
3646 3648 3622
3646 1092 3648
3622 3648 302
293 2910 3623
2910 3649 3623
2910 909 3649
3623 3649 1086
909 3650 3649
3650 3651 3649
3650 1093 3651
3649 3651 1086
909 2909 3650
2909 3652 3650
2909 414 3652
3650 3652 1093
1086 3651 3627
3651 3653 3627
3651 1093 3653
3627 3653 458
414 3654 3652
3654 3655 3652
3654 1094 3655
3652 3655 1093
1094 3656 3655
3656 3657 3655
3656 1095 3657
3655 3657 1093
1094 3658 3656
3658 3659 3656
3658 460 3659
3656 3659 1095
1093 3657 3653
3657 3660 3653
3657 1095 3660
3653 3660 458
414 2905 3654
2905 3661 3654
2905 908 3661
3654 3661 1094
908 3662 3661
3662 3663 3661
3662 1096 3663
3661 3663 1094
908 2904 3662
2904 3664 3662
2904 257 3664
3662 3664 1096
1094 3663 3658
3663 3665 3658
3663 1096 3665
3658 3665 460
458 3660 3637
3660 3666 3637
3660 1095 3666
3637 3666 1090
1095 3667 3666
3667 3668 3666
3667 1097 3668
3666 3668 1090
1095 3659 3667
3659 3669 3667
3659 460 3669
3667 3669 1097
1090 3668 3641
3668 3670 3641
3668 1097 3670
3641 3670 304
302 3648 3553
3648 3671 3553
3648 1092 3671
3553 3671 1069
1092 3672 3671
3672 3673 3671
3672 1098 3673
3671 3673 1069
1092 3647 3672
3647 3674 3672
3647 459 3674
3672 3674 1098
1069 3673 3557
3673 3675 3557
3673 1098 3675
3557 3675 454
459 3676 3674
3676 3677 3674
3676 1099 3677
3674 3677 1098
1099 3678 3677
3678 3679 3677
3678 1100 3679
3677 3679 1098
1099 3680 3678
3680 3681 3678
3680 461 3681
3678 3681 1100
1098 3679 3675
3679 3682 3675
3679 1100 3682
3675 3682 454
459 3643 3676
3643 3683 3676
3643 1091 3683
3676 3683 1099
1091 3684 3683
3684 3685 3683
3684 1101 3685
3683 3685 1099
1091 3642 3684
3642 3686 3684
3642 304 3686
3684 3686 1101
1099 3685 3680
3685 3687 3680
3685 1101 3687
3680 3687 461
454 3682 3567
3682 3688 3567
3682 1100 3688
3567 3688 1073
1100 3689 3688
3689 3690 3688
3689 1102 3690
3688 3690 1073
1100 3681 3689
3681 3691 3689
3681 461 3691
3689 3691 1102
1073 3690 3571
3690 3692 3571
3690 1102 3692
3571 3692 266
267 3600 3694
3600 3693 3694
3600 1080 3693
3694 3693 1104
1080 3695 3693
3695 3696 3693
3695 1103 3696
3693 3696 1104
1080 3599 3695
3599 3697 3695
3599 456 3697
3695 3697 1103
1104 3696 3699
3696 3698 3699
3696 1103 3698
3699 3698 463
456 3700 3697
3700 3701 3697
3700 1105 3701
3697 3701 1103
1105 3702 3701
3702 3703 3701
3702 1106 3703
3701 3703 1103
1105 3704 3702
3704 3705 3702
3704 462 3705
3702 3705 1106
1103 3703 3698
3703 3706 3698
3703 1106 3706
3698 3706 463
456 3595 3700
3595 3707 3700
3595 1079 3707
3700 3707 1105
1079 3708 3707
3708 3709 3707
3708 1107 3709
3707 3709 1105
1079 3594 3708
3594 3710 3708
3594 303 3710
3708 3710 1107
1105 3709 3704
3709 3711 3704
3709 1107 3711
3704 3711 462
463 3706 3713
3706 3712 3713
3706 1106 3712
3713 3712 1109
1106 3714 3712
3714 3715 3712
3714 1108 3715
3712 3715 1109
1106 3705 3714
3705 3716 3714
3705 462 3716
3714 3716 1108
1109 3715 3718
3715 3717 3718
3715 1108 3717
3718 3717 306
303 3719 3710
3719 3720 3710
3719 1110 3720
3710 3720 1107
1110 3721 3720
3721 3722 3720
3721 1111 3722
3720 3722 1107
1110 3723 3721
3723 3724 3721
3723 464 3724
3721 3724 1111
1107 3722 3711
3722 3725 3711
3722 1111 3725
3711 3725 462
464 3726 3724
3726 3727 3724
3726 1112 3727
3724 3727 1111
1112 3728 3727
3728 3729 3727
3728 1113 3729
3727 3729 1111
1112 3730 3728
3730 3731 3728
3730 465 3731
3728 3731 1113
1111 3729 3725
3729 3732 3725
3729 1113 3732
3725 3732 462
464 3733 3726
3733 3734 3726
3733 1114 3734
3726 3734 1112
1114 3735 3734
3735 3736 3734
3735 1115 3736
3734 3736 1112
1114 3737 3735
3737 3738 3735
3737 305 3738
3735 3738 1115
1112 3736 3730
3736 3739 3730
3736 1115 3739
3730 3739 465
462 3732 3716
3732 3740 3716
3732 1113 3740
3716 3740 1108
1113 3741 3740
3741 3742 3740
3741 1116 3742
3740 3742 1108
1113 3731 3741
3731 3743 3741
3731 465 3743
3741 3743 1116
1108 3742 3717
3742 3744 3717
3742 1116 3744
3717 3744 306
303 3578 3719
3578 3745 3719
3578 1075 3745
3719 3745 1110
1075 3746 3745
3746 3747 3745
3746 1117 3747
3745 3747 1110
1075 3577 3746
3577 3748 3746
3577 455 3748
3746 3748 1117
1110 3747 3723
3747 3749 3723
3747 1117 3749
3723 3749 464
455 3750 3748
3750 3751 3748
3750 1118 3751
3748 3751 1117
1118 3752 3751
3752 3753 3751
3752 1119 3753
3751 3753 1117
1118 3754 3752
3754 3755 3752
3754 466 3755
3752 3755 1119
1117 3753 3749
3753 3756 3749
3753 1119 3756
3749 3756 464
455 3573 3750
3573 3757 3750
3573 1074 3757
3750 3757 1118
1074 3758 3757
3758 3759 3757
3758 1120 3759
3757 3759 1118
1074 3572 3758
3572 3760 3758
3572 266 3760
3758 3760 1120
1118 3759 3754
3759 3761 3754
3759 1120 3761
3754 3761 466
464 3756 3733
3756 3762 3733
3756 1119 3762
3733 3762 1114
1119 3763 3762
3763 3764 3762
3763 1121 3764
3762 3764 1114
1119 3755 3763
3755 3765 3763
3755 466 3765
3763 3765 1121
1114 3764 3737
3764 3766 3737
3764 1121 3766
3737 3766 305
306 3744 3768
3744 3767 3768
3744 1116 3767
3768 3767 1123
1116 3769 3767
3769 3770 3767
3769 1122 3770
3767 3770 1123
1116 3743 3769
3743 3771 3769
3743 465 3771
3769 3771 1122
1123 3770 3773
3770 3772 3773
3770 1122 3772
3773 3772 468
465 3774 3771
3774 3775 3771
3774 1124 3775
3771 3775 1122
1124 3776 3775
3776 3777 3775
3776 1125 3777
3775 3777 1122
1124 3778 3776
3778 3779 3776
3778 467 3779
3776 3779 1125
1122 3777 3772
3777 3780 3772
3777 1125 3780
3772 3780 468
465 3739 3774
3739 3781 3774
3739 1115 3781
3774 3781 1124
1115 3782 3781
3782 3783 3781
3782 1126 3783
3781 3783 1124
1115 3738 3782
3738 3784 3782
3738 305 3784
3782 3784 1126
1124 3783 3778
3783 3785 3778
3783 1126 3785
3778 3785 467
468 3780 3787
3780 3786 3787
3780 1125 3786
3787 3786 1128
1125 3788 3786
3788 3789 3786
3788 1127 3789
3786 3789 1128
1125 3779 3788
3779 3790 3788
3779 467 3790
3788 3790 1127
1128 3789 3792
3789 3791 3792
3789 1127 3791
3792 3791 256
2 4 3794
4 3793 3794
4 5 3793
3794 3793 1130
5 3795 3793
3795 3796 3793
3795 1129 3796
3793 3796 1130
5 6 3795
6 3797 3795
6 7 3797
3795 3797 1129
1130 3796 3799
3796 3798 3799
3796 1129 3798
3799 3798 470
7 3800 3797
3800 3801 3797
3800 1131 3801
3797 3801 1129
1131 3802 3801
3802 3803 3801
3802 1132 3803
3801 3803 1129
1131 3804 3802
3804 3805 3802
3804 469 3805
3802 3805 1132
1129 3803 3798
3803 3806 3798
3803 1132 3806
3798 3806 470
7 8 3800
8 3807 3800
8 9 3807
3800 3807 1131
9 3808 3807
3808 3809 3807
3808 1133 3809
3807 3809 1131
9 10 3808
10 3810 3808
10 11 3810
3808 3810 1133
1131 3809 3804
3809 3811 3804
3809 1133 3811
3804 3811 469
470 3806 3813
3806 3812 3813
3806 1132 3812
3813 3812 1135
1132 3814 3812
3814 3815 3812
3814 1134 3815
3812 3815 1135
1132 3805 3814
3805 3816 3814
3805 469 3816
3814 3816 1134
1135 3815 3818
3815 3817 3818
3815 1134 3817
3818 3817 308
11 3819 3810
3819 3820 3810
3819 1136 3820
3810 3820 1133
1136 3821 3820
3821 3822 3820
3821 1137 3822
3820 3822 1133
1136 3823 3821
3823 3824 3821
3823 471 3824
3821 3824 1137
1133 3822 3811
3822 3825 3811
3822 1137 3825
3811 3825 469
471 3826 3824
3826 3827 3824
3826 1138 3827
3824 3827 1137
1138 3828 3827
3828 3829 3827
3828 1139 3829
3827 3829 1137
1138 3830 3828
3830 3831 3828
3830 472 3831
3828 3831 1139
1137 3829 3825
3829 3832 3825
3829 1139 3832
3825 3832 469
471 3833 3826
3833 3834 3826
3833 1140 3834
3826 3834 1138
1140 3835 3834
3835 3836 3834
3835 1141 3836
3834 3836 1138
1140 3837 3835
3837 3838 3835
3837 307 3838
3835 3838 1141
1138 3836 3830
3836 3839 3830
3836 1141 3839
3830 3839 472
469 3832 3816
3832 3840 3816
3832 1139 3840
3816 3840 1134
1139 3841 3840
3841 3842 3840
3841 1142 3842
3840 3842 1134
1139 3831 3841
3831 3843 3841
3831 472 3843
3841 3843 1142
1134 3842 3817
3842 3844 3817
3842 1142 3844
3817 3844 308
11 12 3819
12 3845 3819
12 13 3845
3819 3845 1136
13 3846 3845
3846 3847 3845
3846 1143 3847
3845 3847 1136
13 14 3846
14 3848 3846
14 15 3848
3846 3848 1143
1136 3847 3823
3847 3849 3823
3847 1143 3849
3823 3849 471
15 3850 3848
3850 3851 3848
3850 1144 3851
3848 3851 1143
1144 3852 3851
3852 3853 3851
3852 1145 3853
3851 3853 1143
1144 3854 3852
3854 3855 3852
3854 473 3855
3852 3855 1145
1143 3853 3849
3853 3856 3849
3853 1145 3856
3849 3856 471
15 16 3850
16 3857 3850
16 17 3857
3850 3857 1144
17 3858 3857
3858 3859 3857
3858 1146 3859
3857 3859 1144
17 18 3858
18 3860 3858
18 19 3860
3858 3860 1146
1144 3859 3854
3859 3861 3854
3859 1146 3861
3854 3861 473
471 3856 3833
3856 3862 3833
3856 1145 3862
3833 3862 1140
1145 3863 3862
3863 3864 3862
3863 1147 3864
3862 3864 1140
1145 3855 3863
3855 3865 3863
3855 473 3865
3863 3865 1147
1140 3864 3837
3864 3866 3837
3864 1147 3866
3837 3866 307
308 3844 3868
3844 3867 3868
3844 1142 3867
3868 3867 1149
1142 3869 3867
3869 3870 3867
3869 1148 3870
3867 3870 1149
1142 3843 3869
3843 3871 3869
3843 472 3871
3869 3871 1148
1149 3870 3873
3870 3872 3873
3870 1148 3872
3873 3872 475
472 3874 3871
3874 3875 3871
3874 1150 3875
3871 3875 1148
1150 3876 3875
3876 3877 3875
3876 1151 3877
3875 3877 1148
1150 3878 3876
3878 3879 3876
3878 474 3879
3876 3879 1151
1148 3877 3872
3877 3880 3872
3877 1151 3880
3872 3880 475
472 3839 3874
3839 3881 3874
3839 1141 3881
3874 3881 1150
1141 3882 3881
3882 3883 3881
3882 1152 3883
3881 3883 1150
1141 3838 3882
3838 3884 3882
3838 307 3884
3882 3884 1152
1150 3883 3878
3883 3885 3878
3883 1152 3885
3878 3885 474
475 3880 3887
3880 3886 3887
3880 1151 3886
3887 3886 1154
1151 3888 3886
3888 3889 3886
3888 1153 3889
3886 3889 1154
1151 3879 3888
3879 3890 3888
3879 474 3890
3888 3890 1153
1154 3889 3892
3889 3891 3892
3889 1153 3891
3892 3891 269
19 3893 3860
3893 3894 3860
3893 1155 3894
3860 3894 1146
1155 3895 3894
3895 3896 3894
3895 1156 3896
3894 3896 1146
1155 3897 3895
3897 3898 3895
3897 476 3898
3895 3898 1156
1146 3896 3861
3896 3899 3861
3896 1156 3899
3861 3899 473
476 3900 3898
3900 3901 3898
3900 1157 3901
3898 3901 1156
1157 3902 3901
3902 3903 3901
3902 1158 3903
3901 3903 1156
1157 3904 3902
3904 3905 3902
3904 477 3905
3902 3905 1158
1156 3903 3899
3903 3906 3899
3903 1158 3906
3899 3906 473
476 3907 3900
3907 3908 3900
3907 1159 3908
3900 3908 1157
1159 3909 3908
3909 3910 3908
3909 1160 3910
3908 3910 1157
1159 3911 3909
3911 3912 3909
3911 309 3912
3909 3912 1160
1157 3910 3904
3910 3913 3904
3910 1160 3913
3904 3913 477
473 3906 3865
3906 3914 3865
3906 1158 3914
3865 3914 1147
1158 3915 3914
3915 3916 3914
3915 1161 3916
3914 3916 1147
1158 3905 3915
3905 3917 3915
3905 477 3917
3915 3917 1161
1147 3916 3866
3916 3918 3866
3916 1161 3918
3866 3918 307
309 3919 3912
3919 3920 3912
3919 1162 3920
3912 3920 1160
1162 3921 3920
3921 3922 3920
3921 1163 3922
3920 3922 1160
1162 3923 3921
3923 3924 3921
3923 478 3924
3921 3924 1163
1160 3922 3913
3922 3925 3913
3922 1163 3925
3913 3925 477
478 3926 3924
3926 3927 3924
3926 1164 3927
3924 3927 1163
1164 3928 3927
3928 3929 3927
3928 1165 3929
3927 3929 1163
1164 3930 3928
3930 3931 3928
3930 479 3931
3928 3931 1165
1163 3929 3925
3929 3932 3925
3929 1165 3932
3925 3932 477
478 3933 3926
3933 3934 3926
3933 1166 3934
3926 3934 1164
1166 3935 3934
3935 3936 3934
3935 1167 3936
3934 3936 1164
1166 3937 3935
3937 3938 3935
3937 310 3938
3935 3938 1167
1164 3936 3930
3936 3939 3930
3936 1167 3939
3930 3939 479
477 3932 3917
3932 3940 3917
3932 1165 3940
3917 3940 1161
1165 3941 3940
3941 3942 3940
3941 1168 3942
3940 3942 1161
1165 3931 3941
3931 3943 3941
3931 479 3943
3941 3943 1168
1161 3942 3918
3942 3944 3918
3942 1168 3944
3918 3944 307
309 3945 3919
3945 3946 3919
3945 1169 3946
3919 3946 1162
1169 3947 3946
3947 3948 3946
3947 1170 3948
3946 3948 1162
1169 3949 3947
3949 3950 3947
3949 480 3950
3947 3950 1170
1162 3948 3923
3948 3951 3923
3948 1170 3951
3923 3951 478
480 3952 3950
3952 3953 3950
3952 1171 3953
3950 3953 1170
1171 3954 3953
3954 3955 3953
3954 1172 3955
3953 3955 1170
1171 3956 3954
3956 3957 3954
3956 481 3957
3954 3957 1172
1170 3955 3951
3955 3958 3951
3955 1172 3958
3951 3958 478
480 3959 3952
3959 3960 3952
3959 1173 3960
3952 3960 1171
1173 3961 3960
3961 3962 3960
3961 1174 3962
3960 3962 1171
1173 3963 3961
3963 3964 3961
3963 268 3964
3961 3964 1174
1171 3962 3956
3962 3965 3956
3962 1174 3965
3956 3965 481
478 3958 3933
3958 3966 3933
3958 1172 3966
3933 3966 1166
1172 3967 3966
3967 3968 3966
3967 1175 3968
3966 3968 1166
1172 3957 3967
3957 3969 3967
3957 481 3969
3967 3969 1175
1166 3968 3937
3968 3970 3937
3968 1175 3970
3937 3970 310
307 3944 3884
3944 3971 3884
3944 1168 3971
3884 3971 1152
1168 3972 3971
3972 3973 3971
3972 1176 3973
3971 3973 1152
1168 3943 3972
3943 3974 3972
3943 479 3974
3972 3974 1176
1152 3973 3885
3973 3975 3885
3973 1176 3975
3885 3975 474
479 3976 3974
3976 3977 3974
3976 1177 3977
3974 3977 1176
1177 3978 3977
3978 3979 3977
3978 1178 3979
3977 3979 1176
1177 3980 3978
3980 3981 3978
3980 482 3981
3978 3981 1178
1176 3979 3975
3979 3982 3975
3979 1178 3982
3975 3982 474
479 3939 3976
3939 3983 3976
3939 1167 3983
3976 3983 1177
1167 3984 3983
3984 3985 3983
3984 1179 3985
3983 3985 1177
1167 3938 3984
3938 3986 3984
3938 310 3986
3984 3986 1179
1177 3985 3980
3985 3987 3980
3985 1179 3987
3980 3987 482
474 3982 3890
3982 3988 3890
3982 1178 3988
3890 3988 1153
1178 3989 3988
3989 3990 3988
3989 1180 3990
3988 3990 1153
1178 3981 3989
3981 3991 3989
3981 482 3991
3989 3991 1180
1153 3990 3891
3990 3992 3891
3990 1180 3992
3891 3992 269
19 20 3893
20 3993 3893
20 21 3993
3893 3993 1155
21 3994 3993
3994 3995 3993
3994 1181 3995
3993 3995 1155
21 22 3994
22 3996 3994
22 23 3996
3994 3996 1181
1155 3995 3897
3995 3997 3897
3995 1181 3997
3897 3997 476
23 3998 3996
3998 3999 3996
3998 1182 3999
3996 3999 1181
1182 4000 3999
4000 4001 3999
4000 1183 4001
3999 4001 1181
1182 4002 4000
4002 4003 4000
4002 483 4003
4000 4003 1183
1181 4001 3997
4001 4004 3997
4001 1183 4004
3997 4004 476
23 24 3998
24 4005 3998
24 25 4005
3998 4005 1182
25 4006 4005
4006 4007 4005
4006 1184 4007
4005 4007 1182
25 26 4006
26 4008 4006
26 27 4008
4006 4008 1184
1182 4007 4002
4007 4009 4002
4007 1184 4009
4002 4009 483
476 4004 3907
4004 4010 3907
4004 1183 4010
3907 4010 1159
1183 4011 4010
4011 4012 4010
4011 1185 4012
4010 4012 1159
1183 4003 4011
4003 4013 4011
4003 483 4013
4011 4013 1185
1159 4012 3911
4012 4014 3911
4012 1185 4014
3911 4014 309
27 4015 4008
4015 4016 4008
4015 1186 4016
4008 4016 1184
1186 4017 4016
4017 4018 4016
4017 1187 4018
4016 4018 1184
1186 4019 4017
4019 4020 4017
4019 484 4020
4017 4020 1187
1184 4018 4009
4018 4021 4009
4018 1187 4021
4009 4021 483
484 4022 4020
4022 4023 4020
4022 1188 4023
4020 4023 1187
1188 4024 4023
4024 4025 4023
4024 1189 4025
4023 4025 1187
1188 4026 4024
4026 4027 4024
4026 485 4027
4024 4027 1189
1187 4025 4021
4025 4028 4021
4025 1189 4028
4021 4028 483
484 4029 4022
4029 4030 4022
4029 1190 4030
4022 4030 1188
1190 4031 4030
4031 4032 4030
4031 1191 4032
4030 4032 1188
1190 4033 4031
4033 4034 4031
4033 311 4034
4031 4034 1191
1188 4032 4026
4032 4035 4026
4032 1191 4035
4026 4035 485
483 4028 4013
4028 4036 4013
4028 1189 4036
4013 4036 1185
1189 4037 4036
4037 4038 4036
4037 1192 4038
4036 4038 1185
1189 4027 4037
4027 4039 4037
4027 485 4039
4037 4039 1192
1185 4038 4014
4038 4040 4014
4038 1192 4040
4014 4040 309
27 28 4015
28 4041 4015
28 29 4041
4015 4041 1186
29 4042 4041
4042 4043 4041
4042 1193 4043
4041 4043 1186
29 30 4042
30 4044 4042
30 31 4044
4042 4044 1193
1186 4043 4019
4043 4045 4019
4043 1193 4045
4019 4045 484
31 4046 4044
4046 4047 4044
4046 1194 4047
4044 4047 1193
1194 4048 4047
4048 4049 4047
4048 1195 4049
4047 4049 1193
1194 4050 4048
4050 4051 4048
4050 486 4051
4048 4051 1195
1193 4049 4045
4049 4052 4045
4049 1195 4052
4045 4052 484
31 32 4046
32 4053 4046
32 33 4053
4046 4053 1194
33 4054 4053
4054 4055 4053
4054 1196 4055
4053 4055 1194
33 34 4054
34 4056 4054
34 35 4056
4054 4056 1196
1194 4055 4050
4055 4057 4050
4055 1196 4057
4050 4057 486
484 4052 4029
4052 4058 4029
4052 1195 4058
4029 4058 1190
1195 4059 4058
4059 4060 4058
4059 1197 4060
4058 4060 1190
1195 4051 4059
4051 4061 4059
4051 486 4061
4059 4061 1197
1190 4060 4033
4060 4062 4033
4060 1197 4062
4033 4062 311
309 4040 3945
4040 4063 3945
4040 1192 4063
3945 4063 1169
1192 4064 4063
4064 4065 4063
4064 1198 4065
4063 4065 1169
1192 4039 4064
4039 4066 4064
4039 485 4066
4064 4066 1198
1169 4065 3949
4065 4067 3949
4065 1198 4067
3949 4067 480
485 4068 4066
4068 4069 4066
4068 1199 4069
4066 4069 1198
1199 4070 4069
4070 4071 4069
4070 1200 4071
4069 4071 1198
1199 4072 4070
4072 4073 4070
4072 487 4073
4070 4073 1200
1198 4071 4067
4071 4074 4067
4071 1200 4074
4067 4074 480
485 4035 4068
4035 4075 4068
4035 1191 4075
4068 4075 1199
1191 4076 4075
4076 4077 4075
4076 1201 4077
4075 4077 1199
1191 4034 4076
4034 4078 4076
4034 311 4078
4076 4078 1201
1199 4077 4072
4077 4079 4072
4077 1201 4079
4072 4079 487
480 4074 3959
4074 4080 3959
4074 1200 4080
3959 4080 1173
1200 4081 4080
4081 4082 4080
4081 1202 4082
4080 4082 1173
1200 4073 4081
4073 4083 4081
4073 487 4083
4081 4083 1202
1173 4082 3963
4082 4084 3963
4082 1202 4084
3963 4084 268
269 3992 4086
3992 4085 4086
3992 1180 4085
4086 4085 1204
1180 4087 4085
4087 4088 4085
4087 1203 4088
4085 4088 1204
1180 3991 4087
3991 4089 4087
3991 482 4089
4087 4089 1203
1204 4088 4091
4088 4090 4091
4088 1203 4090
4091 4090 489
482 4092 4089
4092 4093 4089
4092 1205 4093
4089 4093 1203
1205 4094 4093
4094 4095 4093
4094 1206 4095
4093 4095 1203
1205 4096 4094
4096 4097 4094
4096 488 4097
4094 4097 1206
1203 4095 4090
4095 4098 4090
4095 1206 4098
4090 4098 489
482 3987 4092
3987 4099 4092
3987 1179 4099
4092 4099 1205
1179 4100 4099
4100 4101 4099
4100 1207 4101
4099 4101 1205
1179 3986 4100
3986 4102 4100
3986 310 4102
4100 4102 1207
1205 4101 4096
4101 4103 4096
4101 1207 4103
4096 4103 488
489 4098 4105
4098 4104 4105
4098 1206 4104
4105 4104 1209
1206 4106 4104
4106 4107 4104
4106 1208 4107
4104 4107 1209
1206 4097 4106
4097 4108 4106
4097 488 4108
4106 4108 1208
1209 4107 4110
4107 4109 4110
4107 1208 4109
4110 4109 313
310 4111 4102
4111 4112 4102
4111 1210 4112
4102 4112 1207
1210 4113 4112
4113 4114 4112
4113 1211 4114
4112 4114 1207
1210 4115 4113
4115 4116 4113
4115 490 4116
4113 4116 1211
1207 4114 4103
4114 4117 4103
4114 1211 4117
4103 4117 488
490 4118 4116
4118 4119 4116
4118 1212 4119
4116 4119 1211
1212 4120 4119
4120 4121 4119
4120 1213 4121
4119 4121 1211
1212 4122 4120
4122 4123 4120
4122 491 4123
4120 4123 1213
1211 4121 4117
4121 4124 4117
4121 1213 4124
4117 4124 488
490 4125 4118
4125 4126 4118
4125 1214 4126
4118 4126 1212
1214 4127 4126
4127 4128 4126
4127 1215 4128
4126 4128 1212
1214 4129 4127
4129 4130 4127
4129 312 4130
4127 4130 1215
1212 4128 4122
4128 4131 4122
4128 1215 4131
4122 4131 491
488 4124 4108
4124 4132 4108
4124 1213 4132
4108 4132 1208
1213 4133 4132
4133 4134 4132
4133 1216 4134
4132 4134 1208
1213 4123 4133
4123 4135 4133
4123 491 4135
4133 4135 1216
1208 4134 4109
4134 4136 4109
4134 1216 4136
4109 4136 313
310 3970 4111
3970 4137 4111
3970 1175 4137
4111 4137 1210
1175 4138 4137
4138 4139 4137
4138 1217 4139
4137 4139 1210
1175 3969 4138
3969 4140 4138
3969 481 4140
4138 4140 1217
1210 4139 4115
4139 4141 4115
4139 1217 4141
4115 4141 490
481 4142 4140
4142 4143 4140
4142 1218 4143
4140 4143 1217
1218 4144 4143
4144 4145 4143
4144 1219 4145
4143 4145 1217
1218 4146 4144
4146 4147 4144
4146 492 4147
4144 4147 1219
1217 4145 4141
4145 4148 4141
4145 1219 4148
4141 4148 490
481 3965 4142
3965 4149 4142
3965 1174 4149
4142 4149 1218
1174 4150 4149
4150 4151 4149
4150 1220 4151
4149 4151 1218
1174 3964 4150
3964 4152 4150
3964 268 4152
4150 4152 1220
1218 4151 4146
4151 4153 4146
4151 1220 4153
4146 4153 492
490 4148 4125
4148 4154 4125
4148 1219 4154
4125 4154 1214
1219 4155 4154
4155 4156 4154
4155 1221 4156
4154 4156 1214
1219 4147 4155
4147 4157 4155
4147 492 4157
4155 4157 1221
1214 4156 4129
4156 4158 4129
4156 1221 4158
4129 4158 312
313 4136 4160
4136 4159 4160
4136 1216 4159
4160 4159 1223
1216 4161 4159
4161 4162 4159
4161 1222 4162
4159 4162 1223
1216 4135 4161
4135 4163 4161
4135 491 4163
4161 4163 1222
1223 4162 4165
4162 4164 4165
4162 1222 4164
4165 4164 494
491 4166 4163
4166 4167 4163
4166 1224 4167
4163 4167 1222
1224 4168 4167
4168 4169 4167
4168 1225 4169
4167 4169 1222
1224 4170 4168
4170 4171 4168
4170 493 4171
4168 4171 1225
1222 4169 4164
4169 4172 4164
4169 1225 4172
4164 4172 494
491 4131 4166
4131 4173 4166
4131 1215 4173
4166 4173 1224
1215 4174 4173
4174 4175 4173
4174 1226 4175
4173 4175 1224
1215 4130 4174
4130 4176 4174
4130 312 4176
4174 4176 1226
1224 4175 4170
4175 4177 4170
4175 1226 4177
4170 4177 493
494 4172 4179
4172 4178 4179
4172 1225 4178
4179 4178 1228
1225 4180 4178
4180 4181 4178
4180 1227 4181
4178 4181 1228
1225 4171 4180
4171 4182 4180
4171 493 4182
4180 4182 1227
1228 4181 4184
4181 4183 4184
4181 1227 4183
4184 4183 259
35 4185 4056
4185 4186 4056
4185 1229 4186
4056 4186 1196
1229 4187 4186
4187 4188 4186
4187 1230 4188
4186 4188 1196
1229 4189 4187
4189 4190 4187
4189 495 4190
4187 4190 1230
1196 4188 4057
4188 4191 4057
4188 1230 4191
4057 4191 486
495 4192 4190
4192 4193 4190
4192 1231 4193
4190 4193 1230
1231 4194 4193
4194 4195 4193
4194 1232 4195
4193 4195 1230
1231 4196 4194
4196 4197 4194
4196 496 4197
4194 4197 1232
1230 4195 4191
4195 4198 4191
4195 1232 4198
4191 4198 486
495 4199 4192
4199 4200 4192
4199 1233 4200
4192 4200 1231
1233 4201 4200
4201 4202 4200
4201 1234 4202
4200 4202 1231
1233 4203 4201
4203 4204 4201
4203 314 4204
4201 4204 1234
1231 4202 4196
4202 4205 4196
4202 1234 4205
4196 4205 496
486 4198 4061
4198 4206 4061
4198 1232 4206
4061 4206 1197
1232 4207 4206
4207 4208 4206
4207 1235 4208
4206 4208 1197
1232 4197 4207
4197 4209 4207
4197 496 4209
4207 4209 1235
1197 4208 4062
4208 4210 4062
4208 1235 4210
4062 4210 311
314 4211 4204
4211 4212 4204
4211 1236 4212
4204 4212 1234
1236 4213 4212
4213 4214 4212
4213 1237 4214
4212 4214 1234
1236 4215 4213
4215 4216 4213
4215 497 4216
4213 4216 1237
1234 4214 4205
4214 4217 4205
4214 1237 4217
4205 4217 496
497 4218 4216
4218 4219 4216
4218 1238 4219
4216 4219 1237
1238 4220 4219
4220 4221 4219
4220 1239 4221
4219 4221 1237
1238 4222 4220
4222 4223 4220
4222 498 4223
4220 4223 1239
1237 4221 4217
4221 4224 4217
4221 1239 4224
4217 4224 496
497 4225 4218
4225 4226 4218
4225 1240 4226
4218 4226 1238
1240 4227 4226
4227 4228 4226
4227 1241 4228
4226 4228 1238
1240 4229 4227
4229 4230 4227
4229 315 4230
4227 4230 1241
1238 4228 4222
4228 4231 4222
4228 1241 4231
4222 4231 498
496 4224 4209
4224 4232 4209
4224 1239 4232
4209 4232 1235
1239 4233 4232
4233 4234 4232
4233 1242 4234
4232 4234 1235
1239 4223 4233
4223 4235 4233
4223 498 4235
4233 4235 1242
1235 4234 4210
4234 4236 4210
4234 1242 4236
4210 4236 311
314 4237 4211
4237 4238 4211
4237 1243 4238
4211 4238 1236
1243 4239 4238
4239 4240 4238
4239 1244 4240
4238 4240 1236
1243 4241 4239
4241 4242 4239
4241 499 4242
4239 4242 1244
1236 4240 4215
4240 4243 4215
4240 1244 4243
4215 4243 497
499 4244 4242
4244 4245 4242
4244 1245 4245
4242 4245 1244
1245 4246 4245
4246 4247 4245
4246 1246 4247
4245 4247 1244
1245 4248 4246
4248 4249 4246
4248 500 4249
4246 4249 1246
1244 4247 4243
4247 4250 4243
4247 1246 4250
4243 4250 497
499 4251 4244
4251 4252 4244
4251 1247 4252
4244 4252 1245
1247 4253 4252
4253 4254 4252
4253 1248 4254
4252 4254 1245
1247 4255 4253
4255 4256 4253
4255 270 4256
4253 4256 1248
1245 4254 4248
4254 4257 4248
4254 1248 4257
4248 4257 500
497 4250 4225
4250 4258 4225
4250 1246 4258
4225 4258 1240
1246 4259 4258
4259 4260 4258
4259 1249 4260
4258 4260 1240
1246 4249 4259
4249 4261 4259
4249 500 4261
4259 4261 1249
1240 4260 4229
4260 4262 4229
4260 1249 4262
4229 4262 315
311 4236 4078
4236 4263 4078
4236 1242 4263
4078 4263 1201
1242 4264 4263
4264 4265 4263
4264 1250 4265
4263 4265 1201
1242 4235 4264
4235 4266 4264
4235 498 4266
4264 4266 1250
1201 4265 4079
4265 4267 4079
4265 1250 4267
4079 4267 487
498 4268 4266
4268 4269 4266
4268 1251 4269
4266 4269 1250
1251 4270 4269
4270 4271 4269
4270 1252 4271
4269 4271 1250
1251 4272 4270
4272 4273 4270
4272 501 4273
4270 4273 1252
1250 4271 4267
4271 4274 4267
4271 1252 4274
4267 4274 487
498 4231 4268
4231 4275 4268
4231 1241 4275
4268 4275 1251
1241 4276 4275
4276 4277 4275
4276 1253 4277
4275 4277 1251
1241 4230 4276
4230 4278 4276
4230 315 4278
4276 4278 1253
1251 4277 4272
4277 4279 4272
4277 1253 4279
4272 4279 501
487 4274 4083
4274 4280 4083
4274 1252 4280
4083 4280 1202
1252 4281 4280
4281 4282 4280
4281 1254 4282
4280 4282 1202
1252 4273 4281
4273 4283 4281
4273 501 4283
4281 4283 1254
1202 4282 4084
4282 4284 4084
4282 1254 4284
4084 4284 268
270 4285 4256
4285 4286 4256
4285 1255 4286
4256 4286 1248
1255 4287 4286
4287 4288 4286
4287 1256 4288
4286 4288 1248
1255 4289 4287
4289 4290 4287
4289 502 4290
4287 4290 1256
1248 4288 4257
4288 4291 4257
4288 1256 4291
4257 4291 500
502 4292 4290
4292 4293 4290
4292 1257 4293
4290 4293 1256
1257 4294 4293
4294 4295 4293
4294 1258 4295
4293 4295 1256
1257 4296 4294
4296 4297 4294
4296 503 4297
4294 4297 1258
1256 4295 4291
4295 4298 4291
4295 1258 4298
4291 4298 500
502 4299 4292
4299 4300 4292
4299 1259 4300
4292 4300 1257
1259 4301 4300
4301 4302 4300
4301 1260 4302
4300 4302 1257
1259 4303 4301
4303 4304 4301
4303 316 4304
4301 4304 1260
1257 4302 4296
4302 4305 4296
4302 1260 4305
4296 4305 503
500 4298 4261
4298 4306 4261
4298 1258 4306
4261 4306 1249
1258 4307 4306
4307 4308 4306
4307 1261 4308
4306 4308 1249
1258 4297 4307
4297 4309 4307
4297 503 4309
4307 4309 1261
1249 4308 4262
4308 4310 4262
4308 1261 4310
4262 4310 315
316 4311 4304
4311 4312 4304
4311 1262 4312
4304 4312 1260
1262 4313 4312
4313 4314 4312
4313 1263 4314
4312 4314 1260
1262 4315 4313
4315 4316 4313
4315 504 4316
4313 4316 1263
1260 4314 4305
4314 4317 4305
4314 1263 4317
4305 4317 503
504 4318 4316
4318 4319 4316
4318 1264 4319
4316 4319 1263
1264 4320 4319
4320 4321 4319
4320 1265 4321
4319 4321 1263
1264 4322 4320
4322 4323 4320
4322 505 4323
4320 4323 1265
1263 4321 4317
4321 4324 4317
4321 1265 4324
4317 4324 503
504 4325 4318
4325 4326 4318
4325 1266 4326
4318 4326 1264
1266 4327 4326
4327 4328 4326
4327 1267 4328
4326 4328 1264
1266 4329 4327
4329 4330 4327
4329 317 4330
4327 4330 1267
1264 4328 4322
4328 4331 4322
4328 1267 4331
4322 4331 505
503 4324 4309
4324 4332 4309
4324 1265 4332
4309 4332 1261
1265 4333 4332
4333 4334 4332
4333 1268 4334
4332 4334 1261
1265 4323 4333
4323 4335 4333
4323 505 4335
4333 4335 1268
1261 4334 4310
4334 4336 4310
4334 1268 4336
4310 4336 315
316 4337 4311
4337 4338 4311
4337 1269 4338
4311 4338 1262
1269 4339 4338
4339 4340 4338
4339 1270 4340
4338 4340 1262
1269 4341 4339
4341 4342 4339
4341 506 4342
4339 4342 1270
1262 4340 4315
4340 4343 4315
4340 1270 4343
4315 4343 504
506 4344 4342
4344 4345 4342
4344 1271 4345
4342 4345 1270
1271 4346 4345
4346 4347 4345
4346 1272 4347
4345 4347 1270
1271 4348 4346
4348 4349 4346
4348 507 4349
4346 4349 1272
1270 4347 4343
4347 4350 4343
4347 1272 4350
4343 4350 504
506 4351 4344
4351 4352 4344
4351 1273 4352
4344 4352 1271
1273 4353 4352
4353 4354 4352
4353 1274 4354
4352 4354 1271
1273 4355 4353
4355 4356 4353
4355 271 4356
4353 4356 1274
1271 4354 4348
4354 4357 4348
4354 1274 4357
4348 4357 507
504 4350 4325
4350 4358 4325
4350 1272 4358
4325 4358 1266
1272 4359 4358
4359 4360 4358
4359 1275 4360
4358 4360 1266
1272 4349 4359
4349 4361 4359
4349 507 4361
4359 4361 1275
1266 4360 4329
4360 4362 4329
4360 1275 4362
4329 4362 317
315 4336 4278
4336 4363 4278
4336 1268 4363
4278 4363 1253
1268 4364 4363
4364 4365 4363
4364 1276 4365
4363 4365 1253
1268 4335 4364
4335 4366 4364
4335 505 4366
4364 4366 1276
1253 4365 4279
4365 4367 4279
4365 1276 4367
4279 4367 501
505 4368 4366
4368 4369 4366
4368 1277 4369
4366 4369 1276
1277 4370 4369
4370 4371 4369
4370 1278 4371
4369 4371 1276
1277 4372 4370
4372 4373 4370
4372 508 4373
4370 4373 1278
1276 4371 4367
4371 4374 4367
4371 1278 4374
4367 4374 501
505 4331 4368
4331 4375 4368
4331 1267 4375
4368 4375 1277
1267 4376 4375
4376 4377 4375
4376 1279 4377
4375 4377 1277
1267 4330 4376
4330 4378 4376
4330 317 4378
4376 4378 1279
1277 4377 4372
4377 4379 4372
4377 1279 4379
4372 4379 508
501 4374 4283
4374 4380 4283
4374 1278 4380
4283 4380 1254
1278 4381 4380
4381 4382 4380
4381 1280 4382
4380 4382 1254
1278 4373 4381
4373 4383 4381
4373 508 4383
4381 4383 1280
1254 4382 4284
4382 4384 4284
4382 1280 4384
4284 4384 268
270 4385 4285
4385 4386 4285
4385 1281 4386
4285 4386 1255
1281 4387 4386
4387 4388 4386
4387 1282 4388
4386 4388 1255
1281 4389 4387
4389 4390 4387
4389 509 4390
4387 4390 1282
1255 4388 4289
4388 4391 4289
4388 1282 4391
4289 4391 502
509 4392 4390
4392 4393 4390
4392 1283 4393
4390 4393 1282
1283 4394 4393
4394 4395 4393
4394 1284 4395
4393 4395 1282
1283 4396 4394
4396 4397 4394
4396 510 4397
4394 4397 1284
1282 4395 4391
4395 4398 4391
4395 1284 4398
4391 4398 502
509 4399 4392
4399 4400 4392
4399 1285 4400
4392 4400 1283
1285 4401 4400
4401 4402 4400
4401 1286 4402
4400 4402 1283
1285 4403 4401
4403 4404 4401
4403 318 4404
4401 4404 1286
1283 4402 4396
4402 4405 4396
4402 1286 4405
4396 4405 510
502 4398 4299
4398 4406 4299
4398 1284 4406
4299 4406 1259
1284 4407 4406
4407 4408 4406
4407 1287 4408
4406 4408 1259
1284 4397 4407
4397 4409 4407
4397 510 4409
4407 4409 1287
1259 4408 4303
4408 4410 4303
4408 1287 4410
4303 4410 316
318 4411 4404
4411 4412 4404
4411 1288 4412
4404 4412 1286
1288 4413 4412
4413 4414 4412
4413 1289 4414
4412 4414 1286
1288 4415 4413
4415 4416 4413
4415 511 4416
4413 4416 1289
1286 4414 4405
4414 4417 4405
4414 1289 4417
4405 4417 510
511 4418 4416
4418 4419 4416
4418 1290 4419
4416 4419 1289
1290 4420 4419
4420 4421 4419
4420 1291 4421
4419 4421 1289
1290 4422 4420
4422 4423 4420
4422 512 4423
4420 4423 1291
1289 4421 4417
4421 4424 4417
4421 1291 4424
4417 4424 510
511 4425 4418
4425 4426 4418
4425 1292 4426
4418 4426 1290
1292 4427 4426
4427 4428 4426
4427 1293 4428
4426 4428 1290
1292 4429 4427
4429 4430 4427
4429 319 4430
4427 4430 1293
1290 4428 4422
4428 4431 4422
4428 1293 4431
4422 4431 512
510 4424 4409
4424 4432 4409
4424 1291 4432
4409 4432 1287
1291 4433 4432
4433 4434 4432
4433 1294 4434
4432 4434 1287
1291 4423 4433
4423 4435 4433
4423 512 4435
4433 4435 1294
1287 4434 4410
4434 4436 4410
4434 1294 4436
4410 4436 316
318 4437 4411
4437 4438 4411
4437 1295 4438
4411 4438 1288
1295 4439 4438
4439 4440 4438
4439 1296 4440
4438 4440 1288
1295 4441 4439
4441 4442 4439
4441 513 4442
4439 4442 1296
1288 4440 4415
4440 4443 4415
4440 1296 4443
4415 4443 511
513 4444 4442
4444 4445 4442
4444 1297 4445
4442 4445 1296
1297 4446 4445
4446 4447 4445
4446 1298 4447
4445 4447 1296
1297 4448 4446
4448 4449 4446
4448 514 4449
4446 4449 1298
1296 4447 4443
4447 4450 4443
4447 1298 4450
4443 4450 511
513 4451 4444
4451 4452 4444
4451 1299 4452
4444 4452 1297
1299 4453 4452
4453 4454 4452
4453 1300 4454
4452 4454 1297
1299 4455 4453
4455 4456 4453
4455 258 4456
4453 4456 1300
1297 4454 4448
4454 4457 4448
4454 1300 4457
4448 4457 514
511 4450 4425
4450 4458 4425
4450 1298 4458
4425 4458 1292
1298 4459 4458
4459 4460 4458
4459 1301 4460
4458 4460 1292
1298 4449 4459
4449 4461 4459
4449 514 4461
4459 4461 1301
1292 4460 4429
4460 4462 4429
4460 1301 4462
4429 4462 319
316 4436 4337
4436 4463 4337
4436 1294 4463
4337 4463 1269
1294 4464 4463
4464 4465 4463
4464 1302 4465
4463 4465 1269
1294 4435 4464
4435 4466 4464
4435 512 4466
4464 4466 1302
1269 4465 4341
4465 4467 4341
4465 1302 4467
4341 4467 506
512 4468 4466
4468 4469 4466
4468 1303 4469
4466 4469 1302
1303 4470 4469
4470 4471 4469
4470 1304 4471
4469 4471 1302
1303 4472 4470
4472 4473 4470
4472 515 4473
4470 4473 1304
1302 4471 4467
4471 4474 4467
4471 1304 4474
4467 4474 506
512 4431 4468
4431 4475 4468
4431 1293 4475
4468 4475 1303
1293 4476 4475
4476 4477 4475
4476 1305 4477
4475 4477 1303
1293 4430 4476
4430 4478 4476
4430 319 4478
4476 4478 1305
1303 4477 4472
4477 4479 4472
4477 1305 4479
4472 4479 515
506 4474 4351
4474 4480 4351
4474 1304 4480
4351 4480 1273
1304 4481 4480
4481 4482 4480
4481 1306 4482
4480 4482 1273
1304 4473 4481
4473 4483 4481
4473 515 4483
4481 4483 1306
1273 4482 4355
4482 4484 4355
4482 1306 4484
4355 4484 271
268 4384 4152
4384 4485 4152
4384 1280 4485
4152 4485 1220
1280 4486 4485
4486 4487 4485
4486 1307 4487
4485 4487 1220
1280 4383 4486
4383 4488 4486
4383 508 4488
4486 4488 1307
1220 4487 4153
4487 4489 4153
4487 1307 4489
4153 4489 492
508 4490 4488
4490 4491 4488
4490 1308 4491
4488 4491 1307
1308 4492 4491
4492 4493 4491
4492 1309 4493
4491 4493 1307
1308 4494 4492
4494 4495 4492
4494 516 4495
4492 4495 1309
1307 4493 4489
4493 4496 4489
4493 1309 4496
4489 4496 492
508 4379 4490
4379 4497 4490
4379 1279 4497
4490 4497 1308
1279 4498 4497
4498 4499 4497
4498 1310 4499
4497 4499 1308
1279 4378 4498
4378 4500 4498
4378 317 4500
4498 4500 1310
1308 4499 4494
4499 4501 4494
4499 1310 4501
4494 4501 516
492 4496 4157
4496 4502 4157
4496 1309 4502
4157 4502 1221
1309 4503 4502
4503 4504 4502
4503 1311 4504
4502 4504 1221
1309 4495 4503
4495 4505 4503
4495 516 4505
4503 4505 1311
1221 4504 4158
4504 4506 4158
4504 1311 4506
4158 4506 312
317 4507 4500
4507 4508 4500
4507 1312 4508
4500 4508 1310
1312 4509 4508
4509 4510 4508
4509 1313 4510
4508 4510 1310
1312 4511 4509
4511 4512 4509
4511 517 4512
4509 4512 1313
1310 4510 4501
4510 4513 4501
4510 1313 4513
4501 4513 516
517 4514 4512
4514 4515 4512
4514 1314 4515
4512 4515 1313
1314 4516 4515
4516 4517 4515
4516 1315 4517
4515 4517 1313
1314 4518 4516
4518 4519 4516
4518 518 4519
4516 4519 1315
1313 4517 4513
4517 4520 4513
4517 1315 4520
4513 4520 516
517 4521 4514
4521 4522 4514
4521 1316 4522
4514 4522 1314
1316 4523 4522
4523 4524 4522
4523 1317 4524
4522 4524 1314
1316 4525 4523
4525 4526 4523
4525 320 4526
4523 4526 1317
1314 4524 4518
4524 4527 4518
4524 1317 4527
4518 4527 518
516 4520 4505
4520 4528 4505
4520 1315 4528
4505 4528 1311
1315 4529 4528
4529 4530 4528
4529 1318 4530
4528 4530 1311
1315 4519 4529
4519 4531 4529
4519 518 4531
4529 4531 1318
1311 4530 4506
4530 4532 4506
4530 1318 4532
4506 4532 312
317 4362 4507
4362 4533 4507
4362 1275 4533
4507 4533 1312
1275 4534 4533
4534 4535 4533
4534 1319 4535
4533 4535 1312
1275 4361 4534
4361 4536 4534
4361 507 4536
4534 4536 1319
1312 4535 4511
4535 4537 4511
4535 1319 4537
4511 4537 517
507 4538 4536
4538 4539 4536
4538 1320 4539
4536 4539 1319
1320 4540 4539
4540 4541 4539
4540 1321 4541
4539 4541 1319
1320 4542 4540
4542 4543 4540
4542 519 4543
4540 4543 1321
1319 4541 4537
4541 4544 4537
4541 1321 4544
4537 4544 517
507 4357 4538
4357 4545 4538
4357 1274 4545
4538 4545 1320
1274 4546 4545
4546 4547 4545
4546 1322 4547
4545 4547 1320
1274 4356 4546
4356 4548 4546
4356 271 4548
4546 4548 1322
1320 4547 4542
4547 4549 4542
4547 1322 4549
4542 4549 519
517 4544 4521
4544 4550 4521
4544 1321 4550
4521 4550 1316
1321 4551 4550
4551 4552 4550
4551 1323 4552
4550 4552 1316
1321 4543 4551
4543 4553 4551
4543 519 4553
4551 4553 1323
1316 4552 4525
4552 4554 4525
4552 1323 4554
4525 4554 320
312 4532 4176
4532 4555 4176
4532 1318 4555
4176 4555 1226
1318 4556 4555
4556 4557 4555
4556 1324 4557
4555 4557 1226
1318 4531 4556
4531 4558 4556
4531 518 4558
4556 4558 1324
1226 4557 4177
4557 4559 4177
4557 1324 4559
4177 4559 493
518 4560 4558
4560 4561 4558
4560 1325 4561
4558 4561 1324
1325 4562 4561
4562 4563 4561
4562 1326 4563
4561 4563 1324
1325 4564 4562
4564 4565 4562
4564 520 4565
4562 4565 1326
1324 4563 4559
4563 4566 4559
4563 1326 4566
4559 4566 493
518 4527 4560
4527 4567 4560
4527 1317 4567
4560 4567 1325
1317 4568 4567
4568 4569 4567
4568 1327 4569
4567 4569 1325
1317 4526 4568
4526 4570 4568
4526 320 4570
4568 4570 1327
1325 4569 4564
4569 4571 4564
4569 1327 4571
4564 4571 520
493 4566 4182
4566 4572 4182
4566 1326 4572
4182 4572 1227
1326 4573 4572
4573 4574 4572
4573 1328 4574
4572 4574 1227
1326 4565 4573
4565 4575 4573
4565 520 4575
4573 4575 1328
1227 4574 4183
4574 4576 4183
4574 1328 4576
4183 4576 259
35 36 4185
36 4577 4185
36 37 4577
4185 4577 1229
37 4578 4577
4578 4579 4577
4578 1329 4579
4577 4579 1229
37 38 4578
38 4580 4578
38 39 4580
4578 4580 1329
1229 4579 4189
4579 4581 4189
4579 1329 4581
4189 4581 495
39 4582 4580
4582 4583 4580
4582 1330 4583
4580 4583 1329
1330 4584 4583
4584 4585 4583
4584 1331 4585
4583 4585 1329
1330 4586 4584
4586 4587 4584
4586 521 4587
4584 4587 1331
1329 4585 4581
4585 4588 4581
4585 1331 4588
4581 4588 495
39 40 4582
40 4589 4582
40 41 4589
4582 4589 1330
41 4590 4589
4590 4591 4589
4590 1332 4591
4589 4591 1330
41 42 4590
42 4592 4590
42 43 4592
4590 4592 1332
1330 4591 4586
4591 4593 4586
4591 1332 4593
4586 4593 521
495 4588 4199
4588 4594 4199
4588 1331 4594
4199 4594 1233
1331 4595 4594
4595 4596 4594
4595 1333 4596
4594 4596 1233
1331 4587 4595
4587 4597 4595
4587 521 4597
4595 4597 1333
1233 4596 4203
4596 4598 4203
4596 1333 4598
4203 4598 314
43 4599 4592
4599 4600 4592
4599 1334 4600
4592 4600 1332
1334 4601 4600
4601 4602 4600
4601 1335 4602
4600 4602 1332
1334 4603 4601
4603 4604 4601
4603 522 4604
4601 4604 1335
1332 4602 4593
4602 4605 4593
4602 1335 4605
4593 4605 521
522 4606 4604
4606 4607 4604
4606 1336 4607
4604 4607 1335
1336 4608 4607
4608 4609 4607
4608 1337 4609
4607 4609 1335
1336 4610 4608
4610 4611 4608
4610 523 4611
4608 4611 1337
1335 4609 4605
4609 4612 4605
4609 1337 4612
4605 4612 521
522 4613 4606
4613 4614 4606
4613 1338 4614
4606 4614 1336
1338 4615 4614
4615 4616 4614
4615 1339 4616
4614 4616 1336
1338 4617 4615
4617 4618 4615
4617 321 4618
4615 4618 1339
1336 4616 4610
4616 4619 4610
4616 1339 4619
4610 4619 523
521 4612 4597
4612 4620 4597
4612 1337 4620
4597 4620 1333
1337 4621 4620
4621 4622 4620
4621 1340 4622
4620 4622 1333
1337 4611 4621
4611 4623 4621
4611 523 4623
4621 4623 1340
1333 4622 4598
4622 4624 4598
4622 1340 4624
4598 4624 314
43 44 4599
44 4625 4599
44 45 4625
4599 4625 1334
45 4626 4625
4626 4627 4625
4626 1341 4627
4625 4627 1334
45 46 4626
46 4628 4626
46 47 4628
4626 4628 1341
1334 4627 4603
4627 4629 4603
4627 1341 4629
4603 4629 522
47 4630 4628
4630 4631 4628
4630 1342 4631
4628 4631 1341
1342 4632 4631
4632 4633 4631
4632 1343 4633
4631 4633 1341
1342 4634 4632
4634 4635 4632
4634 524 4635
4632 4635 1343
1341 4633 4629
4633 4636 4629
4633 1343 4636
4629 4636 522
47 48 4630
48 4637 4630
48 49 4637
4630 4637 1342
49 4638 4637
4638 4639 4637
4638 1344 4639
4637 4639 1342
49 50 4638
50 4640 4638
50 51 4640
4638 4640 1344
1342 4639 4634
4639 4641 4634
4639 1344 4641
4634 4641 524
522 4636 4613
4636 4642 4613
4636 1343 4642
4613 4642 1338
1343 4643 4642
4643 4644 4642
4643 1345 4644
4642 4644 1338
1343 4635 4643
4635 4645 4643
4635 524 4645
4643 4645 1345
1338 4644 4617
4644 4646 4617
4644 1345 4646
4617 4646 321
314 4624 4237
4624 4647 4237
4624 1340 4647
4237 4647 1243
1340 4648 4647
4648 4649 4647
4648 1346 4649
4647 4649 1243
1340 4623 4648
4623 4650 4648
4623 523 4650
4648 4650 1346
1243 4649 4241
4649 4651 4241
4649 1346 4651
4241 4651 499
523 4652 4650
4652 4653 4650
4652 1347 4653
4650 4653 1346
1347 4654 4653
4654 4655 4653
4654 1348 4655
4653 4655 1346
1347 4656 4654
4656 4657 4654
4656 525 4657
4654 4657 1348
1346 4655 4651
4655 4658 4651
4655 1348 4658
4651 4658 499
523 4619 4652
4619 4659 4652
4619 1339 4659
4652 4659 1347
1339 4660 4659
4660 4661 4659
4660 1349 4661
4659 4661 1347
1339 4618 4660
4618 4662 4660
4618 321 4662
4660 4662 1349
1347 4661 4656
4661 4663 4656
4661 1349 4663
4656 4663 525
499 4658 4251
4658 4664 4251
4658 1348 4664
4251 4664 1247
1348 4665 4664
4665 4666 4664
4665 1350 4666
4664 4666 1247
1348 4657 4665
4657 4667 4665
4657 525 4667
4665 4667 1350
1247 4666 4255
4666 4668 4255
4666 1350 4668
4255 4668 270
51 4669 4640
4669 4670 4640
4669 1351 4670
4640 4670 1344
1351 4671 4670
4671 4672 4670
4671 1352 4672
4670 4672 1344
1351 4673 4671
4673 4674 4671
4673 526 4674
4671 4674 1352
1344 4672 4641
4672 4675 4641
4672 1352 4675
4641 4675 524
526 4676 4674
4676 4677 4674
4676 1353 4677
4674 4677 1352
1353 4678 4677
4678 4679 4677
4678 1354 4679
4677 4679 1352
1353 4680 4678
4680 4681 4678
4680 527 4681
4678 4681 1354
1352 4679 4675
4679 4682 4675
4679 1354 4682
4675 4682 524
526 4683 4676
4683 4684 4676
4683 1355 4684
4676 4684 1353
1355 4685 4684
4685 4686 4684
4685 1356 4686
4684 4686 1353
1355 4687 4685
4687 4688 4685
4687 322 4688
4685 4688 1356
1353 4686 4680
4686 4689 4680
4686 1356 4689
4680 4689 527
524 4682 4645
4682 4690 4645
4682 1354 4690
4645 4690 1345
1354 4691 4690
4691 4692 4690
4691 1357 4692
4690 4692 1345
1354 4681 4691
4681 4693 4691
4681 527 4693
4691 4693 1357
1345 4692 4646
4692 4694 4646
4692 1357 4694
4646 4694 321
322 4695 4688
4695 4696 4688
4695 1358 4696
4688 4696 1356
1358 4697 4696
4697 4698 4696
4697 1359 4698
4696 4698 1356
1358 4699 4697
4699 4700 4697
4699 528 4700
4697 4700 1359
1356 4698 4689
4698 4701 4689
4698 1359 4701
4689 4701 527
528 4702 4700
4702 4703 4700
4702 1360 4703
4700 4703 1359
1360 4704 4703
4704 4705 4703
4704 1361 4705
4703 4705 1359
1360 4706 4704
4706 4707 4704
4706 529 4707
4704 4707 1361
1359 4705 4701
4705 4708 4701
4705 1361 4708
4701 4708 527
528 4709 4702
4709 4710 4702
4709 1362 4710
4702 4710 1360
1362 4711 4710
4711 4712 4710
4711 1363 4712
4710 4712 1360
1362 4713 4711
4713 4714 4711
4713 323 4714
4711 4714 1363
1360 4712 4706
4712 4715 4706
4712 1363 4715
4706 4715 529
527 4708 4693
4708 4716 4693
4708 1361 4716
4693 4716 1357
1361 4717 4716
4717 4718 4716
4717 1364 4718
4716 4718 1357
1361 4707 4717
4707 4719 4717
4707 529 4719
4717 4719 1364
1357 4718 4694
4718 4720 4694
4718 1364 4720
4694 4720 321
322 4721 4695
4721 4722 4695
4721 1365 4722
4695 4722 1358
1365 4723 4722
4723 4724 4722
4723 1366 4724
4722 4724 1358
1365 4725 4723
4725 4726 4723
4725 530 4726
4723 4726 1366
1358 4724 4699
4724 4727 4699
4724 1366 4727
4699 4727 528
530 4728 4726
4728 4729 4726
4728 1367 4729
4726 4729 1366
1367 4730 4729
4730 4731 4729
4730 1368 4731
4729 4731 1366
1367 4732 4730
4732 4733 4730
4732 531 4733
4730 4733 1368
1366 4731 4727
4731 4734 4727
4731 1368 4734
4727 4734 528
530 4735 4728
4735 4736 4728
4735 1369 4736
4728 4736 1367
1369 4737 4736
4737 4738 4736
4737 1370 4738
4736 4738 1367
1369 4739 4737
4739 4740 4737
4739 262 4740
4737 4740 1370
1367 4738 4732
4738 4741 4732
4738 1370 4741
4732 4741 531
528 4734 4709
4734 4742 4709
4734 1368 4742
4709 4742 1362
1368 4743 4742
4743 4744 4742
4743 1371 4744
4742 4744 1362
1368 4733 4743
4733 4745 4743
4733 531 4745
4743 4745 1371
1362 4744 4713
4744 4746 4713
4744 1371 4746
4713 4746 323
321 4720 4662
4720 4747 4662
4720 1364 4747
4662 4747 1349
1364 4748 4747
4748 4749 4747
4748 1372 4749
4747 4749 1349
1364 4719 4748
4719 4750 4748
4719 529 4750
4748 4750 1372
1349 4749 4663
4749 4751 4663
4749 1372 4751
4663 4751 525
529 4752 4750
4752 4753 4750
4752 1373 4753
4750 4753 1372
1373 4754 4753
4754 4755 4753
4754 1374 4755
4753 4755 1372
1373 4756 4754
4756 4757 4754
4756 532 4757
4754 4757 1374
1372 4755 4751
4755 4758 4751
4755 1374 4758
4751 4758 525
529 4715 4752
4715 4759 4752
4715 1363 4759
4752 4759 1373
1363 4760 4759
4760 4761 4759
4760 1375 4761
4759 4761 1373
1363 4714 4760
4714 4762 4760
4714 323 4762
4760 4762 1375
1373 4761 4756
4761 4763 4756
4761 1375 4763
4756 4763 532
525 4758 4667
4758 4764 4667
4758 1374 4764
4667 4764 1350
1374 4765 4764
4765 4766 4764
4765 1376 4766
4764 4766 1350
1374 4757 4765
4757 4767 4765
4757 532 4767
4765 4767 1376
1350 4766 4668
4766 4768 4668
4766 1376 4768
4668 4768 270
51 52 4669
52 4769 4669
52 53 4769
4669 4769 1351
53 4770 4769
4770 4771 4769
4770 1377 4771
4769 4771 1351
53 54 4770
54 4772 4770
54 55 4772
4770 4772 1377
1351 4771 4673
4771 4773 4673
4771 1377 4773
4673 4773 526
55 4774 4772
4774 4775 4772
4774 1378 4775
4772 4775 1377
1378 4776 4775
4776 4777 4775
4776 1379 4777
4775 4777 1377
1378 4778 4776
4778 4779 4776
4778 533 4779
4776 4779 1379
1377 4777 4773
4777 4780 4773
4777 1379 4780
4773 4780 526
55 56 4774
56 4781 4774
56 57 4781
4774 4781 1378
57 4782 4781
4782 4783 4781
4782 1380 4783
4781 4783 1378
57 58 4782
58 4784 4782
58 59 4784
4782 4784 1380
1378 4783 4778
4783 4785 4778
4783 1380 4785
4778 4785 533
526 4780 4683
4780 4786 4683
4780 1379 4786
4683 4786 1355
1379 4787 4786
4787 4788 4786
4787 1381 4788
4786 4788 1355
1379 4779 4787
4779 4789 4787
4779 533 4789
4787 4789 1381
1355 4788 4687
4788 4790 4687
4788 1381 4790
4687 4790 322
59 4791 4784
4791 4792 4784
4791 1382 4792
4784 4792 1380
1382 4793 4792
4793 4794 4792
4793 1383 4794
4792 4794 1380
1382 4795 4793
4795 4796 4793
4795 534 4796
4793 4796 1383
1380 4794 4785
4794 4797 4785
4794 1383 4797
4785 4797 533
534 4798 4796
4798 4799 4796
4798 1384 4799
4796 4799 1383
1384 4800 4799
4800 4801 4799
4800 1385 4801
4799 4801 1383
1384 4802 4800
4802 4803 4800
4802 535 4803
4800 4803 1385
1383 4801 4797
4801 4804 4797
4801 1385 4804
4797 4804 533
534 4805 4798
4805 4806 4798
4805 1386 4806
4798 4806 1384
1386 4807 4806
4807 4808 4806
4807 1387 4808
4806 4808 1384
1386 4809 4807
4809 4810 4807
4809 282 4810
4807 4810 1387
1384 4808 4802
4808 4811 4802
4808 1387 4811
4802 4811 535
533 4804 4789
4804 4812 4789
4804 1385 4812
4789 4812 1381
1385 4813 4812
4813 4814 4812
4813 1388 4814
4812 4814 1381
1385 4803 4813
4803 4815 4813
4803 535 4815
4813 4815 1388
1381 4814 4790
4814 4816 4790
4814 1388 4816
4790 4816 322
59 60 4791
60 4817 4791
60 61 4817
4791 4817 1382
61 4818 4817
4818 4819 4817
4818 1389 4819
4817 4819 1382
61 62 4818
62 4820 4818
62 63 4820
4818 4820 1389
1382 4819 4795
4819 4821 4795
4819 1389 4821
4795 4821 534
63 4822 4820
4822 4823 4820
4822 1390 4823
4820 4823 1389
1390 4824 4823
4824 4825 4823
4824 1391 4825
4823 4825 1389
1390 4826 4824
4826 4827 4824
4826 370 4827
4824 4827 1391
1389 4825 4821
4825 4828 4821
4825 1391 4828
4821 4828 534
63 64 4822
64 4829 4822
64 65 4829
4822 4829 1390
65 4830 4829
4830 4831 4829
4830 738 4831
4829 4831 1390
65 66 4830
66 2242 4830
66 0 2242
4830 2242 738
1390 4831 4826
4831 2247 4826
4831 738 2247
4826 2247 370
534 4828 4805
4828 4832 4805
4828 1391 4832
4805 4832 1386
1391 4833 4832
4833 4834 4832
4833 743 4834
4832 4834 1386
1391 4827 4833
4827 2261 4833
4827 370 2261
4833 2261 743
1386 4834 4809
4834 2266 4809
4834 743 2266
4809 2266 282
322 4816 4721
4816 4835 4721
4816 1388 4835
4721 4835 1365
1388 4836 4835
4836 4837 4835
4836 1392 4837
4835 4837 1365
1388 4815 4836
4815 4838 4836
4815 535 4838
4836 4838 1392
1365 4837 4725
4837 4839 4725
4837 1392 4839
4725 4839 530
535 4840 4838
4840 4841 4838
4840 1393 4841
4838 4841 1392
1393 4842 4841
4842 4843 4841
4842 1394 4843
4841 4843 1392
1393 4844 4842
4844 4845 4842
4844 375 4845
4842 4845 1394
1392 4843 4839
4843 4846 4839
4843 1394 4846
4839 4846 530
535 4811 4840
4811 4847 4840
4811 1387 4847
4840 4847 1393
1387 4848 4847
4848 4849 4847
4848 757 4849
4847 4849 1393
1387 4810 4848
4810 2316 4848
4810 282 2316
4848 2316 757
1393 4849 4844
4849 2321 4844
4849 757 2321
4844 2321 375
530 4846 4735
4846 4850 4735
4846 1394 4850
4735 4850 1369
1394 4851 4850
4851 4852 4850
4851 762 4852
4850 4852 1369
1394 4845 4851
4845 2335 4851
4845 375 2335
4851 2335 762
1369 4852 4739
4852 2340 4739
4852 762 2340
4739 2340 262
270 4768 4385
4768 4853 4385
4768 1376 4853
4385 4853 1281
1376 4854 4853
4854 4855 4853
4854 1395 4855
4853 4855 1281
1376 4767 4854
4767 4856 4854
4767 532 4856
4854 4856 1395
1281 4855 4389
4855 4857 4389
4855 1395 4857
4389 4857 509
532 4858 4856
4858 4859 4856
4858 1396 4859
4856 4859 1395
1396 4860 4859
4860 4861 4859
4860 1397 4861
4859 4861 1395
1396 4862 4860
4862 4863 4860
4862 536 4863
4860 4863 1397
1395 4861 4857
4861 4864 4857
4861 1397 4864
4857 4864 509
532 4763 4858
4763 4865 4858
4763 1375 4865
4858 4865 1396
1375 4866 4865
4866 4867 4865
4866 1398 4867
4865 4867 1396
1375 4762 4866
4762 4868 4866
4762 323 4868
4866 4868 1398
1396 4867 4862
4867 4869 4862
4867 1398 4869
4862 4869 536
509 4864 4399
4864 4870 4399
4864 1397 4870
4399 4870 1285
1397 4871 4870
4871 4872 4870
4871 1399 4872
4870 4872 1285
1397 4863 4871
4863 4873 4871
4863 536 4873
4871 4873 1399
1285 4872 4403
4872 4874 4403
4872 1399 4874
4403 4874 318
323 4875 4868
4875 4876 4868
4875 1400 4876
4868 4876 1398
1400 4877 4876
4877 4878 4876
4877 1401 4878
4876 4878 1398
1400 4879 4877
4879 4880 4877
4879 537 4880
4877 4880 1401
1398 4878 4869
4878 4881 4869
4878 1401 4881
4869 4881 536
537 4882 4880
4882 4883 4880
4882 1402 4883
4880 4883 1401
1402 4884 4883
4884 4885 4883
4884 1403 4885
4883 4885 1401
1402 4886 4884
4886 4887 4884
4886 538 4887
4884 4887 1403
1401 4885 4881
4885 4888 4881
4885 1403 4888
4881 4888 536
537 4889 4882
4889 4890 4882
4889 1404 4890
4882 4890 1402
1404 4891 4890
4891 4892 4890
4891 1405 4892
4890 4892 1402
1404 4893 4891
4893 4894 4891
4893 287 4894
4891 4894 1405
1402 4892 4886
4892 4895 4886
4892 1405 4895
4886 4895 538
536 4888 4873
4888 4896 4873
4888 1403 4896
4873 4896 1399
1403 4897 4896
4897 4898 4896
4897 1406 4898
4896 4898 1399
1403 4887 4897
4887 4899 4897
4887 538 4899
4897 4899 1406
1399 4898 4874
4898 4900 4874
4898 1406 4900
4874 4900 318
323 4746 4875
4746 4901 4875
4746 1371 4901
4875 4901 1400
1371 4902 4901
4902 4903 4901
4902 1407 4903
4901 4903 1400
1371 4745 4902
4745 4904 4902
4745 531 4904
4902 4904 1407
1400 4903 4879
4903 4905 4879
4903 1407 4905
4879 4905 537
531 4906 4904
4906 4907 4904
4906 1408 4907
4904 4907 1407
1408 4908 4907
4908 4909 4907
4908 1409 4909
4907 4909 1407
1408 4910 4908
4910 4911 4908
4910 389 4911
4908 4911 1409
1407 4909 4905
4909 4912 4905
4909 1409 4912
4905 4912 537
531 4741 4906
4741 4913 4906
4741 1370 4913
4906 4913 1408
1370 4914 4913
4914 4915 4913
4914 812 4915
4913 4915 1408
1370 4740 4914
4740 2534 4914
4740 262 2534
4914 2534 812
1408 4915 4910
4915 2539 4910
4915 812 2539
4910 2539 389
537 4912 4889
4912 4916 4889
4912 1409 4916
4889 4916 1404
1409 4917 4916
4917 4918 4916
4917 817 4918
4916 4918 1404
1409 4911 4917
4911 2553 4917
4911 389 2553
4917 2553 817
1404 4918 4893
4918 2558 4893
4918 817 2558
4893 2558 287
318 4900 4437
4900 4919 4437
4900 1406 4919
4437 4919 1295
1406 4920 4919
4920 4921 4919
4920 1410 4921
4919 4921 1295
1406 4899 4920
4899 4922 4920
4899 538 4922
4920 4922 1410
1295 4921 4441
4921 4923 4441
4921 1410 4923
4441 4923 513
538 4924 4922
4924 4925 4922
4924 1411 4925
4922 4925 1410
1411 4926 4925
4926 4927 4925
4926 1412 4927
4925 4927 1410
1411 4928 4926
4928 4929 4926
4928 394 4929
4926 4929 1412
1410 4927 4923
4927 4930 4923
4927 1412 4930
4923 4930 513
538 4895 4924
4895 4931 4924
4895 1405 4931
4924 4931 1411
1405 4932 4931
4932 4933 4931
4932 831 4933
4931 4933 1411
1405 4894 4932
4894 2608 4932
4894 287 2608
4932 2608 831
1411 4933 4928
4933 2613 4928
4933 831 2613
4928 2613 394
513 4930 4451
4930 4934 4451
4930 1412 4934
4451 4934 1299
1412 4935 4934
4935 4936 4934
4935 836 4936
4934 4936 1299
1412 4929 4935
4929 2627 4935
4929 394 2627
4935 2627 836
1299 4936 4455
4936 2632 4455
4936 836 2632
4455 2632 258
259 4576 4938
4576 4937 4938
4576 1328 4937
4938 4937 1414
1328 4939 4937
4939 4940 4937
4939 1413 4940
4937 4940 1414
1328 4575 4939
4575 4941 4939
4575 520 4941
4939 4941 1413
1414 4940 4943
4940 4942 4943
4940 1413 4942
4943 4942 540
520 4944 4941
4944 4945 4941
4944 1415 4945
4941 4945 1413
1415 4946 4945
4946 4947 4945
4946 1416 4947
4945 4947 1413
1415 4948 4946
4948 4949 4946
4948 539 4949
4946 4949 1416
1413 4947 4942
4947 4950 4942
4947 1416 4950
4942 4950 540
520 4571 4944
4571 4951 4944
4571 1327 4951
4944 4951 1415
1327 4952 4951
4952 4953 4951
4952 1417 4953
4951 4953 1415
1327 4570 4952
4570 4954 4952
4570 320 4954
4952 4954 1417
1415 4953 4948
4953 4955 4948
4953 1417 4955
4948 4955 539
540 4950 4957
4950 4956 4957
4950 1416 4956
4957 4956 1419
1416 4958 4956
4958 4959 4956
4958 1418 4959
4956 4959 1419
1416 4949 4958
4949 4960 4958
4949 539 4960
4958 4960 1418
1419 4959 4962
4959 4961 4962
4959 1418 4961
4962 4961 325
320 4963 4954
4963 4964 4954
4963 1420 4964
4954 4964 1417
1420 4965 4964
4965 4966 4964
4965 1421 4966
4964 4966 1417
1420 4967 4965
4967 4968 4965
4967 541 4968
4965 4968 1421
1417 4966 4955
4966 4969 4955
4966 1421 4969
4955 4969 539
541 4970 4968
4970 4971 4968
4970 1422 4971
4968 4971 1421
1422 4972 4971
4972 4973 4971
4972 1423 4973
4971 4973 1421
1422 4974 4972
4974 4975 4972
4974 542 4975
4972 4975 1423
1421 4973 4969
4973 4976 4969
4973 1423 4976
4969 4976 539
541 4977 4970
4977 4978 4970
4977 1424 4978
4970 4978 1422
1424 4979 4978
4979 4980 4978
4979 1425 4980
4978 4980 1422
1424 4981 4979
4981 4982 4979
4981 324 4982
4979 4982 1425
1422 4980 4974
4980 4983 4974
4980 1425 4983
4974 4983 542
539 4976 4960
4976 4984 4960
4976 1423 4984
4960 4984 1418
1423 4985 4984
4985 4986 4984
4985 1426 4986
4984 4986 1418
1423 4975 4985
4975 4987 4985
4975 542 4987
4985 4987 1426
1418 4986 4961
4986 4988 4961
4986 1426 4988
4961 4988 325
320 4554 4963
4554 4989 4963
4554 1323 4989
4963 4989 1420
1323 4990 4989
4990 4991 4989
4990 1427 4991
4989 4991 1420
1323 4553 4990
4553 4992 4990
4553 519 4992
4990 4992 1427
1420 4991 4967
4991 4993 4967
4991 1427 4993
4967 4993 541
519 4994 4992
4994 4995 4992
4994 1428 4995
4992 4995 1427
1428 4996 4995
4996 4997 4995
4996 1429 4997
4995 4997 1427
1428 4998 4996
4998 4999 4996
4998 543 4999
4996 4999 1429
1427 4997 4993
4997 5000 4993
4997 1429 5000
4993 5000 541
519 4549 4994
4549 5001 4994
4549 1322 5001
4994 5001 1428
1322 5002 5001
5002 5003 5001
5002 1430 5003
5001 5003 1428
1322 4548 5002
4548 5004 5002
4548 271 5004
5002 5004 1430
1428 5003 4998
5003 5005 4998
5003 1430 5005
4998 5005 543
541 5000 4977
5000 5006 4977
5000 1429 5006
4977 5006 1424
1429 5007 5006
5007 5008 5006
5007 1431 5008
5006 5008 1424
1429 4999 5007
4999 5009 5007
4999 543 5009
5007 5009 1431
1424 5008 4981
5008 5010 4981
5008 1431 5010
4981 5010 324
325 4988 5012
4988 5011 5012
4988 1426 5011
5012 5011 1433
1426 5013 5011
5013 5014 5011
5013 1432 5014
5011 5014 1433
1426 4987 5013
4987 5015 5013
4987 542 5015
5013 5015 1432
1433 5014 5017
5014 5016 5017
5014 1432 5016
5017 5016 545
542 5018 5015
5018 5019 5015
5018 1434 5019
5015 5019 1432
1434 5020 5019
5020 5021 5019
5020 1435 5021
5019 5021 1432
1434 5022 5020
5022 5023 5020
5022 544 5023
5020 5023 1435
1432 5021 5016
5021 5024 5016
5021 1435 5024
5016 5024 545
542 4983 5018
4983 5025 5018
4983 1425 5025
5018 5025 1434
1425 5026 5025
5026 5027 5025
5026 1436 5027
5025 5027 1434
1425 4982 5026
4982 5028 5026
4982 324 5028
5026 5028 1436
1434 5027 5022
5027 5029 5022
5027 1436 5029
5022 5029 544
545 5024 5031
5024 5030 5031
5024 1435 5030
5031 5030 1438
1435 5032 5030
5032 5033 5030
5032 1437 5033
5030 5033 1438
1435 5023 5032
5023 5034 5032
5023 544 5034
5032 5034 1437
1438 5033 5036
5033 5035 5036
5033 1437 5035
5036 5035 272
271 5037 5004
5037 5038 5004
5037 1439 5038
5004 5038 1430
1439 5039 5038
5039 5040 5038
5039 1440 5040
5038 5040 1430
1439 5041 5039
5041 5042 5039
5041 546 5042
5039 5042 1440
1430 5040 5005
5040 5043 5005
5040 1440 5043
5005 5043 543
546 5044 5042
5044 5045 5042
5044 1441 5045
5042 5045 1440
1441 5046 5045
5046 5047 5045
5046 1442 5047
5045 5047 1440
1441 5048 5046
5048 5049 5046
5048 547 5049
5046 5049 1442
1440 5047 5043
5047 5050 5043
5047 1442 5050
5043 5050 543
546 5051 5044
5051 5052 5044
5051 1443 5052
5044 5052 1441
1443 5053 5052
5053 5054 5052
5053 1444 5054
5052 5054 1441
1443 5055 5053
5055 5056 5053
5055 326 5056
5053 5056 1444
1441 5054 5048
5054 5057 5048
5054 1444 5057
5048 5057 547
543 5050 5009
5050 5058 5009
5050 1442 5058
5009 5058 1431
1442 5059 5058
5059 5060 5058
5059 1445 5060
5058 5060 1431
1442 5049 5059
5049 5061 5059
5049 547 5061
5059 5061 1445
1431 5060 5010
5060 5062 5010
5060 1445 5062
5010 5062 324
326 5063 5056
5063 5064 5056
5063 1446 5064
5056 5064 1444
1446 5065 5064
5065 5066 5064
5065 1447 5066
5064 5066 1444
1446 5067 5065
5067 5068 5065
5067 548 5068
5065 5068 1447
1444 5066 5057
5066 5069 5057
5066 1447 5069
5057 5069 547
548 5070 5068
5070 5071 5068
5070 1448 5071
5068 5071 1447
1448 5072 5071
5072 5073 5071
5072 1449 5073
5071 5073 1447
1448 5074 5072
5074 5075 5072
5074 549 5075
5072 5075 1449
1447 5073 5069
5073 5076 5069
5073 1449 5076
5069 5076 547
548 5077 5070
5077 5078 5070
5077 1450 5078
5070 5078 1448
1450 5079 5078
5079 5080 5078
5079 1451 5080
5078 5080 1448
1450 5081 5079
5081 5082 5079
5081 327 5082
5079 5082 1451
1448 5080 5074
5080 5083 5074
5080 1451 5083
5074 5083 549
547 5076 5061
5076 5084 5061
5076 1449 5084
5061 5084 1445
1449 5085 5084
5085 5086 5084
5085 1452 5086
5084 5086 1445
1449 5075 5085
5075 5087 5085
5075 549 5087
5085 5087 1452
1445 5086 5062
5086 5088 5062
5086 1452 5088
5062 5088 324
326 5089 5063
5089 5090 5063
5089 1453 5090
5063 5090 1446
1453 5091 5090
5091 5092 5090
5091 1454 5092
5090 5092 1446
1453 5093 5091
5093 5094 5091
5093 550 5094
5091 5094 1454
1446 5092 5067
5092 5095 5067
5092 1454 5095
5067 5095 548
550 5096 5094
5096 5097 5094
5096 1455 5097
5094 5097 1454
1455 5098 5097
5098 5099 5097
5098 1456 5099
5097 5099 1454
1455 5100 5098
5100 5101 5098
5100 551 5101
5098 5101 1456
1454 5099 5095
5099 5102 5095
5099 1456 5102
5095 5102 548
550 5103 5096
5103 5104 5096
5103 1457 5104
5096 5104 1455
1457 5105 5104
5105 5106 5104
5105 1458 5106
5104 5106 1455
1457 5107 5105
5107 5108 5105
5107 267 5108
5105 5108 1458
1455 5106 5100
5106 5109 5100
5106 1458 5109
5100 5109 551
548 5102 5077
5102 5110 5077
5102 1456 5110
5077 5110 1450
1456 5111 5110
5111 5112 5110
5111 1459 5112
5110 5112 1450
1456 5101 5111
5101 5113 5111
5101 551 5113
5111 5113 1459
1450 5112 5081
5112 5114 5081
5112 1459 5114
5081 5114 327
324 5088 5028
5088 5115 5028
5088 1452 5115
5028 5115 1436
1452 5116 5115
5116 5117 5115
5116 1460 5117
5115 5117 1436
1452 5087 5116
5087 5118 5116
5087 549 5118
5116 5118 1460
1436 5117 5029
5117 5119 5029
5117 1460 5119
5029 5119 544
549 5120 5118
5120 5121 5118
5120 1461 5121
5118 5121 1460
1461 5122 5121
5122 5123 5121
5122 1462 5123
5121 5123 1460
1461 5124 5122
5124 5125 5122
5124 552 5125
5122 5125 1462
1460 5123 5119
5123 5126 5119
5123 1462 5126
5119 5126 544
549 5083 5120
5083 5127 5120
5083 1451 5127
5120 5127 1461
1451 5128 5127
5128 5129 5127
5128 1463 5129
5127 5129 1461
1451 5082 5128
5082 5130 5128
5082 327 5130
5128 5130 1463
1461 5129 5124
5129 5131 5124
5129 1463 5131
5124 5131 552
544 5126 5034
5126 5132 5034
5126 1462 5132
5034 5132 1437
1462 5133 5132
5133 5134 5132
5133 1464 5134
5132 5134 1437
1462 5125 5133
5125 5135 5133
5125 552 5135
5133 5135 1464
1437 5134 5035
5134 5136 5035
5134 1464 5136
5035 5136 272
271 4484 5037
4484 5137 5037
4484 1306 5137
5037 5137 1439
1306 5138 5137
5138 5139 5137
5138 1465 5139
5137 5139 1439
1306 4483 5138
4483 5140 5138
4483 515 5140
5138 5140 1465
1439 5139 5041
5139 5141 5041
5139 1465 5141
5041 5141 546
515 5142 5140
5142 5143 5140
5142 1466 5143
5140 5143 1465
1466 5144 5143
5144 5145 5143
5144 1467 5145
5143 5145 1465
1466 5146 5144
5146 5147 5144
5146 553 5147
5144 5147 1467
1465 5145 5141
5145 5148 5141
5145 1467 5148
5141 5148 546
515 4479 5142
4479 5149 5142
4479 1305 5149
5142 5149 1466
1305 5150 5149
5150 5151 5149
5150 1468 5151
5149 5151 1466
1305 4478 5150
4478 5152 5150
4478 319 5152
5150 5152 1468
1466 5151 5146
5151 5153 5146
5151 1468 5153
5146 5153 553
546 5148 5051
5148 5154 5051
5148 1467 5154
5051 5154 1443
1467 5155 5154
5155 5156 5154
5155 1469 5156
5154 5156 1443
1467 5147 5155
5147 5157 5155
5147 553 5157
5155 5157 1469
1443 5156 5055
5156 5158 5055
5156 1469 5158
5055 5158 326
319 5159 5152
5159 5160 5152
5159 1470 5160
5152 5160 1468
1470 5161 5160
5161 5162 5160
5161 1471 5162
5160 5162 1468
1470 5163 5161
5163 5164 5161
5163 554 5164
5161 5164 1471
1468 5162 5153
5162 5165 5153
5162 1471 5165
5153 5165 553
554 5166 5164
5166 5167 5164
5166 1472 5167
5164 5167 1471
1472 5168 5167
5168 5169 5167
5168 1473 5169
5167 5169 1471
1472 5170 5168
5170 5171 5168
5170 555 5171
5168 5171 1473
1471 5169 5165
5169 5172 5165
5169 1473 5172
5165 5172 553
554 5173 5166
5173 5174 5166
5173 1474 5174
5166 5174 1472
1474 5175 5174
5175 5176 5174
5175 1475 5176
5174 5176 1472
1474 5177 5175
5177 5178 5175
5177 301 5178
5175 5178 1475
1472 5176 5170
5176 5179 5170
5176 1475 5179
5170 5179 555
553 5172 5157
5172 5180 5157
5172 1473 5180
5157 5180 1469
1473 5181 5180
5181 5182 5180
5181 1476 5182
5180 5182 1469
1473 5171 5181
5171 5183 5181
5171 555 5183
5181 5183 1476
1469 5182 5158
5182 5184 5158
5182 1476 5184
5158 5184 326
319 4462 5159
4462 5185 5159
4462 1301 5185
5159 5185 1470
1301 5186 5185
5186 5187 5185
5186 1477 5187
5185 5187 1470
1301 4461 5186
4461 5188 5186
4461 514 5188
5186 5188 1477
1470 5187 5163
5187 5189 5163
5187 1477 5189
5163 5189 554
514 5190 5188
5190 5191 5188
5190 1478 5191
5188 5191 1477
1478 5192 5191
5192 5193 5191
5192 1479 5193
5191 5193 1477
1478 5194 5192
5194 5195 5192
5194 444 5195
5192 5195 1479
1477 5193 5189
5193 5196 5189
5193 1479 5196
5189 5196 554
514 4457 5190
4457 5197 5190
4457 1300 5197
5190 5197 1478
1300 5198 5197
5198 5199 5197
5198 1030 5199
5197 5199 1478
1300 4456 5198
4456 3402 5198
4456 258 3402
5198 3402 1030
1478 5199 5194
5199 3407 5194
5199 1030 3407
5194 3407 444
554 5196 5173
5196 5200 5173
5196 1479 5200
5173 5200 1474
1479 5201 5200
5201 5202 5200
5201 1035 5202
5200 5202 1474
1479 5195 5201
5195 3421 5201
5195 444 3421
5201 3421 1035
1474 5202 5177
5202 3426 5177
5202 1035 3426
5177 3426 301
326 5184 5089
5184 5203 5089
5184 1476 5203
5089 5203 1453
1476 5204 5203
5204 5205 5203
5204 1480 5205
5203 5205 1453
1476 5183 5204
5183 5206 5204
5183 555 5206
5204 5206 1480
1453 5205 5093
5205 5207 5093
5205 1480 5207
5093 5207 550
555 5208 5206
5208 5209 5206
5208 1481 5209
5206 5209 1480
1481 5210 5209
5210 5211 5209
5210 1482 5211
5209 5211 1480
1481 5212 5210
5212 5213 5210
5212 449 5213
5210 5213 1482
1480 5211 5207
5211 5214 5207
5211 1482 5214
5207 5214 550
555 5179 5208
5179 5215 5208
5179 1475 5215
5208 5215 1481
1475 5216 5215
5216 5217 5215
5216 1049 5217
5215 5217 1481
1475 5178 5216
5178 3476 5216
5178 301 3476
5216 3476 1049
1481 5217 5212
5217 3481 5212
5217 1049 3481
5212 3481 449
550 5214 5103
5214 5218 5103
5214 1482 5218
5103 5218 1457
1482 5219 5218
5219 5220 5218
5219 1054 5220
5218 5220 1457
1482 5213 5219
5213 3495 5219
5213 449 3495
5219 3495 1054
1457 5220 5107
5220 3500 5107
5220 1054 3500
5107 3500 267
272 5136 5222
5136 5221 5222
5136 1464 5221
5222 5221 1484
1464 5223 5221
5223 5224 5221
5223 1483 5224
5221 5224 1484
1464 5135 5223
5135 5225 5223
5135 552 5225
5223 5225 1483
1484 5224 5227
5224 5226 5227
5224 1483 5226
5227 5226 557
552 5228 5225
5228 5229 5225
5228 1485 5229
5225 5229 1483
1485 5230 5229
5230 5231 5229
5230 1486 5231
5229 5231 1483
1485 5232 5230
5232 5233 5230
5232 556 5233
5230 5233 1486
1483 5231 5226
5231 5234 5226
5231 1486 5234
5226 5234 557
552 5131 5228
5131 5235 5228
5131 1463 5235
5228 5235 1485
1463 5236 5235
5236 5237 5235
5236 1487 5237
5235 5237 1485
1463 5130 5236
5130 5238 5236
5130 327 5238
5236 5238 1487
1485 5237 5232
5237 5239 5232
5237 1487 5239
5232 5239 556
557 5234 5241
5234 5240 5241
5234 1486 5240
5241 5240 1489
1486 5242 5240
5242 5243 5240
5242 1488 5243
5240 5243 1489
1486 5233 5242
5233 5244 5242
5233 556 5244
5242 5244 1488
1489 5243 5246
5243 5245 5246
5243 1488 5245
5246 5245 328
327 5247 5238
5247 5248 5238
5247 1490 5248
5238 5248 1487
1490 5249 5248
5249 5250 5248
5249 1491 5250
5248 5250 1487
1490 5251 5249
5251 5252 5249
5251 558 5252
5249 5252 1491
1487 5250 5239
5250 5253 5239
5250 1491 5253
5239 5253 556
558 5254 5252
5254 5255 5252
5254 1492 5255
5252 5255 1491
1492 5256 5255
5256 5257 5255
5256 1493 5257
5255 5257 1491
1492 5258 5256
5258 5259 5256
5258 559 5259
5256 5259 1493
1491 5257 5253
5257 5260 5253
5257 1493 5260
5253 5260 556
558 5261 5254
5261 5262 5254
5261 1494 5262
5254 5262 1492
1494 5263 5262
5263 5264 5262
5263 1495 5264
5262 5264 1492
1494 5265 5263
5265 5266 5263
5265 306 5266
5263 5266 1495
1492 5264 5258
5264 5267 5258
5264 1495 5267
5258 5267 559
556 5260 5244
5260 5268 5244
5260 1493 5268
5244 5268 1488
1493 5269 5268
5269 5270 5268
5269 1496 5270
5268 5270 1488
1493 5259 5269
5259 5271 5269
5259 559 5271
5269 5271 1496
1488 5270 5245
5270 5272 5245
5270 1496 5272
5245 5272 328
327 5114 5247
5114 5273 5247
5114 1459 5273
5247 5273 1490
1459 5274 5273
5274 5275 5273
5274 1497 5275
5273 5275 1490
1459 5113 5274
5113 5276 5274
5113 551 5276
5274 5276 1497
1490 5275 5251
5275 5277 5251
5275 1497 5277
5251 5277 558
551 5278 5276
5278 5279 5276
5278 1498 5279
5276 5279 1497
1498 5280 5279
5280 5281 5279
5280 1499 5281
5279 5281 1497
1498 5282 5280
5282 5283 5280
5282 463 5283
5280 5283 1499
1497 5281 5277
5281 5284 5277
5281 1499 5284
5277 5284 558
551 5109 5278
5109 5285 5278
5109 1458 5285
5278 5285 1498
1458 5286 5285
5286 5287 5285
5286 1104 5287
5285 5287 1498
1458 5108 5286
5108 3694 5286
5108 267 3694
5286 3694 1104
1498 5287 5282
5287 3699 5282
5287 1104 3699
5282 3699 463
558 5284 5261
5284 5288 5261
5284 1499 5288
5261 5288 1494
1499 5289 5288
5289 5290 5288
5289 1109 5290
5288 5290 1494
1499 5283 5289
5283 3713 5289
5283 463 3713
5289 3713 1109
1494 5290 5265
5290 3718 5265
5290 1109 3718
5265 3718 306
328 5272 5292
5272 5291 5292
5272 1496 5291
5292 5291 1501
1496 5293 5291
5293 5294 5291
5293 1500 5294
5291 5294 1501
1496 5271 5293
5271 5295 5293
5271 559 5295
5293 5295 1500
1501 5294 5297
5294 5296 5297
5294 1500 5296
5297 5296 560
559 5298 5295
5298 5299 5295
5298 1502 5299
5295 5299 1500
1502 5300 5299
5300 5301 5299
5300 1503 5301
5299 5301 1500
1502 5302 5300
5302 5303 5300
5302 468 5303
5300 5303 1503
1500 5301 5296
5301 5304 5296
5301 1503 5304
5296 5304 560
559 5267 5298
5267 5305 5298
5267 1495 5305
5298 5305 1502
1495 5306 5305
5306 5307 5305
5306 1123 5307
5305 5307 1502
1495 5266 5306
5266 3768 5306
5266 306 3768
5306 3768 1123
1502 5307 5302
5307 3773 5302
5307 1123 3773
5302 3773 468
560 5304 5309
5304 5308 5309
5304 1503 5308
5309 5308 1504
1503 5310 5308
5310 5311 5308
5310 1128 5311
5308 5311 1504
1503 5303 5310
5303 3787 5310
5303 468 3787
5310 3787 1128
1504 5311 5312
5311 3792 5312
5311 1128 3792
5312 3792 256
1 130 3280
130 5313 3280
130 131 5313
3280 5313 1000
131 5314 5313
5314 5315 5313
5314 1505 5315
5313 5315 1000
131 132 5314
132 5316 5314
132 133 5316
5314 5316 1505
1000 5315 3281
5315 5317 3281
5315 1505 5317
3281 5317 436
133 5318 5316
5318 5319 5316
5318 1506 5319
5316 5319 1505
1506 5320 5319
5320 5321 5319
5320 1507 5321
5319 5321 1505
1506 5322 5320
5322 5323 5320
5322 561 5323
5320 5323 1507
1505 5321 5317
5321 5324 5317
5321 1507 5324
5317 5324 436
133 134 5318
134 5325 5318
134 135 5325
5318 5325 1506
135 5326 5325
5326 5327 5325
5326 1508 5327
5325 5327 1506
135 136 5326
136 5328 5326
136 137 5328
5326 5328 1508
1506 5327 5322
5327 5329 5322
5327 1508 5329
5322 5329 561
436 5324 3285
5324 5330 3285
5324 1507 5330
3285 5330 1001
1507 5331 5330
5331 5332 5330
5331 1509 5332
5330 5332 1001
1507 5323 5331
5323 5333 5331
5323 561 5333
5331 5333 1509
1001 5332 3286
5332 5334 3286
5332 1509 5334
3286 5334 298
137 5335 5328
5335 5336 5328
5335 1510 5336
5328 5336 1508
1510 5337 5336
5337 5338 5336
5337 1511 5338
5336 5338 1508
1510 5339 5337
5339 5340 5337
5339 562 5340
5337 5340 1511
1508 5338 5329
5338 5341 5329
5338 1511 5341
5329 5341 561
562 5342 5340
5342 5343 5340
5342 1512 5343
5340 5343 1511
1512 5344 5343
5344 5345 5343
5344 1513 5345
5343 5345 1511
1512 5346 5344
5346 5347 5344
5346 563 5347
5344 5347 1513
1511 5345 5341
5345 5348 5341
5345 1513 5348
5341 5348 561
562 5349 5342
5349 5350 5342
5349 1514 5350
5342 5350 1512
1514 5351 5350
5351 5352 5350
5351 1515 5352
5350 5352 1512
1514 5353 5351
5353 5354 5351
5353 329 5354
5351 5354 1515
1512 5352 5346
5352 5355 5346
5352 1515 5355
5346 5355 563
561 5348 5333
5348 5356 5333
5348 1513 5356
5333 5356 1509
1513 5357 5356
5357 5358 5356
5357 1516 5358
5356 5358 1509
1513 5347 5357
5347 5359 5357
5347 563 5359
5357 5359 1516
1509 5358 5334
5358 5360 5334
5358 1516 5360
5334 5360 298
137 138 5335
138 5361 5335
138 139 5361
5335 5361 1510
139 5362 5361
5362 5363 5361
5362 1517 5363
5361 5363 1510
139 140 5362
140 5364 5362
140 141 5364
5362 5364 1517
1510 5363 5339
5363 5365 5339
5363 1517 5365
5339 5365 562
141 5366 5364
5366 5367 5364
5366 1518 5367
5364 5367 1517
1518 5368 5367
5368 5369 5367
5368 1519 5369
5367 5369 1517
1518 5370 5368
5370 5371 5368
5370 564 5371
5368 5371 1519
1517 5369 5365
5369 5372 5365
5369 1519 5372
5365 5372 562
141 142 5366
142 5373 5366
142 143 5373
5366 5373 1518
143 5374 5373
5374 5375 5373
5374 1520 5375
5373 5375 1518
143 144 5374
144 5376 5374
144 145 5376
5374 5376 1520
1518 5375 5370
5375 5377 5370
5375 1520 5377
5370 5377 564
562 5372 5349
5372 5378 5349
5372 1519 5378
5349 5378 1514
1519 5379 5378
5379 5380 5378
5379 1521 5380
5378 5380 1514
1519 5371 5379
5371 5381 5379
5371 564 5381
5379 5381 1521
1514 5380 5353
5380 5382 5353
5380 1521 5382
5353 5382 329
298 5360 3302
5360 5383 3302
5360 1516 5383
3302 5383 1005
1516 5384 5383
5384 5385 5383
5384 1522 5385
5383 5385 1005
1516 5359 5384
5359 5386 5384
5359 563 5386
5384 5386 1522
1005 5385 3303
5385 5387 3303
5385 1522 5387
3303 5387 437
563 5388 5386
5388 5389 5386
5388 1523 5389
5386 5389 1522
1523 5390 5389
5390 5391 5389
5390 1524 5391
5389 5391 1522
1523 5392 5390
5392 5393 5390
5392 565 5393
5390 5393 1524
1522 5391 5387
5391 5394 5387
5391 1524 5394
5387 5394 437
563 5355 5388
5355 5395 5388
5355 1515 5395
5388 5395 1523
1515 5396 5395
5396 5397 5395
5396 1525 5397
5395 5397 1523
1515 5354 5396
5354 5398 5396
5354 329 5398
5396 5398 1525
1523 5397 5392
5397 5399 5392
5397 1525 5399
5392 5399 565
437 5394 3307
5394 5400 3307
5394 1524 5400
3307 5400 1006
1524 5401 5400
5401 5402 5400
5401 1526 5402
5400 5402 1006
1524 5393 5401
5393 5403 5401
5393 565 5403
5401 5403 1526
1006 5402 3308
5402 5404 3308
5402 1526 5404
3308 5404 265
145 5405 5376
5405 5406 5376
5405 1527 5406
5376 5406 1520
1527 5407 5406
5407 5408 5406
5407 1528 5408
5406 5408 1520
1527 5409 5407
5409 5410 5407
5409 566 5410
5407 5410 1528
1520 5408 5377
5408 5411 5377
5408 1528 5411
5377 5411 564
566 5412 5410
5412 5413 5410
5412 1529 5413
5410 5413 1528
1529 5414 5413
5414 5415 5413
5414 1530 5415
5413 5415 1528
1529 5416 5414
5416 5417 5414
5416 567 5417
5414 5417 1530
1528 5415 5411
5415 5418 5411
5415 1530 5418
5411 5418 564
566 5419 5412
5419 5420 5412
5419 1531 5420
5412 5420 1529
1531 5421 5420
5421 5422 5420
5421 1532 5422
5420 5422 1529
1531 5423 5421
5423 5424 5421
5423 330 5424
5421 5424 1532
1529 5422 5416
5422 5425 5416
5422 1532 5425
5416 5425 567
564 5418 5381
5418 5426 5381
5418 1530 5426
5381 5426 1521
1530 5427 5426
5427 5428 5426
5427 1533 5428
5426 5428 1521
1530 5417 5427
5417 5429 5427
5417 567 5429
5427 5429 1533
1521 5428 5382
5428 5430 5382
5428 1533 5430
5382 5430 329
330 5431 5424
5431 5432 5424
5431 1534 5432
5424 5432 1532
1534 5433 5432
5433 5434 5432
5433 1535 5434
5432 5434 1532
1534 5435 5433
5435 5436 5433
5435 568 5436
5433 5436 1535
1532 5434 5425
5434 5437 5425
5434 1535 5437
5425 5437 567
568 5438 5436
5438 5439 5436
5438 1536 5439
5436 5439 1535
1536 5440 5439
5440 5441 5439
5440 1537 5441
5439 5441 1535
1536 5442 5440
5442 5443 5440
5442 569 5443
5440 5443 1537
1535 5441 5437
5441 5444 5437
5441 1537 5444
5437 5444 567
568 5445 5438
5445 5446 5438
5445 1538 5446
5438 5446 1536
1538 5447 5446
5447 5448 5446
5447 1539 5448
5446 5448 1536
1538 5449 5447
5449 5450 5447
5449 331 5450
5447 5450 1539
1536 5448 5442
5448 5451 5442
5448 1539 5451
5442 5451 569
567 5444 5429
5444 5452 5429
5444 1537 5452
5429 5452 1533
1537 5453 5452
5453 5454 5452
5453 1540 5454
5452 5454 1533
1537 5443 5453
5443 5455 5453
5443 569 5455
5453 5455 1540
1533 5454 5430
5454 5456 5430
5454 1540 5456
5430 5456 329
330 5457 5431
5457 5458 5431
5457 1541 5458
5431 5458 1534
1541 5459 5458
5459 5460 5458
5459 1542 5460
5458 5460 1534
1541 5461 5459
5461 5462 5459
5461 570 5462
5459 5462 1542
1534 5460 5435
5460 5463 5435
5460 1542 5463
5435 5463 568
570 5464 5462
5464 5465 5462
5464 1543 5465
5462 5465 1542
1543 5466 5465
5466 5467 5465
5466 1544 5467
5465 5467 1542
1543 5468 5466
5468 5469 5466
5468 571 5469
5466 5469 1544
1542 5467 5463
5467 5470 5463
5467 1544 5470
5463 5470 568
570 5471 5464
5471 5472 5464
5471 1545 5472
5464 5472 1543
1545 5473 5472
5473 5474 5472
5473 1546 5474
5472 5474 1543
1545 5475 5473
5475 5476 5473
5475 273 5476
5473 5476 1546
1543 5474 5468
5474 5477 5468
5474 1546 5477
5468 5477 571
568 5470 5445
5470 5478 5445
5470 1544 5478
5445 5478 1538
1544 5479 5478
5479 5480 5478
5479 1547 5480
5478 5480 1538
1544 5469 5479
5469 5481 5479
5469 571 5481
5479 5481 1547
1538 5480 5449
5480 5482 5449
5480 1547 5482
5449 5482 331
329 5456 5398
5456 5483 5398
5456 1540 5483
5398 5483 1525
1540 5484 5483
5484 5485 5483
5484 1548 5485
5483 5485 1525
1540 5455 5484
5455 5486 5484
5455 569 5486
5484 5486 1548
1525 5485 5399
5485 5487 5399
5485 1548 5487
5399 5487 565
569 5488 5486
5488 5489 5486
5488 1549 5489
5486 5489 1548
1549 5490 5489
5490 5491 5489
5490 1550 5491
5489 5491 1548
1549 5492 5490
5492 5493 5490
5492 572 5493
5490 5493 1550
1548 5491 5487
5491 5494 5487
5491 1550 5494
5487 5494 565
569 5451 5488
5451 5495 5488
5451 1539 5495
5488 5495 1549
1539 5496 5495
5496 5497 5495
5496 1551 5497
5495 5497 1549
1539 5450 5496
5450 5498 5496
5450 331 5498
5496 5498 1551
1549 5497 5492
5497 5499 5492
5497 1551 5499
5492 5499 572
565 5494 5403
5494 5500 5403
5494 1550 5500
5403 5500 1526
1550 5501 5500
5501 5502 5500
5501 1552 5502
5500 5502 1526
1550 5493 5501
5493 5503 5501
5493 572 5503
5501 5503 1552
1526 5502 5404
5502 5504 5404
5502 1552 5504
5404 5504 265
145 146 5405
146 5505 5405
146 147 5505
5405 5505 1527
147 5506 5505
5506 5507 5505
5506 1553 5507
5505 5507 1527
147 148 5506
148 5508 5506
148 149 5508
5506 5508 1553
1527 5507 5409
5507 5509 5409
5507 1553 5509
5409 5509 566
149 5510 5508
5510 5511 5508
5510 1554 5511
5508 5511 1553
1554 5512 5511
5512 5513 5511
5512 1555 5513
5511 5513 1553
1554 5514 5512
5514 5515 5512
5514 573 5515
5512 5515 1555
1553 5513 5509
5513 5516 5509
5513 1555 5516
5509 5516 566
149 150 5510
150 5517 5510
150 151 5517
5510 5517 1554
151 5518 5517
5518 5519 5517
5518 1556 5519
5517 5519 1554
151 152 5518
152 5520 5518
152 153 5520
5518 5520 1556
1554 5519 5514
5519 5521 5514
5519 1556 5521
5514 5521 573
566 5516 5419
5516 5522 5419
5516 1555 5522
5419 5522 1531
1555 5523 5522
5523 5524 5522
5523 1557 5524
5522 5524 1531
1555 5515 5523
5515 5525 5523
5515 573 5525
5523 5525 1557
1531 5524 5423
5524 5526 5423
5524 1557 5526
5423 5526 330
153 5527 5520
5527 5528 5520
5527 1558 5528
5520 5528 1556
1558 5529 5528
5529 5530 5528
5529 1559 5530
5528 5530 1556
1558 5531 5529
5531 5532 5529
5531 574 5532
5529 5532 1559
1556 5530 5521
5530 5533 5521
5530 1559 5533
5521 5533 573
574 5534 5532
5534 5535 5532
5534 1560 5535
5532 5535 1559
1560 5536 5535
5536 5537 5535
5536 1561 5537
5535 5537 1559
1560 5538 5536
5538 5539 5536
5538 575 5539
5536 5539 1561
1559 5537 5533
5537 5540 5533
5537 1561 5540
5533 5540 573
574 5541 5534
5541 5542 5534
5541 1562 5542
5534 5542 1560
1562 5543 5542
5543 5544 5542
5543 1563 5544
5542 5544 1560
1562 5545 5543
5545 5546 5543
5545 332 5546
5543 5546 1563
1560 5544 5538
5544 5547 5538
5544 1563 5547
5538 5547 575
573 5540 5525
5540 5548 5525
5540 1561 5548
5525 5548 1557
1561 5549 5548
5549 5550 5548
5549 1564 5550
5548 5550 1557
1561 5539 5549
5539 5551 5549
5539 575 5551
5549 5551 1564
1557 5550 5526
5550 5552 5526
5550 1564 5552
5526 5552 330
153 154 5527
154 5553 5527
154 155 5553
5527 5553 1558
155 5554 5553
5554 5555 5553
5554 1565 5555
5553 5555 1558
155 156 5554
156 5556 5554
156 157 5556
5554 5556 1565
1558 5555 5531
5555 5557 5531
5555 1565 5557
5531 5557 574
157 5558 5556
5558 5559 5556
5558 1566 5559
5556 5559 1565
1566 5560 5559
5560 5561 5559
5560 1567 5561
5559 5561 1565
1566 5562 5560
5562 5563 5560
5562 576 5563
5560 5563 1567
1565 5561 5557
5561 5564 5557
5561 1567 5564
5557 5564 574
157 158 5558
158 5565 5558
158 159 5565
5558 5565 1566
159 5566 5565
5566 5567 5565
5566 1568 5567
5565 5567 1566
159 160 5566
160 5568 5566
160 161 5568
5566 5568 1568
1566 5567 5562
5567 5569 5562
5567 1568 5569
5562 5569 576
574 5564 5541
5564 5570 5541
5564 1567 5570
5541 5570 1562
1567 5571 5570
5571 5572 5570
5571 1569 5572
5570 5572 1562
1567 5563 5571
5563 5573 5571
5563 576 5573
5571 5573 1569
1562 5572 5545
5572 5574 5545
5572 1569 5574
5545 5574 332
330 5552 5457
5552 5575 5457
5552 1564 5575
5457 5575 1541
1564 5576 5575
5576 5577 5575
5576 1570 5577
5575 5577 1541
1564 5551 5576
5551 5578 5576
5551 575 5578
5576 5578 1570
1541 5577 5461
5577 5579 5461
5577 1570 5579
5461 5579 570
575 5580 5578
5580 5581 5578
5580 1571 5581
5578 5581 1570
1571 5582 5581
5582 5583 5581
5582 1572 5583
5581 5583 1570
1571 5584 5582
5584 5585 5582
5584 577 5585
5582 5585 1572
1570 5583 5579
5583 5586 5579
5583 1572 5586
5579 5586 570
575 5547 5580
5547 5587 5580
5547 1563 5587
5580 5587 1571
1563 5588 5587
5588 5589 5587
5588 1573 5589
5587 5589 1571
1563 5546 5588
5546 5590 5588
5546 332 5590
5588 5590 1573
1571 5589 5584
5589 5591 5584
5589 1573 5591
5584 5591 577
570 5586 5471
5586 5592 5471
5586 1572 5592
5471 5592 1545
1572 5593 5592
5593 5594 5592
5593 1574 5594
5592 5594 1545
1572 5585 5593
5585 5595 5593
5585 577 5595
5593 5595 1574
1545 5594 5475
5594 5596 5475
5594 1574 5596
5475 5596 273
265 5504 3372
5504 5597 3372
5504 1552 5597
3372 5597 1022
1552 5598 5597
5598 5599 5597
5598 1575 5599
5597 5599 1022
1552 5503 5598
5503 5600 5598
5503 572 5600
5598 5600 1575
1022 5599 3373
5599 5601 3373
5599 1575 5601
3373 5601 441
572 5602 5600
5602 5603 5600
5602 1576 5603
5600 5603 1575
1576 5604 5603
5604 5605 5603
5604 1577 5605
5603 5605 1575
1576 5606 5604
5606 5607 5604
5606 578 5607
5604 5607 1577
1575 5605 5601
5605 5608 5601
5605 1577 5608
5601 5608 441
572 5499 5602
5499 5609 5602
5499 1551 5609
5602 5609 1576
1551 5610 5609
5610 5611 5609
5610 1578 5611
5609 5611 1576
1551 5498 5610
5498 5612 5610
5498 331 5612
5610 5612 1578
1576 5611 5606
5611 5613 5606
5611 1578 5613
5606 5613 578
441 5608 3377
5608 5614 3377
5608 1577 5614
3377 5614 1023
1577 5615 5614
5615 5616 5614
5615 1579 5616
5614 5616 1023
1577 5607 5615
5607 5617 5615
5607 578 5617
5615 5617 1579
1023 5616 3378
5616 5618 3378
5616 1579 5618
3378 5618 299
331 5619 5612
5619 5620 5612
5619 1580 5620
5612 5620 1578
1580 5621 5620
5621 5622 5620
5621 1581 5622
5620 5622 1578
1580 5623 5621
5623 5624 5621
5623 579 5624
5621 5624 1581
1578 5622 5613
5622 5625 5613
5622 1581 5625
5613 5625 578
579 5626 5624
5626 5627 5624
5626 1582 5627
5624 5627 1581
1582 5628 5627
5628 5629 5627
5628 1583 5629
5627 5629 1581
1582 5630 5628
5630 5631 5628
5630 580 5631
5628 5631 1583
1581 5629 5625
5629 5632 5625
5629 1583 5632
5625 5632 578
579 5633 5626
5633 5634 5626
5633 1584 5634
5626 5634 1582
1584 5635 5634
5635 5636 5634
5635 1585 5636
5634 5636 1582
1584 5637 5635
5637 5638 5635
5637 333 5638
5635 5638 1585
1582 5636 5630
5636 5639 5630
5636 1585 5639
5630 5639 580
578 5632 5617
5632 5640 5617
5632 1583 5640
5617 5640 1579
1583 5641 5640
5641 5642 5640
5641 1586 5642
5640 5642 1579
1583 5631 5641
5631 5643 5641
5631 580 5643
5641 5643 1586
1579 5642 5618
5642 5644 5618
5642 1586 5644
5618 5644 299
331 5482 5619
5482 5645 5619
5482 1547 5645
5619 5645 1580
1547 5646 5645
5646 5647 5645
5646 1587 5647
5645 5647 1580
1547 5481 5646
5481 5648 5646
5481 571 5648
5646 5648 1587
1580 5647 5623
5647 5649 5623
5647 1587 5649
5623 5649 579
571 5650 5648
5650 5651 5648
5650 1588 5651
5648 5651 1587
1588 5652 5651
5652 5653 5651
5652 1589 5653
5651 5653 1587
1588 5654 5652
5654 5655 5652
5654 581 5655
5652 5655 1589
1587 5653 5649
5653 5656 5649
5653 1589 5656
5649 5656 579
571 5477 5650
5477 5657 5650
5477 1546 5657
5650 5657 1588
1546 5658 5657
5658 5659 5657
5658 1590 5659
5657 5659 1588
1546 5476 5658
5476 5660 5658
5476 273 5660
5658 5660 1590
1588 5659 5654
5659 5661 5654
5659 1590 5661
5654 5661 581
579 5656 5633
5656 5662 5633
5656 1589 5662
5633 5662 1584
1589 5663 5662
5663 5664 5662
5663 1591 5664
5662 5664 1584
1589 5655 5663
5655 5665 5663
5655 581 5665
5663 5665 1591
1584 5664 5637
5664 5666 5637
5664 1591 5666
5637 5666 333
299 5644 3394
5644 5667 3394
5644 1586 5667
3394 5667 1027
1586 5668 5667
5668 5669 5667
5668 1592 5669
5667 5669 1027
1586 5643 5668
5643 5670 5668
5643 580 5670
5668 5670 1592
1027 5669 3395
5669 5671 3395
5669 1592 5671
3395 5671 442
580 5672 5670
5672 5673 5670
5672 1593 5673
5670 5673 1592
1593 5674 5673
5674 5675 5673
5674 1594 5675
5673 5675 1592
1593 5676 5674
5676 5677 5674
5676 582 5677
5674 5677 1594
1592 5675 5671
5675 5678 5671
5675 1594 5678
5671 5678 442
580 5639 5672
5639 5679 5672
5639 1585 5679
5672 5679 1593
1585 5680 5679
5680 5681 5679
5680 1595 5681
5679 5681 1593
1585 5638 5680
5638 5682 5680
5638 333 5682
5680 5682 1595
1593 5681 5676
5681 5683 5676
5681 1595 5683
5676 5683 582
442 5678 3399
5678 5684 3399
5678 1594 5684
3399 5684 1028
1594 5685 5684
5685 5686 5684
5685 1596 5686
5684 5686 1028
1594 5677 5685
5677 5687 5685
5677 582 5687
5685 5687 1596
1028 5686 3400
5686 5688 3400
5686 1596 5688
3400 5688 257
161 5689 5568
5689 5690 5568
5689 1597 5690
5568 5690 1568
1597 5691 5690
5691 5692 5690
5691 1598 5692
5690 5692 1568
1597 5693 5691
5693 5694 5691
5693 583 5694
5691 5694 1598
1568 5692 5569
5692 5695 5569
5692 1598 5695
5569 5695 576
583 5696 5694
5696 5697 5694
5696 1599 5697
5694 5697 1598
1599 5698 5697
5698 5699 5697
5698 1600 5699
5697 5699 1598
1599 5700 5698
5700 5701 5698
5700 584 5701
5698 5701 1600
1598 5699 5695
5699 5702 5695
5699 1600 5702
5695 5702 576
583 5703 5696
5703 5704 5696
5703 1601 5704
5696 5704 1599
1601 5705 5704
5705 5706 5704
5705 1602 5706
5704 5706 1599
1601 5707 5705
5707 5708 5705
5707 334 5708
5705 5708 1602
1599 5706 5700
5706 5709 5700
5706 1602 5709
5700 5709 584
576 5702 5573
5702 5710 5573
5702 1600 5710
5573 5710 1569
1600 5711 5710
5711 5712 5710
5711 1603 5712
5710 5712 1569
1600 5701 5711
5701 5713 5711
5701 584 5713
5711 5713 1603
1569 5712 5574
5712 5714 5574
5712 1603 5714
5574 5714 332
334 5715 5708
5715 5716 5708
5715 1604 5716
5708 5716 1602
1604 5717 5716
5717 5718 5716
5717 1605 5718
5716 5718 1602
1604 5719 5717
5719 5720 5717
5719 585 5720
5717 5720 1605
1602 5718 5709
5718 5721 5709
5718 1605 5721
5709 5721 584
585 5722 5720
5722 5723 5720
5722 1606 5723
5720 5723 1605
1606 5724 5723
5724 5725 5723
5724 1607 5725
5723 5725 1605
1606 5726 5724
5726 5727 5724
5726 586 5727
5724 5727 1607
1605 5725 5721
5725 5728 5721
5725 1607 5728
5721 5728 584
585 5729 5722
5729 5730 5722
5729 1608 5730
5722 5730 1606
1608 5731 5730
5731 5732 5730
5731 1609 5732
5730 5732 1606
1608 5733 5731
5733 5734 5731
5733 335 5734
5731 5734 1609
1606 5732 5726
5732 5735 5726
5732 1609 5735
5726 5735 586
584 5728 5713
5728 5736 5713
5728 1607 5736
5713 5736 1603
1607 5737 5736
5737 5738 5736
5737 1610 5738
5736 5738 1603
1607 5727 5737
5727 5739 5737
5727 586 5739
5737 5739 1610
1603 5738 5714
5738 5740 5714
5738 1610 5740
5714 5740 332
334 5741 5715
5741 5742 5715
5741 1611 5742
5715 5742 1604
1611 5743 5742
5743 5744 5742
5743 1612 5744
5742 5744 1604
1611 5745 5743
5745 5746 5743
5745 587 5746
5743 5746 1612
1604 5744 5719
5744 5747 5719
5744 1612 5747
5719 5747 585
587 5748 5746
5748 5749 5746
5748 1613 5749
5746 5749 1612
1613 5750 5749
5750 5751 5749
5750 1614 5751
5749 5751 1612
1613 5752 5750
5752 5753 5750
5752 588 5753
5750 5753 1614
1612 5751 5747
5751 5754 5747
5751 1614 5754
5747 5754 585
587 5755 5748
5755 5756 5748
5755 1615 5756
5748 5756 1613
1615 5757 5756
5757 5758 5756
5757 1616 5758
5756 5758 1613
1615 5759 5757
5759 5760 5757
5759 274 5760
5757 5760 1616
1613 5758 5752
5758 5761 5752
5758 1616 5761
5752 5761 588
585 5754 5729
5754 5762 5729
5754 1614 5762
5729 5762 1608
1614 5763 5762
5763 5764 5762
5763 1617 5764
5762 5764 1608
1614 5753 5763
5753 5765 5763
5753 588 5765
5763 5765 1617
1608 5764 5733
5764 5766 5733
5764 1617 5766
5733 5766 335
332 5740 5590
5740 5767 5590
5740 1610 5767
5590 5767 1573
1610 5768 5767
5768 5769 5767
5768 1618 5769
5767 5769 1573
1610 5739 5768
5739 5770 5768
5739 586 5770
5768 5770 1618
1573 5769 5591
5769 5771 5591
5769 1618 5771
5591 5771 577
586 5772 5770
5772 5773 5770
5772 1619 5773
5770 5773 1618
1619 5774 5773
5774 5775 5773
5774 1620 5775
5773 5775 1618
1619 5776 5774
5776 5777 5774
5776 589 5777
5774 5777 1620
1618 5775 5771
5775 5778 5771
5775 1620 5778
5771 5778 577
586 5735 5772
5735 5779 5772
5735 1609 5779
5772 5779 1619
1609 5780 5779
5780 5781 5779
5780 1621 5781
5779 5781 1619
1609 5734 5780
5734 5782 5780
5734 335 5782
5780 5782 1621
1619 5781 5776
5781 5783 5776
5781 1621 5783
5776 5783 589
577 5778 5595
5778 5784 5595
5778 1620 5784
5595 5784 1574
1620 5785 5784
5785 5786 5784
5785 1622 5786
5784 5786 1574
1620 5777 5785
5777 5787 5785
5777 589 5787
5785 5787 1622
1574 5786 5596
5786 5788 5596
5786 1622 5788
5596 5788 273
274 5789 5760
5789 5790 5760
5789 1623 5790
5760 5790 1616
1623 5791 5790
5791 5792 5790
5791 1624 5792
5790 5792 1616
1623 5793 5791
5793 5794 5791
5793 590 5794
5791 5794 1624
1616 5792 5761
5792 5795 5761
5792 1624 5795
5761 5795 588
590 5796 5794
5796 5797 5794
5796 1625 5797
5794 5797 1624
1625 5798 5797
5798 5799 5797
5798 1626 5799
5797 5799 1624
1625 5800 5798
5800 5801 5798
5800 591 5801
5798 5801 1626
1624 5799 5795
5799 5802 5795
5799 1626 5802
5795 5802 588
590 5803 5796
5803 5804 5796
5803 1627 5804
5796 5804 1625
1627 5805 5804
5805 5806 5804
5805 1628 5806
5804 5806 1625
1627 5807 5805
5807 5808 5805
5807 336 5808
5805 5808 1628
1625 5806 5800
5806 5809 5800
5806 1628 5809
5800 5809 591
588 5802 5765
5802 5810 5765
5802 1626 5810
5765 5810 1617
1626 5811 5810
5811 5812 5810
5811 1629 5812
5810 5812 1617
1626 5801 5811
5801 5813 5811
5801 591 5813
5811 5813 1629
1617 5812 5766
5812 5814 5766
5812 1629 5814
5766 5814 335
336 5815 5808
5815 5816 5808
5815 1630 5816
5808 5816 1628
1630 5817 5816
5817 5818 5816
5817 1631 5818
5816 5818 1628
1630 5819 5817
5819 5820 5817
5819 592 5820
5817 5820 1631
1628 5818 5809
5818 5821 5809
5818 1631 5821
5809 5821 591
592 5822 5820
5822 5823 5820
5822 1632 5823
5820 5823 1631
1632 5824 5823
5824 5825 5823
5824 1633 5825
5823 5825 1631
1632 5826 5824
5826 5827 5824
5826 593 5827
5824 5827 1633
1631 5825 5821
5825 5828 5821
5825 1633 5828
5821 5828 591
592 5829 5822
5829 5830 5822
5829 1634 5830
5822 5830 1632
1634 5831 5830
5831 5832 5830
5831 1635 5832
5830 5832 1632
1634 5833 5831
5833 5834 5831
5833 337 5834
5831 5834 1635
1632 5832 5826
5832 5835 5826
5832 1635 5835
5826 5835 593
591 5828 5813
5828 5836 5813
5828 1633 5836
5813 5836 1629
1633 5837 5836
5837 5838 5836
5837 1636 5838
5836 5838 1629
1633 5827 5837
5827 5839 5837
5827 593 5839
5837 5839 1636
1629 5838 5814
5838 5840 5814
5838 1636 5840
5814 5840 335
336 5841 5815
5841 5842 5815
5841 1637 5842
5815 5842 1630
1637 5843 5842
5843 5844 5842
5843 1638 5844
5842 5844 1630
1637 5845 5843
5845 5846 5843
5845 594 5846
5843 5846 1638
1630 5844 5819
5844 5847 5819
5844 1638 5847
5819 5847 592
594 5848 5846
5848 5849 5846
5848 1639 5849
5846 5849 1638
1639 5850 5849
5850 5851 5849
5850 1640 5851
5849 5851 1638
1639 5852 5850
5852 5853 5850
5852 595 5853
5850 5853 1640
1638 5851 5847
5851 5854 5847
5851 1640 5854
5847 5854 592
594 5855 5848
5855 5856 5848
5855 1641 5856
5848 5856 1639
1641 5857 5856
5857 5858 5856
5857 1642 5858
5856 5858 1639
1641 5859 5857
5859 5860 5857
5859 275 5860
5857 5860 1642
1639 5858 5852
5858 5861 5852
5858 1642 5861
5852 5861 595
592 5854 5829
5854 5862 5829
5854 1640 5862
5829 5862 1634
1640 5863 5862
5863 5864 5862
5863 1643 5864
5862 5864 1634
1640 5853 5863
5853 5865 5863
5853 595 5865
5863 5865 1643
1634 5864 5833
5864 5866 5833
5864 1643 5866
5833 5866 337
335 5840 5782
5840 5867 5782
5840 1636 5867
5782 5867 1621
1636 5868 5867
5868 5869 5867
5868 1644 5869
5867 5869 1621
1636 5839 5868
5839 5870 5868
5839 593 5870
5868 5870 1644
1621 5869 5783
5869 5871 5783
5869 1644 5871
5783 5871 589
593 5872 5870
5872 5873 5870
5872 1645 5873
5870 5873 1644
1645 5874 5873
5874 5875 5873
5874 1646 5875
5873 5875 1644
1645 5876 5874
5876 5877 5874
5876 596 5877
5874 5877 1646
1644 5875 5871
5875 5878 5871
5875 1646 5878
5871 5878 589
593 5835 5872
5835 5879 5872
5835 1635 5879
5872 5879 1645
1635 5880 5879
5880 5881 5879
5880 1647 5881
5879 5881 1645
1635 5834 5880
5834 5882 5880
5834 337 5882
5880 5882 1647
1645 5881 5876
5881 5883 5876
5881 1647 5883
5876 5883 596
589 5878 5787
5878 5884 5787
5878 1646 5884
5787 5884 1622
1646 5885 5884
5885 5886 5884
5885 1648 5886
5884 5886 1622
1646 5877 5885
5877 5887 5885
5877 596 5887
5885 5887 1648
1622 5886 5788
5886 5888 5788
5886 1648 5888
5788 5888 273
274 5889 5789
5889 5890 5789
5889 1649 5890
5789 5890 1623
1649 5891 5890
5891 5892 5890
5891 1650 5892
5890 5892 1623
1649 5893 5891
5893 5894 5891
5893 597 5894
5891 5894 1650
1623 5892 5793
5892 5895 5793
5892 1650 5895
5793 5895 590
597 5896 5894
5896 5897 5894
5896 1651 5897
5894 5897 1650
1651 5898 5897
5898 5899 5897
5898 1652 5899
5897 5899 1650
1651 5900 5898
5900 5901 5898
5900 598 5901
5898 5901 1652
1650 5899 5895
5899 5902 5895
5899 1652 5902
5895 5902 590
597 5903 5896
5903 5904 5896
5903 1653 5904
5896 5904 1651
1653 5905 5904
5905 5906 5904
5905 1654 5906
5904 5906 1651
1653 5907 5905
5907 5908 5905
5907 338 5908
5905 5908 1654
1651 5906 5900
5906 5909 5900
5906 1654 5909
5900 5909 598
590 5902 5803
5902 5910 5803
5902 1652 5910
5803 5910 1627
1652 5911 5910
5911 5912 5910
5911 1655 5912
5910 5912 1627
1652 5901 5911
5901 5913 5911
5901 598 5913
5911 5913 1655
1627 5912 5807
5912 5914 5807
5912 1655 5914
5807 5914 336
338 5915 5908
5915 5916 5908
5915 1656 5916
5908 5916 1654
1656 5917 5916
5917 5918 5916
5917 1657 5918
5916 5918 1654
1656 5919 5917
5919 5920 5917
5919 599 5920
5917 5920 1657
1654 5918 5909
5918 5921 5909
5918 1657 5921
5909 5921 598
599 5922 5920
5922 5923 5920
5922 1658 5923
5920 5923 1657
1658 5924 5923
5924 5925 5923
5924 1659 5925
5923 5925 1657
1658 5926 5924
5926 5927 5924
5926 600 5927
5924 5927 1659
1657 5925 5921
5925 5928 5921
5925 1659 5928
5921 5928 598
599 5929 5922
5929 5930 5922
5929 1660 5930
5922 5930 1658
1660 5931 5930
5931 5932 5930
5931 1661 5932
5930 5932 1658
1660 5933 5931
5933 5934 5931
5933 339 5934
5931 5934 1661
1658 5932 5926
5932 5935 5926
5932 1661 5935
5926 5935 600
598 5928 5913
5928 5936 5913
5928 1659 5936
5913 5936 1655
1659 5937 5936
5937 5938 5936
5937 1662 5938
5936 5938 1655
1659 5927 5937
5927 5939 5937
5927 600 5939
5937 5939 1662
1655 5938 5914
5938 5940 5914
5938 1662 5940
5914 5940 336
338 5941 5915
5941 5942 5915
5941 1663 5942
5915 5942 1656
1663 5943 5942
5943 5944 5942
5943 1664 5944
5942 5944 1656
1663 5945 5943
5945 5946 5943
5945 601 5946
5943 5946 1664
1656 5944 5919
5944 5947 5919
5944 1664 5947
5919 5947 599
601 5948 5946
5948 5949 5946
5948 1665 5949
5946 5949 1664
1665 5950 5949
5950 5951 5949
5950 1666 5951
5949 5951 1664
1665 5952 5950
5952 5953 5950
5952 602 5953
5950 5953 1666
1664 5951 5947
5951 5954 5947
5951 1666 5954
5947 5954 599
601 5955 5948
5955 5956 5948
5955 1667 5956
5948 5956 1665
1667 5957 5956
5957 5958 5956
5957 1668 5958
5956 5958 1665
1667 5959 5957
5959 5960 5957
5959 260 5960
5957 5960 1668
1665 5958 5952
5958 5961 5952
5958 1668 5961
5952 5961 602
599 5954 5929
5954 5962 5929
5954 1666 5962
5929 5962 1660
1666 5963 5962
5963 5964 5962
5963 1669 5964
5962 5964 1660
1666 5953 5963
5953 5965 5963
5953 602 5965
5963 5965 1669
1660 5964 5933
5964 5966 5933
5964 1669 5966
5933 5966 339
336 5940 5841
5940 5967 5841
5940 1662 5967
5841 5967 1637
1662 5968 5967
5968 5969 5967
5968 1670 5969
5967 5969 1637
1662 5939 5968
5939 5970 5968
5939 600 5970
5968 5970 1670
1637 5969 5845
5969 5971 5845
5969 1670 5971
5845 5971 594
600 5972 5970
5972 5973 5970
5972 1671 5973
5970 5973 1670
1671 5974 5973
5974 5975 5973
5974 1672 5975
5973 5975 1670
1671 5976 5974
5976 5977 5974
5976 603 5977
5974 5977 1672
1670 5975 5971
5975 5978 5971
5975 1672 5978
5971 5978 594
600 5935 5972
5935 5979 5972
5935 1661 5979
5972 5979 1671
1661 5980 5979
5980 5981 5979
5980 1673 5981
5979 5981 1671
1661 5934 5980
5934 5982 5980
5934 339 5982
5980 5982 1673
1671 5981 5976
5981 5983 5976
5981 1673 5983
5976 5983 603
594 5978 5855
5978 5984 5855
5978 1672 5984
5855 5984 1641
1672 5985 5984
5985 5986 5984
5985 1674 5986
5984 5986 1641
1672 5977 5985
5977 5987 5985
5977 603 5987
5985 5987 1674
1641 5986 5859
5986 5988 5859
5986 1674 5988
5859 5988 275
273 5888 5660
5888 5989 5660
5888 1648 5989
5660 5989 1590
1648 5990 5989
5990 5991 5989
5990 1675 5991
5989 5991 1590
1648 5887 5990
5887 5992 5990
5887 596 5992
5990 5992 1675
1590 5991 5661
5991 5993 5661
5991 1675 5993
5661 5993 581
596 5994 5992
5994 5995 5992
5994 1676 5995
5992 5995 1675
1676 5996 5995
5996 5997 5995
5996 1677 5997
5995 5997 1675
1676 5998 5996
5998 5999 5996
5998 604 5999
5996 5999 1677
1675 5997 5993
5997 6000 5993
5997 1677 6000
5993 6000 581
596 5883 5994
5883 6001 5994
5883 1647 6001
5994 6001 1676
1647 6002 6001
6002 6003 6001
6002 1678 6003
6001 6003 1676
1647 5882 6002
5882 6004 6002
5882 337 6004
6002 6004 1678
1676 6003 5998
6003 6005 5998
6003 1678 6005
5998 6005 604
581 6000 5665
6000 6006 5665
6000 1677 6006
5665 6006 1591
1677 6007 6006
6007 6008 6006
6007 1679 6008
6006 6008 1591
1677 5999 6007
5999 6009 6007
5999 604 6009
6007 6009 1679
1591 6008 5666
6008 6010 5666
6008 1679 6010
5666 6010 333
337 6011 6004
6011 6012 6004
6011 1680 6012
6004 6012 1678
1680 6013 6012
6013 6014 6012
6013 1681 6014
6012 6014 1678
1680 6015 6013
6015 6016 6013
6015 605 6016
6013 6016 1681
1678 6014 6005
6014 6017 6005
6014 1681 6017
6005 6017 604
605 6018 6016
6018 6019 6016
6018 1682 6019
6016 6019 1681
1682 6020 6019
6020 6021 6019
6020 1683 6021
6019 6021 1681
1682 6022 6020
6022 6023 6020
6022 606 6023
6020 6023 1683
1681 6021 6017
6021 6024 6017
6021 1683 6024
6017 6024 604
605 6025 6018
6025 6026 6018
6025 1684 6026
6018 6026 1682
1684 6027 6026
6027 6028 6026
6027 1685 6028
6026 6028 1682
1684 6029 6027
6029 6030 6027
6029 340 6030
6027 6030 1685
1682 6028 6022
6028 6031 6022
6028 1685 6031
6022 6031 606
604 6024 6009
6024 6032 6009
6024 1683 6032
6009 6032 1679
1683 6033 6032
6033 6034 6032
6033 1686 6034
6032 6034 1679
1683 6023 6033
6023 6035 6033
6023 606 6035
6033 6035 1686
1679 6034 6010
6034 6036 6010
6034 1686 6036
6010 6036 333
337 5866 6011
5866 6037 6011
5866 1643 6037
6011 6037 1680
1643 6038 6037
6038 6039 6037
6038 1687 6039
6037 6039 1680
1643 5865 6038
5865 6040 6038
5865 595 6040
6038 6040 1687
1680 6039 6015
6039 6041 6015
6039 1687 6041
6015 6041 605
595 6042 6040
6042 6043 6040
6042 1688 6043
6040 6043 1687
1688 6044 6043
6044 6045 6043
6044 1689 6045
6043 6045 1687
1688 6046 6044
6046 6047 6044
6046 607 6047
6044 6047 1689
1687 6045 6041
6045 6048 6041
6045 1689 6048
6041 6048 605
595 5861 6042
5861 6049 6042
5861 1642 6049
6042 6049 1688
1642 6050 6049
6050 6051 6049
6050 1690 6051
6049 6051 1688
1642 5860 6050
5860 6052 6050
5860 275 6052
6050 6052 1690
1688 6051 6046
6051 6053 6046
6051 1690 6053
6046 6053 607
605 6048 6025
6048 6054 6025
6048 1689 6054
6025 6054 1684
1689 6055 6054
6055 6056 6054
6055 1691 6056
6054 6056 1684
1689 6047 6055
6047 6057 6055
6047 607 6057
6055 6057 1691
1684 6056 6029
6056 6058 6029
6056 1691 6058
6029 6058 340
333 6036 5682
6036 6059 5682
6036 1686 6059
5682 6059 1595
1686 6060 6059
6060 6061 6059
6060 1692 6061
6059 6061 1595
1686 6035 6060
6035 6062 6060
6035 606 6062
6060 6062 1692
1595 6061 5683
6061 6063 5683
6061 1692 6063
5683 6063 582
606 6064 6062
6064 6065 6062
6064 1693 6065
6062 6065 1692
1693 6066 6065
6066 6067 6065
6066 1694 6067
6065 6067 1692
1693 6068 6066
6068 6069 6066
6068 608 6069
6066 6069 1694
1692 6067 6063
6067 6070 6063
6067 1694 6070
6063 6070 582
606 6031 6064
6031 6071 6064
6031 1685 6071
6064 6071 1693
1685 6072 6071
6072 6073 6071
6072 1695 6073
6071 6073 1693
1685 6030 6072
6030 6074 6072
6030 340 6074
6072 6074 1695
1693 6073 6068
6073 6075 6068
6073 1695 6075
6068 6075 608
582 6070 5687
6070 6076 5687
6070 1694 6076
5687 6076 1596
1694 6077 6076
6077 6078 6076
6077 1696 6078
6076 6078 1596
1694 6069 6077
6069 6079 6077
6069 608 6079
6077 6079 1696
1596 6078 5688
6078 6080 5688
6078 1696 6080
5688 6080 257
161 162 5689
162 6081 5689
162 163 6081
5689 6081 1597
163 6082 6081
6082 6083 6081
6082 1697 6083
6081 6083 1597
163 164 6082
164 6084 6082
164 165 6084
6082 6084 1697
1597 6083 5693
6083 6085 5693
6083 1697 6085
5693 6085 583
165 6086 6084
6086 6087 6084
6086 1698 6087
6084 6087 1697
1698 6088 6087
6088 6089 6087
6088 1699 6089
6087 6089 1697
1698 6090 6088
6090 6091 6088
6090 609 6091
6088 6091 1699
1697 6089 6085
6089 6092 6085
6089 1699 6092
6085 6092 583
165 166 6086
166 6093 6086
166 167 6093
6086 6093 1698
167 6094 6093
6094 6095 6093
6094 1700 6095
6093 6095 1698
167 168 6094
168 6096 6094
168 169 6096
6094 6096 1700
1698 6095 6090
6095 6097 6090
6095 1700 6097
6090 6097 609
583 6092 5703
6092 6098 5703
6092 1699 6098
5703 6098 1601
1699 6099 6098
6099 6100 6098
6099 1701 6100
6098 6100 1601
1699 6091 6099
6091 6101 6099
6091 609 6101
6099 6101 1701
1601 6100 5707
6100 6102 5707
6100 1701 6102
5707 6102 334
169 6103 6096
6103 6104 6096
6103 1702 6104
6096 6104 1700
1702 6105 6104
6105 6106 6104
6105 1703 6106
6104 6106 1700
1702 6107 6105
6107 6108 6105
6107 610 6108
6105 6108 1703
1700 6106 6097
6106 6109 6097
6106 1703 6109
6097 6109 609
610 6110 6108
6110 6111 6108
6110 1704 6111
6108 6111 1703
1704 6112 6111
6112 6113 6111
6112 1705 6113
6111 6113 1703
1704 6114 6112
6114 6115 6112
6114 611 6115
6112 6115 1705
1703 6113 6109
6113 6116 6109
6113 1705 6116
6109 6116 609
610 6117 6110
6117 6118 6110
6117 1706 6118
6110 6118 1704
1706 6119 6118
6119 6120 6118
6119 1707 6120
6118 6120 1704
1706 6121 6119
6121 6122 6119
6121 341 6122
6119 6122 1707
1704 6120 6114
6120 6123 6114
6120 1707 6123
6114 6123 611
609 6116 6101
6116 6124 6101
6116 1705 6124
6101 6124 1701
1705 6125 6124
6125 6126 6124
6125 1708 6126
6124 6126 1701
1705 6115 6125
6115 6127 6125
6115 611 6127
6125 6127 1708
1701 6126 6102
6126 6128 6102
6126 1708 6128
6102 6128 334
169 170 6103
170 6129 6103
170 171 6129
6103 6129 1702
171 6130 6129
6130 6131 6129
6130 1709 6131
6129 6131 1702
171 172 6130
172 6132 6130
172 173 6132
6130 6132 1709
1702 6131 6107
6131 6133 6107
6131 1709 6133
6107 6133 610
173 6134 6132
6134 6135 6132
6134 1710 6135
6132 6135 1709
1710 6136 6135
6136 6137 6135
6136 1711 6137
6135 6137 1709
1710 6138 6136
6138 6139 6136
6138 612 6139
6136 6139 1711
1709 6137 6133
6137 6140 6133
6137 1711 6140
6133 6140 610
173 174 6134
174 6141 6134
174 175 6141
6134 6141 1710
175 6142 6141
6142 6143 6141
6142 1712 6143
6141 6143 1710
175 176 6142
176 6144 6142
176 177 6144
6142 6144 1712
1710 6143 6138
6143 6145 6138
6143 1712 6145
6138 6145 612
610 6140 6117
6140 6146 6117
6140 1711 6146
6117 6146 1706
1711 6147 6146
6147 6148 6146
6147 1713 6148
6146 6148 1706
1711 6139 6147
6139 6149 6147
6139 612 6149
6147 6149 1713
1706 6148 6121
6148 6150 6121
6148 1713 6150
6121 6150 341
334 6128 5741
6128 6151 5741
6128 1708 6151
5741 6151 1611
1708 6152 6151
6152 6153 6151
6152 1714 6153
6151 6153 1611
1708 6127 6152
6127 6154 6152
6127 611 6154
6152 6154 1714
1611 6153 5745
6153 6155 5745
6153 1714 6155
5745 6155 587
611 6156 6154
6156 6157 6154
6156 1715 6157
6154 6157 1714
1715 6158 6157
6158 6159 6157
6158 1716 6159
6157 6159 1714
1715 6160 6158
6160 6161 6158
6160 613 6161
6158 6161 1716
1714 6159 6155
6159 6162 6155
6159 1716 6162
6155 6162 587
611 6123 6156
6123 6163 6156
6123 1707 6163
6156 6163 1715
1707 6164 6163
6164 6165 6163
6164 1717 6165
6163 6165 1715
1707 6122 6164
6122 6166 6164
6122 341 6166
6164 6166 1717
1715 6165 6160
6165 6167 6160
6165 1717 6167
6160 6167 613
587 6162 5755
6162 6168 5755
6162 1716 6168
5755 6168 1615
1716 6169 6168
6169 6170 6168
6169 1718 6170
6168 6170 1615
1716 6161 6169
6161 6171 6169
6161 613 6171
6169 6171 1718
1615 6170 5759
6170 6172 5759
6170 1718 6172
5759 6172 274
177 6173 6144
6173 6174 6144
6173 1719 6174
6144 6174 1712
1719 6175 6174
6175 6176 6174
6175 1720 6176
6174 6176 1712
1719 6177 6175
6177 6178 6175
6177 614 6178
6175 6178 1720
1712 6176 6145
6176 6179 6145
6176 1720 6179
6145 6179 612
614 6180 6178
6180 6181 6178
6180 1721 6181
6178 6181 1720
1721 6182 6181
6182 6183 6181
6182 1722 6183
6181 6183 1720
1721 6184 6182
6184 6185 6182
6184 615 6185
6182 6185 1722
1720 6183 6179
6183 6186 6179
6183 1722 6186
6179 6186 612
614 6187 6180
6187 6188 6180
6187 1723 6188
6180 6188 1721
1723 6189 6188
6189 6190 6188
6189 1724 6190
6188 6190 1721
1723 6191 6189
6191 6192 6189
6191 342 6192
6189 6192 1724
1721 6190 6184
6190 6193 6184
6190 1724 6193
6184 6193 615
612 6186 6149
6186 6194 6149
6186 1722 6194
6149 6194 1713
1722 6195 6194
6195 6196 6194
6195 1725 6196
6194 6196 1713
1722 6185 6195
6185 6197 6195
6185 615 6197
6195 6197 1725
1713 6196 6150
6196 6198 6150
6196 1725 6198
6150 6198 341
342 6199 6192
6199 6200 6192
6199 1726 6200
6192 6200 1724
1726 6201 6200
6201 6202 6200
6201 1727 6202
6200 6202 1724
1726 6203 6201
6203 6204 6201
6203 616 6204
6201 6204 1727
1724 6202 6193
6202 6205 6193
6202 1727 6205
6193 6205 615
616 6206 6204
6206 6207 6204
6206 1728 6207
6204 6207 1727
1728 6208 6207
6208 6209 6207
6208 1729 6209
6207 6209 1727
1728 6210 6208
6210 6211 6208
6210 617 6211
6208 6211 1729
1727 6209 6205
6209 6212 6205
6209 1729 6212
6205 6212 615
616 6213 6206
6213 6214 6206
6213 1730 6214
6206 6214 1728
1730 6215 6214
6215 6216 6214
6215 1731 6216
6214 6216 1728
1730 6217 6215
6217 6218 6215
6217 343 6218
6215 6218 1731
1728 6216 6210
6216 6219 6210
6216 1731 6219
6210 6219 617
615 6212 6197
6212 6220 6197
6212 1729 6220
6197 6220 1725
1729 6221 6220
6221 6222 6220
6221 1732 6222
6220 6222 1725
1729 6211 6221
6211 6223 6221
6211 617 6223
6221 6223 1732
1725 6222 6198
6222 6224 6198
6222 1732 6224
6198 6224 341
342 6225 6199
6225 6226 6199
6225 1733 6226
6199 6226 1726
1733 6227 6226
6227 6228 6226
6227 1734 6228
6226 6228 1726
1733 6229 6227
6229 6230 6227
6229 618 6230
6227 6230 1734
1726 6228 6203
6228 6231 6203
6228 1734 6231
6203 6231 616
618 6232 6230
6232 6233 6230
6232 1735 6233
6230 6233 1734
1735 6234 6233
6234 6235 6233
6234 1736 6235
6233 6235 1734
1735 6236 6234
6236 6237 6234
6236 619 6237
6234 6237 1736
1734 6235 6231
6235 6238 6231
6235 1736 6238
6231 6238 616
618 6239 6232
6239 6240 6232
6239 1737 6240
6232 6240 1735
1737 6241 6240
6241 6242 6240
6241 1738 6242
6240 6242 1735
1737 6243 6241
6243 6244 6241
6243 276 6244
6241 6244 1738
1735 6242 6236
6242 6245 6236
6242 1738 6245
6236 6245 619
616 6238 6213
6238 6246 6213
6238 1736 6246
6213 6246 1730
1736 6247 6246
6247 6248 6246
6247 1739 6248
6246 6248 1730
1736 6237 6247
6237 6249 6247
6237 619 6249
6247 6249 1739
1730 6248 6217
6248 6250 6217
6248 1739 6250
6217 6250 343
341 6224 6166
6224 6251 6166
6224 1732 6251
6166 6251 1717
1732 6252 6251
6252 6253 6251
6252 1740 6253
6251 6253 1717
1732 6223 6252
6223 6254 6252
6223 617 6254
6252 6254 1740
1717 6253 6167
6253 6255 6167
6253 1740 6255
6167 6255 613
617 6256 6254
6256 6257 6254
6256 1741 6257
6254 6257 1740
1741 6258 6257
6258 6259 6257
6258 1742 6259
6257 6259 1740
1741 6260 6258
6260 6261 6258
6260 620 6261
6258 6261 1742
1740 6259 6255
6259 6262 6255
6259 1742 6262
6255 6262 613
617 6219 6256
6219 6263 6256
6219 1731 6263
6256 6263 1741
1731 6264 6263
6264 6265 6263
6264 1743 6265
6263 6265 1741
1731 6218 6264
6218 6266 6264
6218 343 6266
6264 6266 1743
1741 6265 6260
6265 6267 6260
6265 1743 6267
6260 6267 620
613 6262 6171
6262 6268 6171
6262 1742 6268
6171 6268 1718
1742 6269 6268
6269 6270 6268
6269 1744 6270
6268 6270 1718
1742 6261 6269
6261 6271 6269
6261 620 6271
6269 6271 1744
1718 6270 6172
6270 6272 6172
6270 1744 6272
6172 6272 274
177 178 6173
178 6273 6173
178 179 6273
6173 6273 1719
179 6274 6273
6274 6275 6273
6274 1745 6275
6273 6275 1719
179 180 6274
180 6276 6274
180 181 6276
6274 6276 1745
1719 6275 6177
6275 6277 6177
6275 1745 6277
6177 6277 614
181 6278 6276
6278 6279 6276
6278 1746 6279
6276 6279 1745
1746 6280 6279
6280 6281 6279
6280 1747 6281
6279 6281 1745
1746 6282 6280
6282 6283 6280
6282 621 6283
6280 6283 1747
1745 6281 6277
6281 6284 6277
6281 1747 6284
6277 6284 614
181 182 6278
182 6285 6278
182 183 6285
6278 6285 1746
183 6286 6285
6286 6287 6285
6286 1748 6287
6285 6287 1746
183 184 6286
184 6288 6286
184 185 6288
6286 6288 1748
1746 6287 6282
6287 6289 6282
6287 1748 6289
6282 6289 621
614 6284 6187
6284 6290 6187
6284 1747 6290
6187 6290 1723
1747 6291 6290
6291 6292 6290
6291 1749 6292
6290 6292 1723
1747 6283 6291
6283 6293 6291
6283 621 6293
6291 6293 1749
1723 6292 6191
6292 6294 6191
6292 1749 6294
6191 6294 342
185 6295 6288
6295 6296 6288
6295 1750 6296
6288 6296 1748
1750 6297 6296
6297 6298 6296
6297 1751 6298
6296 6298 1748
1750 6299 6297
6299 6300 6297
6299 622 6300
6297 6300 1751
1748 6298 6289
6298 6301 6289
6298 1751 6301
6289 6301 621
622 6302 6300
6302 6303 6300
6302 1752 6303
6300 6303 1751
1752 6304 6303
6304 6305 6303
6304 1753 6305
6303 6305 1751
1752 6306 6304
6306 6307 6304
6306 623 6307
6304 6307 1753
1751 6305 6301
6305 6308 6301
6305 1753 6308
6301 6308 621
622 6309 6302
6309 6310 6302
6309 1754 6310
6302 6310 1752
1754 6311 6310
6311 6312 6310
6311 1755 6312
6310 6312 1752
1754 6313 6311
6313 6314 6311
6313 344 6314
6311 6314 1755
1752 6312 6306
6312 6315 6306
6312 1755 6315
6306 6315 623
621 6308 6293
6308 6316 6293
6308 1753 6316
6293 6316 1749
1753 6317 6316
6317 6318 6316
6317 1756 6318
6316 6318 1749
1753 6307 6317
6307 6319 6317
6307 623 6319
6317 6319 1756
1749 6318 6294
6318 6320 6294
6318 1756 6320
6294 6320 342
185 186 6295
186 6321 6295
186 187 6321
6295 6321 1750
187 6322 6321
6322 6323 6321
6322 1757 6323
6321 6323 1750
187 188 6322
188 6324 6322
188 189 6324
6322 6324 1757
1750 6323 6299
6323 6325 6299
6323 1757 6325
6299 6325 622
189 6326 6324
6326 6327 6324
6326 1758 6327
6324 6327 1757
1758 6328 6327
6328 6329 6327
6328 1759 6329
6327 6329 1757
1758 6330 6328
6330 6331 6328
6330 624 6331
6328 6331 1759
1757 6329 6325
6329 6332 6325
6329 1759 6332
6325 6332 622
189 190 6326
190 6333 6326
190 191 6333
6326 6333 1758
191 6334 6333
6334 6335 6333
6334 1760 6335
6333 6335 1758
191 192 6334
192 6336 6334
192 3 6336
6334 6336 1760
1758 6335 6330
6335 6337 6330
6335 1760 6337
6330 6337 624
622 6332 6309
6332 6338 6309
6332 1759 6338
6309 6338 1754
1759 6339 6338
6339 6340 6338
6339 1761 6340
6338 6340 1754
1759 6331 6339
6331 6341 6339
6331 624 6341
6339 6341 1761
1754 6340 6313
6340 6342 6313
6340 1761 6342
6313 6342 344
342 6320 6225
6320 6343 6225
6320 1756 6343
6225 6343 1733
1756 6344 6343
6344 6345 6343
6344 1762 6345
6343 6345 1733
1756 6319 6344
6319 6346 6344
6319 623 6346
6344 6346 1762
1733 6345 6229
6345 6347 6229
6345 1762 6347
6229 6347 618
623 6348 6346
6348 6349 6346
6348 1763 6349
6346 6349 1762
1763 6350 6349
6350 6351 6349
6350 1764 6351
6349 6351 1762
1763 6352 6350
6352 6353 6350
6352 625 6353
6350 6353 1764
1762 6351 6347
6351 6354 6347
6351 1764 6354
6347 6354 618
623 6315 6348
6315 6355 6348
6315 1755 6355
6348 6355 1763
1755 6356 6355
6356 6357 6355
6356 1765 6357
6355 6357 1763
1755 6314 6356
6314 6358 6356
6314 344 6358
6356 6358 1765
1763 6357 6352
6357 6359 6352
6357 1765 6359
6352 6359 625
618 6354 6239
6354 6360 6239
6354 1764 6360
6239 6360 1737
1764 6361 6360
6361 6362 6360
6361 1766 6362
6360 6362 1737
1764 6353 6361
6353 6363 6361
6353 625 6363
6361 6363 1766
1737 6362 6243
6362 6364 6243
6362 1766 6364
6243 6364 276
274 6272 5889
6272 6365 5889
6272 1744 6365
5889 6365 1649
1744 6366 6365
6366 6367 6365
6366 1767 6367
6365 6367 1649
1744 6271 6366
6271 6368 6366
6271 620 6368
6366 6368 1767
1649 6367 5893
6367 6369 5893
6367 1767 6369
5893 6369 597
620 6370 6368
6370 6371 6368
6370 1768 6371
6368 6371 1767
1768 6372 6371
6372 6373 6371
6372 1769 6373
6371 6373 1767
1768 6374 6372
6374 6375 6372
6374 626 6375
6372 6375 1769
1767 6373 6369
6373 6376 6369
6373 1769 6376
6369 6376 597
620 6267 6370
6267 6377 6370
6267 1743 6377
6370 6377 1768
1743 6378 6377
6378 6379 6377
6378 1770 6379
6377 6379 1768
1743 6266 6378
6266 6380 6378
6266 343 6380
6378 6380 1770
1768 6379 6374
6379 6381 6374
6379 1770 6381
6374 6381 626
597 6376 5903
6376 6382 5903
6376 1769 6382
5903 6382 1653
1769 6383 6382
6383 6384 6382
6383 1771 6384
6382 6384 1653
1769 6375 6383
6375 6385 6383
6375 626 6385
6383 6385 1771
1653 6384 5907
6384 6386 5907
6384 1771 6386
5907 6386 338
343 6387 6380
6387 6388 6380
6387 1772 6388
6380 6388 1770
1772 6389 6388
6389 6390 6388
6389 1773 6390
6388 6390 1770
1772 6391 6389
6391 6392 6389
6391 627 6392
6389 6392 1773
1770 6390 6381
6390 6393 6381
6390 1773 6393
6381 6393 626
627 6394 6392
6394 6395 6392
6394 1774 6395
6392 6395 1773
1774 6396 6395
6396 6397 6395
6396 1775 6397
6395 6397 1773
1774 6398 6396
6398 6399 6396
6398 628 6399
6396 6399 1775
1773 6397 6393
6397 6400 6393
6397 1775 6400
6393 6400 626
627 6401 6394
6401 6402 6394
6401 1776 6402
6394 6402 1774
1776 6403 6402
6403 6404 6402
6403 1777 6404
6402 6404 1774
1776 6405 6403
6405 6406 6403
6405 345 6406
6403 6406 1777
1774 6404 6398
6404 6407 6398
6404 1777 6407
6398 6407 628
626 6400 6385
6400 6408 6385
6400 1775 6408
6385 6408 1771
1775 6409 6408
6409 6410 6408
6409 1778 6410
6408 6410 1771
1775 6399 6409
6399 6411 6409
6399 628 6411
6409 6411 1778
1771 6410 6386
6410 6412 6386
6410 1778 6412
6386 6412 338
343 6250 6387
6250 6413 6387
6250 1739 6413
6387 6413 1772
1739 6414 6413
6414 6415 6413
6414 1779 6415
6413 6415 1772
1739 6249 6414
6249 6416 6414
6249 619 6416
6414 6416 1779
1772 6415 6391
6415 6417 6391
6415 1779 6417
6391 6417 627
619 6418 6416
6418 6419 6416
6418 1780 6419
6416 6419 1779
1780 6420 6419
6420 6421 6419
6420 1781 6421
6419 6421 1779
1780 6422 6420
6422 6423 6420
6422 629 6423
6420 6423 1781
1779 6421 6417
6421 6424 6417
6421 1781 6424
6417 6424 627
619 6245 6418
6245 6425 6418
6245 1738 6425
6418 6425 1780
1738 6426 6425
6426 6427 6425
6426 1782 6427
6425 6427 1780
1738 6244 6426
6244 6428 6426
6244 276 6428
6426 6428 1782
1780 6427 6422
6427 6429 6422
6427 1782 6429
6422 6429 629
627 6424 6401
6424 6430 6401
6424 1781 6430
6401 6430 1776
1781 6431 6430
6431 6432 6430
6431 1783 6432
6430 6432 1776
1781 6423 6431
6423 6433 6431
6423 629 6433
6431 6433 1783
1776 6432 6405
6432 6434 6405
6432 1783 6434
6405 6434 345
338 6412 5941
6412 6435 5941
6412 1778 6435
5941 6435 1663
1778 6436 6435
6436 6437 6435
6436 1784 6437
6435 6437 1663
1778 6411 6436
6411 6438 6436
6411 628 6438
6436 6438 1784
1663 6437 5945
6437 6439 5945
6437 1784 6439
5945 6439 601
628 6440 6438
6440 6441 6438
6440 1785 6441
6438 6441 1784
1785 6442 6441
6442 6443 6441
6442 1786 6443
6441 6443 1784
1785 6444 6442
6444 6445 6442
6444 630 6445
6442 6445 1786
1784 6443 6439
6443 6446 6439
6443 1786 6446
6439 6446 601
628 6407 6440
6407 6447 6440
6407 1777 6447
6440 6447 1785
1777 6448 6447
6448 6449 6447
6448 1787 6449
6447 6449 1785
1777 6406 6448
6406 6450 6448
6406 345 6450
6448 6450 1787
1785 6449 6444
6449 6451 6444
6449 1787 6451
6444 6451 630
601 6446 5955
6446 6452 5955
6446 1786 6452
5955 6452 1667
1786 6453 6452
6453 6454 6452
6453 1788 6454
6452 6454 1667
1786 6445 6453
6445 6455 6453
6445 630 6455
6453 6455 1788
1667 6454 5959
6454 6456 5959
6454 1788 6456
5959 6456 260
257 6080 3664
6080 6457 3664
6080 1696 6457
3664 6457 1096
1696 6458 6457
6458 6459 6457
6458 1789 6459
6457 6459 1096
1696 6079 6458
6079 6460 6458
6079 608 6460
6458 6460 1789
1096 6459 3665
6459 6461 3665
6459 1789 6461
3665 6461 460
608 6462 6460
6462 6463 6460
6462 1790 6463
6460 6463 1789
1790 6464 6463
6464 6465 6463
6464 1791 6465
6463 6465 1789
1790 6466 6464
6466 6467 6464
6466 631 6467
6464 6467 1791
1789 6465 6461
6465 6468 6461
6465 1791 6468
6461 6468 460
608 6075 6462
6075 6469 6462
6075 1695 6469
6462 6469 1790
1695 6470 6469
6470 6471 6469
6470 1792 6471
6469 6471 1790
1695 6074 6470
6074 6472 6470
6074 340 6472
6470 6472 1792
1790 6471 6466
6471 6473 6466
6471 1792 6473
6466 6473 631
460 6468 3669
6468 6474 3669
6468 1791 6474
3669 6474 1097
1791 6475 6474
6475 6476 6474
6475 1793 6476
6474 6476 1097
1791 6467 6475
6467 6477 6475
6467 631 6477
6475 6477 1793
1097 6476 3670
6476 6478 3670
6476 1793 6478
3670 6478 304
340 6479 6472
6479 6480 6472
6479 1794 6480
6472 6480 1792
1794 6481 6480
6481 6482 6480
6481 1795 6482
6480 6482 1792
1794 6483 6481
6483 6484 6481
6483 632 6484
6481 6484 1795
1792 6482 6473
6482 6485 6473
6482 1795 6485
6473 6485 631
632 6486 6484
6486 6487 6484
6486 1796 6487
6484 6487 1795
1796 6488 6487
6488 6489 6487
6488 1797 6489
6487 6489 1795
1796 6490 6488
6490 6491 6488
6490 633 6491
6488 6491 1797
1795 6489 6485
6489 6492 6485
6489 1797 6492
6485 6492 631
632 6493 6486
6493 6494 6486
6493 1798 6494
6486 6494 1796
1798 6495 6494
6495 6496 6494
6495 1799 6496
6494 6496 1796
1798 6497 6495
6497 6498 6495
6497 346 6498
6495 6498 1799
1796 6496 6490
6496 6499 6490
6496 1799 6499
6490 6499 633
631 6492 6477
6492 6500 6477
6492 1797 6500
6477 6500 1793
1797 6501 6500
6501 6502 6500
6501 1800 6502
6500 6502 1793
1797 6491 6501
6491 6503 6501
6491 633 6503
6501 6503 1800
1793 6502 6478
6502 6504 6478
6502 1800 6504
6478 6504 304
340 6058 6479
6058 6505 6479
6058 1691 6505
6479 6505 1794
1691 6506 6505
6506 6507 6505
6506 1801 6507
6505 6507 1794
1691 6057 6506
6057 6508 6506
6057 607 6508
6506 6508 1801
1794 6507 6483
6507 6509 6483
6507 1801 6509
6483 6509 632
607 6510 6508
6510 6511 6508
6510 1802 6511
6508 6511 1801
1802 6512 6511
6512 6513 6511
6512 1803 6513
6511 6513 1801
1802 6514 6512
6514 6515 6512
6514 634 6515
6512 6515 1803
1801 6513 6509
6513 6516 6509
6513 1803 6516
6509 6516 632
607 6053 6510
6053 6517 6510
6053 1690 6517
6510 6517 1802
1690 6518 6517
6518 6519 6517
6518 1804 6519
6517 6519 1802
1690 6052 6518
6052 6520 6518
6052 275 6520
6518 6520 1804
1802 6519 6514
6519 6521 6514
6519 1804 6521
6514 6521 634
632 6516 6493
6516 6522 6493
6516 1803 6522
6493 6522 1798
1803 6523 6522
6523 6524 6522
6523 1805 6524
6522 6524 1798
1803 6515 6523
6515 6525 6523
6515 634 6525
6523 6525 1805
1798 6524 6497
6524 6526 6497
6524 1805 6526
6497 6526 346
304 6504 3686
6504 6527 3686
6504 1800 6527
3686 6527 1101
1800 6528 6527
6528 6529 6527
6528 1806 6529
6527 6529 1101
1800 6503 6528
6503 6530 6528
6503 633 6530
6528 6530 1806
1101 6529 3687
6529 6531 3687
6529 1806 6531
3687 6531 461
633 6532 6530
6532 6533 6530
6532 1807 6533
6530 6533 1806
1807 6534 6533
6534 6535 6533
6534 1808 6535
6533 6535 1806
1807 6536 6534
6536 6537 6534
6536 635 6537
6534 6537 1808
1806 6535 6531
6535 6538 6531
6535 1808 6538
6531 6538 461
633 6499 6532
6499 6539 6532
6499 1799 6539
6532 6539 1807
1799 6540 6539
6540 6541 6539
6540 1809 6541
6539 6541 1807
1799 6498 6540
6498 6542 6540
6498 346 6542
6540 6542 1809
1807 6541 6536
6541 6543 6536
6541 1809 6543
6536 6543 635
461 6538 3691
6538 6544 3691
6538 1808 6544
3691 6544 1102
1808 6545 6544
6545 6546 6544
6545 1810 6546
6544 6546 1102
1808 6537 6545
6537 6547 6545
6537 635 6547
6545 6547 1810
1102 6546 3692
6546 6548 3692
6546 1810 6548
3692 6548 266
275 6549 6520
6549 6550 6520
6549 1811 6550
6520 6550 1804
1811 6551 6550
6551 6552 6550
6551 1812 6552
6550 6552 1804
1811 6553 6551
6553 6554 6551
6553 636 6554
6551 6554 1812
1804 6552 6521
6552 6555 6521
6552 1812 6555
6521 6555 634
636 6556 6554
6556 6557 6554
6556 1813 6557
6554 6557 1812
1813 6558 6557
6558 6559 6557
6558 1814 6559
6557 6559 1812
1813 6560 6558
6560 6561 6558
6560 637 6561
6558 6561 1814
1812 6559 6555
6559 6562 6555
6559 1814 6562
6555 6562 634
636 6563 6556
6563 6564 6556
6563 1815 6564
6556 6564 1813
1815 6565 6564
6565 6566 6564
6565 1816 6566
6564 6566 1813
1815 6567 6565
6567 6568 6565
6567 347 6568
6565 6568 1816
1813 6566 6560
6566 6569 6560
6566 1816 6569
6560 6569 637
634 6562 6525
6562 6570 6525
6562 1814 6570
6525 6570 1805
1814 6571 6570
6571 6572 6570
6571 1817 6572
6570 6572 1805
1814 6561 6571
6561 6573 6571
6561 637 6573
6571 6573 1817
1805 6572 6526
6572 6574 6526
6572 1817 6574
6526 6574 346
347 6575 6568
6575 6576 6568
6575 1818 6576
6568 6576 1816
1818 6577 6576
6577 6578 6576
6577 1819 6578
6576 6578 1816
1818 6579 6577
6579 6580 6577
6579 638 6580
6577 6580 1819
1816 6578 6569
6578 6581 6569
6578 1819 6581
6569 6581 637
638 6582 6580
6582 6583 6580
6582 1820 6583
6580 6583 1819
1820 6584 6583
6584 6585 6583
6584 1821 6585
6583 6585 1819
1820 6586 6584
6586 6587 6584
6586 639 6587
6584 6587 1821
1819 6585 6581
6585 6588 6581
6585 1821 6588
6581 6588 637
638 6589 6582
6589 6590 6582
6589 1822 6590
6582 6590 1820
1822 6591 6590
6591 6592 6590
6591 1823 6592
6590 6592 1820
1822 6593 6591
6593 6594 6591
6593 348 6594
6591 6594 1823
1820 6592 6586
6592 6595 6586
6592 1823 6595
6586 6595 639
637 6588 6573
6588 6596 6573
6588 1821 6596
6573 6596 1817
1821 6597 6596
6597 6598 6596
6597 1824 6598
6596 6598 1817
1821 6587 6597
6587 6599 6597
6587 639 6599
6597 6599 1824
1817 6598 6574
6598 6600 6574
6598 1824 6600
6574 6600 346
347 6601 6575
6601 6602 6575
6601 1825 6602
6575 6602 1818
1825 6603 6602
6603 6604 6602
6603 1826 6604
6602 6604 1818
1825 6605 6603
6605 6606 6603
6605 640 6606
6603 6606 1826
1818 6604 6579
6604 6607 6579
6604 1826 6607
6579 6607 638
640 6608 6606
6608 6609 6606
6608 1827 6609
6606 6609 1826
1827 6610 6609
6610 6611 6609
6610 1828 6611
6609 6611 1826
1827 6612 6610
6612 6613 6610
6612 641 6613
6610 6613 1828
1826 6611 6607
6611 6614 6607
6611 1828 6614
6607 6614 638
640 6615 6608
6615 6616 6608
6615 1829 6616
6608 6616 1827
1829 6617 6616
6617 6618 6616
6617 1830 6618
6616 6618 1827
1829 6619 6617
6619 6620 6617
6619 277 6620
6617 6620 1830
1827 6618 6612
6618 6621 6612
6618 1830 6621
6612 6621 641
638 6614 6589
6614 6622 6589
6614 1828 6622
6589 6622 1822
1828 6623 6622
6623 6624 6622
6623 1831 6624
6622 6624 1822
1828 6613 6623
6613 6625 6623
6613 641 6625
6623 6625 1831
1822 6624 6593
6624 6626 6593
6624 1831 6626
6593 6626 348
346 6600 6542
6600 6627 6542
6600 1824 6627
6542 6627 1809
1824 6628 6627
6628 6629 6627
6628 1832 6629
6627 6629 1809
1824 6599 6628
6599 6630 6628
6599 639 6630
6628 6630 1832
1809 6629 6543
6629 6631 6543
6629 1832 6631
6543 6631 635
639 6632 6630
6632 6633 6630
6632 1833 6633
6630 6633 1832
1833 6634 6633
6634 6635 6633
6634 1834 6635
6633 6635 1832
1833 6636 6634
6636 6637 6634
6636 642 6637
6634 6637 1834
1832 6635 6631
6635 6638 6631
6635 1834 6638
6631 6638 635
639 6595 6632
6595 6639 6632
6595 1823 6639
6632 6639 1833
1823 6640 6639
6640 6641 6639
6640 1835 6641
6639 6641 1833
1823 6594 6640
6594 6642 6640
6594 348 6642
6640 6642 1835
1833 6641 6636
6641 6643 6636
6641 1835 6643
6636 6643 642
635 6638 6547
6638 6644 6547
6638 1834 6644
6547 6644 1810
1834 6645 6644
6645 6646 6644
6645 1836 6646
6644 6646 1810
1834 6637 6645
6637 6647 6645
6637 642 6647
6645 6647 1836
1810 6646 6548
6646 6648 6548
6646 1836 6648
6548 6648 266
275 5988 6549
5988 6649 6549
5988 1674 6649
6549 6649 1811
1674 6650 6649
6650 6651 6649
6650 1837 6651
6649 6651 1811
1674 5987 6650
5987 6652 6650
5987 603 6652
6650 6652 1837
1811 6651 6553
6651 6653 6553
6651 1837 6653
6553 6653 636
603 6654 6652
6654 6655 6652
6654 1838 6655
6652 6655 1837
1838 6656 6655
6656 6657 6655
6656 1839 6657
6655 6657 1837
1838 6658 6656
6658 6659 6656
6658 643 6659
6656 6659 1839
1837 6657 6653
6657 6660 6653
6657 1839 6660
6653 6660 636
603 5983 6654
5983 6661 6654
5983 1673 6661
6654 6661 1838
1673 6662 6661
6662 6663 6661
6662 1840 6663
6661 6663 1838
1673 5982 6662
5982 6664 6662
5982 339 6664
6662 6664 1840
1838 6663 6658
6663 6665 6658
6663 1840 6665
6658 6665 643
636 6660 6563
6660 6666 6563
6660 1839 6666
6563 6666 1815
1839 6667 6666
6667 6668 6666
6667 1841 6668
6666 6668 1815
1839 6659 6667
6659 6669 6667
6659 643 6669
6667 6669 1841
1815 6668 6567
6668 6670 6567
6668 1841 6670
6567 6670 347
339 6671 6664
6671 6672 6664
6671 1842 6672
6664 6672 1840
1842 6673 6672
6673 6674 6672
6673 1843 6674
6672 6674 1840
1842 6675 6673
6675 6676 6673
6675 644 6676
6673 6676 1843
1840 6674 6665
6674 6677 6665
6674 1843 6677
6665 6677 643
644 6678 6676
6678 6679 6676
6678 1844 6679
6676 6679 1843
1844 6680 6679
6680 6681 6679
6680 1845 6681
6679 6681 1843
1844 6682 6680
6682 6683 6680
6682 645 6683
6680 6683 1845
1843 6681 6677
6681 6684 6677
6681 1845 6684
6677 6684 643
644 6685 6678
6685 6686 6678
6685 1846 6686
6678 6686 1844
1846 6687 6686
6687 6688 6686
6687 1847 6688
6686 6688 1844
1846 6689 6687
6689 6690 6687
6689 349 6690
6687 6690 1847
1844 6688 6682
6688 6691 6682
6688 1847 6691
6682 6691 645
643 6684 6669
6684 6692 6669
6684 1845 6692
6669 6692 1841
1845 6693 6692
6693 6694 6692
6693 1848 6694
6692 6694 1841
1845 6683 6693
6683 6695 6693
6683 645 6695
6693 6695 1848
1841 6694 6670
6694 6696 6670
6694 1848 6696
6670 6696 347
339 5966 6671
5966 6697 6671
5966 1669 6697
6671 6697 1842
1669 6698 6697
6698 6699 6697
6698 1849 6699
6697 6699 1842
1669 5965 6698
5965 6700 6698
5965 602 6700
6698 6700 1849
1842 6699 6675
6699 6701 6675
6699 1849 6701
6675 6701 644
602 6702 6700
6702 6703 6700
6702 1850 6703
6700 6703 1849
1850 6704 6703
6704 6705 6703
6704 1851 6705
6703 6705 1849
1850 6706 6704
6706 6707 6704
6706 646 6707
6704 6707 1851
1849 6705 6701
6705 6708 6701
6705 1851 6708
6701 6708 644
602 5961 6702
5961 6709 6702
5961 1668 6709
6702 6709 1850
1668 6710 6709
6710 6711 6709
6710 1852 6711
6709 6711 1850
1668 5960 6710
5960 6712 6710
5960 260 6712
6710 6712 1852
1850 6711 6706
6711 6713 6706
6711 1852 6713
6706 6713 646
644 6708 6685
6708 6714 6685
6708 1851 6714
6685 6714 1846
1851 6715 6714
6715 6716 6714
6715 1853 6716
6714 6716 1846
1851 6707 6715
6707 6717 6715
6707 646 6717
6715 6717 1853
1846 6716 6689
6716 6718 6689
6716 1853 6718
6689 6718 349
347 6696 6601
6696 6719 6601
6696 1848 6719
6601 6719 1825
1848 6720 6719
6720 6721 6719
6720 1854 6721
6719 6721 1825
1848 6695 6720
6695 6722 6720
6695 645 6722
6720 6722 1854
1825 6721 6605
6721 6723 6605
6721 1854 6723
6605 6723 640
645 6724 6722
6724 6725 6722
6724 1855 6725
6722 6725 1854
1855 6726 6725
6726 6727 6725
6726 1856 6727
6725 6727 1854
1855 6728 6726
6728 6729 6726
6728 647 6729
6726 6729 1856
1854 6727 6723
6727 6730 6723
6727 1856 6730
6723 6730 640
645 6691 6724
6691 6731 6724
6691 1847 6731
6724 6731 1855
1847 6732 6731
6732 6733 6731
6732 1857 6733
6731 6733 1855
1847 6690 6732
6690 6734 6732
6690 349 6734
6732 6734 1857
1855 6733 6728
6733 6735 6728
6733 1857 6735
6728 6735 647
640 6730 6615
6730 6736 6615
6730 1856 6736
6615 6736 1829
1856 6737 6736
6737 6738 6736
6737 1858 6738
6736 6738 1829
1856 6729 6737
6729 6739 6737
6729 647 6739
6737 6739 1858
1829 6738 6619
6738 6740 6619
6738 1858 6740
6619 6740 277
266 6648 3760
6648 6741 3760
6648 1836 6741
3760 6741 1120
1836 6742 6741
6742 6743 6741
6742 1859 6743
6741 6743 1120
1836 6647 6742
6647 6744 6742
6647 642 6744
6742 6744 1859
1120 6743 3761
6743 6745 3761
6743 1859 6745
3761 6745 466
642 6746 6744
6746 6747 6744
6746 1860 6747
6744 6747 1859
1860 6748 6747
6748 6749 6747
6748 1861 6749
6747 6749 1859
1860 6750 6748
6750 6751 6748
6750 648 6751
6748 6751 1861
1859 6749 6745
6749 6752 6745
6749 1861 6752
6745 6752 466
642 6643 6746
6643 6753 6746
6643 1835 6753
6746 6753 1860
1835 6754 6753
6754 6755 6753
6754 1862 6755
6753 6755 1860
1835 6642 6754
6642 6756 6754
6642 348 6756
6754 6756 1862
1860 6755 6750
6755 6757 6750
6755 1862 6757
6750 6757 648
466 6752 3765
6752 6758 3765
6752 1861 6758
3765 6758 1121
1861 6759 6758
6759 6760 6758
6759 1863 6760
6758 6760 1121
1861 6751 6759
6751 6761 6759
6751 648 6761
6759 6761 1863
1121 6760 3766
6760 6762 3766
6760 1863 6762
3766 6762 305
348 6763 6756
6763 6764 6756
6763 1864 6764
6756 6764 1862
1864 6765 6764
6765 6766 6764
6765 1865 6766
6764 6766 1862
1864 6767 6765
6767 6768 6765
6767 649 6768
6765 6768 1865
1862 6766 6757
6766 6769 6757
6766 1865 6769
6757 6769 648
649 6770 6768
6770 6771 6768
6770 1866 6771
6768 6771 1865
1866 6772 6771
6772 6773 6771
6772 1867 6773
6771 6773 1865
1866 6774 6772
6774 6775 6772
6774 650 6775
6772 6775 1867
1865 6773 6769
6773 6776 6769
6773 1867 6776
6769 6776 648
649 6777 6770
6777 6778 6770
6777 1868 6778
6770 6778 1866
1868 6779 6778
6779 6780 6778
6779 1869 6780
6778 6780 1866
1868 6781 6779
6781 6782 6779
6781 350 6782
6779 6782 1869
1866 6780 6774
6780 6783 6774
6780 1869 6783
6774 6783 650
648 6776 6761
6776 6784 6761
6776 1867 6784
6761 6784 1863
1867 6785 6784
6785 6786 6784
6785 1870 6786
6784 6786 1863
1867 6775 6785
6775 6787 6785
6775 650 6787
6785 6787 1870
1863 6786 6762
6786 6788 6762
6786 1870 6788
6762 6788 305
348 6626 6763
6626 6789 6763
6626 1831 6789
6763 6789 1864
1831 6790 6789
6790 6791 6789
6790 1871 6791
6789 6791 1864
1831 6625 6790
6625 6792 6790
6625 641 6792
6790 6792 1871
1864 6791 6767
6791 6793 6767
6791 1871 6793
6767 6793 649
641 6794 6792
6794 6795 6792
6794 1872 6795
6792 6795 1871
1872 6796 6795
6796 6797 6795
6796 1873 6797
6795 6797 1871
1872 6798 6796
6798 6799 6796
6798 651 6799
6796 6799 1873
1871 6797 6793
6797 6800 6793
6797 1873 6800
6793 6800 649
641 6621 6794
6621 6801 6794
6621 1830 6801
6794 6801 1872
1830 6802 6801
6802 6803 6801
6802 1874 6803
6801 6803 1872
1830 6620 6802
6620 6804 6802
6620 277 6804
6802 6804 1874
1872 6803 6798
6803 6805 6798
6803 1874 6805
6798 6805 651
649 6800 6777
6800 6806 6777
6800 1873 6806
6777 6806 1868
1873 6807 6806
6807 6808 6806
6807 1875 6808
6806 6808 1868
1873 6799 6807
6799 6809 6807
6799 651 6809
6807 6809 1875
1868 6808 6781
6808 6810 6781
6808 1875 6810
6781 6810 350
305 6788 3784
6788 6811 3784
6788 1870 6811
3784 6811 1126
1870 6812 6811
6812 6813 6811
6812 1876 6813
6811 6813 1126
1870 6787 6812
6787 6814 6812
6787 650 6814
6812 6814 1876
1126 6813 3785
6813 6815 3785
6813 1876 6815
3785 6815 467
650 6816 6814
6816 6817 6814
6816 1877 6817
6814 6817 1876
1877 6818 6817
6818 6819 6817
6818 1878 6819
6817 6819 1876
1877 6820 6818
6820 6821 6818
6820 652 6821
6818 6821 1878
1876 6819 6815
6819 6822 6815
6819 1878 6822
6815 6822 467
650 6783 6816
6783 6823 6816
6783 1869 6823
6816 6823 1877
1869 6824 6823
6824 6825 6823
6824 1879 6825
6823 6825 1877
1869 6782 6824
6782 6826 6824
6782 350 6826
6824 6826 1879
1877 6825 6820
6825 6827 6820
6825 1879 6827
6820 6827 652
467 6822 3790
6822 6828 3790
6822 1878 6828
3790 6828 1127
1878 6829 6828
6829 6830 6828
6829 1880 6830
6828 6830 1127
1878 6821 6829
6821 6831 6829
6821 652 6831
6829 6831 1880
1127 6830 3791
6830 6832 3791
6830 1880 6832
3791 6832 256
3 193 6336
193 6833 6336
193 194 6833
6336 6833 1760
194 6834 6833
6834 6835 6833
6834 1881 6835
6833 6835 1760
194 195 6834
195 6836 6834
195 196 6836
6834 6836 1881
1760 6835 6337
6835 6837 6337
6835 1881 6837
6337 6837 624
196 6838 6836
6838 6839 6836
6838 1882 6839
6836 6839 1881
1882 6840 6839
6840 6841 6839
6840 1883 6841
6839 6841 1881
1882 6842 6840
6842 6843 6840
6842 653 6843
6840 6843 1883
1881 6841 6837
6841 6844 6837
6841 1883 6844
6837 6844 624
196 197 6838
197 6845 6838
197 198 6845
6838 6845 1882
198 6846 6845
6846 6847 6845
6846 1884 6847
6845 6847 1882
198 199 6846
199 6848 6846
199 200 6848
6846 6848 1884
1882 6847 6842
6847 6849 6842
6847 1884 6849
6842 6849 653
624 6844 6341
6844 6850 6341
6844 1883 6850
6341 6850 1761
1883 6851 6850
6851 6852 6850
6851 1885 6852
6850 6852 1761
1883 6843 6851
6843 6853 6851
6843 653 6853
6851 6853 1885
1761 6852 6342
6852 6854 6342
6852 1885 6854
6342 6854 344
200 6855 6848
6855 6856 6848
6855 1886 6856
6848 6856 1884
1886 6857 6856
6857 6858 6856
6857 1887 6858
6856 6858 1884
1886 6859 6857
6859 6860 6857
6859 654 6860
6857 6860 1887
1884 6858 6849
6858 6861 6849
6858 1887 6861
6849 6861 653
654 6862 6860
6862 6863 6860
6862 1888 6863
6860 6863 1887
1888 6864 6863
6864 6865 6863
6864 1889 6865
6863 6865 1887
1888 6866 6864
6866 6867 6864
6866 655 6867
6864 6867 1889
1887 6865 6861
6865 6868 6861
6865 1889 6868
6861 6868 653
654 6869 6862
6869 6870 6862
6869 1890 6870
6862 6870 1888
1890 6871 6870
6871 6872 6870
6871 1891 6872
6870 6872 1888
1890 6873 6871
6873 6874 6871
6873 351 6874
6871 6874 1891
1888 6872 6866
6872 6875 6866
6872 1891 6875
6866 6875 655
653 6868 6853
6868 6876 6853
6868 1889 6876
6853 6876 1885
1889 6877 6876
6877 6878 6876
6877 1892 6878
6876 6878 1885
1889 6867 6877
6867 6879 6877
6867 655 6879
6877 6879 1892
1885 6878 6854
6878 6880 6854
6878 1892 6880
6854 6880 344
200 201 6855
201 6881 6855
201 202 6881
6855 6881 1886
202 6882 6881
6882 6883 6881
6882 1893 6883
6881 6883 1886
202 203 6882
203 6884 6882
203 204 6884
6882 6884 1893
1886 6883 6859
6883 6885 6859
6883 1893 6885
6859 6885 654
204 6886 6884
6886 6887 6884
6886 1894 6887
6884 6887 1893
1894 6888 6887
6888 6889 6887
6888 1895 6889
6887 6889 1893
1894 6890 6888
6890 6891 6888
6890 656 6891
6888 6891 1895
1893 6889 6885
6889 6892 6885
6889 1895 6892
6885 6892 654
204 205 6886
205 6893 6886
205 206 6893
6886 6893 1894
206 6894 6893
6894 6895 6893
6894 1896 6895
6893 6895 1894
206 207 6894
207 6896 6894
207 208 6896
6894 6896 1896
1894 6895 6890
6895 6897 6890
6895 1896 6897
6890 6897 656
654 6892 6869
6892 6898 6869
6892 1895 6898
6869 6898 1890
1895 6899 6898
6899 6900 6898
6899 1897 6900
6898 6900 1890
1895 6891 6899
6891 6901 6899
6891 656 6901
6899 6901 1897
1890 6900 6873
6900 6902 6873
6900 1897 6902
6873 6902 351
344 6880 6358
6880 6903 6358
6880 1892 6903
6358 6903 1765
1892 6904 6903
6904 6905 6903
6904 1898 6905
6903 6905 1765
1892 6879 6904
6879 6906 6904
6879 655 6906
6904 6906 1898
1765 6905 6359
6905 6907 6359
6905 1898 6907
6359 6907 625
655 6908 6906
6908 6909 6906
6908 1899 6909
6906 6909 1898
1899 6910 6909
6910 6911 6909
6910 1900 6911
6909 6911 1898
1899 6912 6910
6912 6913 6910
6912 657 6913
6910 6913 1900
1898 6911 6907
6911 6914 6907
6911 1900 6914
6907 6914 625
655 6875 6908
6875 6915 6908
6875 1891 6915
6908 6915 1899
1891 6916 6915
6916 6917 6915
6916 1901 6917
6915 6917 1899
1891 6874 6916
6874 6918 6916
6874 351 6918
6916 6918 1901
1899 6917 6912
6917 6919 6912
6917 1901 6919
6912 6919 657
625 6914 6363
6914 6920 6363
6914 1900 6920
6363 6920 1766
1900 6921 6920
6921 6922 6920
6921 1902 6922
6920 6922 1766
1900 6913 6921
6913 6923 6921
6913 657 6923
6921 6923 1902
1766 6922 6364
6922 6924 6364
6922 1902 6924
6364 6924 276
208 6925 6896
6925 6926 6896
6925 1903 6926
6896 6926 1896
1903 6927 6926
6927 6928 6926
6927 1904 6928
6926 6928 1896
1903 6929 6927
6929 6930 6927
6929 658 6930
6927 6930 1904
1896 6928 6897
6928 6931 6897
6928 1904 6931
6897 6931 656
658 6932 6930
6932 6933 6930
6932 1905 6933
6930 6933 1904
1905 6934 6933
6934 6935 6933
6934 1906 6935
6933 6935 1904
1905 6936 6934
6936 6937 6934
6936 659 6937
6934 6937 1906
1904 6935 6931
6935 6938 6931
6935 1906 6938
6931 6938 656
658 6939 6932
6939 6940 6932
6939 1907 6940
6932 6940 1905
1907 6941 6940
6941 6942 6940
6941 1908 6942
6940 6942 1905
1907 6943 6941
6943 6944 6941
6943 352 6944
6941 6944 1908
1905 6942 6936
6942 6945 6936
6942 1908 6945
6936 6945 659
656 6938 6901
6938 6946 6901
6938 1906 6946
6901 6946 1897
1906 6947 6946
6947 6948 6946
6947 1909 6948
6946 6948 1897
1906 6937 6947
6937 6949 6947
6937 659 6949
6947 6949 1909
1897 6948 6902
6948 6950 6902
6948 1909 6950
6902 6950 351
352 6951 6944
6951 6952 6944
6951 1910 6952
6944 6952 1908
1910 6953 6952
6953 6954 6952
6953 1911 6954
6952 6954 1908
1910 6955 6953
6955 6956 6953
6955 660 6956
6953 6956 1911
1908 6954 6945
6954 6957 6945
6954 1911 6957
6945 6957 659
660 6958 6956
6958 6959 6956
6958 1912 6959
6956 6959 1911
1912 6960 6959
6960 6961 6959
6960 1913 6961
6959 6961 1911
1912 6962 6960
6962 6963 6960
6962 661 6963
6960 6963 1913
1911 6961 6957
6961 6964 6957
6961 1913 6964
6957 6964 659
660 6965 6958
6965 6966 6958
6965 1914 6966
6958 6966 1912
1914 6967 6966
6967 6968 6966
6967 1915 6968
6966 6968 1912
1914 6969 6967
6969 6970 6967
6969 353 6970
6967 6970 1915
1912 6968 6962
6968 6971 6962
6968 1915 6971
6962 6971 661
659 6964 6949
6964 6972 6949
6964 1913 6972
6949 6972 1909
1913 6973 6972
6973 6974 6972
6973 1916 6974
6972 6974 1909
1913 6963 6973
6963 6975 6973
6963 661 6975
6973 6975 1916
1909 6974 6950
6974 6976 6950
6974 1916 6976
6950 6976 351
352 6977 6951
6977 6978 6951
6977 1917 6978
6951 6978 1910
1917 6979 6978
6979 6980 6978
6979 1918 6980
6978 6980 1910
1917 6981 6979
6981 6982 6979
6981 662 6982
6979 6982 1918
1910 6980 6955
6980 6983 6955
6980 1918 6983
6955 6983 660
662 6984 6982
6984 6985 6982
6984 1919 6985
6982 6985 1918
1919 6986 6985
6986 6987 6985
6986 1920 6987
6985 6987 1918
1919 6988 6986
6988 6989 6986
6988 663 6989
6986 6989 1920
1918 6987 6983
6987 6990 6983
6987 1920 6990
6983 6990 660
662 6991 6984
6991 6992 6984
6991 1921 6992
6984 6992 1919
1921 6993 6992
6993 6994 6992
6993 1922 6994
6992 6994 1919
1921 6995 6993
6995 6996 6993
6995 278 6996
6993 6996 1922
1919 6994 6988
6994 6997 6988
6994 1922 6997
6988 6997 663
660 6990 6965
6990 6998 6965
6990 1920 6998
6965 6998 1914
1920 6999 6998
6999 7000 6998
6999 1923 7000
6998 7000 1914
1920 6989 6999
6989 7001 6999
6989 663 7001
6999 7001 1923
1914 7000 6969
7000 7002 6969
7000 1923 7002
6969 7002 353
351 6976 6918
6976 7003 6918
6976 1916 7003
6918 7003 1901
1916 7004 7003
7004 7005 7003
7004 1924 7005
7003 7005 1901
1916 6975 7004
6975 7006 7004
6975 661 7006
7004 7006 1924
1901 7005 6919
7005 7007 6919
7005 1924 7007
6919 7007 657
661 7008 7006
7008 7009 7006
7008 1925 7009
7006 7009 1924
1925 7010 7009
7010 7011 7009
7010 1926 7011
7009 7011 1924
1925 7012 7010
7012 7013 7010
7012 664 7013
7010 7013 1926
1924 7011 7007
7011 7014 7007
7011 1926 7014
7007 7014 657
661 6971 7008
6971 7015 7008
6971 1915 7015
7008 7015 1925
1915 7016 7015
7016 7017 7015
7016 1927 7017
7015 7017 1925
1915 6970 7016
6970 7018 7016
6970 353 7018
7016 7018 1927
1925 7017 7012
7017 7019 7012
7017 1927 7019
7012 7019 664
657 7014 6923
7014 7020 6923
7014 1926 7020
6923 7020 1902
1926 7021 7020
7021 7022 7020
7021 1928 7022
7020 7022 1902
1926 7013 7021
7013 7023 7021
7013 664 7023
7021 7023 1928
1902 7022 6924
7022 7024 6924
7022 1928 7024
6924 7024 276
208 209 6925
209 7025 6925
209 210 7025
6925 7025 1903
210 7026 7025
7026 7027 7025
7026 1929 7027
7025 7027 1903
210 211 7026
211 7028 7026
211 212 7028
7026 7028 1929
1903 7027 6929
7027 7029 6929
7027 1929 7029
6929 7029 658
212 7030 7028
7030 7031 7028
7030 1930 7031
7028 7031 1929
1930 7032 7031
7032 7033 7031
7032 1931 7033
7031 7033 1929
1930 7034 7032
7034 7035 7032
7034 665 7035
7032 7035 1931
1929 7033 7029
7033 7036 7029
7033 1931 7036
7029 7036 658
212 213 7030
213 7037 7030
213 214 7037
7030 7037 1930
214 7038 7037
7038 7039 7037
7038 1932 7039
7037 7039 1930
214 215 7038
215 7040 7038
215 216 7040
7038 7040 1932
1930 7039 7034
7039 7041 7034
7039 1932 7041
7034 7041 665
658 7036 6939
7036 7042 6939
7036 1931 7042
6939 7042 1907
1931 7043 7042
7043 7044 7042
7043 1933 7044
7042 7044 1907
1931 7035 7043
7035 7045 7043
7035 665 7045
7043 7045 1933
1907 7044 6943
7044 7046 6943
7044 1933 7046
6943 7046 352
216 7047 7040
7047 7048 7040
7047 1934 7048
7040 7048 1932
1934 7049 7048
7049 7050 7048
7049 1935 7050
7048 7050 1932
1934 7051 7049
7051 7052 7049
7051 666 7052
7049 7052 1935
1932 7050 7041
7050 7053 7041
7050 1935 7053
7041 7053 665
666 7054 7052
7054 7055 7052
7054 1936 7055
7052 7055 1935
1936 7056 7055
7056 7057 7055
7056 1937 7057
7055 7057 1935
1936 7058 7056
7058 7059 7056
7058 667 7059
7056 7059 1937
1935 7057 7053
7057 7060 7053
7057 1937 7060
7053 7060 665
666 7061 7054
7061 7062 7054
7061 1938 7062
7054 7062 1936
1938 7063 7062
7063 7064 7062
7063 1939 7064
7062 7064 1936
1938 7065 7063
7065 7066 7063
7065 354 7066
7063 7066 1939
1936 7064 7058
7064 7067 7058
7064 1939 7067
7058 7067 667
665 7060 7045
7060 7068 7045
7060 1937 7068
7045 7068 1933
1937 7069 7068
7069 7070 7068
7069 1940 7070
7068 7070 1933
1937 7059 7069
7059 7071 7069
7059 667 7071
7069 7071 1940
1933 7070 7046
7070 7072 7046
7070 1940 7072
7046 7072 352
216 217 7047
217 7073 7047
217 218 7073
7047 7073 1934
218 7074 7073
7074 7075 7073
7074 1941 7075
7073 7075 1934
218 219 7074
219 7076 7074
219 220 7076
7074 7076 1941
1934 7075 7051
7075 7077 7051
7075 1941 7077
7051 7077 666
220 7078 7076
7078 7079 7076
7078 1942 7079
7076 7079 1941
1942 7080 7079
7080 7081 7079
7080 1943 7081
7079 7081 1941
1942 7082 7080
7082 7083 7080
7082 668 7083
7080 7083 1943
1941 7081 7077
7081 7084 7077
7081 1943 7084
7077 7084 666
220 221 7078
221 7085 7078
221 222 7085
7078 7085 1942
222 7086 7085
7086 7087 7085
7086 1944 7087
7085 7087 1942
222 223 7086
223 7088 7086
223 224 7088
7086 7088 1944
1942 7087 7082
7087 7089 7082
7087 1944 7089
7082 7089 668
666 7084 7061
7084 7090 7061
7084 1943 7090
7061 7090 1938
1943 7091 7090
7091 7092 7090
7091 1945 7092
7090 7092 1938
1943 7083 7091
7083 7093 7091
7083 668 7093
7091 7093 1945
1938 7092 7065
7092 7094 7065
7092 1945 7094
7065 7094 354
352 7072 6977
7072 7095 6977
7072 1940 7095
6977 7095 1917
1940 7096 7095
7096 7097 7095
7096 1946 7097
7095 7097 1917
1940 7071 7096
7071 7098 7096
7071 667 7098
7096 7098 1946
1917 7097 6981
7097 7099 6981
7097 1946 7099
6981 7099 662
667 7100 7098
7100 7101 7098
7100 1947 7101
7098 7101 1946
1947 7102 7101
7102 7103 7101
7102 1948 7103
7101 7103 1946
1947 7104 7102
7104 7105 7102
7104 669 7105
7102 7105 1948
1946 7103 7099
7103 7106 7099
7103 1948 7106
7099 7106 662
667 7067 7100
7067 7107 7100
7067 1939 7107
7100 7107 1947
1939 7108 7107
7108 7109 7107
7108 1949 7109
7107 7109 1947
1939 7066 7108
7066 7110 7108
7066 354 7110
7108 7110 1949
1947 7109 7104
7109 7111 7104
7109 1949 7111
7104 7111 669
662 7106 6991
7106 7112 6991
7106 1948 7112
6991 7112 1921
1948 7113 7112
7113 7114 7112
7113 1950 7114
7112 7114 1921
1948 7105 7113
7105 7115 7113
7105 669 7115
7113 7115 1950
1921 7114 6995
7114 7116 6995
7114 1950 7116
6995 7116 278
276 7024 6428
7024 7117 6428
7024 1928 7117
6428 7117 1782
1928 7118 7117
7118 7119 7117
7118 1951 7119
7117 7119 1782
1928 7023 7118
7023 7120 7118
7023 664 7120
7118 7120 1951
1782 7119 6429
7119 7121 6429
7119 1951 7121
6429 7121 629
664 7122 7120
7122 7123 7120
7122 1952 7123
7120 7123 1951
1952 7124 7123
7124 7125 7123
7124 1953 7125
7123 7125 1951
1952 7126 7124
7126 7127 7124
7126 670 7127
7124 7127 1953
1951 7125 7121
7125 7128 7121
7125 1953 7128
7121 7128 629
664 7019 7122
7019 7129 7122
7019 1927 7129
7122 7129 1952
1927 7130 7129
7130 7131 7129
7130 1954 7131
7129 7131 1952
1927 7018 7130
7018 7132 7130
7018 353 7132
7130 7132 1954
1952 7131 7126
7131 7133 7126
7131 1954 7133
7126 7133 670
629 7128 6433
7128 7134 6433
7128 1953 7134
6433 7134 1783
1953 7135 7134
7135 7136 7134
7135 1955 7136
7134 7136 1783
1953 7127 7135
7127 7137 7135
7127 670 7137
7135 7137 1955
1783 7136 6434
7136 7138 6434
7136 1955 7138
6434 7138 345
353 7139 7132
7139 7140 7132
7139 1956 7140
7132 7140 1954
1956 7141 7140
7141 7142 7140
7141 1957 7142
7140 7142 1954
1956 7143 7141
7143 7144 7141
7143 671 7144
7141 7144 1957
1954 7142 7133
7142 7145 7133
7142 1957 7145
7133 7145 670
671 7146 7144
7146 7147 7144
7146 1958 7147
7144 7147 1957
1958 7148 7147
7148 7149 7147
7148 1959 7149
7147 7149 1957
1958 7150 7148
7150 7151 7148
7150 672 7151
7148 7151 1959
1957 7149 7145
7149 7152 7145
7149 1959 7152
7145 7152 670
671 7153 7146
7153 7154 7146
7153 1960 7154
7146 7154 1958
1960 7155 7154
7155 7156 7154
7155 1961 7156
7154 7156 1958
1960 7157 7155
7157 7158 7155
7157 355 7158
7155 7158 1961
1958 7156 7150
7156 7159 7150
7156 1961 7159
7150 7159 672
670 7152 7137
7152 7160 7137
7152 1959 7160
7137 7160 1955
1959 7161 7160
7161 7162 7160
7161 1962 7162
7160 7162 1955
1959 7151 7161
7151 7163 7161
7151 672 7163
7161 7163 1962
1955 7162 7138
7162 7164 7138
7162 1962 7164
7138 7164 345
353 7002 7139
7002 7165 7139
7002 1923 7165
7139 7165 1956
1923 7166 7165
7166 7167 7165
7166 1963 7167
7165 7167 1956
1923 7001 7166
7001 7168 7166
7001 663 7168
7166 7168 1963
1956 7167 7143
7167 7169 7143
7167 1963 7169
7143 7169 671
663 7170 7168
7170 7171 7168
7170 1964 7171
7168 7171 1963
1964 7172 7171
7172 7173 7171
7172 1965 7173
7171 7173 1963
1964 7174 7172
7174 7175 7172
7174 673 7175
7172 7175 1965
1963 7173 7169
7173 7176 7169
7173 1965 7176
7169 7176 671
663 6997 7170
6997 7177 7170
6997 1922 7177
7170 7177 1964
1922 7178 7177
7178 7179 7177
7178 1966 7179
7177 7179 1964
1922 6996 7178
6996 7180 7178
6996 278 7180
7178 7180 1966
1964 7179 7174
7179 7181 7174
7179 1966 7181
7174 7181 673
671 7176 7153
7176 7182 7153
7176 1965 7182
7153 7182 1960
1965 7183 7182
7183 7184 7182
7183 1967 7184
7182 7184 1960
1965 7175 7183
7175 7185 7183
7175 673 7185
7183 7185 1967
1960 7184 7157
7184 7186 7157
7184 1967 7186
7157 7186 355
345 7164 6450
7164 7187 6450
7164 1962 7187
6450 7187 1787
1962 7188 7187
7188 7189 7187
7188 1968 7189
7187 7189 1787
1962 7163 7188
7163 7190 7188
7163 672 7190
7188 7190 1968
1787 7189 6451
7189 7191 6451
7189 1968 7191
6451 7191 630
672 7192 7190
7192 7193 7190
7192 1969 7193
7190 7193 1968
1969 7194 7193
7194 7195 7193
7194 1970 7195
7193 7195 1968
1969 7196 7194
7196 7197 7194
7196 674 7197
7194 7197 1970
1968 7195 7191
7195 7198 7191
7195 1970 7198
7191 7198 630
672 7159 7192
7159 7199 7192
7159 1961 7199
7192 7199 1969
1961 7200 7199
7200 7201 7199
7200 1971 7201
7199 7201 1969
1961 7158 7200
7158 7202 7200
7158 355 7202
7200 7202 1971
1969 7201 7196
7201 7203 7196
7201 1971 7203
7196 7203 674
630 7198 6455
7198 7204 6455
7198 1970 7204
6455 7204 1788
1970 7205 7204
7205 7206 7204
7205 1972 7206
7204 7206 1788
1970 7197 7205
7197 7207 7205
7197 674 7207
7205 7207 1972
1788 7206 6456
7206 7208 6456
7206 1972 7208
6456 7208 260
224 7209 7088
7209 7210 7088
7209 1973 7210
7088 7210 1944
1973 7211 7210
7211 7212 7210
7211 1974 7212
7210 7212 1944
1973 7213 7211
7213 7214 7211
7213 675 7214
7211 7214 1974
1944 7212 7089
7212 7215 7089
7212 1974 7215
7089 7215 668
675 7216 7214
7216 7217 7214
7216 1975 7217
7214 7217 1974
1975 7218 7217
7218 7219 7217
7218 1976 7219
7217 7219 1974
1975 7220 7218
7220 7221 7218
7220 676 7221
7218 7221 1976
1974 7219 7215
7219 7222 7215
7219 1976 7222
7215 7222 668
675 7223 7216
7223 7224 7216
7223 1977 7224
7216 7224 1975
1977 7225 7224
7225 7226 7224
7225 1978 7226
7224 7226 1975
1977 7227 7225
7227 7228 7225
7227 356 7228
7225 7228 1978
1975 7226 7220
7226 7229 7220
7226 1978 7229
7220 7229 676
668 7222 7093
7222 7230 7093
7222 1976 7230
7093 7230 1945
1976 7231 7230
7231 7232 7230
7231 1979 7232
7230 7232 1945
1976 7221 7231
7221 7233 7231
7221 676 7233
7231 7233 1979
1945 7232 7094
7232 7234 7094
7232 1979 7234
7094 7234 354
356 7235 7228
7235 7236 7228
7235 1980 7236
7228 7236 1978
1980 7237 7236
7237 7238 7236
7237 1981 7238
7236 7238 1978
1980 7239 7237
7239 7240 7237
7239 677 7240
7237 7240 1981
1978 7238 7229
7238 7241 7229
7238 1981 7241
7229 7241 676
677 7242 7240
7242 7243 7240
7242 1982 7243
7240 7243 1981
1982 7244 7243
7244 7245 7243
7244 1983 7245
7243 7245 1981
1982 7246 7244
7246 7247 7244
7246 678 7247
7244 7247 1983
1981 7245 7241
7245 7248 7241
7245 1983 7248
7241 7248 676
677 7249 7242
7249 7250 7242
7249 1984 7250
7242 7250 1982
1984 7251 7250
7251 7252 7250
7251 1985 7252
7250 7252 1982
1984 7253 7251
7253 7254 7251
7253 357 7254
7251 7254 1985
1982 7252 7246
7252 7255 7246
7252 1985 7255
7246 7255 678
676 7248 7233
7248 7256 7233
7248 1983 7256
7233 7256 1979
1983 7257 7256
7257 7258 7256
7257 1986 7258
7256 7258 1979
1983 7247 7257
7247 7259 7257
7247 678 7259
7257 7259 1986
1979 7258 7234
7258 7260 7234
7258 1986 7260
7234 7260 354
356 7261 7235
7261 7262 7235
7261 1987 7262
7235 7262 1980
1987 7263 7262
7263 7264 7262
7263 1988 7264
7262 7264 1980
1987 7265 7263
7265 7266 7263
7265 679 7266
7263 7266 1988
1980 7264 7239
7264 7267 7239
7264 1988 7267
7239 7267 677
679 7268 7266
7268 7269 7266
7268 1989 7269
7266 7269 1988
1989 7270 7269
7270 7271 7269
7270 1990 7271
7269 7271 1988
1989 7272 7270
7272 7273 7270
7272 680 7273
7270 7273 1990
1988 7271 7267
7271 7274 7267
7271 1990 7274
7267 7274 677
679 7275 7268
7275 7276 7268
7275 1991 7276
7268 7276 1989
1991 7277 7276
7277 7278 7276
7277 1992 7278
7276 7278 1989
1991 7279 7277
7279 7280 7277
7279 279 7280
7277 7280 1992
1989 7278 7272
7278 7281 7272
7278 1992 7281
7272 7281 680
677 7274 7249
7274 7282 7249
7274 1990 7282
7249 7282 1984
1990 7283 7282
7283 7284 7282
7283 1993 7284
7282 7284 1984
1990 7273 7283
7273 7285 7283
7273 680 7285
7283 7285 1993
1984 7284 7253
7284 7286 7253
7284 1993 7286
7253 7286 357
354 7260 7110
7260 7287 7110
7260 1986 7287
7110 7287 1949
1986 7288 7287
7288 7289 7287
7288 1994 7289
7287 7289 1949
1986 7259 7288
7259 7290 7288
7259 678 7290
7288 7290 1994
1949 7289 7111
7289 7291 7111
7289 1994 7291
7111 7291 669
678 7292 7290
7292 7293 7290
7292 1995 7293
7290 7293 1994
1995 7294 7293
7294 7295 7293
7294 1996 7295
7293 7295 1994
1995 7296 7294
7296 7297 7294
7296 681 7297
7294 7297 1996
1994 7295 7291
7295 7298 7291
7295 1996 7298
7291 7298 669
678 7255 7292
7255 7299 7292
7255 1985 7299
7292 7299 1995
1985 7300 7299
7300 7301 7299
7300 1997 7301
7299 7301 1995
1985 7254 7300
7254 7302 7300
7254 357 7302
7300 7302 1997
1995 7301 7296
7301 7303 7296
7301 1997 7303
7296 7303 681
669 7298 7115
7298 7304 7115
7298 1996 7304
7115 7304 1950
1996 7305 7304
7305 7306 7304
7305 1998 7306
7304 7306 1950
1996 7297 7305
7297 7307 7305
7297 681 7307
7305 7307 1998
1950 7306 7116
7306 7308 7116
7306 1998 7308
7116 7308 278
279 7309 7280
7309 7310 7280
7309 1999 7310
7280 7310 1992
1999 7311 7310
7311 7312 7310
7311 2000 7312
7310 7312 1992
1999 7313 7311
7313 7314 7311
7313 682 7314
7311 7314 2000
1992 7312 7281
7312 7315 7281
7312 2000 7315
7281 7315 680
682 7316 7314
7316 7317 7314
7316 2001 7317
7314 7317 2000
2001 7318 7317
7318 7319 7317
7318 2002 7319
7317 7319 2000
2001 7320 7318
7320 7321 7318
7320 683 7321
7318 7321 2002
2000 7319 7315
7319 7322 7315
7319 2002 7322
7315 7322 680
682 7323 7316
7323 7324 7316
7323 2003 7324
7316 7324 2001
2003 7325 7324
7325 7326 7324
7325 2004 7326
7324 7326 2001
2003 7327 7325
7327 7328 7325
7327 358 7328
7325 7328 2004
2001 7326 7320
7326 7329 7320
7326 2004 7329
7320 7329 683
680 7322 7285
7322 7330 7285
7322 2002 7330
7285 7330 1993
2002 7331 7330
7331 7332 7330
7331 2005 7332
7330 7332 1993
2002 7321 7331
7321 7333 7331
7321 683 7333
7331 7333 2005
1993 7332 7286
7332 7334 7286
7332 2005 7334
7286 7334 357
358 7335 7328
7335 7336 7328
7335 2006 7336
7328 7336 2004
2006 7337 7336
7337 7338 7336
7337 2007 7338
7336 7338 2004
2006 7339 7337
7339 7340 7337
7339 684 7340
7337 7340 2007
2004 7338 7329
7338 7341 7329
7338 2007 7341
7329 7341 683
684 7342 7340
7342 7343 7340
7342 2008 7343
7340 7343 2007
2008 7344 7343
7344 7345 7343
7344 2009 7345
7343 7345 2007
2008 7346 7344
7346 7347 7344
7346 685 7347
7344 7347 2009
2007 7345 7341
7345 7348 7341
7345 2009 7348
7341 7348 683
684 7349 7342
7349 7350 7342
7349 2010 7350
7342 7350 2008
2010 7351 7350
7351 7352 7350
7351 2011 7352
7350 7352 2008
2010 7353 7351
7353 7354 7351
7353 359 7354
7351 7354 2011
2008 7352 7346
7352 7355 7346
7352 2011 7355
7346 7355 685
683 7348 7333
7348 7356 7333
7348 2009 7356
7333 7356 2005
2009 7357 7356
7357 7358 7356
7357 2012 7358
7356 7358 2005
2009 7347 7357
7347 7359 7357
7347 685 7359
7357 7359 2012
2005 7358 7334
7358 7360 7334
7358 2012 7360
7334 7360 357
358 7361 7335
7361 7362 7335
7361 2013 7362
7335 7362 2006
2013 7363 7362
7363 7364 7362
7363 2014 7364
7362 7364 2006
2013 7365 7363
7365 7366 7363
7365 686 7366
7363 7366 2014
2006 7364 7339
7364 7367 7339
7364 2014 7367
7339 7367 684
686 7368 7366
7368 7369 7366
7368 2015 7369
7366 7369 2014
2015 7370 7369
7370 7371 7369
7370 2016 7371
7369 7371 2014
2015 7372 7370
7372 7373 7370
7372 687 7373
7370 7373 2016
2014 7371 7367
7371 7374 7367
7371 2016 7374
7367 7374 684
686 7375 7368
7375 7376 7368
7375 2017 7376
7368 7376 2015
2017 7377 7376
7377 7378 7376
7377 2018 7378
7376 7378 2015
2017 7379 7377
7379 7380 7377
7379 280 7380
7377 7380 2018
2015 7378 7372
7378 7381 7372
7378 2018 7381
7372 7381 687
684 7374 7349
7374 7382 7349
7374 2016 7382
7349 7382 2010
2016 7383 7382
7383 7384 7382
7383 2019 7384
7382 7384 2010
2016 7373 7383
7373 7385 7383
7373 687 7385
7383 7385 2019
2010 7384 7353
7384 7386 7353
7384 2019 7386
7353 7386 359
357 7360 7302
7360 7387 7302
7360 2012 7387
7302 7387 1997
2012 7388 7387
7388 7389 7387
7388 2020 7389
7387 7389 1997
2012 7359 7388
7359 7390 7388
7359 685 7390
7388 7390 2020
1997 7389 7303
7389 7391 7303
7389 2020 7391
7303 7391 681
685 7392 7390
7392 7393 7390
7392 2021 7393
7390 7393 2020
2021 7394 7393
7394 7395 7393
7394 2022 7395
7393 7395 2020
2021 7396 7394
7396 7397 7394
7396 688 7397
7394 7397 2022
2020 7395 7391
7395 7398 7391
7395 2022 7398
7391 7398 681
685 7355 7392
7355 7399 7392
7355 2011 7399
7392 7399 2021
2011 7400 7399
7400 7401 7399
7400 2023 7401
7399 7401 2021
2011 7354 7400
7354 7402 7400
7354 359 7402
7400 7402 2023
2021 7401 7396
7401 7403 7396
7401 2023 7403
7396 7403 688
681 7398 7307
7398 7404 7307
7398 2022 7404
7307 7404 1998
2022 7405 7404
7405 7406 7404
7405 2024 7406
7404 7406 1998
2022 7397 7405
7397 7407 7405
7397 688 7407
7405 7407 2024
1998 7406 7308
7406 7408 7308
7406 2024 7408
7308 7408 278
279 7409 7309
7409 7410 7309
7409 2025 7410
7309 7410 1999
2025 7411 7410
7411 7412 7410
7411 2026 7412
7410 7412 1999
2025 7413 7411
7413 7414 7411
7413 689 7414
7411 7414 2026
1999 7412 7313
7412 7415 7313
7412 2026 7415
7313 7415 682
689 7416 7414
7416 7417 7414
7416 2027 7417
7414 7417 2026
2027 7418 7417
7418 7419 7417
7418 2028 7419
7417 7419 2026
2027 7420 7418
7420 7421 7418
7420 690 7421
7418 7421 2028
2026 7419 7415
7419 7422 7415
7419 2028 7422
7415 7422 682
689 7423 7416
7423 7424 7416
7423 2029 7424
7416 7424 2027
2029 7425 7424
7425 7426 7424
7425 2030 7426
7424 7426 2027
2029 7427 7425
7427 7428 7425
7427 360 7428
7425 7428 2030
2027 7426 7420
7426 7429 7420
7426 2030 7429
7420 7429 690
682 7422 7323
7422 7430 7323
7422 2028 7430
7323 7430 2003
2028 7431 7430
7431 7432 7430
7431 2031 7432
7430 7432 2003
2028 7421 7431
7421 7433 7431
7421 690 7433
7431 7433 2031
2003 7432 7327
7432 7434 7327
7432 2031 7434
7327 7434 358
360 7435 7428
7435 7436 7428
7435 2032 7436
7428 7436 2030
2032 7437 7436
7437 7438 7436
7437 2033 7438
7436 7438 2030
2032 7439 7437
7439 7440 7437
7439 691 7440
7437 7440 2033
2030 7438 7429
7438 7441 7429
7438 2033 7441
7429 7441 690
691 7442 7440
7442 7443 7440
7442 2034 7443
7440 7443 2033
2034 7444 7443
7444 7445 7443
7444 2035 7445
7443 7445 2033
2034 7446 7444
7446 7447 7444
7446 692 7447
7444 7447 2035
2033 7445 7441
7445 7448 7441
7445 2035 7448
7441 7448 690
691 7449 7442
7449 7450 7442
7449 2036 7450
7442 7450 2034
2036 7451 7450
7451 7452 7450
7451 2037 7452
7450 7452 2034
2036 7453 7451
7453 7454 7451
7453 361 7454
7451 7454 2037
2034 7452 7446
7452 7455 7446
7452 2037 7455
7446 7455 692
690 7448 7433
7448 7456 7433
7448 2035 7456
7433 7456 2031
2035 7457 7456
7457 7458 7456
7457 2038 7458
7456 7458 2031
2035 7447 7457
7447 7459 7457
7447 692 7459
7457 7459 2038
2031 7458 7434
7458 7460 7434
7458 2038 7460
7434 7460 358
360 7461 7435
7461 7462 7435
7461 2039 7462
7435 7462 2032
2039 7463 7462
7463 7464 7462
7463 2040 7464
7462 7464 2032
2039 7465 7463
7465 7466 7463
7465 693 7466
7463 7466 2040
2032 7464 7439
7464 7467 7439
7464 2040 7467
7439 7467 691
693 7468 7466
7468 7469 7466
7468 2041 7469
7466 7469 2040
2041 7470 7469
7470 7471 7469
7470 2042 7471
7469 7471 2040
2041 7472 7470
7472 7473 7470
7472 694 7473
7470 7473 2042
2040 7471 7467
7471 7474 7467
7471 2042 7474
7467 7474 691
693 7475 7468
7475 7476 7468
7475 2043 7476
7468 7476 2041
2043 7477 7476
7477 7478 7476
7477 2044 7478
7476 7478 2041
2043 7479 7477
7479 7480 7477
7479 259 7480
7477 7480 2044
2041 7478 7472
7478 7481 7472
7478 2044 7481
7472 7481 694
691 7474 7449
7474 7482 7449
7474 2042 7482
7449 7482 2036
2042 7483 7482
7483 7484 7482
7483 2045 7484
7482 7484 2036
2042 7473 7483
7473 7485 7483
7473 694 7485
7483 7485 2045
2036 7484 7453
7484 7486 7453
7484 2045 7486
7453 7486 361
358 7460 7361
7460 7487 7361
7460 2038 7487
7361 7487 2013
2038 7488 7487
7488 7489 7487
7488 2046 7489
7487 7489 2013
2038 7459 7488
7459 7490 7488
7459 692 7490
7488 7490 2046
2013 7489 7365
7489 7491 7365
7489 2046 7491
7365 7491 686
692 7492 7490
7492 7493 7490
7492 2047 7493
7490 7493 2046
2047 7494 7493
7494 7495 7493
7494 2048 7495
7493 7495 2046
2047 7496 7494
7496 7497 7494
7496 695 7497
7494 7497 2048
2046 7495 7491
7495 7498 7491
7495 2048 7498
7491 7498 686
692 7455 7492
7455 7499 7492
7455 2037 7499
7492 7499 2047
2037 7500 7499
7500 7501 7499
7500 2049 7501
7499 7501 2047
2037 7454 7500
7454 7502 7500
7454 361 7502
7500 7502 2049
2047 7501 7496
7501 7503 7496
7501 2049 7503
7496 7503 695
686 7498 7375
7498 7504 7375
7498 2048 7504
7375 7504 2017
2048 7505 7504
7505 7506 7504
7505 2050 7506
7504 7506 2017
2048 7497 7505
7497 7507 7505
7497 695 7507
7505 7507 2050
2017 7506 7379
7506 7508 7379
7506 2050 7508
7379 7508 280
278 7408 7180
7408 7509 7180
7408 2024 7509
7180 7509 1966
2024 7510 7509
7510 7511 7509
7510 2051 7511
7509 7511 1966
2024 7407 7510
7407 7512 7510
7407 688 7512
7510 7512 2051
1966 7511 7181
7511 7513 7181
7511 2051 7513
7181 7513 673
688 7514 7512
7514 7515 7512
7514 2052 7515
7512 7515 2051
2052 7516 7515
7516 7517 7515
7516 2053 7517
7515 7517 2051
2052 7518 7516
7518 7519 7516
7518 696 7519
7516 7519 2053
2051 7517 7513
7517 7520 7513
7517 2053 7520
7513 7520 673
688 7403 7514
7403 7521 7514
7403 2023 7521
7514 7521 2052
2023 7522 7521
7522 7523 7521
7522 2054 7523
7521 7523 2052
2023 7402 7522
7402 7524 7522
7402 359 7524
7522 7524 2054
2052 7523 7518
7523 7525 7518
7523 2054 7525
7518 7525 696
673 7520 7185
7520 7526 7185
7520 2053 7526
7185 7526 1967
2053 7527 7526
7527 7528 7526
7527 2055 7528
7526 7528 1967
2053 7519 7527
7519 7529 7527
7519 696 7529
7527 7529 2055
1967 7528 7186
7528 7530 7186
7528 2055 7530
7186 7530 355
359 7531 7524
7531 7532 7524
7531 2056 7532
7524 7532 2054
2056 7533 7532
7533 7534 7532
7533 2057 7534
7532 7534 2054
2056 7535 7533
7535 7536 7533
7535 697 7536
7533 7536 2057
2054 7534 7525
7534 7537 7525
7534 2057 7537
7525 7537 696
697 7538 7536
7538 7539 7536
7538 2058 7539
7536 7539 2057
2058 7540 7539
7540 7541 7539
7540 2059 7541
7539 7541 2057
2058 7542 7540
7542 7543 7540
7542 698 7543
7540 7543 2059
2057 7541 7537
7541 7544 7537
7541 2059 7544
7537 7544 696
697 7545 7538
7545 7546 7538
7545 2060 7546
7538 7546 2058
2060 7547 7546
7547 7548 7546
7547 2061 7548
7546 7548 2058
2060 7549 7547
7549 7550 7547
7549 362 7550
7547 7550 2061
2058 7548 7542
7548 7551 7542
7548 2061 7551
7542 7551 698
696 7544 7529
7544 7552 7529
7544 2059 7552
7529 7552 2055
2059 7553 7552
7553 7554 7552
7553 2062 7554
7552 7554 2055
2059 7543 7553
7543 7555 7553
7543 698 7555
7553 7555 2062
2055 7554 7530
7554 7556 7530
7554 2062 7556
7530 7556 355
359 7386 7531
7386 7557 7531
7386 2019 7557
7531 7557 2056
2019 7558 7557
7558 7559 7557
7558 2063 7559
7557 7559 2056
2019 7385 7558
7385 7560 7558
7385 687 7560
7558 7560 2063
2056 7559 7535
7559 7561 7535
7559 2063 7561
7535 7561 697
687 7562 7560
7562 7563 7560
7562 2064 7563
7560 7563 2063
2064 7564 7563
7564 7565 7563
7564 2065 7565
7563 7565 2063
2064 7566 7564
7566 7567 7564
7566 699 7567
7564 7567 2065
2063 7565 7561
7565 7568 7561
7565 2065 7568
7561 7568 697
687 7381 7562
7381 7569 7562
7381 2018 7569
7562 7569 2064
2018 7570 7569
7570 7571 7569
7570 2066 7571
7569 7571 2064
2018 7380 7570
7380 7572 7570
7380 280 7572
7570 7572 2066
2064 7571 7566
7571 7573 7566
7571 2066 7573
7566 7573 699
697 7568 7545
7568 7574 7545
7568 2065 7574
7545 7574 2060
2065 7575 7574
7575 7576 7574
7575 2067 7576
7574 7576 2060
2065 7567 7575
7567 7577 7575
7567 699 7577
7575 7577 2067
2060 7576 7549
7576 7578 7549
7576 2067 7578
7549 7578 362
355 7556 7202
7556 7579 7202
7556 2062 7579
7202 7579 1971
2062 7580 7579
7580 7581 7579
7580 2068 7581
7579 7581 1971
2062 7555 7580
7555 7582 7580
7555 698 7582
7580 7582 2068
1971 7581 7203
7581 7583 7203
7581 2068 7583
7203 7583 674
698 7584 7582
7584 7585 7582
7584 2069 7585
7582 7585 2068
2069 7586 7585
7586 7587 7585
7586 2070 7587
7585 7587 2068
2069 7588 7586
7588 7589 7586
7588 700 7589
7586 7589 2070
2068 7587 7583
7587 7590 7583
7587 2070 7590
7583 7590 674
698 7551 7584
7551 7591 7584
7551 2061 7591
7584 7591 2069
2061 7592 7591
7592 7593 7591
7592 2071 7593
7591 7593 2069
2061 7550 7592
7550 7594 7592
7550 362 7594
7592 7594 2071
2069 7593 7588
7593 7595 7588
7593 2071 7595
7588 7595 700
674 7590 7207
7590 7596 7207
7590 2070 7596
7207 7596 1972
2070 7597 7596
7597 7598 7596
7597 2072 7598
7596 7598 1972
2070 7589 7597
7589 7599 7597
7589 700 7599
7597 7599 2072
1972 7598 7208
7598 7600 7208
7598 2072 7600
7208 7600 260
224 225 7209
225 7601 7209
225 226 7601
7209 7601 1973
226 7602 7601
7602 7603 7601
7602 2073 7603
7601 7603 1973
226 227 7602
227 7604 7602
227 228 7604
7602 7604 2073
1973 7603 7213
7603 7605 7213
7603 2073 7605
7213 7605 675
228 7606 7604
7606 7607 7604
7606 2074 7607
7604 7607 2073
2074 7608 7607
7608 7609 7607
7608 2075 7609
7607 7609 2073
2074 7610 7608
7610 7611 7608
7610 701 7611
7608 7611 2075
2073 7609 7605
7609 7612 7605
7609 2075 7612
7605 7612 675
228 229 7606
229 7613 7606
229 230 7613
7606 7613 2074
230 7614 7613
7614 7615 7613
7614 2076 7615
7613 7615 2074
230 231 7614
231 7616 7614
231 232 7616
7614 7616 2076
2074 7615 7610
7615 7617 7610
7615 2076 7617
7610 7617 701
675 7612 7223
7612 7618 7223
7612 2075 7618
7223 7618 1977
2075 7619 7618
7619 7620 7618
7619 2077 7620
7618 7620 1977
2075 7611 7619
7611 7621 7619
7611 701 7621
7619 7621 2077
1977 7620 7227
7620 7622 7227
7620 2077 7622
7227 7622 356
232 7623 7616
7623 7624 7616
7623 2078 7624
7616 7624 2076
2078 7625 7624
7625 7626 7624
7625 2079 7626
7624 7626 2076
2078 7627 7625
7627 7628 7625
7627 702 7628
7625 7628 2079
2076 7626 7617
7626 7629 7617
7626 2079 7629
7617 7629 701
702 7630 7628
7630 7631 7628
7630 2080 7631
7628 7631 2079
2080 7632 7631
7632 7633 7631
7632 2081 7633
7631 7633 2079
2080 7634 7632
7634 7635 7632
7634 703 7635
7632 7635 2081
2079 7633 7629
7633 7636 7629
7633 2081 7636
7629 7636 701
702 7637 7630
7637 7638 7630
7637 2082 7638
7630 7638 2080
2082 7639 7638
7639 7640 7638
7639 2083 7640
7638 7640 2080
2082 7641 7639
7641 7642 7639
7641 363 7642
7639 7642 2083
2080 7640 7634
7640 7643 7634
7640 2083 7643
7634 7643 703
701 7636 7621
7636 7644 7621
7636 2081 7644
7621 7644 2077
2081 7645 7644
7645 7646 7644
7645 2084 7646
7644 7646 2077
2081 7635 7645
7635 7647 7645
7635 703 7647
7645 7647 2084
2077 7646 7622
7646 7648 7622
7646 2084 7648
7622 7648 356
232 233 7623
233 7649 7623
233 234 7649
7623 7649 2078
234 7650 7649
7650 7651 7649
7650 2085 7651
7649 7651 2078
234 235 7650
235 7652 7650
235 236 7652
7650 7652 2085
2078 7651 7627
7651 7653 7627
7651 2085 7653
7627 7653 702
236 7654 7652
7654 7655 7652
7654 2086 7655
7652 7655 2085
2086 7656 7655
7656 7657 7655
7656 2087 7657
7655 7657 2085
2086 7658 7656
7658 7659 7656
7658 704 7659
7656 7659 2087
2085 7657 7653
7657 7660 7653
7657 2087 7660
7653 7660 702
236 237 7654
237 7661 7654
237 238 7661
7654 7661 2086
238 7662 7661
7662 7663 7661
7662 2088 7663
7661 7663 2086
238 239 7662
239 7664 7662
239 240 7664
7662 7664 2088
2086 7663 7658
7663 7665 7658
7663 2088 7665
7658 7665 704
702 7660 7637
7660 7666 7637
7660 2087 7666
7637 7666 2082
2087 7667 7666
7667 7668 7666
7667 2089 7668
7666 7668 2082
2087 7659 7667
7659 7669 7667
7659 704 7669
7667 7669 2089
2082 7668 7641
7668 7670 7641
7668 2089 7670
7641 7670 363
356 7648 7261
7648 7671 7261
7648 2084 7671
7261 7671 1987
2084 7672 7671
7672 7673 7671
7672 2090 7673
7671 7673 1987
2084 7647 7672
7647 7674 7672
7647 703 7674
7672 7674 2090
1987 7673 7265
7673 7675 7265
7673 2090 7675
7265 7675 679
703 7676 7674
7676 7677 7674
7676 2091 7677
7674 7677 2090
2091 7678 7677
7678 7679 7677
7678 2092 7679
7677 7679 2090
2091 7680 7678
7680 7681 7678
7680 705 7681
7678 7681 2092
2090 7679 7675
7679 7682 7675
7679 2092 7682
7675 7682 679
703 7643 7676
7643 7683 7676
7643 2083 7683
7676 7683 2091
2083 7684 7683
7684 7685 7683
7684 2093 7685
7683 7685 2091
2083 7642 7684
7642 7686 7684
7642 363 7686
7684 7686 2093
2091 7685 7680
7685 7687 7680
7685 2093 7687
7680 7687 705
679 7682 7275
7682 7688 7275
7682 2092 7688
7275 7688 1991
2092 7689 7688
7689 7690 7688
7689 2094 7690
7688 7690 1991
2092 7681 7689
7681 7691 7689
7681 705 7691
7689 7691 2094
1991 7690 7279
7690 7692 7279
7690 2094 7692
7279 7692 279
240 7693 7664
7693 7694 7664
7693 2095 7694
7664 7694 2088
2095 7695 7694
7695 7696 7694
7695 2096 7696
7694 7696 2088
2095 7697 7695
7697 7698 7695
7697 706 7698
7695 7698 2096
2088 7696 7665
7696 7699 7665
7696 2096 7699
7665 7699 704
706 7700 7698
7700 7701 7698
7700 2097 7701
7698 7701 2096
2097 7702 7701
7702 7703 7701
7702 2098 7703
7701 7703 2096
2097 7704 7702
7704 7705 7702
7704 707 7705
7702 7705 2098
2096 7703 7699
7703 7706 7699
7703 2098 7706
7699 7706 704
706 7707 7700
7707 7708 7700
7707 2099 7708
7700 7708 2097
2099 7709 7708
7709 7710 7708
7709 2100 7710
7708 7710 2097
2099 7711 7709
7711 7712 7709
7711 364 7712
7709 7712 2100
2097 7710 7704
7710 7713 7704
7710 2100 7713
7704 7713 707
704 7706 7669
7706 7714 7669
7706 2098 7714
7669 7714 2089
2098 7715 7714
7715 7716 7714
7715 2101 7716
7714 7716 2089
2098 7705 7715
7705 7717 7715
7705 707 7717
7715 7717 2101
2089 7716 7670
7716 7718 7670
7716 2101 7718
7670 7718 363
364 7719 7712
7719 7720 7712
7719 2102 7720
7712 7720 2100
2102 7721 7720
7721 7722 7720
7721 2103 7722
7720 7722 2100
2102 7723 7721
7723 7724 7721
7723 708 7724
7721 7724 2103
2100 7722 7713
7722 7725 7713
7722 2103 7725
7713 7725 707
708 7726 7724
7726 7727 7724
7726 2104 7727
7724 7727 2103
2104 7728 7727
7728 7729 7727
7728 2105 7729
7727 7729 2103
2104 7730 7728
7730 7731 7728
7730 709 7731
7728 7731 2105
2103 7729 7725
7729 7732 7725
7729 2105 7732
7725 7732 707
708 7733 7726
7733 7734 7726
7733 2106 7734
7726 7734 2104
2106 7735 7734
7735 7736 7734
7735 2107 7736
7734 7736 2104
2106 7737 7735
7737 7738 7735
7737 365 7738
7735 7738 2107
2104 7736 7730
7736 7739 7730
7736 2107 7739
7730 7739 709
707 7732 7717
7732 7740 7717
7732 2105 7740
7717 7740 2101
2105 7741 7740
7741 7742 7740
7741 2108 7742
7740 7742 2101
2105 7731 7741
7731 7743 7741
7731 709 7743
7741 7743 2108
2101 7742 7718
7742 7744 7718
7742 2108 7744
7718 7744 363
364 7745 7719
7745 7746 7719
7745 2109 7746
7719 7746 2102
2109 7747 7746
7747 7748 7746
7747 2110 7748
7746 7748 2102
2109 7749 7747
7749 7750 7747
7749 710 7750
7747 7750 2110
2102 7748 7723
7748 7751 7723
7748 2110 7751
7723 7751 708
710 7752 7750
7752 7753 7750
7752 2111 7753
7750 7753 2110
2111 7754 7753
7754 7755 7753
7754 2112 7755
7753 7755 2110
2111 7756 7754
7756 7757 7754
7756 711 7757
7754 7757 2112
2110 7755 7751
7755 7758 7751
7755 2112 7758
7751 7758 708
710 7759 7752
7759 7760 7752
7759 2113 7760
7752 7760 2111
2113 7761 7760
7761 7762 7760
7761 2114 7762
7760 7762 2111
2113 7763 7761
7763 7764 7761
7763 269 7764
7761 7764 2114
2111 7762 7756
7762 7765 7756
7762 2114 7765
7756 7765 711
708 7758 7733
7758 7766 7733
7758 2112 7766
7733 7766 2106
2112 7767 7766
7767 7768 7766
7767 2115 7768
7766 7768 2106
2112 7757 7767
7757 7769 7767
7757 711 7769
7767 7769 2115
2106 7768 7737
7768 7770 7737
7768 2115 7770
7737 7770 365
363 7744 7686
7744 7771 7686
7744 2108 7771
7686 7771 2093
2108 7772 7771
7772 7773 7771
7772 2116 7773
7771 7773 2093
2108 7743 7772
7743 7774 7772
7743 709 7774
7772 7774 2116
2093 7773 7687
7773 7775 7687
7773 2116 7775
7687 7775 705
709 7776 7774
7776 7777 7774
7776 2117 7777
7774 7777 2116
2117 7778 7777
7778 7779 7777
7778 2118 7779
7777 7779 2116
2117 7780 7778
7780 7781 7778
7780 712 7781
7778 7781 2118
2116 7779 7775
7779 7782 7775
7779 2118 7782
7775 7782 705
709 7739 7776
7739 7783 7776
7739 2107 7783
7776 7783 2117
2107 7784 7783
7784 7785 7783
7784 2119 7785
7783 7785 2117
2107 7738 7784
7738 7786 7784
7738 365 7786
7784 7786 2119
2117 7785 7780
7785 7787 7780
7785 2119 7787
7780 7787 712
705 7782 7691
7782 7788 7691
7782 2118 7788
7691 7788 2094
2118 7789 7788
7789 7790 7788
7789 2120 7790
7788 7790 2094
2118 7781 7789
7781 7791 7789
7781 712 7791
7789 7791 2120
2094 7790 7692
7790 7792 7692
7790 2120 7792
7692 7792 279
240 241 7693
241 7793 7693
241 242 7793
7693 7793 2095
242 7794 7793
7794 7795 7793
7794 2121 7795
7793 7795 2095
242 243 7794
243 7796 7794
243 244 7796
7794 7796 2121
2095 7795 7697
7795 7797 7697
7795 2121 7797
7697 7797 706
244 7798 7796
7798 7799 7796
7798 2122 7799
7796 7799 2121
2122 7800 7799
7800 7801 7799
7800 2123 7801
7799 7801 2121
2122 7802 7800
7802 7803 7800
7802 713 7803
7800 7803 2123
2121 7801 7797
7801 7804 7797
7801 2123 7804
7797 7804 706
244 245 7798
245 7805 7798
245 246 7805
7798 7805 2122
246 7806 7805
7806 7807 7805
7806 2124 7807
7805 7807 2122
246 247 7806
247 7808 7806
247 248 7808
7806 7808 2124
2122 7807 7802
7807 7809 7802
7807 2124 7809
7802 7809 713
706 7804 7707
7804 7810 7707
7804 2123 7810
7707 7810 2099
2123 7811 7810
7811 7812 7810
7811 2125 7812
7810 7812 2099
2123 7803 7811
7803 7813 7811
7803 713 7813
7811 7813 2125
2099 7812 7711
7812 7814 7711
7812 2125 7814
7711 7814 364
248 7815 7808
7815 7816 7808
7815 2126 7816
7808 7816 2124
2126 7817 7816
7817 7818 7816
7817 2127 7818
7816 7818 2124
2126 7819 7817
7819 7820 7817
7819 714 7820
7817 7820 2127
2124 7818 7809
7818 7821 7809
7818 2127 7821
7809 7821 713
714 7822 7820
7822 7823 7820
7822 2128 7823
7820 7823 2127
2128 7824 7823
7824 7825 7823
7824 2129 7825
7823 7825 2127
2128 7826 7824
7826 7827 7824
7826 715 7827
7824 7827 2129
2127 7825 7821
7825 7828 7821
7825 2129 7828
7821 7828 713
714 7829 7822
7829 7830 7822
7829 2130 7830
7822 7830 2128
2130 7831 7830
7831 7832 7830
7831 2131 7832
7830 7832 2128
2130 7833 7831
7833 7834 7831
7833 308 7834
7831 7834 2131
2128 7832 7826
7832 7835 7826
7832 2131 7835
7826 7835 715
713 7828 7813
7828 7836 7813
7828 2129 7836
7813 7836 2125
2129 7837 7836
7837 7838 7836
7837 2132 7838
7836 7838 2125
2129 7827 7837
7827 7839 7837
7827 715 7839
7837 7839 2132
2125 7838 7814
7838 7840 7814
7838 2132 7840
7814 7840 364
248 249 7815
249 7841 7815
249 250 7841
7815 7841 2126
250 7842 7841
7842 7843 7841
7842 2133 7843
7841 7843 2126
250 251 7842
251 7844 7842
251 252 7844
7842 7844 2133
2126 7843 7819
7843 7845 7819
7843 2133 7845
7819 7845 714
252 7846 7844
7846 7847 7844
7846 2134 7847
7844 7847 2133
2134 7848 7847
7848 7849 7847
7848 2135 7849
7847 7849 2133
2134 7850 7848
7850 7851 7848
7850 470 7851
7848 7851 2135
2133 7849 7845
7849 7852 7845
7849 2135 7852
7845 7852 714
252 253 7846
253 7853 7846
253 254 7853
7846 7853 2134
254 7854 7853
7854 7855 7853
7854 1130 7855
7853 7855 2134
254 255 7854
255 3794 7854
255 2 3794
7854 3794 1130
2134 7855 7850
7855 3799 7850
7855 1130 3799
7850 3799 470
714 7852 7829
7852 7856 7829
7852 2135 7856
7829 7856 2130
2135 7857 7856
7857 7858 7856
7857 1135 7858
7856 7858 2130
2135 7851 7857
7851 3813 7857
7851 470 3813
7857 3813 1135
2130 7858 7833
7858 3818 7833
7858 1135 3818
7833 3818 308
364 7840 7745
7840 7859 7745
7840 2132 7859
7745 7859 2109
2132 7860 7859
7860 7861 7859
7860 2136 7861
7859 7861 2109
2132 7839 7860
7839 7862 7860
7839 715 7862
7860 7862 2136
2109 7861 7749
7861 7863 7749
7861 2136 7863
7749 7863 710
715 7864 7862
7864 7865 7862
7864 2137 7865
7862 7865 2136
2137 7866 7865
7866 7867 7865
7866 2138 7867
7865 7867 2136
2137 7868 7866
7868 7869 7866
7868 475 7869
7866 7869 2138
2136 7867 7863
7867 7870 7863
7867 2138 7870
7863 7870 710
715 7835 7864
7835 7871 7864
7835 2131 7871
7864 7871 2137
2131 7872 7871
7872 7873 7871
7872 1149 7873
7871 7873 2137
2131 7834 7872
7834 3868 7872
7834 308 3868
7872 3868 1149
2137 7873 7868
7873 3873 7868
7873 1149 3873
7868 3873 475
710 7870 7759
7870 7874 7759
7870 2138 7874
7759 7874 2113
2138 7875 7874
7875 7876 7874
7875 1154 7876
7874 7876 2113
2138 7869 7875
7869 3887 7875
7869 475 3887
7875 3887 1154
2113 7876 7763
7876 3892 7763
7876 1154 3892
7763 3892 269
279 7792 7409
7792 7877 7409
7792 2120 7877
7409 7877 2025
2120 7878 7877
7878 7879 7877
7878 2139 7879
7877 7879 2025
2120 7791 7878
7791 7880 7878
7791 712 7880
7878 7880 2139
2025 7879 7413
7879 7881 7413
7879 2139 7881
7413 7881 689
712 7882 7880
7882 7883 7880
7882 2140 7883
7880 7883 2139
2140 7884 7883
7884 7885 7883
7884 2141 7885
7883 7885 2139
2140 7886 7884
7886 7887 7884
7886 716 7887
7884 7887 2141
2139 7885 7881
7885 7888 7881
7885 2141 7888
7881 7888 689
712 7787 7882
7787 7889 7882
7787 2119 7889
7882 7889 2140
2119 7890 7889
7890 7891 7889
7890 2142 7891
7889 7891 2140
2119 7786 7890
7786 7892 7890
7786 365 7892
7890 7892 2142
2140 7891 7886
7891 7893 7886
7891 2142 7893
7886 7893 716
689 7888 7423
7888 7894 7423
7888 2141 7894
7423 7894 2029
2141 7895 7894
7895 7896 7894
7895 2143 7896
7894 7896 2029
2141 7887 7895
7887 7897 7895
7887 716 7897
7895 7897 2143
2029 7896 7427
7896 7898 7427
7896 2143 7898
7427 7898 360
365 7899 7892
7899 7900 7892
7899 2144 7900
7892 7900 2142
2144 7901 7900
7901 7902 7900
7901 2145 7902
7900 7902 2142
2144 7903 7901
7903 7904 7901
7903 717 7904
7901 7904 2145
2142 7902 7893
7902 7905 7893
7902 2145 7905
7893 7905 716
717 7906 7904
7906 7907 7904
7906 2146 7907
7904 7907 2145
2146 7908 7907
7908 7909 7907
7908 2147 7909
7907 7909 2145
2146 7910 7908
7910 7911 7908
7910 718 7911
7908 7911 2147
2145 7909 7905
7909 7912 7905
7909 2147 7912
7905 7912 716
717 7913 7906
7913 7914 7906
7913 2148 7914
7906 7914 2146
2148 7915 7914
7915 7916 7914
7915 2149 7916
7914 7916 2146
2148 7917 7915
7917 7918 7915
7917 313 7918
7915 7918 2149
2146 7916 7910
7916 7919 7910
7916 2149 7919
7910 7919 718
716 7912 7897
7912 7920 7897
7912 2147 7920
7897 7920 2143
2147 7921 7920
7921 7922 7920
7921 2150 7922
7920 7922 2143
2147 7911 7921
7911 7923 7921
7911 718 7923
7921 7923 2150
2143 7922 7898
7922 7924 7898
7922 2150 7924
7898 7924 360
365 7770 7899
7770 7925 7899
7770 2115 7925
7899 7925 2144
2115 7926 7925
7926 7927 7925
7926 2151 7927
7925 7927 2144
2115 7769 7926
7769 7928 7926
7769 711 7928
7926 7928 2151
2144 7927 7903
7927 7929 7903
7927 2151 7929
7903 7929 717
711 7930 7928
7930 7931 7928
7930 2152 7931
7928 7931 2151
2152 7932 7931
7932 7933 7931
7932 2153 7933
7931 7933 2151
2152 7934 7932
7934 7935 7932
7934 489 7935
7932 7935 2153
2151 7933 7929
7933 7936 7929
7933 2153 7936
7929 7936 717
711 7765 7930
7765 7937 7930
7765 2114 7937
7930 7937 2152
2114 7938 7937
7938 7939 7937
7938 1204 7939
7937 7939 2152
2114 7764 7938
7764 4086 7938
7764 269 4086
7938 4086 1204
2152 7939 7934
7939 4091 7934
7939 1204 4091
7934 4091 489
717 7936 7913
7936 7940 7913
7936 2153 7940
7913 7940 2148
2153 7941 7940
7941 7942 7940
7941 1209 7942
7940 7942 2148
2153 7935 7941
7935 4105 7941
7935 489 4105
7941 4105 1209
2148 7942 7917
7942 4110 7917
7942 1209 4110
7917 4110 313
360 7924 7461
7924 7943 7461
7924 2150 7943
7461 7943 2039
2150 7944 7943
7944 7945 7943
7944 2154 7945
7943 7945 2039
2150 7923 7944
7923 7946 7944
7923 718 7946
7944 7946 2154
2039 7945 7465
7945 7947 7465
7945 2154 7947
7465 7947 693
718 7948 7946
7948 7949 7946
7948 2155 7949
7946 7949 2154
2155 7950 7949
7950 7951 7949
7950 2156 7951
7949 7951 2154
2155 7952 7950
7952 7953 7950
7952 494 7953
7950 7953 2156
2154 7951 7947
7951 7954 7947
7951 2156 7954
7947 7954 693
718 7919 7948
7919 7955 7948
7919 2149 7955
7948 7955 2155
2149 7956 7955
7956 7957 7955
7956 1223 7957
7955 7957 2155
2149 7918 7956
7918 4160 7956
7918 313 4160
7956 4160 1223
2155 7957 7952
7957 4165 7952
7957 1223 4165
7952 4165 494
693 7954 7475
7954 7958 7475
7954 2156 7958
7475 7958 2043
2156 7959 7958
7959 7960 7958
7959 1228 7960
7958 7960 2043
2156 7953 7959
7953 4179 7959
7953 494 4179
7959 4179 1228
2043 7960 7479
7960 4184 7479
7960 1228 4184
7479 4184 259
260 7600 6712
7600 7961 6712
7600 2072 7961
6712 7961 1852
2072 7962 7961
7962 7963 7961
7962 2157 7963
7961 7963 1852
2072 7599 7962
7599 7964 7962
7599 700 7964
7962 7964 2157
1852 7963 6713
7963 7965 6713
7963 2157 7965
6713 7965 646
700 7966 7964
7966 7967 7964
7966 2158 7967
7964 7967 2157
2158 7968 7967
7968 7969 7967
7968 2159 7969
7967 7969 2157
2158 7970 7968
7970 7971 7968
7970 719 7971
7968 7971 2159
2157 7969 7965
7969 7972 7965
7969 2159 7972
7965 7972 646
700 7595 7966
7595 7973 7966
7595 2071 7973
7966 7973 2158
2071 7974 7973
7974 7975 7973
7974 2160 7975
7973 7975 2158
2071 7594 7974
7594 7976 7974
7594 362 7976
7974 7976 2160
2158 7975 7970
7975 7977 7970
7975 2160 7977
7970 7977 719
646 7972 6717
7972 7978 6717
7972 2159 7978
6717 7978 1853
2159 7979 7978
7979 7980 7978
7979 2161 7980
7978 7980 1853
2159 7971 7979
7971 7981 7979
7971 719 7981
7979 7981 2161
1853 7980 6718
7980 7982 6718
7980 2161 7982
6718 7982 349
362 7983 7976
7983 7984 7976
7983 2162 7984
7976 7984 2160
2162 7985 7984
7985 7986 7984
7985 2163 7986
7984 7986 2160
2162 7987 7985
7987 7988 7985
7987 720 7988
7985 7988 2163
2160 7986 7977
7986 7989 7977
7986 2163 7989
7977 7989 719
720 7990 7988
7990 7991 7988
7990 2164 7991
7988 7991 2163
2164 7992 7991
7992 7993 7991
7992 2165 7993
7991 7993 2163
2164 7994 7992
7994 7995 7992
7994 721 7995
7992 7995 2165
2163 7993 7989
7993 7996 7989
7993 2165 7996
7989 7996 719
720 7997 7990
7997 7998 7990
7997 2166 7998
7990 7998 2164
2166 7999 7998
7999 8000 7998
7999 2167 8000
7998 8000 2164
2166 8001 7999
8001 8002 7999
8001 366 8002
7999 8002 2167
2164 8000 7994
8000 8003 7994
8000 2167 8003
7994 8003 721
719 7996 7981
7996 8004 7981
7996 2165 8004
7981 8004 2161
2165 8005 8004
8005 8006 8004
8005 2168 8006
8004 8006 2161
2165 7995 8005
7995 8007 8005
7995 721 8007
8005 8007 2168
2161 8006 7982
8006 8008 7982
8006 2168 8008
7982 8008 349
362 7578 7983
7578 8009 7983
7578 2067 8009
7983 8009 2162
2067 8010 8009
8010 8011 8009
8010 2169 8011
8009 8011 2162
2067 7577 8010
7577 8012 8010
7577 699 8012
8010 8012 2169
2162 8011 7987
8011 8013 7987
8011 2169 8013
7987 8013 720
699 8014 8012
8014 8015 8012
8014 2170 8015
8012 8015 2169
2170 8016 8015
8016 8017 8015
8016 2171 8017
8015 8017 2169
2170 8018 8016
8018 8019 8016
8018 722 8019
8016 8019 2171
2169 8017 8013
8017 8020 8013
8017 2171 8020
8013 8020 720
699 7573 8014
7573 8021 8014
7573 2066 8021
8014 8021 2170
2066 8022 8021
8022 8023 8021
8022 2172 8023
8021 8023 2170
2066 7572 8022
7572 8024 8022
7572 280 8024
8022 8024 2172
2170 8023 8018
8023 8025 8018
8023 2172 8025
8018 8025 722
720 8020 7997
8020 8026 7997
8020 2171 8026
7997 8026 2166
2171 8027 8026
8027 8028 8026
8027 2173 8028
8026 8028 2166
2171 8019 8027
8019 8029 8027
8019 722 8029
8027 8029 2173
2166 8028 8001
8028 8030 8001
8028 2173 8030
8001 8030 366
349 8008 6734
8008 8031 6734
8008 2168 8031
6734 8031 1857
2168 8032 8031
8032 8033 8031
8032 2174 8033
8031 8033 1857
2168 8007 8032
8007 8034 8032
8007 721 8034
8032 8034 2174
1857 8033 6735
8033 8035 6735
8033 2174 8035
6735 8035 647
721 8036 8034
8036 8037 8034
8036 2175 8037
8034 8037 2174
2175 8038 8037
8038 8039 8037
8038 2176 8039
8037 8039 2174
2175 8040 8038
8040 8041 8038
8040 723 8041
8038 8041 2176
2174 8039 8035
8039 8042 8035
8039 2176 8042
8035 8042 647
721 8003 8036
8003 8043 8036
8003 2167 8043
8036 8043 2175
2167 8044 8043
8044 8045 8043
8044 2177 8045
8043 8045 2175
2167 8002 8044
8002 8046 8044
8002 366 8046
8044 8046 2177
2175 8045 8040
8045 8047 8040
8045 2177 8047
8040 8047 723
647 8042 6739
8042 8048 6739
8042 2176 8048
6739 8048 1858
2176 8049 8048
8049 8050 8048
8049 2178 8050
8048 8050 1858
2176 8041 8049
8041 8051 8049
8041 723 8051
8049 8051 2178
1858 8050 6740
8050 8052 6740
8050 2178 8052
6740 8052 277
280 8053 8024
8053 8054 8024
8053 2179 8054
8024 8054 2172
2179 8055 8054
8055 8056 8054
8055 2180 8056
8054 8056 2172
2179 8057 8055
8057 8058 8055
8057 724 8058
8055 8058 2180
2172 8056 8025
8056 8059 8025
8056 2180 8059
8025 8059 722
724 8060 8058
8060 8061 8058
8060 2181 8061
8058 8061 2180
2181 8062 8061
8062 8063 8061
8062 2182 8063
8061 8063 2180
2181 8064 8062
8064 8065 8062
8064 725 8065
8062 8065 2182
2180 8063 8059
8063 8066 8059
8063 2182 8066
8059 8066 722
724 8067 8060
8067 8068 8060
8067 2183 8068
8060 8068 2181
2183 8069 8068
8069 8070 8068
8069 2184 8070
8068 8070 2181
2183 8071 8069
8071 8072 8069
8071 367 8072
8069 8072 2184
2181 8070 8064
8070 8073 8064
8070 2184 8073
8064 8073 725
722 8066 8029
8066 8074 8029
8066 2182 8074
8029 8074 2173
2182 8075 8074
8075 8076 8074
8075 2185 8076
8074 8076 2173
2182 8065 8075
8065 8077 8075
8065 725 8077
8075 8077 2185
2173 8076 8030
8076 8078 8030
8076 2185 8078
8030 8078 366
367 8079 8072
8079 8080 8072
8079 2186 8080
8072 8080 2184
2186 8081 8080
8081 8082 8080
8081 2187 8082
8080 8082 2184
2186 8083 8081
8083 8084 8081
8083 726 8084
8081 8084 2187
2184 8082 8073
8082 8085 8073
8082 2187 8085
8073 8085 725
726 8086 8084
8086 8087 8084
8086 2188 8087
8084 8087 2187
2188 8088 8087
8088 8089 8087
8088 2189 8089
8087 8089 2187
2188 8090 8088
8090 8091 8088
8090 727 8091
8088 8091 2189
2187 8089 8085
8089 8092 8085
8089 2189 8092
8085 8092 725
726 8093 8086
8093 8094 8086
8093 2190 8094
8086 8094 2188
2190 8095 8094
8095 8096 8094
8095 2191 8096
8094 8096 2188
2190 8097 8095
8097 8098 8095
8097 368 8098
8095 8098 2191
2188 8096 8090
8096 8099 8090
8096 2191 8099
8090 8099 727
725 8092 8077
8092 8100 8077
8092 2189 8100
8077 8100 2185
2189 8101 8100
8101 8102 8100
8101 2192 8102
8100 8102 2185
2189 8091 8101
8091 8103 8101
8091 727 8103
8101 8103 2192
2185 8102 8078
8102 8104 8078
8102 2192 8104
8078 8104 366
367 8105 8079
8105 8106 8079
8105 2193 8106
8079 8106 2186
2193 8107 8106
8107 8108 8106
8107 2194 8108
8106 8108 2186
2193 8109 8107
8109 8110 8107
8109 728 8110
8107 8110 2194
2186 8108 8083
8108 8111 8083
8108 2194 8111
8083 8111 726
728 8112 8110
8112 8113 8110
8112 2195 8113
8110 8113 2194
2195 8114 8113
8114 8115 8113
8114 2196 8115
8113 8115 2194
2195 8116 8114
8116 8117 8114
8116 729 8117
8114 8117 2196
2194 8115 8111
8115 8118 8111
8115 2196 8118
8111 8118 726
728 8119 8112
8119 8120 8112
8119 2197 8120
8112 8120 2195
2197 8121 8120
8121 8122 8120
8121 2198 8122
8120 8122 2195
2197 8123 8121
8123 8124 8121
8123 272 8124
8121 8124 2198
2195 8122 8116
8122 8125 8116
8122 2198 8125
8116 8125 729
726 8118 8093
8118 8126 8093
8118 2196 8126
8093 8126 2190
2196 8127 8126
8127 8128 8126
8127 2199 8128
8126 8128 2190
2196 8117 8127
8117 8129 8127
8117 729 8129
8127 8129 2199
2190 8128 8097
8128 8130 8097
8128 2199 8130
8097 8130 368
366 8104 8046
8104 8131 8046
8104 2192 8131
8046 8131 2177
2192 8132 8131
8132 8133 8131
8132 2200 8133
8131 8133 2177
2192 8103 8132
8103 8134 8132
8103 727 8134
8132 8134 2200
2177 8133 8047
8133 8135 8047
8133 2200 8135
8047 8135 723
727 8136 8134
8136 8137 8134
8136 2201 8137
8134 8137 2200
2201 8138 8137
8138 8139 8137
8138 2202 8139
8137 8139 2200
2201 8140 8138
8140 8141 8138
8140 730 8141
8138 8141 2202
2200 8139 8135
8139 8142 8135
8139 2202 8142
8135 8142 723
727 8099 8136
8099 8143 8136
8099 2191 8143
8136 8143 2201
2191 8144 8143
8144 8145 8143
8144 2203 8145
8143 8145 2201
2191 8098 8144
8098 8146 8144
8098 368 8146
8144 8146 2203
2201 8145 8140
8145 8147 8140
8145 2203 8147
8140 8147 730
723 8142 8051
8142 8148 8051
8142 2202 8148
8051 8148 2178
2202 8149 8148
8149 8150 8148
8149 2204 8150
8148 8150 2178
2202 8141 8149
8141 8151 8149
8141 730 8151
8149 8151 2204
2178 8150 8052
8150 8152 8052
8150 2204 8152
8052 8152 277
280 7508 8053
7508 8153 8053
7508 2050 8153
8053 8153 2179
2050 8154 8153
8154 8155 8153
8154 2205 8155
8153 8155 2179
2050 7507 8154
7507 8156 8154
7507 695 8156
8154 8156 2205
2179 8155 8057
8155 8157 8057
8155 2205 8157
8057 8157 724
695 8158 8156
8158 8159 8156
8158 2206 8159
8156 8159 2205
2206 8160 8159
8160 8161 8159
8160 2207 8161
8159 8161 2205
2206 8162 8160
8162 8163 8160
8162 731 8163
8160 8163 2207
2205 8161 8157
8161 8164 8157
8161 2207 8164
8157 8164 724
695 7503 8158
7503 8165 8158
7503 2049 8165
8158 8165 2206
2049 8166 8165
8166 8167 8165
8166 2208 8167
8165 8167 2206
2049 7502 8166
7502 8168 8166
7502 361 8168
8166 8168 2208
2206 8167 8162
8167 8169 8162
8167 2208 8169
8162 8169 731
724 8164 8067
8164 8170 8067
8164 2207 8170
8067 8170 2183
2207 8171 8170
8171 8172 8170
8171 2209 8172
8170 8172 2183
2207 8163 8171
8163 8173 8171
8163 731 8173
8171 8173 2209
2183 8172 8071
8172 8174 8071
8172 2209 8174
8071 8174 367
361 8175 8168
8175 8176 8168
8175 2210 8176
8168 8176 2208
2210 8177 8176
8177 8178 8176
8177 2211 8178
8176 8178 2208
2210 8179 8177
8179 8180 8177
8179 732 8180
8177 8180 2211
2208 8178 8169
8178 8181 8169
8178 2211 8181
8169 8181 731
732 8182 8180
8182 8183 8180
8182 2212 8183
8180 8183 2211
2212 8184 8183
8184 8185 8183
8184 2213 8185
8183 8185 2211
2212 8186 8184
8186 8187 8184
8186 733 8187
8184 8187 2213
2211 8185 8181
8185 8188 8181
8185 2213 8188
8181 8188 731
732 8189 8182
8189 8190 8182
8189 2214 8190
8182 8190 2212
2214 8191 8190
8191 8192 8190
8191 2215 8192
8190 8192 2212
2214 8193 8191
8193 8194 8191
8193 325 8194
8191 8194 2215
2212 8192 8186
8192 8195 8186
8192 2215 8195
8186 8195 733
731 8188 8173
8188 8196 8173
8188 2213 8196
8173 8196 2209
2213 8197 8196
8197 8198 8196
8197 2216 8198
8196 8198 2209
2213 8187 8197
8187 8199 8197
8187 733 8199
8197 8199 2216
2209 8198 8174
8198 8200 8174
8198 2216 8200
8174 8200 367
361 7486 8175
7486 8201 8175
7486 2045 8201
8175 8201 2210
2045 8202 8201
8202 8203 8201
8202 2217 8203
8201 8203 2210
2045 7485 8202
7485 8204 8202
7485 694 8204
8202 8204 2217
2210 8203 8179
8203 8205 8179
8203 2217 8205
8179 8205 732
694 8206 8204
8206 8207 8204
8206 2218 8207
8204 8207 2217
2218 8208 8207
8208 8209 8207
8208 2219 8209
8207 8209 2217
2218 8210 8208
8210 8211 8208
8210 540 8211
8208 8211 2219
2217 8209 8205
8209 8212 8205
8209 2219 8212
8205 8212 732
694 7481 8206
7481 8213 8206
7481 2044 8213
8206 8213 2218
2044 8214 8213
8214 8215 8213
8214 1414 8215
8213 8215 2218
2044 7480 8214
7480 4938 8214
7480 259 4938
8214 4938 1414
2218 8215 8210
8215 4943 8210
8215 1414 4943
8210 4943 540
732 8212 8189
8212 8216 8189
8212 2219 8216
8189 8216 2214
2219 8217 8216
8217 8218 8216
8217 1419 8218
8216 8218 2214
2219 8211 8217
8211 4957 8217
8211 540 4957
8217 4957 1419
2214 8218 8193
8218 4962 8193
8218 1419 4962
8193 4962 325
367 8200 8105
8200 8219 8105
8200 2216 8219
8105 8219 2193
2216 8220 8219
8220 8221 8219
8220 2220 8221
8219 8221 2193
2216 8199 8220
8199 8222 8220
8199 733 8222
8220 8222 2220
2193 8221 8109
8221 8223 8109
8221 2220 8223
8109 8223 728
733 8224 8222
8224 8225 8222
8224 2221 8225
8222 8225 2220
2221 8226 8225
8226 8227 8225
8226 2222 8227
8225 8227 2220
2221 8228 8226
8228 8229 8226
8228 545 8229
8226 8229 2222
2220 8227 8223
8227 8230 8223
8227 2222 8230
8223 8230 728
733 8195 8224
8195 8231 8224
8195 2215 8231
8224 8231 2221
2215 8232 8231
8232 8233 8231
8232 1433 8233
8231 8233 2221
2215 8194 8232
8194 5012 8232
8194 325 5012
8232 5012 1433
2221 8233 8228
8233 5017 8228
8233 1433 5017
8228 5017 545
728 8230 8119
8230 8234 8119
8230 2222 8234
8119 8234 2197
2222 8235 8234
8235 8236 8234
8235 1438 8236
8234 8236 2197
2222 8229 8235
8229 5031 8235
8229 545 5031
8235 5031 1438
2197 8236 8123
8236 5036 8123
8236 1438 5036
8123 5036 272
277 8152 6804
8152 8237 6804
8152 2204 8237
6804 8237 1874
2204 8238 8237
8238 8239 8237
8238 2223 8239
8237 8239 1874
2204 8151 8238
8151 8240 8238
8151 730 8240
8238 8240 2223
1874 8239 6805
8239 8241 6805
8239 2223 8241
6805 8241 651
730 8242 8240
8242 8243 8240
8242 2224 8243
8240 8243 2223
2224 8244 8243
8244 8245 8243
8244 2225 8245
8243 8245 2223
2224 8246 8244
8246 8247 8244
8246 734 8247
8244 8247 2225
2223 8245 8241
8245 8248 8241
8245 2225 8248
8241 8248 651
730 8147 8242
8147 8249 8242
8147 2203 8249
8242 8249 2224
2203 8250 8249
8250 8251 8249
8250 2226 8251
8249 8251 2224
2203 8146 8250
8146 8252 8250
8146 368 8252
8250 8252 2226
2224 8251 8246
8251 8253 8246
8251 2226 8253
8246 8253 734
651 8248 6809
8248 8254 6809
8248 2225 8254
6809 8254 1875
2225 8255 8254
8255 8256 8254
8255 2227 8256
8254 8256 1875
2225 8247 8255
8247 8257 8255
8247 734 8257
8255 8257 2227
1875 8256 6810
8256 8258 6810
8256 2227 8258
6810 8258 350
368 8259 8252
8259 8260 8252
8259 2228 8260
8252 8260 2226
2228 8261 8260
8261 8262 8260
8261 2229 8262
8260 8262 2226
2228 8263 8261
8263 8264 8261
8263 735 8264
8261 8264 2229
2226 8262 8253
8262 8265 8253
8262 2229 8265
8253 8265 734
735 8266 8264
8266 8267 8264
8266 2230 8267
8264 8267 2229
2230 8268 8267
8268 8269 8267
8268 2231 8269
8267 8269 2229
2230 8270 8268
8270 8271 8268
8270 736 8271
8268 8271 2231
2229 8269 8265
8269 8272 8265
8269 2231 8272
8265 8272 734
735 8273 8266
8273 8274 8266
8273 2232 8274
8266 8274 2230
2232 8275 8274
8275 8276 8274
8275 2233 8276
8274 8276 2230
2232 8277 8275
8277 8278 8275
8277 328 8278
8275 8278 2233
2230 8276 8270
8276 8279 8270
8276 2233 8279
8270 8279 736
734 8272 8257
8272 8280 8257
8272 2231 8280
8257 8280 2227
2231 8281 8280
8281 8282 8280
8281 2234 8282
8280 8282 2227
2231 8271 8281
8271 8283 8281
8271 736 8283
8281 8283 2234
2227 8282 8258
8282 8284 8258
8282 2234 8284
8258 8284 350
368 8130 8259
8130 8285 8259
8130 2199 8285
8259 8285 2228
2199 8286 8285
8286 8287 8285
8286 2235 8287
8285 8287 2228
2199 8129 8286
8129 8288 8286
8129 729 8288
8286 8288 2235
2228 8287 8263
8287 8289 8263
8287 2235 8289
8263 8289 735
729 8290 8288
8290 8291 8288
8290 2236 8291
8288 8291 2235
2236 8292 8291
8292 8293 8291
8292 2237 8293
8291 8293 2235
2236 8294 8292
8294 8295 8292
8294 557 8295
8292 8295 2237
2235 8293 8289
8293 8296 8289
8293 2237 8296
8289 8296 735
729 8125 8290
8125 8297 8290
8125 2198 8297
8290 8297 2236
2198 8298 8297
8298 8299 8297
8298 1484 8299
8297 8299 2236
2198 8124 8298
8124 5222 8298
8124 272 5222
8298 5222 1484
2236 8299 8294
8299 5227 8294
8299 1484 5227
8294 5227 557
735 8296 8273
8296 8300 8273
8296 2237 8300
8273 8300 2232
2237 8301 8300
8301 8302 8300
8301 1489 8302
8300 8302 2232
2237 8295 8301
8295 5241 8301
8295 557 5241
8301 5241 1489
2232 8302 8277
8302 5246 8277
8302 1489 5246
8277 5246 328
350 8284 6826
8284 8303 6826
8284 2234 8303
6826 8303 1879
2234 8304 8303
8304 8305 8303
8304 2238 8305
8303 8305 1879
2234 8283 8304
8283 8306 8304
8283 736 8306
8304 8306 2238
1879 8305 6827
8305 8307 6827
8305 2238 8307
6827 8307 652
736 8308 8306
8308 8309 8306
8308 2239 8309
8306 8309 2238
2239 8310 8309
8310 8311 8309
8310 2240 8311
8309 8311 2238
2239 8312 8310
8312 8313 8310
8312 560 8313
8310 8313 2240
2238 8311 8307
8311 8314 8307
8311 2240 8314
8307 8314 652
736 8279 8308
8279 8315 8308
8279 2233 8315
8308 8315 2239
2233 8316 8315
8316 8317 8315
8316 1501 8317
8315 8317 2239
2233 8278 8316
8278 5292 8316
8278 328 5292
8316 5292 1501
2239 8317 8312
8317 5297 8312
8317 1501 5297
8312 5297 560
652 8314 6831
8314 8318 6831
8314 2240 8318
6831 8318 1880
2240 8319 8318
8319 8320 8318
8319 1504 8320
8318 8320 1880
2240 8313 8319
8313 5309 8319
8313 560 5309
8319 5309 1504
1880 8320 6832
8320 5312 6832
8320 1504 5312
6832 5312 256
