0.0
1.0
1.0
3.0
0.9689941406250275
0.938476562500031
0.9084472656250457
0.87890625000006
0.8498535156250774
0.8212890625000725
0.7932128906250587
0.7656250000000437
0.7385253906251428
0.7119140625002177
0.6857910156253196
0.6601562500004193
0.6350097656254574
0.610351562500528
0.5861816406255743
0.5625000000006195
0.5393066406256917
0.5166015625007705
0.4943847656258704
0.472656250000968
0.4514160156260348
0.43066406250109857
0.410400390626157
0.39062500000118877
0.37133789062619316
0.35253906250119577
0.33422851562621525
0.3164062500012341
0.29907226562623485
0.28222656250123457
0.26586914062628186
0.25000000000133005
0.23461914062624875
0.21972656250116906
0.20532226562609293
0.19140625000101852
0.17797851562594752
0.16503906250087833
0.1525878906258117
0.14062500000074848
0.12915039062568714
0.11816406250062905
0.10766601562557292
0.09765625000052
0.08813476562546906
0.07910156250042076
0.07055664062537559
0.06250000000033251
0.0549316406252925
0.04785156250025463
0.04125976562521979
0.03515625000018712
0.029541015625157093
0.02441406250013
0.01977539062510519
0.015625000000083253
0.011962890625063657
0.00878906250004678
0.00610351562503247
0.003906250000020787
0.0021972656250117003
0.0009765625000051998
0.0002441406250012969
0.00024414062499907187
0.0009765624999962938
0.0021972656249911503
0.0039062499999838246
0.006103515624976
0.008789062499966662
0.011962890624955811
0.0156249999999435
0.0197753906249235
0.024414062499900628
0.029541015624875225
0.03515624999984662
0.041259765624815155
0.04785156249978126
0.05493164062474406
0.062499999999704
0.07055664062466106
0.07910156249961525
0.08813476562456654
0.09765624999951501
0.10766601562446056
0.11816406249940327
0.12915039062434308
0.14062499999928
0.15258789062421407
0.16503906249914527
0.17797851562407355
0.19140624999899902
0.20532226562392156
0.21972656249884123
0.23461914062375808
0.249999999998672
0.26586914062367284
0.28222656249867717
0.2990722656236831
0.3164062499986928
0.33422851562370387
0.35253906249871864
0.371337890623735
0.39062499999875505
0.41040039062377637
0.4306640624988016
0.45141601562382827
0.47265624999885875
0.49438476562389044
0.5166015624989263
0.539306640623963
0.562499999999004
0.5861816406240461
0.6103515624990922
0.6350097656241394
0.6601562499991906
0.6857910156242432
0.7119140624992997
0.7385253906243588
0.7656249999994191
0.7932128906244816
0.8212890624995487
0.8498535156246166
0.8789062499996888
0.9084472656247636
0.9384765624998391
0.9689941406249194
1.0158691406249694
1.032226562499937
1.0490722656248967
1.0664062499998543
1.0842285156248224
1.1025390624997888
1.1213378906247538
1.1406249999997176
1.1604003906246514
1.1806640624995826
1.2014160156245122
1.2226562499994376
1.2443847656243603
1.2666015624992812
1.289306640624198
1.312499999999112
1.3361816406240232
1.3603515624989313
1.3850097656238365
1.410156249998739
1.4357910156236386
1.4619140624985354
1.4885253906234293
1.5156249999983198
1.543212890623208
1.5712890624980933
1.5998535156229756
1.628906249997855
1.6584472656227316
1.6884765624976052
1.718994140622476
1.749999999997344
1.7814941406223859
1.8134765624974323
1.8459472656224791
1.8789062499975309
1.912353515622583
1.9462890624976394
1.9807128906226972
2.015624999997759
2.0510253906228213
2.086914062497889
2.1232910156229563
2.1601562499980287
2.197509765623101
2.2353515624981792
2.273681640623257
2.31249999999834
2.351806640623423
2.3916015624985114
2.4318847656235993
2.4726562499986926
2.5139160156237863
2.5556640624988844
2.5979003906239857
2.640624999999087
2.683837890624191
2.7275390624992997
2.771728515624409
2.8164062499995226
2.86157226562464
2.907226562499756
2.9533691406248783
2.9533691406250417
2.907226562500047
2.8615722656250697
2.816406250000092
2.7717285156251195
2.7275390625001124
2.6838378906250915
2.640625000000069
2.5979003906252256
2.555664062500347
2.5139160156255125
2.4726562500006772
2.4318847656257443
2.391601562500866
2.3518066406259495
2.3125000000010325
2.2736816406261626
2.2353515625013065
2.1975097656264895
2.160156250001672
2.123291015626805
2.0869140625019353
2.05102539062706
2.0156250000021396
1.980712890627172
1.9462890625022027
1.9123535156272662
1.878906250002331
1.8459472656273639
1.8134765625023965
1.7814941406275249
1.75000000000266
1.7189941406275377
1.688476562502416
1.658447265627299
1.6289062500021825
1.5998535156270706
1.5712890625019593
1.5432128906268507
1.5156250000017466
1.4885253906266431
1.461914062501544
1.435791015626446
1.410156250001352
1.385009765626259
1.3603515625011688
1.3361816406260827
1.3125000000009974
1.2893066406259166
1.2666015625008367
1.2443847656257607
1.2226562500006861
1.2014160156256142
1.180664062500546
1.1604003906254792
1.1406250000004163
1.1213378906253546
1.1025390625002962
1.0842285156252403
1.0664062500001872
1.0490722656251366
1.0322265625000884
1.0158691406250429
0.7499243990169744
0.8125823861139405
0.18739972889828388
0.812582386113939
1.6875619843758631
0.2032270491159362
0.04681072276811897
0.484477048854973
0.4376020339021003
0.8907073861138373
0.7657073678923858
0.4217502973852858
0.4844770488568002
0.8907073861138354
0.20322704911710016
0.4376020339021003
0.7657073678923862
1.23447704885304
1.7032273139178007
1.1876021364847094
2.296945494660755
1.171921653903261
1.7032273139206269
1.2344770488551995
1.187602136484709
0.0508832604161262
0.01168431429868226
0.12119579799069716
0.10947626704201328
0.22275829787065043
0.1915064672414188
0.10538424688188061
0.35557079787046725
0.3282270488563681
0.45713329886046095
0.30869579401148606
0.6368207986657446
0.6094770486363623
0.29697437519833747
0.5196332978706939
0.714945797681446
0.6719770486657055
0.9414886345280433
0.847738636113853
0.4258801728163235
0.2928553673974308
0.5899457780976323
0.578223877686302
0.7852386359798367
0.7539853943291708
0.5740840287345168
0.7149457976823528
0.9414886345280413
0.5196332978724225
0.6719770486667853
0.35557079787283485
0.6368207986667833
0.8477386361138504
0.22275829787252077
0.3282270488578638
0.30869579401219305
0.457133298861334
0.19150646724196008
0.2969743751983376
0.6094770486363625
0.12119579799158642
0.05088326041640168
0.10947626704242919
0.5899457780976325
0.7852386359798373
0.42588017281632384
0.5782238776863021
0.7539853943291712
1.089945797682911
1.2696332978706617
1.0469770486657881
1.4805707978731306
1.0118207986649392
1.722758300754684
1.4532270503658302
1.4336959714914297
1.207133299251981
1.6915122170177685
1.4219789355674473
0.9844770485057992
1.9961961437055136
2.3008902876844246
1.9844826675663247
2.636792283810062
1.9805354982542926
0.9649458216381348
1.1758829537372
0.9532247510721357
1.4180244038570606
0.9492510744414375
2.300890287685803
1.9961961437082962
1.984482667567904
1.722758300758798
1.6915122170192232
1.4805707978767435
1.4532270503683233
1.2071332992531034
1.4336959714927184
1.011820798665895
0.9844770485057998
1.4219789355674464
1.2696332978726814
1.0899457976837361
1.0469770486667023
1.1758829537372
0.9649458216381352
0.9532247510721361
0.012798272080108638
0.002919777591899245
0.03037519805675047
0.02745111734264148
0.05576579363390853
0.047963882749191875
0.02631597142051144
0.08896891942701371
0.08213329389461041
0.11435986108363844
0.07725016120001238
0.1592817367820767
0.1524458199773731
0.07433596851314433
0.12998454443064544
0.17881266943010454
0.16807079787134022
0.23545329442980276
0.21201611133922854
0.10656710549942285
0.07316705567205786
0.1475616762435237
0.14465723195616748
0.19639117254469785
0.18860635572458417
0.14346188934615073
0.29990641942965834
0.28525829787059176
0.34092236135189113
0.2725629863519437
0.4170942363517782
0.40244579885506526
0.2618207988122052
0.4698286113551177
0.38975048635943454
0.37900829893650545
0.3174848613146166
0.4463911117385535
0.370219226603971
0.2530317349984723
0.5577192363545773
0.5430707988544434
0.6221723611654444
0.5303754863511143
0.7217816752906543
0.7071332377909696
0.5196332997022668
0.24619591150797715
0.3018600264218454
0.24131069068637245
0.3633835072969721
0.23841450690618976
0.37217204442971574
0.4522501694298141
0.4336957978705609
0.5401407944299523
0.5010786113519066
0.6358439194295509
0.6133832978702831
0.6924848611626475
0.5928754863514907
0.7999066752875288
0.7774457377905915
0.5743207988545537
0.7393595442407881
0.8506876078221206
0.8243207368140721
0.9698086280620601
0.9151214485941264
0.6534223611657255
0.7569379252906087
0.7383832377906141
0.8682464486138572
0.8291839486138534
0.29408172076227324
0.23719759507216037
0.3584975344796961
0.3556080314769853
0.4307663462525281
0.4229934700586977
0.3543729572604174
0.5108442173319315
0.5040085379113031
0.5831100789979733
0.4991222888237713
0.6749066568407319
0.668070907791515
0.4962380638627686
0.5987348625322448
0.6944379252174491
0.683695739558362
0.7979339486152015
0.7744964509208321
0.5753418365493186
0.49498733536623585
0.663184872521132
0.6603047474058765
0.7588716019984802
0.7511088663393093
0.6590400772428511
0.85068760782245
0.9698086280620585
0.739359544241557
0.824320736814559
0.6358439194308381
0.7999066752880069
0.9151214485941243
0.5401407944316252
0.6133832978716429
0.5928754863529202
0.6924848611636432
0.5010786113536858
0.5743207988560484
0.7774457377911712
0.45225016943192964
0.37217204443211604
0.43369579787265766
0.29990641943220175
0.4170942363539074
0.7569379252911783
0.8682464486138547
0.6534223611667846
0.7383832377911733
0.5577192363560417
0.7217816752912036
0.8291839486138508
0.2354532944320571
0.28525829787271073
0.272562986353658
0.34092236135381315
0.21201611134073575
0.2618207988135345
0.40244579885672704
0.25303173499943843
0.3174848613157074
0.3790082989372956
0.3897504863606502
0.37021922660435513
0.44639111173897916
0.46982861135645837
0.19639117254554012
0.24619591150860098
0.24131069068667338
0.3018600264221881
0.18860635572484485
0.2384145069061906
0.3633835072969722
0.5430707988553996
0.5303754863515815
0.6221723611659529
0.5196332997022669
0.7071332377909698
0.17881266943177204
0.12998454443181434
0.16807079787267626
0.08896891942777102
0.1592817367831012
0.055765793634350934
0.08213329389515128
0.07725016120035638
0.11435986108428123
0.04796388274931959
0.07433596851331059
0.1524458199781213
0.03037519805695492
0.012798272080169825
0.027451117342739778
0.14756167624400185
0.10656710549962031
0.14465723195639613
0.6944379252174495
0.797933948615202
0.5987348625322455
0.6836957395583627
0.5108442173319319
0.6749066568407325
0.7744964509208325
0.4307663462525284
0.5040085379113035
0.4991222888237715
0.5831100789979737
0.42299347005869914
0.4962380638627702
0.6680709077915155
0.35849753447969634
0.29408172076227446
0.35560803147698666
0.6631848725211322
0.758871601998481
0.5753418365493203
0.6603047474058785
0.751108866339311
1.0381876059164483
1.1143595442610632
1.0118207367909755
1.198343919432178
0.9874066752880601
1.2901407944298748
1.1758832978703677
1.1553754863515469
1.0674848611627787
1.2510786113519616
1.1368207988546217
0.9649457377906843
1.389750169429604
1.4971720444292607
1.3711957978704643
1.6124064194378191
1.3545942363511068
0.9444379252906812
1.0284223611657959
0.925883237790669
1.1202192363528876
0.9092816752905548
1.7354532941882197
1.597758297706496
1.585062988542766
1.4659223612579244
1.7120160811658467
1.5743207745998251
1.339945798816896
1.5655319554773355
1.442484843048109
1.3165082861462212
1.3272504872535027
1.3077193644605944
1.1963911036207682
1.2198286113542895
1.6963894495899163
1.5586944099805007
1.5538159268283018
1.42685875489126
1.6886059099285955
1.5509127581200448
1.300882472341931
1.1055707988717365
1.0928754863929786
0.997172361184501
1.0821332952729938
0.8946332378014603
1.8663126729531598
2.004984504211196
1.855570762207012
2.151469296239582
1.8467820443556624
2.3057632679811135
2.144630946690606
2.1397568295650053
1.9893577140287766
2.29797440803382
2.1368429603759456
1.8399438823950196
2.4678827395335454
2.6378154528449573
2.4649653648586765
2.8155043156317254
2.463939276431141
1.835067797668045
1.9815710439014973
1.8321586837428043
2.135810913003618
1.8311192075559144
0.8819379250849213
0.9737348607383012
0.8711957393469237
1.073344288817697
0.8624066747199212
1.1807655476947756
1.066507966299016
1.061624077526083
0.9581097191485894
1.1729914687113818
1.0587372289355472
0.8555707497662246
1.296001264106923
1.4190792698988157
1.2931054915720523
1.5498637521581151
1.2920437837466472
0.8506850511662452
0.9503427302642133
0.8478075732866097
1.0576576297204356
0.8467015535697651
2.6378154528454574
2.467882739534734
2.4649653648594
2.3057632679831603
2.297974408034518
2.1514692962423263
2.1446309466927307
1.9893577140309664
2.1397568295664904
1.8467820443584722
1.8399438823972638
2.136842960376776
2.0049845042147902
1.8663126729574078
1.8555707622105082
1.7354532941929466
1.7120160811693286
1.9815710439022969
1.8350677976695617
1.8321586837435735
1.696389449592068
1.688605909929334
1.6124064194422525
1.597758297710361
1.4659223612609902
1.5850629885460386
1.3545942363539623
1.3399457988192234
1.5743207746024837
1.2198286113559424
1.327250487255279
1.3165082861474278
1.4424848430500106
1.1963911036213393
1.3077193644612064
1.5655319554793614
1.1202192363544135
1.1055707988727768
0.9971723611849894
1.092875486393508
0.909281675291
0.8946332378014608
1.0821332952729938
1.5586944099818725
1.426858754891914
1.553815926828996
1.3008824723419314
1.5509127581200461
1.4971720444327792
1.3897501694322965
1.3711957978732365
1.2901407944318262
1.2510786113540493
1.198343919433503
1.1758832978717488
1.0674848611636474
1.1553754863529844
0.9874066752884425
0.9649457377910982
1.1368207988561152
1.114359544261824
1.0381876059167707
1.0118207367913477
1.028422361166729
0.9444379252911058
0.9258832377911033
1.4190792698988166
1.2960012641069227
1.2931054915720543
1.1807655476947758
1.1729914687113836
1.0733442888176974
1.0665079662990165
0.9581097191485897
1.0616240775260835
0.8624066747199217
0.8555707497662253
1.0587372289355486
0.9737348607383016
0.881937925084922
0.8711957393469243
0.9503427302642149
0.8506850511662458
0.8478075732866115
0.003279189142012647
0.0007410199000489559
0.007664930945450261
0.006953010759695193
0.014012276397040346
0.012084099780033143
0.006568192299269965
0.022313169711256083
0.020609162712040018
0.02866573125247978
0.019392198783276516
0.03989697401587859
0.038186890278679025
0.018678350352783903
0.03256706455225168
0.0447740961642714
0.04209392145196716
0.05893425251351965
0.05308055976759281
0.026736565847110275
0.018267101490186455
0.03697505223249956
0.03625904955029578
0.04917297755118394
0.0472459748814687
0.03583058313903796
0.07504753374020631
0.07139079453060951
0.08530710944950592
0.06821726316902745
0.10435007809467897
0.10068798520065222
0.0655317690633524
0.11753368833566404
0.09751415433993396
0.09482869985413653
0.07944781277165855
0.11167442490756707
0.09263080716917915
0.06333431623870456
0.13950634595052774
0.1358442336145551
0.15561962200684348
0.13267041613238617
0.1805219712002346
0.17685985392359616
0.12998498268634023
0.06162403813897857
0.07554007924676018
0.06041753502217603
0.09092109507904267
0.05969745221119533
0.09311393999277648
0.1131334712425657
0.10850016942929488
0.13510612749242185
0.125346171811563
0.1590319087423011
0.15342204443020394
0.17319773431853097
0.14829539056945912
0.2000532030683802
0.1944379853711657
0.14365673535428558
0.18491081499216055
0.21274284624200937
0.20615641942995971
0.2425280024918463
0.22886179681824936
0.16343212690673997
0.18931103317185527
0.18467236135934845
0.2171430644262823
0.2073774395616866
0.0736135555315498
0.05925624721125927
0.08971916201890492
0.08899433639023215
0.10776707425223486
0.10583983183460555
0.08854307422527304
0.12778655314379483
0.12607800342708636
0.14585386915460424
0.12487979540464975
0.16880164524700386
0.16709465876390017
0.12415006918689193
0.14976036932618236
0.173686072374793
0.1710005824098808
0.1995649298747187
0.19370562077902403
0.14392506903882177
0.12369053011494438
0.16589941753709897
0.16516484719818525
0.18980036073800124
0.18786941599361184
0.16469829660194318
0.27426628374176937
0.2667032944297305
0.2923383593181116
0.25962351556817886
0.3270063280680446
0.3194379853705289
0.2530317353706595
0.3480024394249772
0.3123579081750383
0.3057661113518893
0.27866650192508846
0.33433056447974907
0.2996625957302719
0.24692822067503417
0.3856000956749212
0.3780317363518291
0.40952587697978293
0.37095165822984333
0.4500532207297355
0.44248486135502196
0.364359861354872
0.2413129863541048
0.26694775198232257
0.23618603320255094
0.29404736135557263
0.23154736157193193
0.47690868948011933
0.43540478323011444
0.42881298635512044
0.3958540019799064
0.46323681448067056
0.4227094707356299
0.3582563457328054
0.417094236301522
0.38413525194707504
0.34751415823042375
0.352641111338589
0.34287548736539575
0.31284619033092975
0.32261181447470155
0.45151806440496034
0.41196728343894845
0.40732861227965944
0.37436962803386564
0.4417524400524295
0.40317820832825163
0.3387250885515312
0.28892040817913
0.2842817369879448
0.2571821273883109
0.28013134285542207
0.22739697040948348
0.5203657207300376
0.5127973613551886
0.5501508769797362
0.5057172832300529
0.5965375957197033
0.588969236344854
0.49912548635665965
0.6292524392908552
0.5818891582194388
0.5752973613496697
0.5364790019826473
0.6155805642978334
0.5691938457056556
0.49302197073280857
0.6785688423274827
0.6710004829525085
0.714213315915543
0.6639204048273398
0.7664583749637497
0.7588900155884566
0.6573286079615388
0.4874067362619069
0.524760251877519
0.4822797838301599
0.5635786112491055
0.47764111131233544
0.22373485041791097
0.24936961608310004
0.22056111935886097
0.2764692273189635
0.2178754842734591
0.305033684462625
0.27329554763354913
0.27060968947569464
0.24351017347336157
0.29917403371321316
0.2684100991767919
0.21567614769201104
0.3350629877284925
0.36655713721065264
0.33188934666511594
0.39951613289382437
0.32920320781480505
0.21397096482180727
0.23960646199480595
0.2127780507029291
0.26670684438114556
0.21203878517282015
0.30795768999178386
0.3436022212418085
0.3350626694296819
0.3811998774918435
0.3636274218180775
0.42075065874188877
0.4112345444297597
0.4427289843181733
0.40220164056812
0.4852094530682367
0.47568798537062307
0.39365673537050916
0.46225456499194456
0.5057115962420107
0.49521891942987895
0.5511217524920857
0.5296430468183089
0.42515087692497233
0.46665478317503295
0.4581098613518386
0.5101118144251024
0.4925336894798036
0.5984850337421466
0.5870157944300074
0.6243696093179003
0.5760297655683622
0.6746625780580122
0.6631879853604068
0.5655317353707461
0.7034711892358521
0.6522016581648125
0.6417036113416121
0.6028852519246892
0.681986814290539
0.6316938457195054
0.5555219706751533
0.7566938422725982
0.7452192329493709
0.7884320659154438
0.7342329048272692
0.8445833749633317
0.8331087655886829
0.723734857952433
0.5460004863519559
0.5833540019793848
0.5369672832298515
0.6221723613446727
0.5284223613550219
0.6478014399917753
0.6990709712333979
0.6866251694197174
0.7522936273292475
0.7269086716287936
0.8074694057558907
0.7940470410133389
0.8372601732194561
0.7811078871615169
0.8953646079229466
0.8819368896036033
0.7686567319684976
0.8645982597035891
0.9236792960862303
0.9092803118123804
0.9846929250972521
0.9554046257907014
0.8118695658600192
0.8689974373976757
0.8565462655875373
0.9280609017784148
0.9026702767399928
0.5657758769795707
0.6131391582196883
0.604594236344695
0.6624555642907197
0.6448774392907297
0.7137250923274463
0.7042036079524507
0.7474164409156114
0.695170404827455
0.8016146249636942
0.7920931405886957
0.6866254829524565
0.7669476909156052
0.8221224374636935
0.8116243905886917
0.879232776738829
0.8577484017388521
0.7298383159156137
0.7830599374636971
0.7745150155886957
0.8382171517388533
0.8206390267388468
0.23767296253515152
0.21156616709632547
0.2655157288019038
0.26477195438699086
0.2952721051347431
0.2933357658746538
0.2642939991018316
0.32700352005579725
0.3253022383202002
0.35679723879863334
0.32411248698969497
0.3914564187534386
0.3897571021236724
0.32336440123232135
0.3606972135013432
0.3963425074086644
0.3936560525108226
0.43393997466882855
0.4280797265455948
0.354857863969138
0.32288168975148535
0.3885683579891588
0.3878161570122808
0.4241818244487807
0.42223928281765255
0.3873291621067063
0.4734907035097413
0.46982866235023935
0.5071821956929603
0.4666550232361695
0.5496625755299532
0.546000574400501
0.46396823723716785
0.5862837979969173
0.5428268899521185
0.5401397746274852
0.5013215861233749
0.5804228039096981
0.5379406495786483
0.4617687963460091
0.6316938223027453
0.6280318632841213
0.6712447184999317
0.6248581020833694
0.7195833591031082
0.7159214405020482
0.6221706723129841
0.4600714024459578
0.4974258332346955
0.45888337098907384
0.5362451143130624
0.45812724345641864
0.5149946260322162
0.5584516593296232
0.5538129841913393
0.6038618142230134
0.5940961856328852
0.651225092278062
0.6456098579396214
0.6888226909889377
0.64048290642157
0.7391146248647289
0.7334993907798919
0.6358442275085732
0.7005414409258636
0.751809937464764
0.7452181405988569
0.8050140267382518
0.79134215175288
0.6790570584345126
0.7283724393296613
0.723733755887541
0.779623401996394
0.7698577648718592
0.4954800406828668
0.4576363569636338
0.5350575515444809
0.5342976759799052
0.5765292433626794
0.5745801504422503
0.5338032276483478
0.6199719694491398
0.6182782156352485
0.6614919774450756
0.6170909184535041
0.7078616558141779
0.7061695852368219
0.6163274619998227
0.6653833296036294
0.7127475747621612
0.7100598560742393
0.7620454779299677
0.7561836707375316
0.65953955968693
0.6158297226292531
0.7049824148170277
0.7042157136120359
0.7522942048198242
0.7503455426387164
0.703711899459943
0.9236792960864202
0.9846929250972507
0.8645982597039381
0.9092803118125496
0.8074694057563718
0.8953646079231142
0.9554046257906998
0.7522936273299454
0.7940470410138953
0.7811078871621501
0.8372601732198645
0.7269086716296327
0.7686567319692044
0.8819368896038555
0.6990709712344036
0.6478014399930335
0.6866251694207572
0.5984850337436032
0.6746625780591158
0.8689974373979259
0.9280609017784127
0.8118695658605022
0.8565462655877859
0.7566938422732981
0.8445833749635776
0.902670276739991
0.5511217524937291
0.5870157944314975
0.5760297655698842
0.624369609319223
0.5296430468200093
0.5655317353723004
0.6631879853615512
0.555521970676738
0.6028852519260836
0.6417036113428354
0.6522016581659956
0.6316938457207655
0.6819868142915768
0.7034711892368037
0.5101118144268577
0.5460004863535712
0.5369672832314956
0.583354001980847
0.4925336894816068
0.5284223613566921
0.6221723613459709
0.7452192329501173
0.7342329048280636
0.7884320659159743
0.7237348579532727
0.8331087655889828
0.5057115962439105
0.4622545649940575
0.495218919431786
0.42075065874417183
0.4852094530701674
0.3811998774942611
0.41123454443203067
0.40220164057037733
0.4427289843202802
0.3636274218204608
0.3936567353727528
0.47568798537254875
0.3436022212442862
0.3079576899943269
0.33506266943216456
0.27426628374437756
0.327006328070508
0.46665478317697884
0.42515087692708475
0.45810986135380405
0.38560009567717757
0.4500532207317207
0.8221224374639908
0.8792327767388264
0.7669476909161802
0.8116243905889868
0.713725092328278
0.8016146249639864
0.8577484017388499
0.6624555642917895
0.704203607953275
0.6951704048282711
0.7474164409161759
0.6448774392917769
0.6866254829532636
0.7920931405889853
0.6131391582209729
0.5657758769810488
0.6045942363459653
0.5203657207316912
0.5965375957209627
0.7830599374639837
0.838217151738851
0.7298383159161663
0.7745150155889788
0.678568842328284
0.7664583749640317
0.8206390267388428
0.2425280024943006
0.2667032944321296
0.259623515570373
0.29233835932044083
0.22886179682030927
0.2530317353726538
0.3194379853727727
0.24692822067683395
0.2786665019270024
0.30576611135370746
0.31235790817706677
0.2996625957318841
0.3343305644814546
0.34800243942712017
0.21714306442796857
0.24131298635571524
0.23618603320397624
0.26694775198384124
0.20737743956301927
0.23154736157317835
0.29404736135698495
0.37803173635385545
0.3709516582316422
0.40952587698167586
0.3643598613564507
0.44248486135676757
0.2273969704105559
0.2571821273894561
0.2842817369889733
0.2889204081803477
0.2801313428562664
0.31284619033182615
0.32261181447599196
0.34287548736614426
0.347514158231372
0.3841352519480751
0.3526411113397421
0.41709423630235337
0.4227094707366821
0.3582563457341687
0.33872508855208516
0.37436962803445084
0.40732861228006423
0.41196728343956346
0.40317820832845164
0.4417524400526399
0.4515180644056065
0.3958540019813425
0.4288129863563984
0.43540478323162324
0.4632368144817748
0.4769086894817015
0.19956492987571905
0.2237348504188148
0.22056111935960154
0.2493696160838924
0.19370562077971326
0.2178754842740413
0.27646922731962875
0.21567614769244015
0.24351017347382187
0.2706096894760165
0.2732955476340406
0.26841009917695013
0.2991740337133819
0.3050336844631478
0.18980036073839968
0.2139709648220875
0.21277805070306743
0.23960646199495397
0.1878694159937424
0.21203878517282249
0.26670684438114556
0.33506298772885584
0.3318893466652952
0.36655713721084215
0.32920320781480505
0.3995161328938244
0.5127973613565919
0.5057172832312091
0.5501508769809449
0.49912548635757426
0.5889692363458523
0.49302197073348586
0.5364790019833559
0.5752973613501576
0.5818891582201786
0.5691938457058973
0.6155805642980854
0.6292524392916266
0.4874067362623533
0.48227978383038084
0.5247602518777503
0.47764111131233544
0.5635786112491058
0.6710004829530386
0.6639204048276022
0.7142133159158166
0.6573286079615388
0.7588900155884575
0.2127428462441457
0.1849108149940016
0.20615641943190943
0.15903190874386883
0.20005320307014834
0.13510612749373813
0.15342204443161128
0.14829539057071117
0.17319773432003016
0.12534617181258917
0.14365673535538692
0.19443798537275764
0.11313347124365239
0.09311393999365486
0.10850016943024676
0.07504753374089895
0.10435007809550184
0.18931103317327613
0.16343212690791725
0.18467236136060267
0.1395063459514842
0.18052197120132804
0.05893425251405282
0.07139079453119898
0.06821726316951865
0.0853071094501526
0.05308055976794937
0.06553176906375027
0.10068798520135688
0.06333431623901387
0.07944781277209861
0.09482869985461961
0.0975141543405254
0.09263080716955865
0.11167442490809404
0.11753368833642752
0.04917297755138268
0.06162403813920363
0.06041753502232262
0.07554007924701239
0.04724597488153158
0.059697452211269736
0.09092109507932289
0.13584423361537834
0.13267041613308123
0.15561962200772722
0.1299849826869119
0.17685985392454132
0.04477409616466192
0.032567064552521896
0.04209392145227951
0.022313169711427654
0.0398969740161175
0.014012276397138566
0.02060916271216276
0.01939219878335556
0.028665731252628862
0.012084099780062267
0.01867835035282424
0.03818689027885576
0.007664930945499835
0.0032791891420292634
0.006953010759717626
0.03697505223261256
0.026736565847158097
0.036259049550351155
0.17368607237558792
0.14976036932679293
0.17100058241053034
0.12778655314424187
0.16880164524751323
0.10776707425253843
0.12607800342741393
0.12487979540486283
0.14585386915495516
0.10583983183470377
0.12415006918699806
0.16709465876427448
0.08971916201908678
0.07361355553163218
0.08899433639032245
0.16589941753734327
0.14392506903893582
0.16516484719830726
0.7518099374647647
0.8050140267382531
0.7005414409258637
0.7452181405988572
0.6512250922780624
0.7391146248647292
0.7913421517528806
0.6038618142230139
0.6456098579396219
0.6404829064215706
0.6888226909889381
0.5940961856328857
0.6358442275085738
0.7334993907798921
0.5584516593296238
0.5149946260322167
0.5538129841913395
0.47349070350974165
0.5496625755299536
0.7283724393296617
0.7796234019963943
0.679057058434513
0.7237337558875412
0.6316938223027456
0.7195833591031087
0.7698577648718594
0.43393997466882883
0.4698286623502397
0.4666550232361699
0.5071821956929605
0.4280797265455949
0.46396823723716796
0.5460005744005012
0.4617687963460093
0.5013215861233751
0.5401397746274854
0.5428268899521189
0.5379406495786487
0.5804228039096984
0.5862837979969175
0.4241818244487811
0.46007140244595846
0.4588833709890753
0.4974258332346962
0.42223928281765444
0.45812724345642053
0.5362451143130631
0.6280318632841213
0.6248581020833699
0.671244718499932
0.6221706723129843
0.7159214405020486
0.39634250740866483
0.3606972135013433
0.3936560525108227
0.32700352005579747
0.39145641875343884
0.29527210513474345
0.3253022383202006
0.3241124869896963
0.3567972387986338
0.293335765874656
0.3233644012323236
0.38975710212367276
0.2655157288019049
0.23767296253515385
0.2647719543869932
0.38856835798916023
0.3548578639691402
0.3878161570122828
0.7127475747621617
0.7620454779299679
0.6653833296036298
0.7100598560742395
0.61997196944914
0.7078616558141779
0.7561836707375318
0.5765292433626801
0.6182782156352493
0.6170909184535058
0.6614919774450766
0.5745801504422521
0.6163274619998245
0.7061695852368224
0.5350575515444824
0.4954800406828686
0.534297675979907
0.7049824148170296
0.7522942048198247
0.6595395596869319
0.7042157136120375
0.750345542638718
1.017429793835447
1.0520982640250476
1.0030303608582534
1.0887193976184801
0.9891146086094544
1.1272936280002148
1.0752970412511185
1.0623578871331438
1.0247601736273078
1.1019086716209987
1.0499067319646729
0.9756868899273997
1.1678209713560728
1.2103014399498473
1.1553751694042798
1.2547350337452845
1.1434125780604316
0.962747437398108
0.9993695658613306
0.9502962655871618
1.0379438422734633
0.9383333749637321
1.3011217524931302
1.243265794430266
1.2322797655683766
1.186869609317978
1.2796430468183329
1.2217817353708118
1.1319379853604379
1.2117719706751728
1.165385251924783
1.1104536113417196
1.1209516581649335
1.1004438457195822
1.0569868142906467
1.0784711892358585
1.2601118144250383
1.2022504863519372
1.1932172832299215
1.1458540019794028
1.2425336894792345
1.1846723613547745
1.0909223613447154
1.026469232949403
1.0154829048273886
0.9759320659154613
1.004984857952527
0.9268587655886933
1.3494615962416994
1.3997545649918002
1.338968919429828
1.4520006587415724
1.3289594530681228
1.5061998774914627
1.4424845444294712
1.4334516405678759
1.3802289843179665
1.4886274218154498
1.4249067353684421
1.3194379853704912
1.5623522212410657
1.6204576899882932
1.5538126694265386
1.6805162837532248
1.545756328073201
1.3104047831750316
1.3626508769234613
1.3018598613508365
1.41685009567564
1.2938032207281998
0.9158724374637461
0.9544476909156827
0.905374390588739
0.994975092327532
0.8953646249637381
1.037455564290787
0.9854536079525262
0.97642040482752
0.9349164409156785
1.0198774392909016
0.9678754829526188
0.8858431405887377
1.0818891582197598
1.128275876979556
1.073344236344815
1.1766157207280885
1.065287595718433
0.876809937463732
0.9173383159157301
0.8682650155887512
0.9598188423270915
0.8602083749637862
1.7425280025062437
1.6729532944518
1.6658735153657172
1.6048383593440971
1.7288617967660418
1.6592817352263296
1.5381879853980451
1.6531782232147674
1.5911665017120722
1.5245161110921135
1.5311079080474241
1.518412597575331
1.4593305641933276
1.4730024394520385
1.7171430645904033
1.6475629874152022
1.6424360059808731
1.5794477537681173
1.707377427176124
1.637797342730002
1.5127973637023158
1.4092817363768537
1.4022016581658976
1.347025877001614
1.3956098610598053
1.2862348613729324
1.6336472130495632
1.5696821031345598
1.5030317083741984
1.5076703869718524
1.4988815415177013
1.4378461584119224
1.4476118172295593
1.3741254531914129
1.3787641427852582
1.3216352551079753
1.3838911143608084
1.260844239483664
1.266459471361601
1.3895063469232678
1.369975245710104
1.3118695926407922
1.2510785766781725
1.2557172731000277
1.246928327988738
1.19175240521853
1.201518067501036
1.3333540016917778
1.2725629860868053
1.2791547832130545
1.213236814242074
1.2269086894938042
1.6995652509107053
1.6299852017267686
1.6268095061010976
1.5618699907653424
1.693701560110858
1.6241214245994773
1.4952196178229178
1.6219316603049463
1.5560061521218849
1.4893557447662615
1.4920441600432164
1.4871650178956282
1.4241702045845859
1.4300340828046547
1.6898239343225816
1.6202438887429707
1.6190268788108082
1.5521286477613874
1.6878353392982395
1.618255282679137
1.4854782043417196
1.3663133857473873
1.3631381929195516
1.3040575268393058
1.3604495334879336
1.243266506431611
1.1690473613647336
1.161967283240593
1.112650876985567
1.1553754861545236
1.0577192363476604
1.1492719709283297
1.0989790018204753
1.044047361227805
1.0506391582393437
1.037943845638666
0.9905805642137386
1.0042524392914967
1.1436567391739803
1.1385297776857661
1.0872602545171706
1.1338910781807923
1.0323286135387808
0.9522504829519
0.9451704048429386
0.9017133159145352
0.9385786079102894
0.8526400155877181
1.8064928459671166
1.87241081520893
1.7999064194949992
1.9402819124519923
1.7938032062836615
2.010106122223458
1.9346720408313325
1.9295453524782986
1.860697732154974
2.000346195394034
1.9249067484759668
1.7881879844609374
2.0818834302913007
2.15561398802497
2.0772502044250896
2.231297913703605
2.0731004403757938
1.7830610001650373
1.8509321305226538
1.7784223564646546
1.9207566733467005
1.7742722577803867
2.308934162196965
2.2276407778942087
2.2244648230352944
2.1478071506299696
2.3030774717362306
2.2217785132365013
2.0694380811330175
2.2195911465636318
2.141944388899601
2.0635751147097317
2.066261905428682
2.0613873367758826
1.98667069282582
1.9925338364351877
2.29919783060234
2.2178991913231743
2.2166762442090997
2.1380653862509518
2.297210744006728
2.2159118321169897
2.059696413394346
1.9170944309823748
1.913918373110527
1.8431198651654075
1.9112311247573062
1.7706101386062079
2.3885215442900747
2.470064451715947
2.385841000981137
2.5535709517153373
2.3836542390900366
2.6390343789723874
2.551882440513997
2.550658136511565
2.466189601198496
2.637054849440055
2.5498965671364737
2.3819613050233013
2.726431503929719
2.815759811189212
2.7256776466928914
2.907054333384567
2.7254159920355683
2.38073744929853
2.4642031128597104
2.3799745045813796
2.5496333757347016
2.3797099837546813
1.767434241425744
1.837256412105403
1.7647465566032254
1.909042821350639
1.762557596236262
1.9827922703867693
1.9073529544698342
1.906132417530125
1.8333784624278007
1.9808042007696112
1.9053646970952909
1.7608687905073594
2.0584745592752123
2.1360777700230216
2.057708559046489
2.2156458057032857
2.0574408121791103
1.7596498464529091
1.8313900503237384
1.7588802632511706
1.9050949655515965
1.7586082167451291
0.8455599374695344
0.8880414409008626
0.8389681405926371
0.932475092127228
0.832864624781481
0.9788618160984908
0.9268598593531066
0.921732905547048
0.8763226919119448
0.9690961627424852
0.9170942095397316
0.8272493912067631
1.027201656351317
1.0774945954927324
1.022562957084829
1.129740790073754
1.018412632723868
0.8221224395399909
0.866557045981549
0.8174837493798011
0.9129438527368398
0.8133333651574188
1.1839403250352474
1.1260789832947433
1.122904339870861
1.069682481927989
1.1780767481696124
1.1202155632211621
1.0147508216208116
1.1180210801983934
1.0638192473852164
1.0088877963771863
1.0115764261052949
1.006691961717995
0.955421203548593
0.9612840027566085
1.174197608994672
1.116335722069675
1.1151318758843574
1.0599385397016197
1.1722118460715856
1.1143511072193257
1.0050060423318965
0.9092820227416204
0.9061078435936708
0.8587448301297222
0.9034194577316084
0.809671502006051
1.2400915912467414
1.2981937330974906
1.237402804539467
1.3582576828774937
1.2352096851164953
1.4202925502435515
1.3565716758275084
1.3553599140180563
1.294315569846746
1.418304376162654
1.35458385663535
1.2335242192443472
1.4842635532450772
1.5501400986256224
1.4834897936909544
1.6179805002095762
1.4832117258189506
1.232316008218981
1.2923282488154664
1.2315375706681082
1.354301765170495
1.2312504270724065
0.8064975167330887
0.8528824994060109
0.8038094040974615
0.901222461100079
0.8016115846716261
0.9515382121711102
0.8995350382960567
0.8983428084933376
0.8489964932188447
0.949559333144349
0.8975591690082917
0.7999217602260377
1.0038075204144081
1.0579553980781393
1.003024779150092
1.1140574111473223
1.0027222201864907
0.7987356286964499
0.8470244208238968
0.7979552087733888
0.89724410943033
0.7976249301970297
2.8157598111894986
2.7264315039302525
2.7256776466931436
2.639034378973129
2.637054849440303
2.553570951716426
2.5518824405148486
2.4661896011994546
2.550658136512178
2.3836542390913227
2.381961305024363
2.549896567136843
2.4700644517175374
2.388521544292092
2.3858410009827655
2.308934162199337
2.3030774717379447
2.4642031128600728
2.3807374492992404
2.3799745045817353
2.299197830603383
2.297210744007077
2.2312979137063245
2.2276407778966165
2.1478071506324063
2.2244648230373816
2.073100440378558
2.0694380811354818
2.221778513238265
1.9925338364376755
2.0662619054308404
2.06357511471158
2.1419443889014076
1.9866706928277051
2.0613873367774147
2.2195911465650653
1.9207566733494996
1.9170944309848856
1.8431198651679384
1.9139183731127443
1.774272257783207
1.7706101386087527
1.9112311247592277
2.2178991913242765
2.138065386252114
2.216676244209867
2.059696413395561
2.2159118321174134
2.1556139880281657
2.081883430294922
2.0772502044282692
2.010106122227449
2.0003461953972232
1.940281912456308
1.9346720408352673
1.8606977321588507
1.9295453524818456
1.7938032062878424
1.7881879844647557
1.9249067484791182
1.872410815213458
1.8064928459718832
1.7999064194994974
1.7425280025112673
1.7288617967704643
1.8509321305258086
1.7830610001685274
1.7784223564678112
1.7171430645942052
1.7073774271792779
2.136077770023438
2.0584745592760276
2.0577085590468993
1.982792270387961
1.9808042007700133
1.909042821352187
1.9073529544710022
1.8333784624289453
1.906132417530909
1.7625575962377473
1.7608687905084814
1.9053646970956852
1.8372564121072852
1.7674342414279418
1.7647465566050689
1.6995652509131969
1.6937015601126628
1.8313900503241256
1.7596498464536627
1.75888026325155
1.68982393432368
1.6878353392986123
1.680516283758092
1.6729532944563794
1.604838359348248
1.6658735153700053
1.5457563280772164
1.5381879854017835
1.659281735230318
1.4730024394553802
1.5311079080508812
1.5245161110952832
1.5911665017156436
1.459330564196108
1.5184125975782043
1.6531782232184522
1.4168500956788663
1.409281736379814
1.3470258770042063
1.4022016581685852
1.2938032207306986
1.286234861375175
1.3956098610622147
1.647562987418579
1.5794477537710845
1.6424360059839334
1.5127973637048917
1.6377973427327435
1.2269086894957122
1.279154783215037
1.2725629860885193
1.333354001693832
1.2132368142434635
1.2664594713630426
1.389506346925395
1.2608442394848285
1.3216352551094697
1.378764142786804
1.3838911143626476
1.37412545319266
1.43784615841352
1.4476118172317594
1.2015180675018864
1.25571727310091
1.2510785766787644
1.3118695926417028
1.1917524052188186
1.2469283279890364
1.3699752457110461
1.5076703869741248
1.5030317083761613
1.5696821031369041
1.4988815415193508
1.6336472130519804
1.1766157207299233
1.1690473613663226
1.1126508769868526
1.1619672832419319
1.0652875957196657
1.057719236348659
1.155375486155605
1.0042524392922232
1.050639158240101
1.0440473612283134
1.098979001821263
0.9905805642139855
1.037943845638923
1.1492719709291488
0.9598188423277849
0.9522504829523676
0.9017133159147619
0.9451704048431753
0.8602083749640008
0.8526400155877187
0.9385786079102894
1.1436567391745305
1.0872602545174384
1.138529777686044
1.0323286135387812
1.1338910781807927
1.6299852017288576
1.5618699907670446
1.6268095061028514
1.4952196178242492
1.6241214246008902
1.430034082805629
1.492044160044221
1.4893557447669359
1.5560061521229196
1.4241702045849154
1.4871650178959674
1.6219316603060125
1.366313385748021
1.3040575268396153
1.3631381929198716
1.2432665064316115
1.3604495334879334
1.620243888743687
1.5521286477617382
1.61902687881117
1.4854782043417196
1.6182552826791379
1.6204576899926741
1.5623522212449807
1.553812669430505
1.5061998774949337
1.4886274218190163
1.4520006587446237
1.4424845444325647
1.380228984320698
1.4334516405710134
1.3289594530704703
1.3194379853728746
1.424906735371625
1.3997545649944532
1.349461596243973
1.3389689194321388
1.3011217524950474
1.2796430468203182
1.3626508769262755
1.3104047831774537
1.3018598613532975
1.2601118144270913
1.242533689481358
1.254735033746882
1.2432657944318928
1.1868696093193303
1.2322797655700353
1.1434125780614992
1.13193798536153
1.2217817353725011
1.078471189236705
1.1209516581660512
1.1104536113428614
1.1653852519261907
1.0569868142915366
1.1004438457207506
1.2117719706768941
1.0379438422740588
1.0264692329500171
0.975932065915859
1.0154829048280214
0.9383333749639156
0.9268587655888894
1.004984857953179
1.2022504863536896
1.1458540019808685
1.1932172832317045
1.0909223613459096
1.1846723613565904
1.2103014399511336
1.1678209713570697
1.1553751694053114
1.127293628000944
1.101908671621791
1.0887193976189828
1.0752970412516487
1.0247601736276553
1.0623578871337034
0.9891146086096082
0.9756868899275752
1.0499067319652617
1.0520982640253749
1.0174297938356056
1.0030303608584055
0.9993695658617084
0.9627474373982863
0.9502962655873431
1.128275876981066
1.0818891582209653
1.0733442363460344
1.037455564291711
1.0198774392918453
0.9949750923281924
0.9854536079531961
0.9349164409161084
0.976420404828197
0.895364624963942
0.8858431405889442
0.9678754829533033
0.9544476909161022
0.9158724374639449
0.9053743905889402
0.9173383159161689
0.8768099374639404
0.8682650155889615
1.550140098625624
1.4842635532450785
1.4834897936909557
1.4202925502435517
1.4183043761626557
1.3582576828774933
1.3565716758275088
1.2943155698467463
1.355359914018058
1.235209685116495
1.2335242192443476
1.3545838566353519
1.298193733097491
1.2400915912467418
1.237402804539467
1.1839403250352478
1.1780767481696124
1.2923282488154682
1.2323160082189828
1.23153757066811
1.174197608994672
1.1722118460715878
1.129740790073754
1.126078983294744
1.0696824819279902
1.1229043398708614
1.0184126327238685
1.0147508216208125
1.1202155632211623
0.9612840027566094
1.0115764261052953
1.0088877963771865
1.0638192473852173
0.9554212035485934
1.0066919617179955
1.1180210801983936
0.9129438527368403
0.9092820227416211
0.8587448301297225
0.9061078435936711
0.8133333651574195
0.8096715020060514
0.903419457731609
1.1163357220696755
1.0599385397016206
1.1151318758843587
1.0050060423318974
1.1143511072193277
1.0774945954927326
1.0272016563513178
1.0225629570848294
0.9788618160984914
0.9690961627424857
0.9324750921272285
0.9268598593531073
0.8763226919119453
0.9217329055470485
0.8328646247814817
0.8272493912067634
0.9170942095397319
0.888041440900863
0.8455599374695351
0.8389681405926375
0.8665570459815493
0.8221224395399915
0.8174837493798015
1.0579553980781413
1.0038075204144095
1.0030247791500937
0.9515382121711111
0.9495593331443508
0.9012224611000792
0.8995350382960574
0.8489964932188454
0.8983428084933391
0.8016115846716265
0.7999217602260384
0.8975591690082934
0.8528824994060116
0.8064975167330892
0.8038094040974619
0.8470244208238984
0.7987356286964518
0.7979552087733901
0.0008717159348192571
0.0002016202467335802
0.0019745579075850046
0.0018048419716002913
0.0035584195390393663
0.0030889774017844093
0.0016465246795118382
0.005632243307754057
0.005226623343445211
0.007247349452650931
0.004935067347637442
0.010050027585238125
0.009631086076384916
0.004735757960085681
0.008195539787746606
0.011247360472251033
0.010594141373870027
0.014787432053433129
0.013344888545568982
0.006747951016109607
0.004560429008041433
0.009335767766062597
0.009126202746220443
0.012380223561379161
0.011870668331945262
0.00894286929742933
0.01881575473477816
0.017918626976487495
0.02140195718759224
0.01712929350025784
0.026162738840713892
0.025248154652156803
0.01645857653497474
0.029459751917337566
0.024454436814036612
0.023783082016376494
0.019937770933320775
0.027994651829325888
0.023238522245914002
0.015912147677088442
0.03495307821209828
0.034037348667466605
0.03898108980745398
0.033243201181099816
0.04520702411434782
0.04429101348499888
0.03257250870586802
0.015495295534961692
0.01897641804369158
0.015198257793075794
0.022823617426027606
0.014981387751586563
0.023332353632836228
0.02833723553252215
0.027195974319952604
0.0338303996629866
0.031411750133928815
0.03981184509799589
0.03842643950479003
0.04337463104651984
0.03714904620818589
0.050088498991295194
0.04868571462200285
0.03599042148511862
0.0462815716836292
0.05323957948710906
0.051610033782347506
0.060685868544348404
0.057290647792165805
0.04093452301165315
0.047404226347131595
0.046244651762110456
0.05436222599268934
0.05192094720559941
0.018458371933774174
0.014792418736223476
0.02252443911669382
0.022301623325321575
0.027036902949687722
0.026511141363779488
0.022108301357119716
0.03202996639527528
0.03161628174016401
0.03656176117118454
0.031314761401401325
0.04228636114896464
0.04187334882987401
0.031086924237352286
0.03751665285072357
0.043496813579303614
0.042827077544058276
0.049967132687626245
0.04850377465942542
0.036028969592876554
0.030890075052959452
0.04156944903739261
0.041337274874237925
0.04755105219493794
0.047011837498931855
0.04113747214610451
0.06862043885657895
0.06674675249334949
0.07315978838072792
0.06498107748814357
0.08182678055412017
0.07993571633890154
0.06333415378332491
0.08707707177149143
0.07816593901995789
0.0765180461906089
0.0697430870917313
0.08365917234516917
0.07499217811682601
0.06180851549058347
0.09647648576326248
0.09458445320325143
0.10245800191779933
0.0928144470717027
0.11258983771836027
0.11069775125314327
0.0911664989167895
0.06040476411473905
0.06681347069397103
0.05912306299693951
0.07358837941841698
0.05796344083238868
0.11930370906064197
0.10892773167637379
0.10727977899600125
0.09904003382231247
0.11588573497766103
0.10575390174083155
0.08964061860645539
0.10435012957173925
0.09611037327009303
0.0869551511987378
0.08823682952809836
0.08579545884798756
0.07828814849454409
0.08072949837998875
0.1129560982340357
0.10306845799070849
0.10190868829975949
0.09366897219045911
0.11051460716462538
0.10087043456811334
0.08475738325713966
0.0723066852749322
0.07114704159128224
0.06437213881595585
0.07010913937534519
0.05692569037881531
0.130167966783793
0.12827587717300254
0.13761425600227886
0.1265058556105924
0.14921093591984172
0.14731884562736702
0.12485790198877128
0.1573896460524063
0.14554882239793382
0.1439008696825359
0.13419628017977353
0.15397167061796901
0.14237501195580105
0.1233320325193056
0.16971874854597568
0.16782665726896295
0.17862987927141338
0.1660566324948895
0.191691404728921
0.18979931206081185
0.16440868309425208
0.12192827897564165
0.13126667146797266
0.12064659998288943
0.14097127535697243
0.11948672894659515
0.056009454196504216
0.06241798291359599
0.05521538529500311
0.06919272283251121
0.05454673621075161
0.07633367727152175
0.06839893629880853
0.0677314238215227
0.06095595481530033
0.07487313731654408
0.06719365577585093
0.054007609282447244
0.08384084896079508
0.09171424010802168
0.08304746595692594
0.09995385246279276
0.0823810900853965
0.0535948784050558
0.06000483413676584
0.05328863927188464
0.066780925557065
0.05305265495202965
0.07704329041964511
0.08595442323229016
0.08383659624193028
0.09535383729471122
0.09098205399348741
0.10524153260712515
0.10287956499273643
0.11075744462125131
0.10062560868336762
0.1213775618084908
0.11899821630583941
0.09849040379992044
0.11561750916956443
0.12648176698200897
0.12387565874247508
0.13783430604444918
0.13248596024581474
0.10636418106184065
0.11674015762985457
0.11460398430798427
0.12760441544597906
0.12320995483445754
0.14967512635688413
0.14682487749236572
0.15616760087069942
0.1440826399332476
0.1687408430581368
0.16587321630515867
0.14145915380532398
0.17594425919549794
0.1631268763830585
0.16050242181895774
0.1507977748207977
0.17057323609279285
0.15799999390549582
0.138956954508771
0.18924992325795537
0.18638132806841368
0.19718456421690078
0.18363475952963887
0.21122265015436137
0.20835400099572984
0.18101025099700058
0.13657664056796862
0.14591503296438324
0.13431835326777042
0.15561962598967727
0.13218212599977003
0.16200422791931673
0.17482161073174668
0.171727221242232
0.18812727479417377
0.18180236649556653
0.20192122010659794
0.19858268999208634
0.2093902571204176
0.1953521711829932
0.22391662430783954
0.2205607163048826
0.192240403805035
0.2162034466690193
0.23097395448143782
0.22739128374192968
0.24623274354385283
0.23893127274525805
0.20304386857039042
0.21732609513281398
0.2142133593183257
0.2320966029452341
0.22574901734182157
0.14152050568166435
0.15336132594688118
0.15122509574198267
0.165690427517797
0.16129589662121405
0.17850781034063729
0.17612743940787
0.18693066209946307
0.17386913867542475
0.2004804668035512
0.19810009569737586
0.1717329084227921
0.1918134744054538
0.205607419717117
0.2029829081767648
0.21988964627891355
0.2145185527494905
0.18253613116888578
0.1958417949855203
0.1937055648607882
0.2096357402276638
0.20524120949330205
0.059459724834560364
0.05285031895595946
0.06647242198806605
0.06623304488588866
0.07392315832008167
0.07337261299120332
0.06602849606285396
0.0818444710861986
0.08143153758768457
0.08930606806192906
0.08112085868037566
0.09796004034750855
0.09754675402228241
0.08087842718054891
0.0902552775510427
0.09916096506367714
0.09849569570861477
0.10855968737957868
0.10710234106053841
0.08875048562322563
0.08067191753045727
0.09723399289517004
0.09698878661982197
0.1061535993636763
0.10559332859322135
0.09678051925485096
0.11844830609877313
0.11753174587677098
0.12687002869012226
0.11673942094115622
0.1374910094680566
0.13657453631989724
0.1160752105557416
0.1466452690717605
0.13578282003808306
0.1351196116783719
0.12541430153436395
0.1451911389679541
0.13458542023765618
0.11554035720063893
0.15799855452361328
0.15708222709179112
0.16788541039619737
0.1562911492230486
0.17997094924355037
0.17905481889636263
0.1556288816433063
0.11512660763323887
0.12446578206462618
0.11481185635422758
0.13417112560949224
0.11456411007936926
0.12882505394273785
0.13968957258203774
0.13852958255240708
0.1510420902793268
0.14860031524883777
0.16288284014544901
0.16147911587500258
0.17228235179680174
0.1601973726615057
0.18485551655265625
0.1834517977173385
0.15903725255549195
0.17521190720400737
0.18802928636016117
0.1863813430222067
0.20133495564568016
0.19791699060511941
0.16984039502676873
0.18216999846403886
0.18100974323254881
0.19498745333386397
0.19254529774602158
0.12390112971824938
0.11435425201538851
0.1338544727180112
0.13360438624531285
0.14424264096598716
0.14367387848348134
0.13339307711220771
0.15509523091408728
0.15468033060436653
0.16548419678989623
0.15436185999008534
0.1770697923026942
0.17665424160327864
0.15410960533576923
0.16643283817129606
0.17826439637599145
0.17760300721646988
0.1905904524198433
0.18913938761587573
0.1649115657785277
0.15389696350916993
0.1763340321051261
0.1760797588552874
0.18819046695884162
0.18761418367116084
0.17586588589536906
0.2619798138563134
0.25815300249180784
0.2704254133701831
0.25443420243272064
0.2869049055576458
0.2830607163046943
0.2508341538047667
0.2960614466950944
0.2793378138826294
0.2757367968181452
0.2631024623201643
0.2887372985916933
0.2722578064042258
0.2473553920076992
0.3132733607575596
0.30942820306807794
0.32316112671662867
0.305705072029161
0.3411054626540966
0.33726025099549795
0.3021040009955599
0.24399851556821334
0.25626659546676017
0.24076366577929575
0.2689008759956263
0.23765087599567247
0.3517255837786718
0.33353710721620133
0.3299360331750062
0.3158369119037312
0.3444013652481853
0.32645702931071807
0.29862499784126295
0.32310009572691434
0.3090009746232484
0.2920332011857475
0.2952680644250719
0.2889204082268183
0.27555370899819287
0.2819013650287975
0.3375654277605189
0.3198652324479644
0.31675243947971754
0.30265331838539644
0.3312177715111617
0.3137617168245519
0.28592968557319576
0.2656660134663249
0.26255322067505804
0.24991894315381868
0.25956249806071585
0.23466015409128543
0.3704023415911425
0.36655712692494913
0.3817548808731297
0.36283398243565657
0.4011640605606033
0.3973188457268032
0.35923290822685805
0.41324902151042076
0.39359570119794596
0.3899946269798139
0.3744306621354757
0.40592480276123205
0.38651562307375487
0.3557539043230082
0.4333906230728972
0.42954540822975795
0.4462080058861744
0.42582226369870013
0.4670820293236537
0.4632368144799959
0.42222118948005427
0.3523969707298348
0.3675947246362199
0.3491621074486077
0.38315868947999726
0.34604931448007503
0.231791501925326
0.24405956837375214
0.22904491993746023
0.2566938457277984
0.22642040822698822
0.2696943340119148
0.253947263700528
0.2513227519742407
0.23868847463339193
0.2643232402507403
0.24882031053835868
0.22391796680351883
0.2830610332318484
0.29679394338890264
0.2803144512006378
0.31089306448331094
0.277689939463175
0.22153759569804266
0.2338056621118871
0.2192792950903728
0.2464399394715776
0.21714306505843883
0.4806318340112923
0.4595136699488228
0.45591259573014753
0.4388837871363528
0.473307615261435
0.45243359182387205
0.4187421855738458
0.449076658229928
0.43204784963619747
0.4121503886987302
0.4153852519799721
0.40903759573169296
0.3927412090123482
0.39908886526124066
0.46647167776116727
0.4458417949490948
0.4427290019832633
0.4257001933886686
0.4601240215154436
0.43973827932953424
0.4060468730788882
0.37992382619862675
0.376811033230639
0.36124706838655385
0.3738203105773761
0.34305859182578774
0.4368696269686698
0.4198408183801468
0.40043163865590314
0.403178220727882
0.39780712690640385
0.38151074018852693
0.38688183401197723
0.3630781231091884
0.3655805644118203
0.35001659957522335
0.36820507617471043
0.3323164042992883
0.33481884567774245
0.3709516582325717
0.36069775253915404
0.3451337875823093
0.3276777333902656
0.329936033572663
0.32554150190225295
0.31070995924891054
0.3151044905122088
0.35538769338982645
0.33744335743859155
0.34018993948391985
0.3199873027184812
0.32535839651502596
0.4542646464933936
0.43412304488436537
0.43149853317002385
0.4144697245665422
0.44889355271787446
0.42899609211428547
0.39530468571299593
0.42661572177819485
0.4095869130639723
0.39066601471294793
0.3929243152834096
0.38852978096227453
0.37223339493437
0.3766279284405808
0.4440107414216767
0.42435742072794724
0.42222118555074406
0.405192377833276
0.43961620411969604
0.4202070156224881
0.3865156119963068
0.35843945224901275
0.35630321974795287
0.34073925540322925
0.35428905212931083
0.32352733585136517
0.3081464824469833
0.3055219706966794
0.2914228496117249
0.3030195292750526
0.2751874980253376
0.30063915840228583
0.2865400372435568
0.270548826717365
0.27280712703602883
0.26841259643908133
0.2550458972479638
0.2594404277790877
0.2983808581945506
0.2962446274488474
0.28214550650933456
0.2942304630169177
0.26639843351785475
0.24418163900534018
0.24204540894670418
0.2294111315464702
0.24003124729514602
0.2151289043467991
0.5022382793237816
0.498393064480099
0.5165205058863556
0.4946699199489275
0.5388593730740057
0.5350141582303289
0.4910688457302319
0.5538740215109039
0.5312910136991618
0.5276899394804178
0.5091962871364717
0.5465498027609548
0.5242109355739488
0.4875898418238639
0.5769453105764619
0.5731000957327952
0.5926923808760416
0.5693769512016211
0.6164960918688487
0.6126508770251897
0.5657758769827921
0.48423290822994447
0.5023603496362106
0.4809980449498765
0.5208540019802421
0.4778852519851786
0.6329755838220879
0.6089277324939828
0.6053266582750438
0.5853681621259716
0.6256513650718549
0.6018476543685474
0.5622968730762562
0.5984907207761718
0.5785322246266007
0.5557050762054343
0.5589399394830459
0.5525922832406256
0.5333662090183637
0.5397138652609441
0.6188154275736135
0.5952558574998668
0.592143064532519
0.5721845683838631
0.612467771328328
0.5891523418477298
0.5496015605682874
0.5176191387012881
0.5145063457371439
0.4960126933923485
0.51151562307416
0.47489452932828546
0.6575117176275498
0.6536665027838942
0.6747236274838215
0.6499433582526242
0.6999921999898295
0.6961469851461606
0.6463422840335689
0.7179364604469687
0.6924238406147931
0.6888227663956588
0.6673994087334041
0.7106122416963987
0.6853437624898715
0.6428632801272971
0.7439377567499956
0.7400925419062894
0.762613160120013
0.7363693973747967
0.7893522960683772
0.7855070812245921
0.7327683231556773
0.6395063465360913
0.6605634712368191
0.6362714832606713
0.681986828900083
0.6331586902883428
0.4720258769543343
0.49015331835148845
0.4692792948639325
0.5086469706852477
0.4666547832110579
0.5275068339546898
0.5059003885998812
0.5032758770366657
0.48478222465033904
0.5221357403694358
0.500773436294937
0.4641523423109325
0.54673290816479
0.5663251932959092
0.5439863261003175
0.5862836894329823
0.5413618146536863
0.46177197198981645
0.47989941347779896
0.45951367024850365
0.4983930658810971
0.45737743354670934
0.21323681004178946
0.2255048752713672
0.21146678453779139
0.2381391513622811
0.20981884999018335
0.2511396383469465
0.23636912757984646
0.23472120422569137
0.2220869211964361
0.24772169906391395
0.23319540985157897
0.20829304020057465
0.26450633626124354
0.27823924514343246
0.2627363159808018
0.2923383650331426
0.2610884056828615
0.20688931837136454
0.21915739258409928
0.20560744936385245
0.23179167575626086
0.20444705913430825
0.3068036959704319
0.29056835013601856
0.28892045408939304
0.2748213240418235
0.3033857957652062
0.2873946817733477
0.25956262415772524
0.28599089473766026
0.2718917773095686
0.25687682804072026
0.25815886826278656
0.25571618421326825
0.24234958999002815
0.24479216770165127
0.3004562204666805
0.28470875796646955
0.28354800137588376
0.26944898786368054
0.29801322515699136
0.2825091286494775
0.2546772865982341
0.23050972560144556
0.22934920473210135
0.21671502795122127
0.22831031116279324
0.20340819987486036
0.32163523799495664
0.3368329911452538
0.31986523032167946
0.35239695545812977
0.3182173490015958
0.36832713096815883
0.350626956691095
0.34897908985808757
0.33341511372513877
0.36490927731965017
0.34745332199304696
0.3166915814318399
0.38462351770729764
0.40128611570457656
0.3828535292819306
0.4183149249858998
0.38120567602715216
0.3152877544383177
0.3304854966143995
0.31400551692459155
0.3460494469750023
0.3128446595868102
0.20249231072793744
0.21476039353016502
0.20170255060804784
0.22739470049646332
0.20104197835725368
0.24039523126714685
0.22660560228993684
0.22594578745869837
0.21331077855997566
0.23894700438903277
0.22541318337116173
0.2005091083405658
0.25376198546115225
0.2674949626827966
0.25297354298691177
0.2815941625273226
0.25231442877512733
0.20009287462076247
0.21236146621737279
0.19977100000816117
0.22499624325409284
0.19951483938780673
0.2782151654188177
0.2949387982313232
0.2908678462417749
0.3121507122938326
0.3038726789951549
0.3298509076063434
0.3255358149917943
0.33927306962017867
0.3213287336826649
0.3577056868076941
0.353373216304697
0.31724040380466856
0.3480393841688578
0.3667161419813738
0.36215690874182416
0.38588118104389346
0.37662658524521314
0.3309735560700733
0.34916203263258794
0.3450727343180594
0.36783879044510626
0.3595380798416149
0.40553450135641456
0.40073112749186424
0.41593322587025783
0.3960357649327335
0.43631896805778353
0.431498216304785
0.3914591538047357
0.4474286341952035
0.42679875138267476
0.4222211718181448
0.4066571498201496
0.43815136109170927
0.4177656189041812
0.387003829507626
0.4685467982577336
0.4637250780682031
0.4803876892167722
0.45902538452923874
0.5022382751543073
0.497416500995658
0.45444775099559004
0.3826703905680968
0.39786815796665675
0.378458978279134
0.41343212599553325
0.3743696259954866
0.4256761029189394
0.44630598573146585
0.44125847124191486
0.4674241497939958
0.4571929914953129
0.48903059510652735
0.4837389399919757
0.5004058821203783
0.47855529618284376
0.5227447493079147
0.517435716304915
0.4734904038048446
0.5111253216690628
0.5337083294815994
0.5281725337420474
0.5567796185441389
0.5455718977454524
0.49015324357026757
0.5122479701328035
0.5071821093182725
0.5348309779453404
0.5245771423418437
0.38956738065366536
0.40922070096618907
0.40513134567494524
0.42936230252871654
0.4210615214981307
0.44999218534124513
0.44565868942500075
0.46232128712319087
0.44144726368565895
0.4836835918107246
0.47935009572687204
0.43735790822680687
0.47111034940377783
0.49271679471631236
0.48813915817506714
0.514811521278848
0.5055341777482596
0.4540205058854295
0.47513866994796283
0.47104931447976955
0.496745115260497
0.48844433401118864
0.5803391888566858
0.5745592524921352
0.5926910383705093
0.5688873274330029
0.6169830305582196
0.6111857163052237
0.5633341538050027
0.6300458216949332
0.605509688883112
0.5999555468185795
0.5814618373203946
0.6188154235914339
0.5945234314046133
0.5579022670078906
0.6550702357605707
0.6492719530710382
0.6688642517065542
0.6435956970320698
0.6946210876994723
0.6888227510408034
0.6380415009984175
0.5525922655683588
0.5707197204668963
0.5474042907793932
0.5892133759959626
0.5423383759957432
0.7091474585896049
0.6831464822614522
0.677592283220205
0.65763378689356
0.6979169900590037
0.6721601543558604
0.6326093728440696
0.6668500957720052
0.6468915996129674
0.6221113261884778
0.6272993144278225
0.6170454082296231
0.5978193339978448
0.6080732400284361
0.6871748025712352
0.6616621074930931
0.6565961895248972
0.6366376933752006
0.676920896321922
0.6516523418687805
0.6121015605757119
0.5840253884666158
0.5789594706753691
0.5604658181538995
0.5740156230610254
0.5373945290913971
0.7356367173951108
0.7298383777288915
0.7508955024707205
0.7241621082395564
0.7781171999769114
0.7723188601429922
0.7186079090307009
0.794108335446168
0.7666425906140533
0.7610883913958562
0.7396650337329647
0.7828778666968103
0.7556562624897414
0.7131757801267871
0.8220627567490362
0.8162644169060091
0.8387850351198165
0.8105881473749199
0.8674772960682564
0.8616789562244596
0.8050339481561872
0.70786572153359
0.7289228462336508
0.7026777332524723
0.7503462038960247
0.6976118152837554
0.5325727519251511
0.5507001933733098
0.5278730449358078
0.5691938457271712
0.5232954082269543
0.5880537090100796
0.5644941386982605
0.559916501980066
0.5414228496355458
0.5787763652607689
0.5554609355739506
0.5188398418230447
0.6072797832325166
0.6268720683758886
0.6025800762014004
0.6468305645250642
0.5980024394826848
0.5145063457298509
0.5326337871362365
0.5102949199487361
0.5511274394802359
0.5062055644800212
0.6043870404192099
0.6289231732318483
0.6228990962423373
0.6539475872940101
0.6417633039950728
0.6794602826082183
0.673192064994433
0.6927886946105586
0.6670318586855855
0.7190338118516078
0.7127482163499623
0.6609904038076673
0.7054612591637177
0.7319505170063862
0.7254381587807044
0.7589280559402718
0.7457672100616197
0.6805829310600422
0.7065839076780556
0.7005414843634834
0.7330731652555589
0.7208662046525305
0.7863938768039092
0.779637378190102
0.8006988475277981
0.772988890717883
0.8288971073226161
0.8221232308159345
0.7664591546102097
0.8439129478930973
0.8154706408572172
0.8089399362486513
0.7875165214048165
0.8307294250402083
0.8025312583197404
0.7600507053143808
0.8728439327524466
0.86606908674484
0.8885897187659559
0.8594162681233142
0.9182585417550291
0.9114836431094835
0.8528855096497151
0.753764141373241
0.7748212795639489
0.7475996040833504
0.7962446404099859
0.7415571267994574
0.8143479759994752
0.8427903690210181
0.835789734067528
0.8717209887844379
0.8575835555566138
0.9011401283319387
0.8938954297165542
0.9164203907472583
0.8867586819054304
0.9465776530992447
0.9393153891568842
0.8797406652339654
0.9310464928278439
0.9614461425244352
0.9539584133886807
0.9923131329495046
0.9771928569684762
0.9022615210650557
0.9321744839860057
0.9251554977633454
0.9625457225285352
0.9483856015722041
0.7626142522514888
0.7900800903819055
0.7840376100912243
0.8180341164653324
0.8058270854335579
0.8464768190216008
0.8401901981053954
0.8627108163589694
0.8340256473626776
0.8918913585383573
0.8856047374691458
0.8279831669028106
0.8754061285971171
0.9048308115790423
0.8983000499055891
0.9347137338588396
0.9215301399975955
0.850503785119459
0.8794401866942014
0.8733977062251148
0.9088348275168323
0.8966277962707412
0.524333005886283
0.5469160136989974
0.5428266582302522
0.569987302760815
0.5616865215108237
0.5935468730764459
0.5892133769827014
0.6088056621259422
0.585001951201455
0.6330976543688325
0.6287641582750856
0.580912595732707
0.6175947246259332
0.6421308574938245
0.6375532207750791
0.6671552713219654
0.6578779275719728
0.6005048808759466
0.6245527324938377
0.6204633770250891
0.6490888650719782
0.6407880838219815
0.6926679676275151
0.6878461902837694
0.7089033149836987
0.683146483252522
0.7351484499897889
0.7303266726460407
0.6785688465337743
0.7521161479468599
0.7256269656147925
0.7210493288960442
0.699625971233703
0.742838804196863
0.7165937624897958
0.6741132801275269
0.7790940067499448
0.7742722294061957
0.7967928476199448
0.769572522374947
0.824508546068321
0.8196867687245717
0.7649948856561981
0.6697797840337789
0.6908369087337064
0.6655683582525296
0.7122602663960467
0.661479002783782
0.7186689399836923
0.7451582156147833
0.7400922976460367
0.7721356791968517
0.761881772946857
0.7996018192499375
0.7942917606561897
0.8168123788699408
0.7891037723749421
0.8450163585683246
0.8397062999745704
0.7840378544061934
0.8275545663699502
0.8560026866932937
0.8504484874745761
0.8849090462700108
0.8736785775201086
0.8065584726199431
0.8345183116933197
0.8294523937245704
0.8629363900201033
0.8526824837701026
0.6825361274837103
0.7080488406147963
0.7039594851460522
0.7340497416968643
0.7257489604468725
0.760539319249949
0.7562058231561986
0.7787264413699457
0.7519943973749478
0.8059538585683226
0.8016203624745704
0.7479050419062108
0.7875155038699466
0.8149870616933221
0.8104094249745728
0.842916858770103
0.8336395150201037
0.770425660119963
0.7974089366933225
0.7933195812245959
0.8248504525200989
0.8165496712701261
0.211781725218688
0.19929982332992585
0.22467277240634054
0.22441484042510806
0.23799720712479355
0.23741418431230055
0.2241987582699631
0.2517820218659076
0.25136435912211474
0.26509770044647707
0.2510393563043016
0.27961562825678105
0.27919723221427817
0.25077975622603743
0.26604806011880644
0.2808063653529588
0.28014789799026596
0.29605958458535947
0.2946139420197338
0.2645115555495203
0.2505626758577735
0.2788707573927718
0.27860958170055794
0.29366295546520604
0.29307383412899835
0.2783915633878292
0.3118058389650743
0.310891228446708
0.32608909370316264
0.3101040630120658
0.3425674185450672
0.3416531799509053
0.3094461918903202
0.3575834867923692
0.3408666304407808
0.3402093081147478
0.32464464733172904
0.35614017404641185
0.3396771617100979
0.3089140068378441
0.3747938678821229
0.37388001383769476
0.39054276070584887
0.3730940628587874
0.40848518707609616
0.40757172702546673
0.3724372449657563
0.3084948711688036
0.3236929802303715
0.3081669803352812
0.33925728349628304
0.3079043123143921
0.3280423050183141
0.3447671066010115
0.34360616177855324
0.36197960551655173
0.3595362301694728
0.3796799024683015
0.3782759722502047
0.39493854720004373
0.3769935287329992
0.4133713220296331
0.4119673304015635
0.3758325104690263
0.39786828589699347
0.41654494802984554
0.4148971068456893
0.4357099455738428
0.43229213879048045
0.3924950029323222
0.41068478504610156
0.40952370779281444
0.42936232190021706
0.42691862526350194
0.32310101576386185
0.3076854099013858
0.33892802898317986
0.33866394401015776
0.3551877817587781
0.35459309660988036
0.33844420587341983
0.3719050967537424
0.37148447576029514
0.38814736619738976
0.37115390653899494
0.40559781561750463
0.40517645372428834
0.3708884731418543
0.3891005207400777
0.4067863561304941
0.4061300012616427
0.4249669124354577
0.4235256864447777
0.3875500732056381
0.37066794296756234
0.40484461568210106
0.4045778964201573
0.4225717389561073
0.4219719424224457
0.40435661384190513
0.45536326319020715
0.4534711774877672
0.47159862074355985
0.45170121278535336
0.49198435488343206
0.4900922753541206
0.4500533816500531
0.5089521413277389
0.48832232333146464
0.48667449979861477
0.46818083534498867
0.5055343749356702
0.48514867588538635
0.4485275800081221
0.530070290880821
0.5281782186754009
0.5477705073804273
0.5264082794022726
0.5696210713824985
0.5677290075278031
0.5247604606897924
0.44712352175010117
0.4652509300126361
0.4458408772107818
0.48374454675584844
0.4446797555381514
0.5880537187571397
0.5659590807318764
0.5643112638062557
0.5443527569732439
0.5846359807699144
0.5627853799816069
0.5232346092829963
0.5613811000982236
0.5414226486082603
0.5205475753449298
0.5218304059821472
0.5193864079451247
0.5001604248584939
0.5026043720516558
0.5817057601796563
0.5600981842170178
0.5589370148282315
0.5389786045396239
0.579261638542778
0.5578991553879118
0.5183483607192736
0.4824618068142279
0.4813006551852177
0.4628070987923823
0.48026243400530233
0.443641375926305
0.6106366972084507
0.6087446425808507
0.6298017725650753
0.6069747276708063
0.6531171806176255
0.6512251359254599
0.6053269093243532
0.6730146173209062
0.6494552320207876
0.6478074089409712
0.6263840429887684
0.6695968917954187
0.6462814469473922
0.6038009885090281
0.697062739512516
0.6951707053096754
0.7176913301038066
0.6934008112870642
0.7424772829837463
0.7405852601323477
0.6917529800743589
0.6023966304570545
0.6234537045924519
0.6011136353695663
0.6448770098915966
0.5999524772783755
0.4427283165854499
0.46085593913596234
0.441943506678123
0.47934977975894655
0.4412875762233269
0.49820983813612535
0.47856551140599646
0.477909969386211
0.459415670548289
0.4967704727157125
0.47737761824902625
0.4407553217185699
0.5174361139661432
0.5370286069339749
0.5166523676367569
0.5569873168398531
0.5159971805330947
0.4403332224718062
0.4584609048167647
0.4400001586664902
0.47695478650560574
0.4397322108665003
0.4755048738396236
0.49613476324124617
0.49399852500796126
0.5172529291937924
0.512858387060908
0.538859374054613
0.5364790034160294
0.5560712885234222
0.534220699688932
0.5784101556091705
0.5760297845963545
0.5320844600144049
0.5609540998695153
0.5835371074091287
0.5809125961014356
0.6066083962182283
0.6012373029909841
0.5516767438604948
0.5737714796248063
0.5716352386963446
0.596354491272826
0.5919599441768881
0.6301679675886859
0.6272993151693473
0.6483564398600762
0.624552733208577
0.6726484499289025
0.6697797975152469
0.6219282220547906
0.6915692728114958
0.6670332156409351
0.6644087046459641
0.6429853468653302
0.6861981800714816
0.6619062641791047
0.6194257816130058
0.7165940066638654
0.7137253542694423
0.7362459724848969
0.7109787725043611
0.7620085459555371
0.7591398936034326
0.7083542616614853
0.6170454100665128
0.63810253454755
0.6147871037352821
0.6595258919375793
0.6126508618326865
0.654215814985614
0.6787519656245866
0.6756391726444027
0.7037763042018605
0.6974286479406983
0.7292893192506202
0.725932385662249
0.7484530038770724
0.7226975223853294
0.7747038585701018
0.7713469249829055
0.7195847293944415
0.7552889413693225
0.781783936692899
0.7781828624739409
0.8087371712701019
0.8014129525189091
0.7421053476018336
0.7681120617019719
0.7649992686968416
0.7945770150302112
0.78822935874439
0.6337079852506009
0.6572675841810074
0.6551313416682873
0.6813153669107028
0.6769208157771334
0.7058518210765503
0.7034714479824027
0.7259920657734957
0.7012131387867114
0.7512663603930001
0.7488859862188766
0.6990768961030407
0.7308748800056306
0.7563933119762438
0.7537688012564798
0.7823699835946345
0.7769988914729191
0.7215975132705625
0.7466276756387342
0.7444914335973095
0.7721160766926018
0.7677215202416486
0.4578587014221701
0.4395102119934324
0.4766205373977257
0.4763514137743752
0.4958148680227655
0.4952103476213433
0.47612873163253866
0.5154647081878083
0.5150411498315315
0.5346336323461751
0.5147057534960064
0.5550165943467344
0.554592316059858
0.5144355026774186
0.5355900928204922
0.5562040730883859
0.5555492096736863
0.5773122430522581
0.5758745307536708
0.534026878656775
0.5142121675880247
0.5542558083829214
0.55398447533845
0.5749172010102381
0.5743082922889158
0.553760515361051
0.5989148178833119
0.5980033868242092
0.6190607414754801
0.597220626430262
0.6413953594768187
0.6404843340243676
0.5965660576084151
0.6622740484877161
0.6397020381611398
0.6390477368644643
0.6176237838072005
0.6608378000093089
0.6385147799022497
0.5960332799965962
0.6853409978857603
0.6844303766881452
0.7069512242525788
0.683648528362103
0.7307556972168612
0.7298455102242027
0.6829944694708829
0.5956082890573235
0.6166655742199985
0.5952707039960314
0.6380890836574624
0.594998330013413
0.6210095246827947
0.6435939420756172
0.6424328080066344
0.6666664311888009
0.6642222121326246
0.6902269729811056
0.6888224565604124
0.7113430202384101
0.6875393227160924
0.7356414663087198
0.7342368678326372
0.6863782250969499
0.7142736044662608
0.7388153737277681
0.7371675274612368
0.7638153493059403
0.7603976538159207
0.7088987775108717
0.7329536822007998
0.7317926567070616
0.7574669662609683
0.7550224811397247
0.6160545852185606
0.5947737735394467
0.6377504543284318
0.6374770702547343
0.6598787043827565
0.6592657304784733
0.6372519907333702
0.6824613152695027
0.6820349122552241
0.7045557335021959
0.6816952597836796
0.7278766271772492
0.7274492070979479
0.6814208349445012
0.7055156430715313
0.7290640897537761
0.728410184180273
0.7530752618437606
0.7516410185550475
0.7039407875051473
0.6811961070369721
0.7271077283668641
0.7268362768933526
0.7506836135458496
0.7500349563076516
0.7266095257574012
0.9614461425245329
0.9923131329495032
0.9310464928280344
0.9539584133887782
0.901140128332221
0.9465776530993416
0.9771928569684746
0.8717209887847976
0.8938954297168258
0.8867586819056914
0.9164203907474378
0.8575835555569542
0.8797406652342181
0.9393153891569709
0.8427903690214564
0.8143479759999768
0.8357897340679462
0.7863938768044636
0.8288971073230231
0.9321744839860922
0.9625457225285337
0.9022615210652243
0.9251554977634316
0.872843932752698
0.9182585417551147
0.9483856015722028
0.7589280559409327
0.7796373781906945
0.772988890718513
0.8006988475283177
0.745767210062352
0.7664591546108754
0.8221232308163793
0.7600507053150836
0.7875165214054114
0.8089399362491749
0.8154706408577013
0.8025312583203013
0.8307294250406572
0.8439129478934655
0.733073165256364
0.7537641413739793
0.7475996040841252
0.7748212795646181
0.7208662046534045
0.7415571268002681
0.7962446404105854
0.866069086745131
0.8594162681236464
0.8885897187661658
0.8528855096500869
0.9114836431096122
0.7319505170071949
0.7054612591646792
0.7254381587815584
0.6794602826093372
0.7190338118524955
0.6539475872952538
0.6731920649955679
0.6670318586867361
0.6927886946115815
0.6417633039963455
0.6609904038088334
0.7127482163508683
0.6289231732331975
0.604387040420657
0.622899096243697
0.5803391888582239
0.6169830305595927
0.7065839076789959
0.6805829310611131
0.7005414843644577
0.6550702357617684
0.6946210877004785
0.9048308115791707
0.9347137338588372
0.8754061285973683
0.8983000499057169
0.8464768190219711
0.8918913585384849
0.9215301399975931
0.8180341164658171
0.8401901981057642
0.8340256473630447
0.862710816359219
0.8058270854340386
0.8279831669031763
0.885604737469273
0.7900800903825027
0.7626142522521921
0.7840376100918185
0.7356367173959175
0.7781171999775028
0.8794401866943282
0.9088348275168308
0.8505037851197061
0.8733977062252409
0.8220627567494001
0.8674772960683819
0.8966277962707394
0.556779618545769
0.5745592524936891
0.5688873274345725
0.5926910383719828
0.5455718977471107
0.5633341538065868
0.6111857163066148
0.5579022670094902
0.5814618373219014
0.5999555468200062
0.6055096888845208
0.594523431406057
0.6188154235927754
0.6300458216962375
0.5348309779470279
0.5525922655699738
0.5474042907810234
0.5707197204684347
0.5245771423435581
0.5423383759973871
0.5892133759974221
0.6492719530722553
0.6435956970333048
0.6688642517076782
0.6380415009996718
0.688822751041831
0.5373945290930557
0.5604658181554698
0.5789594706768626
0.5840253884680924
0.5740156230625353
0.597819333999257
0.6080732400298139
0.617045408230952
0.6221113261897895
0.6468915996141704
0.6272993144291152
0.6668500957731155
0.6721601543569498
0.6326093728453432
0.612101560577059
0.6366376933764417
0.6565961895260488
0.6616621074942242
0.6516523418699505
0.6769208963229809
0.6871748025722513
0.657633786894723
0.6775922832212751
0.6831464822625011
0.6979169900599775
0.7091474585905344
0.5148115212805902
0.5325727519268244
0.5278730449374953
0.5507001933749098
0.5055341777500266
0.5232954082286557
0.569193845728696
0.5188398418247577
0.5414228496371756
0.5599165019816228
0.5644941386998015
0.5554609355755222
0.5787763652622475
0.5880537090115263
0.49674511526228826
0.5145063457315768
0.5102949199504747
0.5326337871378928
0.48844433401300247
0.5062055644817729
0.5511274394818206
0.6072797832338819
0.6025800762027835
0.6268720683771678
0.5980024394840839
0.646830564526254
0.7298383777297195
0.7241621082404079
0.7508955024714445
0.7186079090315753
0.7723188601436088
0.7131757801276843
0.7396650337337349
0.7610883913965207
0.766642590614695
0.7556562624904305
0.7828778666973664
0.7941083354466725
0.7078657215345101
0.7026777332534133
0.7289228462344688
0.6976118152847186
0.7503462038967386
0.8162644169064
0.8105881473753376
0.8387850351200885
0.8050339481566315
0.8616789562246138
0.533708329483346
0.5111253216709346
0.5281725337438234
0.4890305951085348
0.5227447493097045
0.46742414979610614
0.48373893999398576
0.4785552961848562
0.5004058821222819
0.4571929914974271
0.47349040380686064
0.5174357163067094
0.44630598573367336
0.4256761029212297
0.44125847124411577
0.4055345013587761
0.4363189680599848
0.5122479701346109
0.4901532435721866
0.5071821093200928
0.46854679825975887
0.5022382751561392
0.3858811810463192
0.4007311274942177
0.3960357649350801
0.4159332258725349
0.3766265852476215
0.39145915380707513
0.4314982163069814
0.38700382950995826
0.4066571498224144
0.4222211718203306
0.4267987513848658
0.41776561890636155
0.4381513610938118
0.4474286341973148
0.36783879044749834
0.3826703905704216
0.3784589782814509
0.3978681579689074
0.35953807984398967
0.3743696259977959
0.41343212599770773
0.4637250780702251
0.4590253845312573
0.48038768921870045
0.45444775099760504
0.49741650099748813
0.36671614198382285
0.3480393841713344
0.362156908744274
0.3298509076088556
0.35770568681013526
0.3121507122963749
0.3255358149943077
0.32132873368518
0.3392730696226588
0.3038726789976979
0.31724040380718477
0.35337321630714236
0.2949387982338756
0.27821516542140046
0.2908678462443536
0.2619798138589493
0.28690490556022485
0.3491620326350239
0.33097355607254564
0.345072734320486
0.3132733607600662
0.34110546265651387
0.49271679471815477
0.47111034940571317
0.4881391581769218
0.4499921853432698
0.4836835918125908
0.4293623025308212
0.44565868942703435
0.44144726368770126
0.46232128712514675
0.421061521500251
0.4373579082288567
0.47935009572874765
0.40922070096837027
0.3895673806559146
0.4051313456771319
0.3704023415934564
0.40116406056279785
0.4751386699498491
0.45402050588740495
0.47104931448166687
0.4333906230749572
0.4670820293255633
0.8560026866934469
0.8849090462700082
0.8275545663702486
0.8504484874747287
0.7996018192503798
0.8450163585684765
0.873678577520106
0.7721356791974291
0.7942917606566302
0.7891037723753807
0.8168123788702368
0.7618817729474294
0.7840378544066302
0.8397062999747218
0.7451582156154941
0.7186689399845281
0.7400922976467441
0.6926679676284737
0.7351484499904928
0.8345183116934706
0.8629363900201006
0.8065584726202368
0.8294523937247207
0.7790940067503794
0.8245085460684707
0.8526824837701001
0.6671552713230402
0.6878461902847233
0.6831464832534717
0.7089033149845267
0.6578779275730373
0.6785688465347195
0.7303266726467414
0.6741132801284672
0.699625971234523
0.7210493288967386
0.7256269656154901
0.7165937624904868
0.7428388041974248
0.752116147947427
0.6490888650730313
0.6697797840347139
0.6655683582534595
0.6908369087345181
0.6407880838230233
0.6614790027847074
0.7122602663967339
0.7742722294066284
0.7695725223753775
0.7967928476202357
0.7649948856566269
0.8196867687247205
0.6421308574950086
0.6175947246272249
0.6375532207762575
0.593546873077837
0.6330976543700049
0.5699873027623015
0.5892133769840848
0.5850019512028308
0.6088056621272195
0.5616865215122941
0.5809125957340762
0.6287641582762513
0.5469160137005734
0.5243330058879441
0.54282665823182
0.5022382793255251
0.5388593730755664
0.6245527324949971
0.6005048808772107
0.6204633770262427
0.5769453105778255
0.6164960918699982
0.8149870616934702
0.8429168587701006
0.7875155038702348
0.81040942497472
0.7605393192503755
0.8059538585684691
0.8336395150201013
0.7340497416974203
0.7562058231566227
0.7519943973753693
0.7787264413702306
0.7257489604474228
0.7479050419066302
0.801620362474716
0.7080488406154796
0.6825361274845134
0.7039594851467323
0.6575117176284724
0.6999921999905081
0.7974089366934667
0.8248504525200957
0.7704256601202448
0.7933195812247393
0.7439377567504148
0.7893522960685215
0.8165496712701219
0.2462327435464099
0.25815300249433926
0.25443420243515
0.27042541337268766
0.23893127274761256
0.2508341538070933
0.283060716307166
0.24735539200992615
0.2631024623224614
0.2757367968204069
0.27933781388499646
0.2722578064063843
0.2887372985939166
0.29606144669753165
0.23209660294739154
0.24399851557034016
0.24076366578132458
0.2562665954688538
0.22574901734378597
0.2376508759976046
0.26890087599768286
0.3094282030704748
0.30570507203144937
0.3231611267189819
0.30210400099774126
0.3372602509978041
0.2346601540931223
0.24991894315571506
0.26255322067691494
0.2656660134682811
0.2595624980624749
0.2755537090000064
0.2819013650308134
0.28892040822858456
0.29203320118761555
0.30900097462517084
0.2952680644270431
0.3231000957287844
0.32645702931269516
0.2986249978433386
0.28592968557486154
0.3026533183871115
0.31675243948137644
0.31986523244972886
0.31376171682610887
0.3312177715127629
0.3375654277623326
0.31583691190586666
0.32993603317709197
0.3335371072183967
0.34440136525021714
0.3517255837809269
0.2198896462806913
0.23179150192706882
0.22904491993911036
0.2440595683754567
0.2145185527510866
0.2264204082285468
0.25669384572946075
0.2239179668049872
0.2386884746349095
0.25132275197571263
0.25394726370209497
0.2488203105397389
0.26432324025216447
0.26969433401353105
0.20963574022908343
0.22153759569942136
0.21927929509166494
0.23380566211322323
0.20524120949455055
0.21714306505964381
0.24643993947286547
0.2830610332334138
0.2803144512021063
0.2967939433904153
0.2776899394645458
0.310893064484765
0.36655712692714926
0.3628339824377431
0.38175488087527076
0.35923290822883225
0.39731884572888165
0.3557539043248714
0.37443066213738857
0.38999462698165976
0.39359570119990844
0.38651562307548837
0.40592480276301
0.4132490215124326
0.3523969707315868
0.34916210745025295
0.3675947246379092
0.34604931448161225
0.38315868948161746
0.4295454082316976
0.4258222637005226
0.4462080058880411
0.4222211894817578
0.4632368144817829
0.21512890434791995
0.22941113154763
0.24204540894781298
0.2441816390065389
0.2400312472961682
0.2550458972490198
0.2594404277803253
0.26841259644007864
0.2705488267184549
0.28654003724468036
0.2728071270372103
0.30063915840334554
0.30301952927621
0.27518749802661413
0.2663984335187619
0.28214550651027037
0.2962446274497177
0.2983808581955152
0.2942304630176952
0.3107099592497115
0.3151044905132018
0.2914228496130403
0.30552197069793335
0.3081464824483377
0.31998730271967235
0.3253583965164196
0.3255415019029807
0.32767773339108996
0.34513378758315705
0.32993603357358536
0.3606977525399234
0.3630781231100595
0.33231640430030984
0.3815107401894202
0.36558056441279446
0.3682050761757889
0.3500165995762734
0.38688183401308435
0.3709516582337562
0.3348188456788643
0.39780712690721465
0.40043163865681974
0.4198408183810869
0.4031782207289082
0.43686962696952214
0.4397382793304976
0.40604687308002396
0.33744335743981635
0.3553876933910841
0.34018993948524673
0.37382031057866755
0.3430585918272203
0.3235273358519964
0.3407392554038786
0.3563032197485225
0.3584394522496803
0.35428905212978246
0.37223339493485474
0.3766279284412666
0.3885297809626691
0.39066601471344553
0.4095869130644828
0.3929243152840092
0.42661572177861
0.42899609211480905
0.39530468571370103
0.3865156119966021
0.4051923778335791
0.42222118555094923
0.4243574207282581
0.42020701562259166
0.43961620411980207
0.44401074142199537
0.4144697245672655
0.4314985331706545
0.43412304488510683
0.448893552718411
0.45426464649415327
0.36124706838802534
0.3768110332320388
0.37992382620013715
0.3927412090136735
0.39908886526278997
0.40903759573293996
0.41215038870008924
0.43204784963759013
0.4153852519814445
0.4490766582312372
0.4524335918252986
0.4187421855754342
0.425700193389833
0.4427290019843416
0.44584179495028775
0.4601240215164304
0.46647167776238874
0.4388837871379804
0.45591259573169285
0.4595136699504898
0.47330761526289555
0.48063183401299825
0.20133495564676251
0.21323681004282558
0.21146678453874618
0.22550487527235558
0.197916990606041
0.20981884999105627
0.23813915136321598
0.20829304020136785
0.22208692119725776
0.23472120422645792
0.2363691275806966
0.23319540985226306
0.24772169906462146
0.25113963834782516
0.19498745333462913
0.2068893183720792
0.20560744936448982
0.21915739258475997
0.19254529774663615
0.20444705913486982
0.23179167575686394
0.2645063362620619
0.2627363159815326
0.2782392451441865
0.2610884056835062
0.29233836503382876
0.20340819987534636
0.21671502795172537
0.22934920473254605
0.23050972560196775
0.22831031116316064
0.24234958999040862
0.2447921677021917
0.25571618421357956
0.2568768280411138
0.27189177730997527
0.2581588682632625
0.2859908947379926
0.28739468177376737
0.2595626241582839
0.25467728659846656
0.26944898786392096
0.2835480013760473
0.2847087579667179
0.2825091286495599
0.29801322515707623
0.30045622046693676
0.27482132404240034
0.28892045408990036
0.2905683501366134
0.30338579576563884
0.30680369597104484
0.1905904524203116
0.20249231072835094
0.20170255060838937
0.21476039353051946
0.18913938761620486
0.2010419783575238
0.2273947004967539
0.2005091083407679
0.213310778560185
0.22594578745884136
0.22660560229015386
0.22541318337123434
0.2389470043891075
0.2403952312673716
0.18819046695903735
0.2000928746208966
0.1997710000082304
0.21236146621744356
0.18761418367122823
0.1995148393878089
0.22499624325409445
0.25376198546130535
0.25297354298698893
0.2674949626828763
0.25231442877512766
0.2815941625273226
0.321635237995495
0.319865230322125
0.3368329911457123
0.31821734900194876
0.35239695545850336
0.316691581432104
0.33341511372541055
0.348979089858272
0.35062695669137467
0.34745332199313994
0.36490927731974576
0.36832713096844616
0.3152877544384918
0.31400551692467915
0.3304854966144898
0.3128446595868102
0.3460494469750024
0.3846235177074923
0.38285352928202865
0.40128611570467737
0.3812056760271523
0.41831492498589984
0.4983930644817174
0.49466991995042225
0.5165205058878841
0.4910688457316038
0.5350141582317633
0.4875898418251142
0.5091962871377507
0.5276899394816001
0.5312910137004694
0.5242109355750058
0.5465498027620352
0.5538740215122402
0.4842329082310747
0.4809980449508866
0.502360349637244
0.47788525198607257
0.5208540019811774
0.5731000957340295
0.5693769512027249
0.5926923808771689
0.5657758769837695
0.6126508770262087
0.4748945293290633
0.49601269339314447
0.5145063457378367
0.5176191387021023
0.5115156230747353
0.5333662090189522
0.5397138652617763
0.5525922832411032
0.5557050762060356
0.5785322246272151
0.5589399394837701
0.59849072077667
0.6018476543691749
0.562296873077107
0.5496015605686451
0.572184568384229
0.5921430645327659
0.5952558575002402
0.5891523418478543
0.612467771328455
0.6188154275739948
0.5853681621268407
0.6053266582757992
0.6089277324948703
0.625651365072496
0.6329755838229936
0.47202587695499604
0.46927929486448205
0.4901533183520509
0.4666547832114941
0.5086469706857043
0.46415234231125924
0.48478222465067355
0.5032758770368921
0.5059003886002233
0.5007734362950511
0.5221357403695523
0.5275068339550399
0.46177197199003206
0.4595136702486121
0.4798994134779101
0.45737743354670946
0.4983930658810972
0.5467329081650265
0.5439863261004367
0.5663251932960313
0.5413618146536865
0.5862836894329824
0.6536665027846809
0.6499433582532783
0.6747236274844886
0.6463422840340882
0.6961469851467008
0.6428632801276861
0.6673994087338014
0.6888227663959265
0.6924238406151986
0.6853437624900063
0.7106122416965366
0.7179364604473817
0.6395063465363484
0.6362714832608007
0.6605634712369512
0.633158690288343
0.6819868289000828
0.7400925419065676
0.7363693973749375
0.762613160120156
0.732768323155678
0.7855070812245927
0.23097395448382868
0.2162034466712517
0.227391283744222
0.20192122010867625
0.22391662431003467
0.1881272747961043
0.19858268999407275
0.19535217118488885
0.20939025712246084
0.18180236649732018
0.1922404038068404
0.22056071630698176
0.17482161073353414
0.16200422792096658
0.1717272212439333
0.14967512635840263
0.16874084305975473
0.2173260951348185
0.2030438685722487
0.21421335932023586
0.18924992325967352
0.2112226501561804
0.1378343060458403
0.1468248774938046
0.14408263993460974
0.15616760087218545
0.13248596024705594
0.141459153806609
0.16587321630669294
0.13895695450998097
0.15079777482212597
0.16050242182033025
0.16312687638451212
0.15799999390679015
0.17057323609420894
0.17594425919708062
0.12760441544707563
0.13657664056910496
0.13431835326883368
0.14591503296555963
0.12320995483541533
0.132182126000763
0.15561962599089318
0.18638132807004426
0.18363475953118474
0.19718456421858024
0.18101025099846138
0.20835400099745727
0.12648176698327968
0.11561750917071945
0.12387565874367348
0.10524153260817065
0.12137756180961815
0.09535383729565203
0.10287956499371623
0.10062560868428233
0.11075744462226958
0.09098205399430462
0.09849040380077262
0.11899821630689711
0.0859544232331318
0.07704329042039362
0.08383659624271333
0.06862043885723923
0.08182678055484476
0.11674015763084314
0.10636418106272738
0.11460398430890642
0.09647648576405213
0.11258983771921585
0.20560741971875585
0.1918134744069595
0.2029829081783145
0.17850781034201602
0.20048046680501497
0.16569042751905344
0.1761274394091663
0.17386913867664083
0.1869306621008004
0.16129589662231514
0.17173290842392908
0.19810009569875325
0.15336132594801993
0.14152050568269342
0.1512250957430472
0.13016796678471537
0.14921093592083168
0.19584179498681342
0.1825361311700598
0.19370556486199836
0.1697187485470349
0.19169140473004948
0.06068586854492898
0.06674675249395975
0.06498107748870449
0.0731597883813686
0.05729064779265322
0.06333415378383825
0.0799357163395723
0.061808515491049904
0.06974308709227131
0.07651804619117522
0.07816593902057559
0.07499217811734168
0.08365917234576262
0.0870770717721931
0.05436222599308796
0.06040476411515984
0.05912306299731636
0.0668134706944147
0.05192094720591467
0.05796344083272233
0.07358837941888323
0.09458445320398354
0.09281444707237795
0.10245800191856275
0.09116649891740965
0.11069775125393755
0.05692569037910736
0.06437213881630864
0.0711470415916538
0.07230668527535078
0.07010913937567148
0.07828814849493526
0.08072949838047835
0.08579545884839795
0.086955151199199
0.0961103732706294
0.08823682952861095
0.104350129572299
0.10575390174144889
0.08964061860702116
0.08475738325750103
0.09366897219088952
0.10190868830020952
0.10306845799121375
0.10087043456851061
0.11051460716509584
0.11295609823461969
0.09904003382296017
0.10727977899667604
0.10892773167710743
0.11588573497836385
0.11930370906146807
0.04996713268786271
0.056009454196755404
0.05521538529521469
0.06241798291386256
0.04850377465958816
0.0545467362109253
0.06919272283279289
0.054007609282584065
0.060955954815485644
0.06773142382171984
0.06839893629904731
0.06719365577600746
0.07487313731675277
0.07633367727181928
0.04755105219503264
0.053594878405157795
0.05328863927195296
0.06000483413687575
0.047011837498964065
0.053052654952065466
0.0667809255571831
0.08384084896110809
0.08304746595719176
0.09171424010835097
0.08238109008561753
0.09995385246313793
0.12827587717386063
0.12650585561138533
0.1376142560031684
0.1248579019895024
0.147318845628289
0.12333203251997477
0.13419628018053242
0.14390086968332347
0.14554882239878686
0.14237501195652286
0.15397167061878475
0.1573896460533602
0.12192827897624939
0.12064659998343896
0.1312666714686051
0.11948672894708631
0.14097127535762977
0.16782665726994972
0.1660566324958042
0.17862987927243246
0.16440868309509693
0.18979931206186407
0.053239579487612196
0.04628157168406084
0.051610033782806805
0.0398118450983615
0.050088498991711417
0.033830399663291225
0.03842643950511768
0.03714904620847718
0.04337463104687045
0.03141175013416542
0.03599042148537438
0.048685714622377224
0.02833723553277165
0.023332353633036082
0.027195974320170485
0.018815754734933694
0.02616273884090154
0.047404226347465814
0.04093452301192803
0.04624465176240529
0.03495307821231995
0.04520702411460477
0.014787432053551562
0.01791862697661991
0.01712929350036802
0.02140195718773867
0.013344888545648068
0.01645857653506433
0.025248154652317903
0.015912147677158324
0.019937770933421226
0.023783082016488218
0.02445443681417231
0.023238522246002306
0.027994651829448967
0.029459751917513755
0.012380223561423617
0.015495295535013186
0.01519825779311033
0.018976418043750498
0.01187066833196009
0.014981387751605164
0.022823617426094442
0.03403734866765831
0.033243201181262345
0.038981089807661226
0.0325725087060032
0.04429101348522248
0.011247360472340394
0.00819553978781094
0.010594141373941952
0.005632243307797477
0.010050027585293698
0.003558419539065604
0.0052266233434760875
0.004935067347657064
0.007247349452686253
0.0030889774017927416
0.004735757960095346
0.00963108607642452
0.001974557907597722
0.0008717159348234798
0.0018048419716066486
0.009335767766088438
0.00674795101612103
0.00912620274623364
0.04349681357949137
0.03751665285086793
0.04282707754421185
0.032029966395380916
0.04228636114908501
0.02703690294976012
0.03161628174024199
0.03131476140145294
0.03656176117126809
0.026511141363804017
0.031086924237378757
0.04187334882996316
0.022524439116737866
0.018458371933794716
0.022301623325344057
0.04156944903745177
0.03602896959290495
0.04133727487426826
0.18802928636113336
0.17521190720487761
0.1863813430231021
0.1628828401462205
0.18485551655347426
0.1510420902800056
0.16147911587570274
0.16019737266213568
0.17228235179752338
0.14860031524938144
0.15903725255605317
0.18345179771808134
0.13968957258262882
0.12882505394324656
0.13852958255293327
0.11844830609920459
0.13749100946851922
0.18216999846470766
0.1698403950273475
0.18100974323314495
0.15799855452410702
0.1799709492440751
0.10855968737993746
0.11753174587714338
0.11673942094147144
0.12687002869050823
0.10710234106078871
0.11607521055600165
0.1365745363202968
0.11554035720084424
0.1254143015346338
0.13511961167865144
0.1357828200384223
0.13458542023787706
0.14519113896824348
0.14664526907217362
0.106153599363824
0.11512660763339244
0.11481185635432978
0.12446578206478567
0.10559332859327118
0.1145641100794211
0.1341711256096576
0.15708222709221786
0.1562911492234112
0.1678854103966378
0.15562888164360533
0.17905481889681643
0.09916096506396901
0.09025527755127348
0.09849569570885532
0.08184447108637263
0.0979600403476982
0.07392315832020566
0.08143153758781449
0.08112085868046198
0.0893060680620649
0.07337261299124517
0.08087842718059277
0.09754675402242416
0.06647242198814443
0.05945972483459819
0.06623304488592849
0.09723399289526433
0.08875048562327148
0.09698878661986982
0.17826439637637728
0.16643283817160492
0.17760300721678834
0.15509523091432373
0.17706979230294617
0.1442426409661584
0.15468033060454378
0.15436185999020335
0.16548419679007942
0.14367387848353913
0.15410960533582901
0.17665424160346754
0.13385447271812134
0.12390112971830324
0.1336043862453687
0.17633403210525184
0.16491156577858956
0.176079758855351
0.7817839366929002
0.8087371712701028
0.7552889413693233
0.7781828624739417
0.7292893192506207
0.7747038585701025
0.80141295251891
0.7037763042018608
0.7259323856622493
0.7226975223853296
0.7484530038770727
0.6974286479406984
0.7195847293944417
0.7713469249829059
0.6787519656245868
0.6542158149856142
0.6756391726444029
0.6301679675886862
0.6726484499289029
0.7681120617019721
0.7945770150302114
0.742105347601834
0.7649992686968421
0.7165940066638659
0.7620085459555377
0.7882293587443903
0.6066083962182286
0.6272993151693478
0.6245527332085774
0.6483564398600765
0.6012373029909848
0.621928222054791
0.6697797975152475
0.6194257816130064
0.6429853468653306
0.6644087046459646
0.6670332156409355
0.6619062641791051
0.686198180071482
0.6915692728114964
0.5963544912728267
0.6170454100665135
0.6147871037352826
0.6381025345475504
0.5919599441768886
0.6126508618326868
0.6595258919375799
0.7137253542694428
0.7109787725043615
0.7362459724848975
0.7083542616614857
0.7591398936034333
0.583537107409129
0.5609540998695157
0.5809125961014362
0.5388593740546135
0.5784101556091712
0.5172529291937928
0.5364790034160298
0.5342206996889323
0.5560712885234227
0.5128583870609085
0.5320844600144051
0.5760297845963549
0.4961347632412463
0.4755048738396239
0.4939985250079617
0.45536326319020737
0.4919843548834324
0.5737714796248066
0.5516767438604953
0.571635238696345
0.5300702908808215
0.5696210713824987
0.7563933119762443
0.7823699835946352
0.7308748800056311
0.7537688012564803
0.7058518210765508
0.7512663603930008
0.7769988914729196
0.6813153669107033
0.7034714479824031
0.7012131387867118
0.7259920657734962
0.6769208157771337
0.6990768961030411
0.748885986218877
0.6572675841810078
0.6337079852506011
0.6551313416682878
0.6106366972084509
0.6531171806176259
0.7466276756387346
0.7721160766926023
0.721597513270563
0.7444914335973097
0.6970627395125164
0.7424772829837465
0.7677215202416492
0.435709945573843
0.45347117748776755
0.4517012127853537
0.4715986207435602
0.4322921387904809
0.4500533816500535
0.4900922753541208
0.44852758000812254
0.468180835344989
0.4866744997986151
0.488322323331465
0.48514867588538674
0.5055343749356704
0.5089521413277394
0.4293623219002173
0.4471235217501014
0.44584087721078197
0.4652509300126364
0.4269186252635021
0.44467975553815153
0.4837445467558487
0.5281782186754014
0.5264082794022729
0.5477705073804275
0.5247604606897927
0.5677290075278034
0.4436413759263052
0.46280709879238247
0.4813006551852178
0.482461806814228
0.48026243400530255
0.5001604248584941
0.502604372051656
0.5193864079451249
0.52054757534493
0.5414226486082606
0.5218304059821475
0.5613811000982241
0.5627853799816074
0.5232346092829965
0.5183483607192738
0.5389786045396239
0.5589370148282315
0.5600981842170181
0.557899155387912
0.5792616385427781
0.5817057601796567
0.5443527569732443
0.564311263806256
0.5659590807318764
0.5846359807699146
0.5880537187571402
0.4249669124354579
0.4427283165854503
0.44194350667812354
0.4608559391359627
0.4235256864447787
0.4412875762233279
0.4793497797589469
0.44075532171857146
0.45941567054829
0.477909969386212
0.478565511405997
0.4773776182490276
0.4967704727157136
0.4982098381361256
0.4225717389561092
0.44033322247180806
0.44000015866649217
0.4584609048167666
0.42197194242244696
0.4397322108665015
0.47695478650560763
0.5174361139661436
0.5166523676367576
0.5370286069339754
0.5159971805330961
0.5569873168398535
0.6087446425808511
0.6069747276708066
0.6298017725650757
0.6053269093243534
0.6512251359254602
0.6038009885090287
0.6263840429887686
0.6478074089409714
0.6494552320207876
0.6462814469473928
0.6695968917954189
0.6730146173209064
0.6023966304570548
0.6011136353695665
0.6234537045924524
0.5999524772783755
0.644877009891597
0.6951707053096756
0.6934008112870644
0.717691330103807
0.6917529800743591
0.7405852601323479
0.4165449480298459
0.3978682858969938
0.4148971068456897
0.37967990246830197
0.41337132202963356
0.36197960551655195
0.37827597225020504
0.3769935287329993
0.39493854720004407
0.3595362301694729
0.37583251046902644
0.41196733040156386
0.3447671066010116
0.3280423050183142
0.3436061617785534
0.3118058389650745
0.3425674185450674
0.41068478504610173
0.3924950029323223
0.40952370779281444
0.3747938678821231
0.4084851870760964
0.29605958458535964
0.31089122844670825
0.31010406301206617
0.32608909370316286
0.29461394201973434
0.30944619189032074
0.3416531799509055
0.3089140068378454
0.3246446473317298
0.3402093081147486
0.34086663044078125
0.3396771617100993
0.35614017404641274
0.3575834867923694
0.29366295546520804
0.3084948711688056
0.30816698033528345
0.3236929802303735
0.2930738341289998
0.3079043123143935
0.33925728349628503
0.373880013837695
0.3730940628587879
0.39054276070584915
0.37243724496575714
0.40757172702546696
0.280806365352959
0.2660480601188069
0.2801478979902665
0.2517820218659086
0.2796156282567822
0.23799720712479538
0.25136435912211663
0.25103935630430396
0.26509770044647896
0.23741418431230235
0.2507797562260392
0.27919723221428017
0.22467277240634298
0.21178172521869004
0.22441484042510995
0.278870757392774
0.264511555549522
0.2786095817005596
0.4067863561304945
0.3891005207400786
0.40613000126164356
0.3719050967537438
0.40559781561750613
0.3551877817587802
0.3714844757602972
0.37115390653899705
0.38814736619739176
0.35459309660988175
0.3708884731418557
0.40517645372429023
0.338928028983182
0.3231010157638633
0.3386639440101592
0.404844615682103
0.3875500732056395
0.4045778964201586
0.7388153737277685
0.7638153493059407
0.7142736044662611
0.7371675274612373
0.6902269729811059
0.7356414663087205
0.7603976538159214
0.6666664311888013
0.6888224565604129
0.6875393227160926
0.7113430202384105
0.6642222121326248
0.6863782250969501
0.7342368678326375
0.6435939420756174
0.6210095246827949
0.6424328080066348
0.5989148178833121
0.6413953594768189
0.7329536822007999
0.7574669662609687
0.7088987775108717
0.7317926567070617
0.6853409978857607
0.7307556972168614
0.755022481139725
0.5773122430522585
0.5980033868242094
0.5972206264302629
0.6190607414754803
0.5758745307536719
0.5965660576084163
0.6404843340243678
0.5960332799965977
0.6176237838072018
0.6390477368644654
0.6397020381611407
0.6385147799022513
0.66083780000931
0.6622740484877165
0.5749172010102401
0.5956082890573258
0.5952707039960334
0.6166655742200005
0.5743082922889169
0.5949983300134143
0.6380890836574644
0.6844303766881454
0.6836485283621035
0.7069512242525793
0.6829944694708843
0.729845510224203
0.5562040730883866
0.5355900928204933
0.5555492096736874
0.5154647081878097
0.555016594346736
0.49581486802276736
0.5150411498315333
0.514705753496008
0.5346336323461767
0.4952103476213444
0.5144355026774197
0.5545923160598597
0.4766205373977275
0.4578587014221712
0.4763514137743763
0.5542558083829232
0.5340268786567759
0.5539844753384511
0.7290640897537766
0.753075261843761
0.7055156430715326
0.7284101841802744
0.6824613152695047
0.727876627177251
0.7516410185550488
0.6598787043827588
0.6820349122552263
0.6816952597836814
0.7045557335021977
0.6592657304784743
0.6814208349445023
0.7274492070979497
0.6377504543284336
0.6160545852185617
0.6374770702547354
0.7271077283668657
0.7506836135458512
0.7039407875051484
0.7268362768933536
0.7500349563076525
1.0083498686364458
1.0248427760217076
1.0008250212375
1.0418132487696883
0.9934453620794061
1.0592694449146118
1.0345200838579862
1.0273858579883384
1.010173046089104
1.0450862444428803
1.0203651472395272
0.9861811903690294
1.0772136232617635
1.0956461651622442
1.0701646927262156
1.114567050024646
1.063274764193625
0.979040313960774
0.9960116601457623
0.9720212186829684
1.0134685618578494
0.9651242639490105
1.1339762332486107
1.10776237538902
1.1011165747440983
1.0819515330719365
1.120769895337153
1.0945841531823133
1.0564982012403497
1.088175853344148
1.0687666712745982
1.0433149074702908
1.0498457622222712
1.0369062378179745
1.0182294334263837
1.0314130982635041
1.108073314856489
1.0818891397364647
1.0757246108116219
1.0560712878882126
1.0958662129931427
1.0696821251943769
1.0306196115648643
1.0066935702528346
1.0000407593576726
0.9823397265804623
0.9935099923898898
0.9583493598132138
1.1538736974676662
1.1742594404994295
1.1473131592435486
1.195133463774614
1.1409114968046004
1.2164957682549034
1.1888170649472012
1.182659543687811
1.1615413795951626
1.2042659890241443
1.176615403801554
1.13462321623307
1.2383463541337902
1.260685221334053
1.232274096231368
1.2835123697882134
1.2263607155930591
1.128459057206086
1.1493330806914108
1.122416484275519
1.1706953853897646
1.1164960959503922
0.9516965284502412
0.969156129081726
0.9451657664473061
0.9871013021040904
0.9387570750702285
1.0055341169173082
0.9808146807446756
0.9746501300371804
0.9564608163754562
0.9933270854612857
0.9686076495535589
0.9324704539810533
1.024455062015507
1.043864252718183
1.0184125812619695
1.06376171625445
1.0124921711724322
0.9263059032073062
0.9442537851215962
0.9202634227377711
0.9626872393999256
0.9143430125809318
1.30682779948074
1.2776842524956438
1.2720150124647915
1.2489437234041565
1.2955745827766658
1.2664591538048704
1.2205607163064607
1.2610274166395161
1.2377119869519808
1.2093305468182405
1.2148848385146973
1.2038984397430794
1.1813154319301056
1.1925459713278836
1.2848311275770308
1.2557172655683964
1.250529299118112
1.226969728805662
1.274577150680527
1.2454633759957492
1.198588375995782
1.1648969530669802
1.1592207053657964
1.1376142600458476
1.1536665009934493
1.1106977509517244
1.2405195295560767
1.2167158186186406
1.1883344706751515
1.1934003889311189
1.1833906230866846
1.1603193340238143
1.1705732404932472
1.1326704082247185
1.1377363262094873
1.115641599638991
1.142924314422955
1.088725095682594
1.0940351542923477
1.1482343733038847
1.1277265605722349
1.105387693376734
1.0784711894354535
1.0835371074051063
1.0735273417794038
1.051920896322097
1.062174802572804
1.126383787358304
1.0994672831307373
1.105021482636626
1.0729169900849889
1.0841474590546176
1.264811521743491
1.2356977519251076
1.230998044961649
1.2069501933992046
1.255534177774134
1.2264204082269279
1.178568845726912
1.221964841824538
1.1976728496369895
1.169291501979798
1.1738691386994273
1.164835935573824
1.1412763652608673
1.1505537090115592
1.2467451152619327
1.2176313457298846
1.2134199199484055
1.1888837871364055
1.2384443340095763
1.2093305644785617
1.160502439480072
1.1229047832275798
1.1182050761965237
1.0956220683760303
1.1136274394777215
1.068705564435593
1.057963376122379
1.052287106658783
1.032145502496758
1.0467329074240994
1.0066938313120497
1.0413007785216635
1.0209150337345068
0.9954633625649707
1.001017561784546
0.9900312336589462
0.9703778666969758
0.9816083354475845
1.035990719927014
1.0308027316459603
1.0101728462338397
1.0257368136771512
0.9847211750651345
0.9568888995549885
0.9512126300239743
0.9325350351199375
0.9456584308052229
0.9085446727370097
1.3306315104172883
1.3549235026033415
1.325047533741862
1.3797037760403006
1.3196224343391725
1.40497233072776
1.374363939991798
1.369182981214184
1.3441585671517293
1.3946956765265743
1.3641154038047225
1.3143107163048886
1.4307291666652695
1.4569742838526962
1.425633471241702
1.483707682290075
1.4206966530889495
1.309123119764465
1.3339033932018625
1.3040571093182323
1.3591719478892483
1.2991132834929227
1.510929361977484
1.4788561274914744
1.4741634499638305
1.4471859109013492
1.5016292702763478
1.4695841538044954
1.4158732163045031
1.465128979138958
1.4379072994516258
1.4065961718179882
1.4111739010141022
1.4021406272427068
1.3756513694302723
1.3849287838266453
1.492838940075511
1.460795390567064
1.4565839866154713
1.429118166304523
1.4845380881776356
1.4524946259927494
1.3978071259949045
1.3543500780680198
1.3496503928677572
1.3241376975553218
1.345072750995497
1.2942915009955618
1.5386393229149995
1.5668375651025102
1.5340319087414644
1.5955240885394761
1.529583371838537
1.6246988932252902
1.5911608149897334
1.5869564187107148
1.5580257546498122
1.6163753640250902
1.58286540380275
1.5252482163031762
1.6543619791611563
1.6845133463524085
1.6502428462409373
1.7151529948055906
1.6462825905989065
1.521037182261366
1.5497237056994804
1.5169477343155493
1.5788985103958297
1.5129804709966264
1.2895917951809133
1.31486034986841
1.2850141581750227
1.3406171858059008
1.2805585918366513
1.366862302992954
1.3362836894246866
1.332072263710307
1.3060712871488955
1.3585615215214815
1.3279829082244312
1.276225095726783
1.3935957014291023
1.420817381115628
1.3895063456722774
1.4485273420574627
1.385539060586455
1.2720136699486306
1.2977705058847007
1.2679243144778294
1.3240156230731739
1.2639570293219453
0.9028684032058252
0.9213045663699955
0.8973142039871076
0.9402263018989913
0.8918820750808587
0.9596356791969398
0.9349162433052327
0.9297282550239802
0.9105623788699916
0.949381772946932
0.9246623370552289
0.8865720164871043
0.9795331867838906
0.9999189399837858
0.9744672688151359
1.0207929660209114
0.9695234211588855
0.8813840282058525
0.9003084726199886
0.8763181102371027
0.9197184893989785
0.8713742625808525
1.0421552713220468
1.0159711886771563
1.0112714816459012
0.9901533149837807
1.0328779275720312
1.006693844927144
0.9647016438151341
1.0022382785209007
0.9808759712337694
0.9554243000651255
0.9600019367838812
0.9509687336588724
0.9303388041969242
0.9396161479469303
1.0240888650721045
0.9979047824271972
0.9936933566460086
0.9720869087338038
1.0157880838219389
0.9896040011771368
0.9466352375651436
0.9148967120552278
0.9101970050239769
0.8905428476199879
0.9056193683052243
0.8665524852371025
1.0640058574043465
1.0863447246259768
1.0594282206855894
1.1091718730715308
1.0549726542793643
1.1324873027609534
1.104838376977854
1.1006269511965296
1.0775556621260853
1.124186521510111
1.0965375957272134
1.050639158185683
1.1562910136986053
1.1805830058850986
1.152201658229031
1.205363279321788
1.148234373071881
1.0464277324044533
1.0692548808756261
1.0423383769353838
1.0925703105699793
1.0383710917782722
0.8618527782058525
0.8812655038699864
0.8572751414871023
0.9011638018989689
0.8528195750808498
0.92154974169693
0.8968303058052216
0.8926188800240081
0.8724764413699797
0.9132489604470193
0.888529524555314
0.8484860789870952
0.9424238117839543
0.9637861274838198
0.9383344563152087
0.9856367160202688
0.9343671711586181
0.8442746532058536
0.864175660120059
0.8401852977371511
0.8845622393989576
0.8362180125809338
1.7462809245131572
1.711278002519887
1.7075618874835148
1.6766780984290008
1.738933957703701
1.7039591537447158
1.6424357163303154
1.7004805414173605
1.6693526119039783
1.6351117967814575
1.6387129635386644
1.6316328145598056
1.601237306903887
1.6085615963505777
1.732096752224382
1.6971235152208952
1.6938886740166983
1.6625166034659067
1.7257490267512243
1.6907758769329475
1.628275875666216
1.5750532030899604
1.5713300803948713
1.541911135075198
1.5677290009782654
1.5091352510133418
1.6877851572689593
1.6561689444286962
1.6219282213647959
1.6250410137495082
1.6189375004519628
1.588053709600297
1.5944013651763116
1.5545454086966166
1.5576582009726132
1.5277509743616893
1.5608930641219567
1.494975095456459
1.4983320292262317
1.5642499981604048
1.5515546875917305
1.5214033187575118
1.4886274397586658
1.4917402321739195
1.4856367185002077
1.456217771705941
1.4625654275095983
1.5345869123593372
1.5018110331731243
1.5054121077084126
1.4694013652784326
1.4767255842591696
1.719889650509297
1.684916505678344
1.6821699205979113
1.6503095721178571
1.714518541122779
1.6795453977400219
1.6160688493905737
1.6770429380963914
1.64493846527348
1.6106977436961674
1.6133222651464871
1.6081952848180723
1.5768232330116247
1.5821943376016332
1.7096356994332584
1.6746625551653214
1.6724042793467042
1.640055621985982
1.7052412992414177
1.6702681462576763
1.6058148998855768
1.5486860367281527
1.5459394532868151
1.5155439467774667
1.5433149332165832
1.4827680677497774
1.4446821269387269
1.4409589824877678
1.4130048809108362
1.4373579082364842
1.3816938457367236
1.433878904245991
1.405680662150891
1.3743696269972387
1.3779707012229347
1.370890623023339
1.3434248027813398
1.3507490215199969
1.4305219704964096
1.4272871071558377
1.3988447244224171
1.424174314598036
1.3675336892860206
1.3201704082362258
1.316447263718715
1.2899580058911977
1.3128461895018853
1.2601118144835657
1.6682541580909969
1.6356612044436494
1.6014204738192097
1.6035566173264078
1.5994064788318973
1.5675459544030024
1.5719403888556462
1.5340376462121355
1.536173800151821
1.5052899999700466
1.5384320888869525
1.4725141220952664
1.4748945095498023
1.540812475319874
1.5320236430258491
1.5008955492619913
1.4681196635660447
1.470255827796401
1.466105650993033
1.435709989135685
1.4401044552528541
1.5101728443097606
1.4773969662897883
1.4800214850161497
1.4449872991556743
1.4503583996469462
1.4036665259800825
1.4058027002131324
1.3763837546263002
1.4080609994330724
1.3450727208231414
1.3474531090148347
1.4104413874615378
1.3190107394665633
1.349955563062307
1.3525800792816267
1.381266597542316
1.3243818365137736
1.3553266609023704
1.4129438429066816
1.2884321267551542
1.2910566418414446
1.2635908205346853
1.2938032230574013
1.2337446289470582
1.236613279833755
1.2966718738350265
1.4155683603439573
1.3866376962217422
1.4183149424704284
1.358195311616453
1.4211835931732955
1.401652503051447
1.3719892741060917
1.3406782335182
1.3428144173373247
1.3386641995023574
1.3097334042185302
1.314127898014519
1.2791547862069388
1.2812909790913076
1.2533368853465978
1.2835492861917506
1.2234906954713076
1.2258710829159978
1.28592967417574
1.277140740614123
1.2489423794811585
1.2190961840370669
1.221232385390715
1.217082126606341
1.189616199869007
1.1940107165585911
1.2582197249282663
1.2283735339861834
1.2309980480362932
1.198893553929266
1.2042646482959474
1.392497068435289
1.3611860332176127
1.364298825905248
1.3302412089449698
1.3365888650873021
1.2996625956172703
1.3027753884190791
1.2757978495017843
1.3060102518259595
1.2459516581145627
1.2493085918155415
1.309367185546837
1.2694501932343851
1.2396040017961485
1.2427167946945938
1.2101240213023448
1.2164716776640896
1.2826337871592504
1.2527875957534258
1.2563886699646365
1.223307615284495
1.230631834013658
1.7013353737835768
1.666362224085038
1.6645921215246027
1.631755284487621
1.6979166524909188
1.6629435535909258
1.5975145550184635
1.6614163718586217
1.628336664743049
1.5940959858311432
1.59574449148323
1.592568852188867
1.56022151673759
1.5636400357093039
1.6949840301531953
1.660010933704382
1.6587283846057317
1.625404051816934
1.6925437995388481
1.657570504521796
1.5911633845045414
1.5301317265965202
1.5283616995505072
1.496989627721077
1.526713257344214
1.4642137391284091
1.656538835814242
1.622963421921431
1.588722552108146
1.5898806803510723
1.5876906905957484
1.5548478954835083
1.5572889317651781
1.5213394524818638
1.5224978401736888
1.4906386699057825
1.5237806935789506
1.4578628606829698
1.4592683519647207
1.5251861793213157
1.5203073691851725
1.4881972235717809
1.455421209257307
1.4565798661544354
1.4543888732421002
1.4230114100788787
1.4254532658225778
1.4935712075333591
1.460795367189139
1.4624437455743058
1.428385736198867
1.4318040608681981
1.6906065927527227
1.6556332547171337
1.654850810560366
1.6210261167275593
1.6891588422514108
1.6541860205109216
1.5867851783340794
1.653633280889003
1.6195794120729339
1.5853390165752144
1.5860031680911173
1.5847867043335517
1.551464833592897
1.5529104390798345
1.6881633145714274
1.6531905832135187
1.6528622022719381
1.618584082312855
1.6876315118336995
1.6526578958293352
1.5843438131417802
1.5194018985038227
1.518620326840908
1.4862595561444556
1.517956862629164
1.4534834115441078
1.3997605929940389
1.3979906295228712
1.368083335562965
1.3963423144547091
1.3367722886348616
1.3948153686157458
1.3646651018555058
1.3333540983088175
1.3350023515066227
1.3318272275739176
1.3024093037331175
1.305827452271695
1.3934098852087755
1.3921267602904064
1.3617327186950963
1.390967826613819
1.3304217661017623
1.2752488265366129
1.2734789117945402
1.2450364114928578
1.271830718060158
1.2151902072025695
1.2015180644814039
1.1977949199604936
1.1727705058868065
1.1941938457525283
1.1443891582298011
1.190714841829302
1.1654462871575872
1.1370649394996946
1.1406660137065
1.1335859355881386
1.1090498027786695
1.1163740215101177
1.1873579081501773
1.1841230447288524
1.1586103495726352
1.1810102517527148
1.1302290019312524
1.0887250957266372
1.0850019512008493
1.0614423808746332
1.0814008769934857
1.0345258769341332
1.1780195296167153
1.152262693146933
1.123881345484576
1.126994138518621
1.1208906231870874
1.0958662087649675
1.1022138652256346
1.0682172829865269
1.071330076058572
1.0472822246132463
1.0745649394545618
1.0203657206816819
1.023722654298873
1.0779218730903466
1.0652265605450517
1.0409345681440159
1.0140180642169043
1.0171308573078295
1.0110273416538176
0.9874677711200212
0.9938154275753011
1.0541181621395141
1.0272016581968744
1.0308027324060567
1.000651365081096
1.0079755838205697
1.175150878582781
1.1724042978796554
1.1464033198089876
1.1697797847579379
1.1180219719759532
1.1672773352115875
1.1410322264726709
1.1126508790739777
1.115275391385885
1.1101484310405625
1.084635742562273
1.0900068350848593
1.164896948601593
1.162638636151667
1.1361493915937881
1.1605024269702313
1.1077680455288355
1.062357909136035
1.0596113285689208
1.0350751941261764
1.0569868169372842
1.0081586900366935
0.9817915011757685
0.9780683566458319
0.9559736274825521
0.9744672824340974
0.9305219563141164
0.9709882785381974
0.9486494087387802
0.9231977375684168
0.9267988117829029
0.9197187336720756
0.8981122416987568
0.9054364604461472
0.9676313449359717
0.9643964815870433
0.9418134712465838
0.9612836884945588
0.9163618000804414
0.8807170245546885
0.8769938800228303
0.8563631601196751
0.8733928058058931
0.8323727977369884
1.7778971354315645
1.8100016274913577
1.7742662836551335
1.8425944006974047
1.770794309077663
1.8756754553148558
1.839207689654621
1.835979856344331
1.8031429417960525
1.869305053188043
1.8328654053108235
1.7674357159503395
1.9092447919448463
1.9433024110807962
1.9061022230402602
1.9778483118639691
1.903118531767881
1.764201244767455
1.7967940195572618
1.7610883605285452
1.829875076262804
1.7580976615449053
2.012882490654296
1.9749498804549588
1.9722103206197557
1.937420289226294
2.0074886232093467
1.9695841331242487
1.9002482197486286
1.9670820649376783
1.93204790513132
1.894877403838013
1.8975020231593451
1.8923749653343274
1.8580732277720364
1.8634444123940392
2.0026045283237517
1.96470160266224
1.9624433798416323
1.927165002432142
1.9982101267229728
1.9603072800377848
1.889994586346095
1.8270063317248293
1.8242597663538245
1.790934576274425
1.821635235634568
1.7552290047505084
2.0484049415824295
2.084415662027877
2.045750635651597
2.1209146633692937
2.0432552055126294
2.157901979818458
2.1185045346147113
2.116253334310982
2.0795100955124015
2.153484940724497
2.1141155959474984
2.0408731809583833
2.1953776592082592
2.2333417200147787
2.1932118044988904
2.271794080992737
2.1912048503231736
2.0386153363976174
2.075114513290318
2.036479157390876
2.112102005255169
2.034465200284991
1.7524824198311226
1.7855634607768263
1.7498578953210973
1.8191327764442917
1.7473554352208915
1.853190387754359
1.8167523987786596
1.814494137935685
1.780680621272705
1.8487960224528408
1.8123580249928573
1.7449750547918776
1.887736334658098
1.922770650708863
1.885600230886452
1.9582933040097092
1.8835862535994687
1.7427167862182982
1.7762862386335478
1.7405806633735978
1.810344045747312
1.738566680492974
2.3107345124255927
2.269872121737544
2.2681087206432267
2.2294128698565396
2.307292227500078
2.2664580933400966
2.189311116818791
2.264931181204095
2.225992224631966
2.185892082118767
2.1875411016823545
2.184364792013983
2.1461582654067373
2.1495776286745176
2.3043587810110475
2.26352616807871
2.2622448997659976
2.2230598825894665
2.3019212059864116
2.2610885383389743
2.182959783588462
2.1102098658842197
2.1084395242868563
2.071208427539047
2.106790632898198
2.0325731722621514
2.2600576146988907
2.220622086474317
2.1805218426368356
2.181678345519967
2.179490885029053
2.1407878087650944
2.143225904520879
2.1014199845162462
2.102576645388461
2.0648567847693506
2.103858237597355
2.0262215456876644
2.0276267034387114
2.1052633204606233
2.1003889801844036
2.0624183701008323
2.023782965613771
2.024939797137452
2.0227518992626843
1.9855137711936868
1.9879525205447672
2.067789217928822
2.029154012548977
2.030802854493182
1.9908850185456601
1.994304133403293
2.299983529413189
2.259150938986735
2.258365406606641
2.2186845544795144
2.298529144917624
2.2576968901949845
2.1785843752063956
2.2571422162862795
2.217230850337244
2.177131025338203
2.177799184627606
2.176576492127947
2.137397415214639
2.138850401009103
2.2975336189634588
2.2567013140487884
2.2563781819112787
2.2162352281995252
2.2970125310642793
2.256179702135473
2.176135361819783
2.0994826315901918
2.098697795935151
2.06048106667018
2.098030019968177
2.021845705949901
1.9564013030790726
1.954631028762888
1.91886468314161
1.952982235402522
1.881694273148382
1.951454937273072
1.9154456631411576
1.8782753016505165
1.879924043142621
1.8767480215025425
1.8414711508452282
1.8448900732022953
1.9500497094031766
1.9487678019676982
1.912513112353156
1.9476107869866424
1.8753427294745677
1.8084520832815494
1.806681897003994
1.772380303398132
1.8050332106283395
1.7366747335606925
2.3501626922787087
2.390078427052082
2.3484838863878714
2.4304819859089233
2.346963612915655
2.471374339282026
2.4290479735744155
2.427773856796405
2.3871237132768934
2.4689152559988172
2.4266161352816042
2.345557125645347
2.5127570133612993
2.554631402205464
2.5115720891663114
2.5969977310556533
2.5105480863705187
2.344276369293458
2.3846852285816587
2.3431200563021184
2.4255856236660502
2.3420891734074942
2.6398542480217215
2.59605942286244
2.5952801074956824
2.552670773877774
2.638372439515419
2.5946085940514667
2.5096392538592247
2.5940539600160784
2.5512132623765167
2.5081836219196103
2.508853165758604
2.5076286560056853
2.4655203158414696
2.4669760241206244
2.637375989274039
2.5936138380571077
2.593292617968821
2.5502180334766003
2.6368585274930783
2.5930960550882043
2.507188415877599
2.424678517950331
2.4238923617806627
2.382747331220952
2.423223196848252
2.3411823241599565
2.683197325317974
2.7270227710908825
2.682492389618118
2.7713279212373645
2.6819455581790264
2.8161134072083995
2.7708526732030805
2.7705404433143315
2.726000233999922
2.815571824328855
2.7703428133835746
2.681503792520779
2.8613836008541993
2.9071444068873102
2.8611585509776813
2.9533986298388815
2.8610990110670707
2.6811834253345377
2.725482156785072
2.6809871749850522
2.770277225589728
2.6809210463278745
2.3403964639549253
2.381292298983211
2.3397276143784946
2.422668298579018
2.3391728191699075
2.4645250222091155
2.4222278443350467
2.421905702846953
2.3802968844945953
2.464005888281398
2.4217082422568557
2.3387321425567245
2.5068667349887486
2.5496997952805454
2.5066697390622554
2.5930297289810316
2.5066032251000845
2.3384095182724707
2.3797768008792772
2.3382115638936627
2.4216415294460463
2.3381446389659066
1.7349045899237603
1.7689614809002876
1.7332559615570449
1.8035059557265574
1.7317287394110146
1.8385385608448288
1.8021006065358556
1.8008183770971842
1.766028866613464
1.8360990973638485
1.7996609558190166
1.730323341136037
1.8740606613990556
1.9100740131561489
1.8729034498823491
1.9465796416165655
1.8718722067152285
1.7290409508599618
1.763589025487505
1.7278833066318016
1.7986295941797765
1.726851803840964
1.9835765491189625
1.9456735958533433
1.944889509231364
1.9081368458156285
1.9821251233749857
1.9442225874599526
1.870966298654697
1.9436686193741433
1.9066862662669875
1.8695161597182306
1.8701826056854007
1.8689624388269332
1.8327122677147152
1.8341619540056482
1.9811293381317463
1.9432267987255076
1.942901341973713
1.9056904825026941
1.980603584390396
1.9427003756632775
1.8685203901539893
1.7977238114898055
1.79694052421045
1.7616518707148736
1.7962745901333195
1.7259461312752773
2.021061238321961
2.059028839592821
2.0203938740715035
2.0974756493031483
2.019839690674649
2.1364017153417123
2.097034289225589
2.09671005805293
2.05803308396267
2.135878436002092
2.096510419847732
2.0193981000776855
2.175811694768428
2.2157130768397106
2.175612654894551
2.256112550396491
2.175545260082376
2.019073273209983
2.0575086060989616
2.0188729944040134
2.096442763902872
2.01880505719119
1.725163260749784
1.7602031268232778
1.724497877602185
1.795721152777479
1.723944765313893
1.8317165224213636
1.7952788801028823
1.794952049127676
1.7592074640580688
1.8311879528791706
1.794749544837282
1.7235022752138853
1.868194266434868
1.905163367803722
1.8679925603667442
1.9426321346359465
1.8679239901596483
1.723174693142285
1.7586773357042111
1.7229713249070584
1.7946806167673723
1.722902006356473
0.8286496532050034
0.8490389413697412
0.8250485789862494
0.8699138019072317
0.8215695750843606
0.8912763042133129
0.8665568683214684
0.8633220050196599
0.8422030038850394
0.8849286478319537
0.8602092119636
0.8182126415000954
0.9131269367563748
0.9354658148226083
0.9100141436767413
0.9582929658361076
0.9070234209518236
0.8149777782157154
0.8358553475509867
0.8118649851896338
0.8572184892017787
0.8088742624192575
0.9816083967842646
0.9554243140119933
0.9526777332511907
0.9296064402037822
0.9762373052216446
0.9500532225510567
0.9041547689337481
0.9475507787048618
0.9242353487912955
0.8987836775185745
0.9014081879804505
0.8962812348362352
0.8736981815120594
0.8790692729783155
0.971354478933552
0.9451703977720869
0.9429120816167966
0.9193525255162625
0.9669599314753619
0.9407758479126611
0.8939008557298118
0.8543498370140432
0.8516032558265785
0.8299959725210967
0.8489787454516049
0.8060056100948627
1.0054121094092405
1.0297041021952793
1.0027875983176928
1.0544843703790812
1.0002851531668506
1.0797529104001868
1.0521039862004762
1.049845670759129
1.024821272918368
1.0753583758158585
1.0477094479213749
0.9979047705268083
1.1055097312971691
1.1317548653333116
1.1033735149508854
1.1584883576373315
1.1013594337997068
0.9956464544431505
1.0204267312585098
0.99351022580489
1.0456953551273385
0.991496121587992
0.8032590286480911
0.8246248808206842
0.8006345182149026
0.8464763037547081
0.7981320773013967
0.8688153611787569
0.8440959265299545
0.8418376119261934
0.8197420632576009
0.8644208062332817
0.8397013706276604
0.7957517019731104
0.8916425400736245
0.9149579736013411
0.8895063021161824
0.9387617325229127
0.8874921758700995
0.7934933889736723
0.8153475067807221
0.7913571453148185
0.8376872339853436
0.7893429987499045
1.1857102137253586
1.1565964311171286
1.1548265491638987
1.1278488594284215
1.1822922140251622
1.1531784636304927
1.0994674987031403
1.1516518394199595
1.1244309220788384
1.0960495894273623
1.0976976275193766
1.0945230488753244
1.0680344657571448
1.0714523489773082
1.1793602030257593
1.1502465280470635
1.1489630468706422
1.121499064650189
1.176916838021786
1.147803004888985
1.0931178123556453
1.0438034102777276
1.042033546604765
1.0165206826191477
1.0403855511703464
0.9896041659933403
1.1467689089930624
1.1190553938589458
1.0906740055960813
1.0918342968808687
1.0896394690726554
1.0626588406718076
1.0651027706649479
1.035009899517818
1.0361704141331267
1.0101713170954283
1.0374539390748905
0.9832549042652168
0.9846599684652806
1.0388590920540963
1.0339749076547735
1.0077271823647105
0.9808106891575008
0.9819713932135266
0.9797752420802444
0.9542604194192599
0.9567047001362672
1.0131028457831235
0.9861863497070469
0.9878343070181594
0.959636062989921
0.96305386032148
1.1749769462575559
1.1458627616155685
1.1450835762551277
1.1171147732199564
1.1735389174372384
1.1444254036771668
1.0887329818963165
1.1438785539008083
1.1156780802505808
1.0872969429925576
1.087954044038637
1.0867514344366236
1.0592819870026617
1.0607173888477157
1.172548250313748
1.1434354525290646
1.143098351004614
1.1146889301896756
1.1719966655871792
1.1428820557616546
1.0863086895320584
1.0330679957519453
1.0322892065930258
1.0057848048816962
1.0316332064856077
0.9788678192461826
0.9368697652479477
0.9350999085022085
0.911051879258743
0.9334519853941075
0.8856001959351905
0.931925677959468
0.9076341154964127
0.882182446922456
0.8838303390343012
0.8806562098623629
0.8570969524458527
0.8605146880693708
0.9305207041045781
0.9292372259293682
0.9047029145663112
0.9280763719453062
0.8792513252034169
0.8357952403582508
0.8340253806639648
0.8114413642645766
0.8323775166751191
0.7874509900573163
1.213420310819329
1.2416183412373205
1.2117721732302953
1.2703039269810554
1.2102454648964205
1.2994770272130447
1.2688985017752459
1.267615159795393
1.2386861894946737
1.2970343768160992
1.266455662691102
1.2088400900366882
1.3291385243695735
1.3592904594761106
1.3279793093156842
1.3899352052829395
1.3269463689273269
1.207556667347978
1.2362431676791938
1.2063968925357251
1.2654223692008557
1.2053632128974168
1.4210734642547358
1.389029713845307
1.388249016238054
1.3573521599104739
1.4196302155618534
1.3875870858474348
1.3260408020817742
1.3870364756498361
1.3559101641414686
1.324599449214928
1.3252605275541396
1.3240495857493553
1.2936549396411503
1.2950956400414086
1.4186359962036978
1.386593151247779
1.386261003376594
1.3549165508208603
1.4180960356811134
1.386051965976578
1.3236061975271398
1.2645166735393079
1.2637368010149244
1.2343039024142448
1.2630766337635255
1.2044573266199672
1.4527022791946984
1.4848151031043226
1.4520395543435187
1.5174050408552788
1.4514882960133781
1.5504697770827875
1.5169619756409007
1.516631835796901
1.483820410457107
1.549934222952805
1.5164253876716054
1.4510450833240345
1.5840145812072581
1.6180504761921681
1.5838092521695721
1.6525881494746868
1.5837390350090406
1.450713973400993
1.48328274538803
1.4505062950895242
1.5163546497806708
1.4504349780098167
1.203677822593761
1.2328645296572702
1.2030186250839732
1.2625276321813528
1.2024706202466255
1.2926620942412588
1.2620842441440483
1.2617497922027168
1.2318726507642084
1.2921168816353794
1.2615375566782556
1.2020273180272771
1.3232729377553873
1.3543740846884527
1.3230623904166383
1.3859800005990115
1.3229896941579957
1.2016915873933474
1.2313244137207136
1.2014774507594068
1.2614640296573931
1.2014029705466256
0.7856811241889579
0.8080236509344982
0.7840332855014776
0.8308513481592987
0.7825071872345564
0.8541659091195772
0.8294465515768934
0.8281631659625377
0.8050927652286961
0.8517214906427044
0.8270021178012124
0.7811024848228668
0.8779678915310772
0.9022585438255867
0.8768069266414753
0.9270404906215761
0.875770657147829
0.7798191509717758
0.8026483177932036
0.7786580232767923
0.8259655251983393
0.7776211466377694
0.9523170427285017
0.9261324800905406
0.9253535435089885
0.900314136294874
0.9508838413095279
0.9246996771586564
0.8748620128487676
0.9241596663493383
0.898881633524715
0.873429684890477
0.8740826941921062
0.8728921315663432
0.8483437810262949
0.8497760916100636
0.9499020048879134
0.9237196558821048
0.9233760830161304
0.8979036805023691
0.9493324043547227
0.9231470376548022
0.872454109923454
0.825056265988484
0.8242763369553464
0.8007020505750408
0.8236237815347995
0.7767113530604064
0.9780890447638844
1.0043505945394844
0.9774341428615267
1.0310892582241677
0.9768920125860368
1.0582947376566794
1.030647082728726
1.0303069477548625
1.0033657342766067
1.0577352493998027
1.0300853098758713
0.9764507036657054
1.0859701206058294
1.1141336185636277
1.085751350937752
1.142806470111619
1.0856744678395183
0.9761089033516828
1.002801527392902
0.9758838954220634
1.0300068849176018
0.9758036213146577
0.7759306965231925
0.7992691764540352
0.7752778790109112
0.8230889484620696
0.7747452920247564
0.8473709746596599
0.822654242192601
0.8223066262482437
0.7983034980710952
0.8467870044556355
0.8220646051575666
0.7743165319274621
0.8721086085491612
0.8973277613345845
0.8718744929533981
0.9230645695820319
0.8717897307128223
0.77396968532997
0.7977051031943194
0.7737016120331922
0.8219798678575669
0.7736317130478749
2.907144406887455
2.861383600854488
2.8611585509778266
2.816113407208831
2.815571824328998
2.7713279212379165
2.7708526732034926
2.7260002340003173
2.770540443314601
2.6819455581795446
2.6815037925211587
2.7703428133837016
2.7270227710915567
2.68319732531875
2.682492389618759
2.6398542480225835
2.638372439516041
2.725482156785197
2.6811834253347873
2.680987174985176
2.6373759892744153
2.636858527493202
2.596997731056688
2.5960594228633593
2.552670773878746
2.5952801074964817
2.5105480863716556
2.5096392538602483
2.5946085940521435
2.4669760241216996
2.508853165759509
2.5081836219204
2.5512132623772503
2.4655203158423116
2.507628656006356
2.5940539600166335
2.4255856236672892
2.4246785179514547
2.3827473312221263
2.4238923617816726
2.3420891734088283
2.3411823241611796
2.4232231968491487
2.5936138380575415
2.5502180334770927
2.5932926179691314
2.5071884158781477
2.593096055088391
2.5546314022067387
2.5127570133628248
2.511572089167652
2.471374339283813
2.4689152560002046
2.430481985910925
2.429047973576222
2.3871237132787173
2.4277738567980145
2.3469636129176874
2.345557125647188
2.4266161352830133
2.390078427054272
2.3501626922810748
2.348483886390068
2.3107345124281267
2.3072922275022876
2.3846852285831153
2.3442763692951285
2.343120056303622
2.3043587810129296
2.3019212059879584
2.54969979528073
2.5068667349891145
2.5066697390624384
2.4645250222096595
2.4640058882815787
2.422668298579735
2.422227844335586
2.3802968844951296
2.4219057028473125
2.339172819170612
2.338732142557254
2.4217082422570364
2.381292298984099
2.340396463955978
2.3397276143793757
2.2999835294144013
2.298529144918496
2.3797768008794558
2.3384095182728237
2.3382115638938394
2.2975336189639832
2.297012531064455
2.271794080995445
2.269872121740094
2.229412869859105
2.2681087206456167
2.1912048503259056
2.1893111168213695
2.266458093342326
2.14957762867711
2.1875411016847774
2.1858920821210335
2.225992224634214
2.1461582654090208
2.1843647920160887
2.26493118120616
2.1121020052579245
2.1102098658868247
2.071208427541664
2.1084395242893077
2.034465200287764
2.032573172264777
2.1067906329004953
2.2635261680806154
2.223059882591391
2.2622448997677367
2.182959783590408
2.2610885383405472
1.9943041334059295
2.0308028544956596
2.029154012551304
2.067789217931135
1.9908850185480016
2.0276267034408857
2.1052633204627664
2.0262215456896855
2.0648567847713566
2.1025766453902888
2.1038582375993418
2.1014199845179125
2.1407878087667376
2.1432259045228452
1.9879525205468056
2.024939797139318
2.0237829656154824
2.0624183701025216
1.9855137711954174
2.0227518992642395
2.1003889801859117
2.1816783455217506
2.1805218426384587
2.220622086475915
2.1794908850305124
2.2600576147002966
1.9582933040125
1.9564013030817193
1.9188646831442662
1.9546310287653879
1.8835862536022727
1.8816942731510466
1.9529822354048747
1.844890073204966
1.879924043145142
1.8782753016528948
1.9154456631435237
1.8414711508476178
1.8767480215047738
1.951454937275277
1.810344045750127
1.8084520832842275
1.7723803034008163
1.806681897006531
1.7385666804957958
1.7366747335633823
1.8050332106307376
1.9500497094052318
1.9125131123552275
1.948767801969602
1.8753427294766523
1.9476107869883934
2.2591509389879754
2.2186845544807836
2.258365406607716
2.178584375207693
2.2576968901958905
2.138850401010428
2.1777991846287383
2.177131025339169
2.217230850338182
2.137397415215637
2.1765764921287483
2.2571422162870127
2.0994826315915436
2.0604810666715547
2.0986977959363413
2.0218457059513018
2.0980300199692046
2.25670131404935
2.216235228200122
2.2563781819116646
2.176135361820415
2.2561797021356877
2.2333417200177026
2.1953776592114216
2.1932118045018525
2.1579019798218795
2.153484940727469
2.1209146633729254
2.118504534618123
2.0795100955158032
2.1162533343141696
2.043255205516237
2.0408731809617757
2.114115595950465
2.0844156620317142
2.048404941586451
2.0457506356554065
2.012882490658484
2.0074886232131397
2.075114513293293
2.0386153364008024
2.036479157393858
2.0026045283271445
1.9982101267259598
1.9778483118683172
1.9749498804591155
1.9374202892304204
1.9722103206237185
1.903118531772162
1.900248219752724
1.9695841331280164
1.863444412398104
1.8975020231632524
1.8948774038417289
1.9320479051350623
1.8580732277757255
1.8923749653378503
1.9670820649412488
1.829875076267018
1.8270063317288632
1.7909345762784277
1.8242597663576725
1.7580976615490522
1.7552290047544794
1.82163523563823
1.964701602665611
1.9271650024354923
1.9624433798448035
1.8899945863494234
1.9603072800407544
1.9433024110852366
1.9092447919493911
1.9061022230446834
1.8756754553195245
1.8693050531924316
1.8425944007021897
1.8392076896592717
1.8031429418006866
1.835979856348843
1.7707943090824112
1.7674357159549565
1.8328654053152005
1.8100016274962258
1.777897135436561
1.7742662836600331
1.746280924518329
1.7389339577085803
1.7967940195616028
1.7642012447719155
1.761088360532851
1.7320967522289594
1.725749026755493
1.9227706507118385
1.8877363346612506
1.8856002308894322
1.8531903877576874
1.8487960224558253
1.8191327764477854
1.8167523987819876
1.7806806212760313
1.814494137938841
1.7473554352243772
1.7449750547952003
1.812358024995843
1.785563460780483
1.7524824198349331
1.749857895324746
1.7198896505132557
1.7145185411264205
1.7762862386365361
1.7427167862214548
1.740580663376588
1.7096356994365784
1.7052412992444097
2.215713076839924
2.175811694768848
2.1756126548947625
2.1364017153423385
2.1358784360023026
2.0974756493039717
2.09703428922621
2.058033083963285
2.0967100580533433
2.0198396906754565
2.0193981000782957
2.0965104198479407
2.059028839593839
2.0210612383231643
2.0203938740725107
1.9835765491203494
1.9821251233759836
2.0575086060991685
2.019073273210389
2.0188729944042185
1.9811293381323503
1.9806035843905985
1.9465796416181294
1.9456735958547164
1.9081368458169878
1.944889509232544
1.8718722067167608
1.870966298656043
1.944222587460941
1.8341619540069805
1.8701826056865571
1.8695161597191996
1.906686266267966
1.8327122677156744
1.86896243882771
1.9436686193749353
1.7986295941812775
1.797723811491124
1.7616518707161788
1.7969405242115832
1.726851803842434
1.7259461312765692
1.796274590134269
1.9432267987261058
1.9056904825032865
1.9429013419741108
1.8685203901545764
1.9427003756634782
1.9100740131578826
1.8740606614009574
1.8729034498840653
1.838538560846892
1.8360990973655467
1.8035059557287787
1.8021006065378975
1.7660288666154846
1.8008183770990471
1.7317287394131893
1.7303233411380365
1.799660955820697
1.76896148090266
1.7349045899262785
1.7332559615593919
1.7013353737862382
1.6979166524932414
1.7635890254891682
1.729040950861786
1.7278833066334471
1.694984030155174
1.6925437995404766
1.9051633678039213
1.8681942664352587
1.8679925603669414
1.831716522421945
1.831187952879366
1.7957211527782402
1.7952788801034578
1.7592074640586386
1.7949520491280595
1.7239447653146391
1.7235022752144493
1.794749544837476
1.7602031268242175
1.725163260750894
1.7244978776031155
1.6906065927540017
1.6891588422523318
1.7586773357044034
1.7231746931426608
1.7229713249072487
1.6881633145719857
1.6876315118338885
1.7151529948106825
1.711278002524831
1.6766780984337255
1.7075618874883158
1.6462825906035565
1.6424357163348207
1.703959153749369
1.6085615963548716
1.6387129635430302
1.6351117967856772
1.669352611908415
1.6012373069078962
1.6316328145638792
1.7004805414218673
1.5788985104000541
1.5750532030940434
1.5419111350790748
1.571330080398814
1.5129804710004389
1.5091352510170166
1.5677290009820672
1.69712351522525
1.6625166034700456
1.6938886740209014
1.6282758756701428
1.690775876936998
1.4767255842626466
1.5054121077119507
1.5018110331765242
1.5345869123629363
1.469401365281637
1.4983320292294913
1.564249998164064
1.4949750954595764
1.5277509743650035
1.5576582009759818
1.5608930641254715
1.554545408699838
1.5880537096037193
1.5944013651800308
1.4625654275125233
1.4917402321768933
1.4886274397614931
1.5214033187605356
1.4562177717085802
1.4856367185028914
1.5515546875948032
1.6250410137532867
1.621928221368424
1.6561689444325336
1.6189375004554396
1.687785157272856
1.4485273420608804
1.44468212694201
1.4130048809139293
1.4409589824909168
1.3855390605894944
1.3816938457396306
1.437357908239497
1.3507490215227218
1.3779707012257099
1.3743696269998793
1.4056806621537166
1.3434248027838023
1.3708906230258466
1.4338789042488669
1.32401562307585
1.3201704082387713
1.28995800589357
1.3164472637211322
1.2639570293242741
1.2601118144857661
1.3128461895041705
1.4305219704991443
1.3988447244249684
1.4272871071584325
1.3675336892883894
1.4241743146004868
1.6849165056820872
1.6503095721213887
1.6821699206014982
1.6160688493938986
1.6795453977434507
1.5821943376047551
1.6133222651496588
1.610697743699181
1.644938465276701
1.5768232330144403
1.608195284820932
1.6770429380996612
1.5486860367310733
1.5155439467801943
1.545939453289587
1.4827680677523114
1.5433149332192007
1.6746625551684278
1.6400556219888855
1.6724042793496514
1.6058148998882769
1.670268146260459
1.2306318340156932
1.2563886699667117
1.2527875957553716
1.2826337871613656
1.2233076152862785
1.2493085918173588
1.3093671855489917
1.2459516581162462
1.2757978495036348
1.302775388420963
1.3060102518279773
1.2996625956190155
1.3302412089468874
1.336588865089495
1.2164716776656117
1.2427167946961437
1.2396040017975642
1.2694501932359636
1.2101240213036015
1.236613279835035
1.2966718738366336
1.364298825907479
1.361186033219703
1.3924970684375595
1.3581953116184047
1.4211835931756058
1.233744628948202
1.2635908205359887
1.2910566418427718
1.2938032230588692
1.2884321267563394
1.3190107394679145
1.3243818365154096
1.3474531090162074
1.3499555630638276
1.3812665975440095
1.3525800792832916
1.4104413874632593
1.4129438429085521
1.3553266609041785
1.3450727208243682
1.376383754627696
1.4058027002145508
1.4080609994346438
1.4036665259813503
1.435709989137127
1.4401044552546036
1.3866376962237283
1.4155683603459752
1.418314942472592
1.444987299157726
1.450358399649295
1.2042646482969328
1.2309980480372964
1.2283735339870496
1.2582197249292886
1.1988935539299783
1.225871082916723
1.28592967417678
1.2234906954718894
1.2533368853473368
1.2812909790920586
1.2835492861926463
1.2791547862075405
1.309733404219294
1.3141278980155793
1.1940107165590232
1.221232385391155
1.2190961840373604
1.2489423794816061
1.1896161998691537
1.2170821266064897
1.2771407406145783
1.3428144173384027
1.3406782335191254
1.3719892741071873
1.338664199503134
1.4016525030525613
1.4800214850185376
1.4773969662920243
1.5101728443121871
1.4748945095518873
1.5408124753223393
1.4725141220971985
1.5052899999721647
1.5361738001539726
1.5384320888892606
1.5340376462141294
1.5675459544051873
1.57194038885815
1.4702558277981792
1.4681196635676677
1.5008955492637974
1.466105650994498
1.5320236430276848
1.6035566173289508
1.60142047382159
1.6356612044462309
1.5994064788341174
1.6682541580936179
1.2053632793237847
1.2015180644832744
1.1727705058885203
1.197794919962242
1.148234373073561
1.1443891582313581
1.1941938457541497
1.1163740215115237
1.1406660137079352
1.1370649395010073
1.1654462871590523
1.1090498027798334
1.133585935589326
1.1907148418307965
1.092570310571357
1.088725095727896
1.0614423808757487
1.0850019512019893
1.0383710917793643
1.0345258769351098
1.0814008769945054
1.187357908151541
1.1586103495738458
1.184123044730086
1.1302290019323133
1.1810102517538166
1.007975583821409
1.0308027324069156
1.0272016581976167
1.0541181621403912
1.0006513650817048
1.0237226542994944
1.0779218730912414
1.0203657206821801
1.04728222461388
1.0713300760592188
1.0745649394553345
1.068217282987046
1.095866208765628
1.1022138652265476
0.9938154275756708
1.017130857308207
1.0140180642171561
1.0409345681444013
0.9874677711201472
1.011027341653946
1.0652265605454447
1.126994138519552
1.12388134548538
1.1522626931478825
1.1208906231877607
1.1780195296176825
0.9856367160210897
0.981791501176478
0.9559736274831339
0.9780683566464272
0.9343671711591861
0.9305219563145728
0.9744672824345757
0.9054364604464855
0.9267988117832497
0.9231977375686486
0.9486494087391351
0.8981122416988727
0.9197187336721939
0.9709882785385595
0.8845622393992869
0.8807170245549092
0.8563631601197852
0.8769938800229435
0.8362180125810401
0.8323727977369888
0.8733928058058937
0.9676313449362135
0.9418134712467043
0.9643964815871664
0.9163618000804414
0.9612836884945589
1.175150878583616
1.1464033198096737
1.1724042978803544
1.118021971976493
1.1697797847584983
1.0900068350852599
1.115275391386294
1.1126508790742506
1.1410322264730874
1.0846357425624098
1.110148431040701
1.1672773352120118
1.062357909136297
1.0350751941263074
1.0596113285690545
1.008158690036694
1.0569868169372847
1.1648969486018763
1.1361493915939298
1.1626386361518115
1.1077680455288355
1.1605024269702313
1.6663622240874922
1.6317552844898748
1.6645921215268906
1.5975145550205212
1.6629435535930461
1.5636400357111684
1.595744491485123
1.5940959858328716
1.628336664744971
1.560221516739126
1.5925688521904258
1.6614163718605717
1.5301317265981957
1.4969896277225665
1.52836169955202
1.4642137391297187
1.5267132573455657
1.6600109337061608
1.6254040518185153
1.6587283846073362
1.5911633845059336
1.6575705045232292
1.431804060869331
1.4624437455754573
1.4607953671901286
1.4935712075345289
1.428385736199684
1.4592683519655503
1.5251861793225032
1.4578628606836337
1.490638669906624
1.5224978401745433
1.52378069357997
1.5213394524825476
1.554847895484375
1.557288931766383
1.425453265823072
1.4565798661549372
1.4554212092576408
1.4881972235722905
1.4230114100790452
1.4543888732422694
1.5203073691856894
1.5898806803522954
1.5887225521091963
1.6229634219226718
1.5876906905966284
1.656538835815501
1.3997605929949963
1.368083335563755
1.397990629523675
1.3367722886354847
1.3963423144553535
1.3058274522721587
1.3350023515070943
1.3333540983091323
1.3646651018559857
1.3024093037332747
1.3318272275740775
1.3948153686162326
1.2752488265369164
1.2450364114930095
1.2734789117946943
1.215190207202569
1.271830718060158
1.3934098852091
1.3617327186952584
1.3921267602905711
1.3304217661017623
1.3909678266138186
1.6556332547182153
1.6210261167284532
1.654850810561273
1.586785178334785
1.654186020511648
1.5529104390803599
1.586003168091651
1.5853390165755705
1.6195794120734757
1.5514648335930756
1.5847867043337334
1.6536332808895526
1.5194018985041675
1.4862595561446277
1.5186203268410834
1.4534834115441069
1.5179568626291644
1.6531905832138856
1.6185840823130393
1.6528622022721247
1.584343813141781
1.6526578958293352
1.6845133463572495
1.6543619791657522
1.6502428462455603
1.624698893229645
1.616375364029499
1.595524088543597
1.5911608149938794
1.5580257546537535
1.586956418714888
1.5295833718422516
1.5252482163069145
1.5828654038069487
1.5668375651064008
1.538639322918665
1.534031908745154
1.5109293619809328
1.5016292702798435
1.5497237057034725
1.5210371822651303
1.5169477343193374
1.4928389400790545
1.4845380881812271
1.4837076822933097
1.478856127494732
1.4471859109044223
1.4741634499671095
1.420696653091818
1.4158732163073924
1.4695841538077974
1.3849287838293565
1.4111739010170115
1.4065961718209192
1.4379072994547422
1.375651369433025
1.4021406272456582
1.4651289791422841
1.3591719478917654
1.3543500780705564
1.3241376975576866
1.3496503928703136
1.2991132834951054
1.2942915009977614
1.3450727509980718
1.460795390570413
1.4291181663076844
1.4565839866188441
1.397807125997879
1.4524946259961444
1.4569742838557256
1.4307291666680966
1.4256334712445509
1.4049723307303912
1.3946956765292464
1.37970377604274
1.374363939994258
1.3441585671540208
1.369182981216663
1.3196224343412828
1.314310716307018
1.3641154038072212
1.3549235026055952
1.3306315104193631
1.3250475337439551
1.3068277994826398
1.2955745827785998
1.3339033932041908
1.3091231197666113
1.304057109320397
1.284831127578999
1.274577150682529
1.4208173811188338
1.393595701432099
1.389506345675295
1.3668623029957487
1.3585615215243179
1.340617185808497
1.3362836894273018
1.3060712871513374
1.3320722637129432
1.280558591838906
1.276225095729055
1.3279829082270869
1.3148603498708118
1.289591795183131
1.2850141581772578
1.264811521745527
1.2555341777762032
1.2977705058871816
1.2720136699509221
1.267924314480139
1.2467451152640394
1.2384443340117188
1.2835123697899529
1.277684252497398
1.2489437234057679
1.2720150124665626
1.2263607155945193
1.2205607163079342
1.266459153806657
1.1925459713292215
1.214884838516186
1.2093305468197435
1.2377119869536228
1.1813154319314711
1.2038984397445982
1.2610274166413205
1.1706953853909585
1.1648969530681859
1.1376142600469268
1.1592207053670158
1.1164960959513361
1.1106977509526788
1.1536665009946816
1.2557172655702153
1.2269697288073353
1.2505292991199486
1.198588375997315
1.245463375997601
1.0841474590554525
1.105021482637593
1.0994672831317147
1.1263837873594078
1.0729169900858455
1.0940351542933382
1.1482343733051317
1.088725095683595
1.1156415996401194
1.13773632621076
1.1429243144242138
1.1326704082260037
1.1603193340252373
1.1705732404946407
1.0621748025736824
1.0835371074061197
1.0784711894364785
1.1053876933778892
1.0519208963229985
1.0735273417804425
1.1277265605735352
1.1934003889326665
1.1883344706767134
1.2167158186203448
1.183390623088263
1.2405195295579459
1.063761716255158
1.0579633761230967
1.0321455024973623
1.0522871066595116
1.0124921711729202
1.0066938313125453
1.0467329074248375
0.981608335447974
1.001017561785051
0.9954633625654847
1.0209150337351307
0.9703778666973819
0.9900312336594683
1.041300778522412
0.9626872394002073
0.9568888995552765
0.9325350351201265
0.95121263002427
0.9143430125810219
0.9085446727371045
0.9456584308055265
1.035990719927772
1.0101728462344814
1.0308027316467296
0.9847211750656665
1.025736813677931
1.235697751926994
1.2069501934009408
1.230998044963551
1.1785688457285066
1.2264204082288463
1.150553709013012
1.1738691387010354
1.1692915019814212
1.197672849638756
1.1412763652623479
1.1648359355754616
1.2219648418264724
1.1229047832288934
1.095622068377212
1.1182050761978513
1.0687055644366446
1.1136274394790626
1.2176313457318373
1.1888837871382059
1.2134199199503746
1.1605024394817258
1.2093305644805485
1.260685221335629
1.2383463541352095
1.2322740962328078
1.2164957682561708
1.2042659890254495
1.1951334637757336
1.1888170649483403
1.1615413795961782
1.1826595436889673
1.1409114968054763
1.1346232162339636
1.1766154038027286
1.1742594405004079
1.1538736974685095
1.1473131592444072
1.1339762332493237
1.1207698953378968
1.1493330806924607
1.128459057206996
1.1224164842764455
1.1080733148572661
1.0958662129939514
1.1145670500252445
1.1077623753896337
1.0819515330724525
1.1011165747447258
1.0632747641940359
1.0564982012407738
1.0945841531829559
1.0314130982638385
1.0498457622227089
1.0433149074707426
1.0687666712751434
1.0182294334267423
1.0369062378184386
1.088175853344807
1.0134685618580859
1.0066935702530824
0.9823397265806268
1.0000407593579324
0.9651242639490852
0.9583493598132982
0.993509992390162
1.0818891397371395
1.0560712878887863
1.0757246108123109
1.0306196115653428
1.0696821251950817
1.0956461651627487
1.0772136232621787
1.070164692726629
1.059269444914941
1.0450862444432052
1.0418132487699316
1.0345200838582267
1.0101730460892595
1.027385857988576
0.9934453620794836
0.9861811903691029
1.0203651472397621
1.0248427760218624
1.008349868636519
1.0008250212375769
0.9960116601459155
0.9790403139608479
0.972021218683043
1.0438642527187754
1.0244550620159893
1.0184125812624543
1.005534116917683
0.9933270854616658
0.9871013021043644
0.9808146807449518
0.9564608163756358
0.9746501300374586
0.9387570750703158
0.9324704539811417
0.9686076495538392
0.9691561290819029
0.9516965284503263
0.945165766447392
0.9442537851217786
0.926305903207395
0.9202634227378605
1.1805830058869242
1.1562910137002684
1.1522016582307026
1.1324873027624554
1.1241865215116298
1.1091718730728788
1.1048383769792092
1.0775556621272973
1.1006269511978926
1.0549726542804319
1.050639158186756
1.0965375957285843
1.0863447246271765
1.064005857405403
1.0594282206866517
1.0421552713229658
1.0328779275729603
1.0692548808768527
1.046427732405533
1.04233837693647
1.0240888650730429
1.0157880838228883
1.0207929660216961
1.0159711886779457
0.9901533149844451
1.0112714816466948
0.9695234211594275
0.9647016438156795
1.0066938449279421
0.9396161479473573
0.9600019367844297
0.955424300065677
0.980875971234443
0.9303388041973564
0.9509687336594266
1.0022382785217023
0.9197184893992922
0.9148967120555433
0.8905428476201929
0.9101970050242946
0.8713742625809517
0.8665524852372022
0.9056193683055436
0.9979047824280032
0.9720869087344842
0.9936933566468193
0.9466352375657008
0.9896040011779527
0.9999189399844426
0.9795331867844259
0.9744672688156746
0.9596356791973565
0.9493817729473539
0.9402263018992969
0.9349162433055402
0.9105623788701915
0.9297282550242898
0.8918820750809553
0.8865720164872013
0.9246623370555407
0.9213045663701924
0.9028684032059203
0.8973142039872031
0.9003084726201911
0.8813840282059506
0.876318110237201
0.9637861274845088
0.9424238117845145
0.938334456315773
0.9215497416973664
0.9132489604474612
0.9011638018992898
0.8968303058055442
0.8724764413701891
0.8926188800243322
0.8528195750809513
0.8484860789871966
0.8885295245556404
0.8812655038701939
0.8618527782059531
0.8572751414872033
0.8641756601202708
0.8442746532059551
0.8401852977372535
1.6180504761921686
1.5840145812072595
1.5838092521695732
1.550469777082789
1.549934222952806
1.5174050408552802
1.516961975640902
1.4838204104571089
1.5166318357969026
1.4514882960133795
1.4510450833240363
1.5164253876716063
1.4848151031043235
1.4527022791946984
1.4520395543435196
1.4210734642547354
1.4196302155618543
1.4832827453880313
1.4507139734009944
1.4505062950895256
1.4186359962036994
1.4180960356811143
1.3899352052829395
1.389029713845307
1.3573521599104739
1.3882490162380545
1.3269463689273269
1.3260408020817742
1.3875870858474357
1.2950956400414089
1.32526052755414
1.324599449214929
1.355910164141469
1.2936549396411512
1.324049585749357
1.387036475649837
1.2654223692008557
1.2645166735393076
1.2343039024142448
1.2637368010149248
1.2053632128974168
1.2044573266199667
1.2630766337635269
1.3865931512477807
1.3549165508208625
1.3862610033765956
1.323606197527142
1.3860519659765793
1.3592904594761106
1.329138524369574
1.3279793093156842
1.2994770272130456
1.2970343768160988
1.2703039269810557
1.2688985017752465
1.2386861894946741
1.267615159795393
1.210245464896421
1.2088400900366885
1.266455662691102
1.241618341237321
1.2134203108193296
1.2117721732302953
1.185710213725359
1.1822922140251624
1.236243167679194
1.2075566673479783
1.2063968925357251
1.1793602030257595
1.1769168380217865
1.3543740846884536
1.3232729377553891
1.3230623904166392
1.292662094241261
1.2921168816353803
1.2625276321813543
1.2620842441440505
1.231872650764211
1.2617497922027185
1.2024706202466273
1.2020273180272794
1.261537556678257
1.2328645296572711
1.2036778225937612
1.203018625083974
1.1749769462575559
1.1735389174372393
1.2313244137207153
1.2016915873933494
1.2014774507594081
1.1725482503137505
1.1719966655871805
1.1584883576373315
1.1565964311171286
1.1278488594284217
1.1548265491638996
1.1013594337997068
1.0994674987031412
1.1531784636304931
1.0714523489773087
1.0976976275193775
1.0960495894273627
1.1244309220788393
1.0680344657571452
1.0945230488753248
1.1516518394199595
1.045695355127339
1.0438034102777283
1.0165206826191486
1.042033546604766
0.9914961215879926
0.9896041659933412
1.040385551170347
1.1502465280470635
1.1214990646501892
1.1489630468706422
1.0931178123556455
1.1478030048889853
0.9630538603214811
0.9878343070181604
0.9861863497070475
1.0131028457831244
0.9596360629899214
0.9846599684652808
1.0388590920540968
0.9832549042652172
1.0101713170954287
1.0361704141331274
1.037453939074891
1.0350098995178185
1.0626588406718076
1.065102770664948
0.9567047001362674
0.981971393213527
0.9808106891575008
1.0077271823647105
0.9542604194192602
0.9797752420802446
1.0339749076547737
1.0918342968808687
1.0906740055960815
1.1190553938589458
1.0896394690726559
1.1467689089930626
0.9387617325229133
0.9368697652479485
0.9110518792587436
0.9350999085022094
0.8874921758701002
0.8856001959351911
0.9334519853941079
0.8605146880693715
0.883830339034302
0.8821824469224566
0.9076341154964129
0.8570969524458532
0.8806562098623634
0.9319256779594685
0.8376872339853444
0.8357952403582514
0.8114413642645771
0.834025380663965
0.789342998749905
0.7874509900573168
0.8323775166751195
0.9305207041045784
0.9047029145663117
0.9292372259293686
0.8792513252034172
0.9280763719453065
1.1458627616155685
1.117114773219957
1.1450835762551281
1.088732981896317
1.1444254036771677
1.0607173888477162
1.0879540440386377
1.0872969429925583
1.1156780802505817
1.0592819870026626
1.086751434436625
1.1438785539008098
1.0330679957519457
1.0057848048816966
1.0322892065930263
0.978867819246183
1.0316332064856084
1.1434354525290669
1.1146889301896779
1.143098351004616
1.0863086895320606
1.1428820557616555
1.131754865333312
1.1055097312971696
1.1033735149508854
1.0797529104001873
1.0753583758158585
1.0544843703790816
1.052103986200477
1.0248212729183686
1.0498456707591288
1.0002851531668515
0.9979047705268087
1.0477094479213749
1.02970410219528
1.0054121094092414
1.0027875983176928
0.9816083967842653
0.9762373052216453
1.0204267312585102
0.9956464544431509
0.9935102258048907
0.9713544789335524
0.9669599314753624
0.9582929658361082
0.955424314011994
0.9296064402037829
0.9526777332511912
0.9070234209518242
0.9041547689337488
0.9500532225510574
0.8790692729783163
0.9014081879804511
0.898783677518575
0.924235348791296
0.8736981815120599
0.8962812348362359
0.9475507787048623
0.8572184892017793
0.8543498370140441
0.8299959725210975
0.8516032558265789
0.8088742624192582
0.8060056100948634
0.8489787454516053
0.9451703977720871
0.9193525255162627
0.9429120816167968
0.8939008557298121
0.9407758479126613
0.9354658148226087
0.913126936756375
0.9100141436767417
0.8912763042133134
0.8849286478319538
0.8699138019072328
0.8665568683214688
0.8422030038850399
0.8633220050196602
0.8215695750843611
0.8182126415000959
0.8602092119636003
0.8490389413697423
0.8286496532050045
0.8250485789862503
0.8358553475509869
0.8149777782157157
0.811864985189634
0.9149579736013411
0.8916425400736248
0.8895063021161824
0.8688153611787572
0.864420806233282
0.8464763037547087
0.844095926529955
0.8197420632576013
0.8418376119261934
0.7981320773013971
0.7957517019731108
0.8397013706276606
0.8246248808206846
0.8032590286480914
0.8006345182149031
0.8153475067807225
0.7934933889736726
0.7913571453148187
1.114133618563629
1.0859701206058316
1.0857513509377528
1.0582947376566811
1.057735249399804
1.0310892582241693
1.030647082728728
1.0033657342766085
1.0303069477548643
0.9768920125860383
0.9764507036657072
1.0300853098758727
1.0043505945394853
0.978089044763885
0.9774341428615279
0.9523170427285021
0.9508838413095289
1.0028015273929034
0.9761089033516845
0.9758838954220642
0.9499020048879152
0.9493324043547235
0.9270404906215763
0.9261324800905409
0.9003141362948743
0.9253535435089892
0.8757706571478294
0.8748620128487679
0.9246996771586575
0.8497760916100641
0.8740826941921067
0.8734296848904781
0.8988816335247161
0.8483437810262962
0.8728921315663447
0.92415966634934
0.8259655251983398
0.8250562659884846
0.8007020505750414
0.8242763369553472
0.7776211466377697
0.7767113530604068
0.8236237815348006
0.9237196558821068
0.897903680502371
0.9233760830161319
0.872454109923456
0.9231470376548032
0.902258543825587
0.8779678915310778
0.8768069266414757
0.8541659091195779
0.8517214906427049
0.8308513481592994
0.8294465515768941
0.8050927652286967
0.8281631659625383
0.7825071872345571
0.7811024848228671
0.8270021178012129
0.8080236509344985
0.7856811241889583
0.7840332855014782
0.8026483177932041
0.7798191509717761
0.778658023276793
0.8973277613345854
0.8721086085491627
0.871874492953399
0.8473709746596615
0.8467870044556364
0.8230889484620714
0.8226542421926029
0.7983034980710972
0.8223066262482452
0.7747452920247582
0.7743165319274641
0.8220646051575673
0.7992691764540366
0.7759306965231929
0.7752778790109125
0.7977051031943201
0.7739696853299718
0.7737016120331932
