0.0
0.0
0.0
1.0
0.0
0.0
0.0
0.0
0.0
0.0
0.0
0.0
0.0
0.0
0.0
0.0
0.0
0.0
0.0
0.0
0.0
0.0
0.0
0.0
0.0
0.0
0.0
0.0
0.0
0.0
0.0
0.0
0.0
0.0
0.0
0.0
0.0
0.0
0.0
0.0
0.0
0.0
0.0
0.0
0.0
0.0
0.0
0.0
0.0
0.0
0.0
0.0
0.0
0.0
0.0
0.0
0.0
0.0
0.0
0.0
0.0
0.0
0.0
0.0
0.0
0.0
0.0
0.0
0.0
0.0
0.0
0.0
0.0
0.0
0.0
0.0
0.0
0.0
0.0
0.0
0.0
0.0
0.0
0.0
0.0
0.0
0.0
0.0
0.0
0.0
0.0
0.0
0.0
0.0
0.0
0.0
0.0
0.0
0.0
0.0
0.0
0.0
0.0
0.0
0.0
0.0
0.0
0.0
0.0
0.0
0.0
0.0
0.0
0.0
0.0
0.0
0.0
0.0
0.0
0.0
0.0
0.0
0.0
0.0
0.0
0.0
0.0
0.0
0.0
0.0
0.0156249999999703
0.0312499999999407
0.0468749999999056
0.0624999999998706
0.0781249999998464
0.0937499999998222
0.109374999999798
0.124999999999774
0.140624999999728
0.156249999999682
0.171874999999637
0.187499999999591
0.203124999999545
0.2187499999995
0.234374999999454
0.249999999999408
0.265624999999362
0.281249999999316
0.29687499999927
0.312499999999224
0.328124999999178
0.343749999999132
0.359374999999086
0.37499999999904
0.390624999998994
0.406249999998948
0.421874999998902
0.437499999998856
0.45312499999881
0.468749999998764
0.484374999998718
0.499999999998672
0.515624999998713
0.531249999998755
0.546874999998796
0.562499999998838
0.578124999998879
0.593749999998921
0.609374999998962
0.624999999999004
0.640624999999045
0.656249999999087
0.671874999999128
0.68749999999917
0.703124999999211
0.718749999999253
0.734374999999294
0.749999999999336
0.765624999999377
0.781249999999419
0.79687499999946
0.812499999999502
0.828124999999543
0.843749999999585
0.859374999999627
0.874999999999668
0.890624999999709
0.906249999999751
0.921874999999792
0.937499999999834
0.953124999999876
0.968749999999917
0.984374999999959
0.984375000000014
0.968750000000016
0.953125000000024
0.937500000000032
0.921875000000042
0.90625000000004
0.890625000000033
0.875000000000025
0.859375000000083
0.843750000000129
0.828125000000193
0.812500000000258
0.796875000000287
0.781250000000338
0.765625000000375
0.750000000000413
0.734375000000471
0.718750000000536
0.703125000000619
0.687500000000704
0.67187500000077
0.656250000000837
0.640625000000903
0.625000000000951
0.609375000000979
0.593750000001007
0.578125000001051
0.562500000001097
0.546875000001129
0.531250000001162
0.515625000001243
0.50000000000133
0.484375000001289
0.468750000001247
0.453125000001206
0.437500000001164
0.421875000001123
0.406250000001081
0.390625000001039
0.375000000000998
0.359375000000956
0.343750000000915
0.328125000000873
0.312500000000832
0.29687500000079
0.281250000000748
0.265625000000707
0.250000000000665
0.234375000000624
0.218750000000582
0.203125000000541
0.187500000000499
0.171875000000457
0.156250000000416
0.140625000000374
0.125000000000333
0.109375000000291
0.0937500000002495
0.0781250000002078
0.0625000000001663
0.0468750000001248
0.0312500000000832
0.0156250000000415
0.25000332585243434
0.18750329189857784
0.06250332539785775
0.18750329189857728
0.5625033242420419
0.04687829189775311
0.015628319114595036
0.07812829189849421
0.12500329187657827
0.10937829189862067
0.2343782918931253
0.1406283263049057
0.07812829189866016
0.10937829189862022
0.04687829189791913
0.12500329187657788
0.23437829189312503
0.32812829189799475
0.5468782920291504
0.3750032919669338
0.7656283236895524
0.39062832481865567
0.5468782920303135
0.3281282918991574
0.3750032919669334
0.011722041567396344
0.003909550064789043
0.019534541867379632
0.031253290329079364
0.027347041866764933
0.05859703974042178
0.035159573702364395
0.03515954186676529
0.06250329189849968
0.10547204189851817
0.08203454188616341
0.12890954189851528
0.15625329189848575
0.09375328963315127
0.04297204186678606
0.05078454186680343
0.09375329189853573
0.058597041694322866
0.15234704189857756
0.13672203972583796
0.09765957607577555
0.17578454188030948
0.18750328988880927
0.2148470418983326
0.24609703995491708
0.19140957631061545
0.05078454186683688
0.058597041694322574
0.04297204186686096
0.09375329189861858
0.03515954186688974
0.1289095418986398
0.15234704189857706
0.027347041866889445
0.06250329189866557
0.08203454188628787
0.10547204189864262
0.05859703974054639
0.09375328963315091
0.15625329189848536
0.019534541867460217
0.011722041567435466
0.0312532903291623
0.1757845418803092
0.21484704189833237
0.1367220397258378
0.1875032898888092
0.24609703995491705
0.17578454186637998
0.29297204186623926
0.21875329189828685
0.4101595418659003
0.25390954189830606
0.5273470418681416
0.43750329189954007
0.4570345420004006
0.35547204189897785
0.558597040720151
0.4687532905600138
0.281253291898538
0.6445345420212039
0.7617220409870441
0.6562532908725018
0.8789095734085985
0.6601595739623949
0.3007845419302595
0.3867220403881195
0.31250329019813294
0.4726595745275013
0.3164095751209184
0.7617220409875479
0.6445345420223316
0.6562532908730834
0.5273470418700108
0.558597040720691
0.41015954186776915
0.4375032919007027
0.3554720418995178
0.4570345420009405
0.2539095418988463
0.28125329189853776
0.46875329056001364
0.29297204186745124
0.17578454186696957
0.21875329189886847
0.3867220403881195
0.3007845419302593
0.3125032901981329
0.002932975066259949
0.0009797917400302413
0.0048860942703349945
0.00781580485235461
0.00683921917052103
0.014651744861385756
0.008792376053467948
0.00879234417518598
0.015628291856092352
0.02637047941451165
0.02051110340935318
0.032229854399520794
0.03906579197354718
0.023440808056801765
0.010745469175168124
0.012698594175160801
0.023440791866772802
0.014651719175154992
0.03808922939834197
0.03418299566305047
0.024417384515847088
0.04394860245023065
0.04687830808096485
0.05371422953947773
0.06152674545097601
0.0478548872406546
0.01660484417515508
0.03125329186676527
0.049807979398401106
0.04394860439840158
0.05566735439840108
0.07031579189849414
0.054690791898383356
0.09277672939849912
0.08301110439851059
0.09375329189894438
0.07324547939851361
0.11621422939961147
0.10254235438012926
0.0634798543927935
0.10254235439849968
0.11719079189851411
0.14355797939854048
0.12988610439850973
0.1572298543985413
0.17187829189857973
0.14062829190030557
0.07031579209197397
0.08887047962192424
0.07519860214857646
0.10937829212827216
0.07812830782322226
0.018557969175160255
0.020511094175165445
0.03906579186677567
0.022464219175170635
0.06152672939841668
0.024417344175176228
0.04687829186679643
0.07324547939844783
0.0673861043984322
0.0791048543984458
0.10156579189855681
0.08594079189851489
0.026370469175391653
0.02832359426435476
0.054690791866128144
0.03027669043004386
0.08496422940112094
0.11230797939852558
0.12207360439855162
0.1406282918985463
0.13183922939857695
0.1709017293985775
0.09668299521426128
0.07910488831568405
0.11426110216521271
0.11719080762794482
0.13183922961386074
0.13965174506324946
0.11816738872814261
0.14941735437652842
0.1562532920829323
0.18262047953967728
0.16113610230291142
0.2041048543876713
0.21094079198773774
0.16406580751752142
0.1669954794007275
0.1845736043984167
0.19531579190070564
0.2021517293985844
0.22558922940074597
0.1904329949877766
0.16504238882748673
0.21582360247877108
0.21875330747097055
0.24121422945808743
0.2490267450240069
0.21972988876603106
0.028323594264360187
0.03027669043004352
0.026370469175405475
0.05469079186614485
0.024417344175201316
0.07910485439847081
0.08496422940112064
0.022464219175205975
0.046878291866850615
0.06738610439851953
0.07324547939850405
0.06152672939853519
0.08594079189863948
0.10156579189859812
0.02051109417521442
0.0185579691752217
0.03906579186687539
0.016604844175227562
0.055667354398556745
0.12207360439860318
0.1318392293985765
0.1123079793986294
0.14062829189860854
0.1025423543986553
0.15722985439861376
0.17090172939857723
0.014651719175227566
0.03125329186688969
0.04394860439855716
0.049807979398556704
0.03808922939849764
0.05469079189854924
0.07031579189866002
0.06347985439294904
0.07324547939866916
0.09375329189906884
0.08301110439866616
0.10254235438020162
0.11621422939968387
0.0927767293986547
0.053714229539633424
0.07031579209209846
0.07519860214864885
0.08887047962199661
0.06152674545104845
0.07812830782322178
0.1093782921282718
0.11719079189863854
0.129886104398582
0.14355797939861287
0.14062829190030518
0.17187829189857937
0.012698594175222313
0.010745469175218701
0.023440791866875314
0.008792344175225602
0.03222985439964346
0.0068392191705503
0.015628291856152207
0.02051110340941363
0.026370479414603222
0.014651744861414955
0.023440808056843024
0.0390657919736716
0.004886094270353351
0.0029329750662684456
0.007815804852374026
0.04394860245033434
0.034182995663102074
0.04687830808102683
0.1845736043984165
0.2021517293985841
0.16699547940072723
0.19531579190070536
0.1494173543765282
0.204104854387671
0.22558922940074574
0.13183922961386058
0.15625329208293204
0.1611361023029113
0.18262047953967697
0.139651745063249
0.16406580751752098
0.21094079198773752
0.11426110216521249
0.09668299521426094
0.11719080762794445
0.21582360247877103
0.24121422945808718
0.1904329949877762
0.21875330747097016
0.24902674502400649
0.09082359405467516
0.15137046919053943
0.11719079187458087
0.21191734417416713
0.14160485439835835
0.27246421917461083
0.23437829186639128
0.25488610439804416
0.19824547939819026
0.3115267293978936
0.27344079189814163
0.16406579189842996
0.33301109417442243
0.39355796917424346
0.3515657918660663
0.45410484417407826
0.3681673543977283
0.1845736043984375
0.2373079793982974
0.20312829189844256
0.29004235439815507
0.21972985439844728
0.5146517191738378
0.468753291865713
0.48144860439966075
0.4248079793976007
0.5380892293784263
0.492190791880851
0.3828157918979247
0.500979854515418
0.4482454793835742
0.4062532918866141
0.39551110439926657
0.41504235448418636
0.36621422938985576
0.3427767293981324
0.5537142289069721
0.5078157914662345
0.5126986031412593
0.4638704790278608
0.5615267453223443
0.5156283077833947
0.42187829159195434
0.30469079189831527
0.31738610439871917
0.26855797939847004
0.3281282918931427
0.23437829189859766
0.575198594176686
0.6357454691521929
0.585940791845053
0.6962923443394688
0.5947298545416124
0.7568392184683906
0.7031282912109761
0.7080111034462118
0.6513704787952953
0.7646517454759872
0.7109408079384452
0.6015657913501069
0.8173860933702083
0.8779329853268398
0.8203158079809633
0.9384798787710696
0.821292386056383
0.6064486032971854
0.6591829954001598
0.6093783078613928
0.7119173863250614
0.6103548866014314
0.2470736043983567
0.2919954793961508
0.2578157918987548
0.33691735444878246
0.26660485441194776
0.38183922915847124
0.3437532917275504
0.348636102795995
0.3076204792990658
0.3896517451699645
0.3515658076356312
0.27344079187266246
0.42676110297581304
0.4716829952446243
0.4296908077066074
0.5166048868840973
0.43066738717226405
0.2783236025929205
0.3154329951052003
0.28125330758201506
0.3525423874675333
0.282229887779465
0.8779329853270131
0.8173860933706417
0.8203158079812148
0.7568392184691733
0.7646517454762304
0.6962923443405731
0.7031282912117928
0.6513704787961418
0.7080111034467569
0.5947298545427597
0.6015657913509791
0.7109408079387354
0.6357454691537185
0.5751985941785942
0.5859407918465509
0.5146517191760909
0.5380892293799322
0.6591829954004396
0.6064486032977461
0.6093783078616621
0.553714228907813
0.5615267453226029
0.4541048441763311
0.468753291867582
0.42480797939910653
0.4814486044011669
0.36816735439923415
0.38281579189908715
0.4921907918820136
0.3427767293989732
0.3955111044001076
0.4062532918871542
0.4482454793844153
0.366214229390115
0.41504235448444526
0.5009798545162589
0.29004235439899617
0.3046907918988553
0.26855797939872905
0.3173861043989782
0.21972985439870651
0.23437829189859716
0.3281282918931423
0.5078157914667742
0.4638704790281194
0.5126986031415186
0.42187829159195356
0.5156283077833941
0.3935579691761578
0.3330110941759974
0.35156579186760745
0.27246421917584585
0.31152672939908166
0.2119173441750805
0.23437829186729192
0.19824547939877646
0.25488610439893117
0.14160485439864273
0.16406579189872028
0.27344079189901394
0.15137046919111474
0.09082359405494564
0.11719079187487513
0.2373079793988585
0.18457360439871734
0.20312829189871223
0.47168299524462376
0.42676110297581304
0.4296908077066069
0.3818392291584707
0.38965174516996387
0.33691735444878224
0.34375329172754987
0.30762047929906544
0.348636102795995
0.2666048544119475
0.273440791872662
0.3515658076356306
0.29199547939615067
0.24707360439835646
0.2578157918987546
0.31543299510519995
0.27832360259292044
0.2812533075820146
0.0007355943824388688
0.0002471202038255237
0.0012238130080912488
0.00195646638727779
0.0017120921173593524
0.003665450280504534
0.002200548058908714
0.0022003741323407353
0.003909529811921278
0.006595085550416003
0.005130254660775758
0.008059931925348367
0.00976891399444116
0.0058627098601059194
0.0026886553223815094
0.0031769365715629124
0.005862656695178078
0.0036652178224805005
0.009524775774820622
0.008548252712340818
0.006106824174712399
0.010989634604366163
0.011722078218086497
0.013431023583007315
0.015384185806014531
0.011966207455452772
0.004153499072337042
0.007815781675580693
0.012454463203858773
0.010989619443941272
0.013919306954021712
0.017581416864848154
0.013675167002207198
0.023196651266035595
0.020755245019335067
0.02344079211469261
0.018313838960823725
0.0290560264853707
0.0256380562197812
0.01587243188018528
0.025638057522757864
0.029300166887866512
0.03589196375834611
0.032473995066518324
0.03930993252408456
0.04297204188024248
0.035159542076242487
0.01758141460728764
0.022220086968951475
0.018802135952984265
0.02734704059932668
0.019534575157653153
0.004641780322346259
0.005130061572345244
0.009768906675159564
0.005618342822343541
0.015384150703777983
0.006106624072342148
0.011722031675163579
0.01831383820380606
0.01684899445381243
0.019778681953801322
0.02539391686677303
0.02148766686672722
0.006594905322340703
0.007083186572339259
0.013675156675157932
0.007571467822337757
0.021243525703797065
0.028079463771740566
0.030520870021719392
0.03515954189856187
0.03296227627174145
0.04272790127394037
0.02417324609241815
0.019778711399142848
0.028567761273962655
0.029300198502382288
0.032962275462804586
0.03491543231987557
0.02954433859008826
0.037356805740385135
0.0390657915431726
0.04565758883466672
0.04028651125853841
0.05102868045248948
0.052737667336894
0.04101894750072653
0.04175133889267332
0.046145870132191354
0.048831416940874804
0.05054040125459906
0.056399776226684184
0.04761074401511498
0.041263089906697914
0.05395838614264978
0.05469082184232826
0.060306027052054186
0.06225918096762556
0.054934965731130256
0.00805974907233785
0.015628281675155058
0.024173213203797138
0.022708369453797103
0.02563805695379713
0.033206416866765315
0.02930016686676528
0.04272790127173683
0.0402864950217368
0.04687829189840083
0.03784508877173673
0.056399776273489785
0.05298180752349273
0.03540368252173655
0.0451693075217368
0.052737666898401134
0.06323571377349038
0.059817745023490326
0.06665368252349033
0.0742220418984943
0.06640954189849352
0.04101891689840724
0.0495638387734927
0.04614587002339518
0.05859704189848361
0.05078454189934231
0.0856966512734959
0.08130212002349552
0.08789391689850026
0.07690758877349535
0.0993685262735087
0.09399743252351578
0.07251305752350462
0.09961266689837256
0.08862633877339877
0.08325524502369105
0.07812829189843096
0.08789391690015311
0.07788415127526171
0.06811852627346104
0.11108727627336198
0.10473962002425921
0.10937829189893833
0.09839196377472043
0.1208529012728114
0.1135286825029566
0.09204430750793649
0.06372399502341453
0.06836266690010318
0.05932946377476256
0.07251305751454695
0.05493493252061066
0.0900911825234958
0.09765954189849982
0.11011071377350626
0.10473962002350529
0.11548180752350616
0.12305016689851528
0.11133141689852073
0.1364779012735268
0.13013024502352577
0.1367220418985538
0.12378258877353596
0.15014977627357345
0.1428255575234989
0.1174349325235163
0.14282555752352694
0.15039391689854087
0.1647982137735574
0.1574739950235584
0.1721224325235582
0.17969079189857656
0.16406579189859388
0.12305016689837686
0.13550133877342557
0.12817712002497106
0.14844079189851417
0.13281579189636933
0.05859704188196077
0.06714196376244327
0.06177087019321882
0.07617516689586364
0.06445641675504427
0.08569665128183618
0.07934899523496769
0.08203454155399234
0.07300133852983572
0.09155602582963587
0.08423180525838864
0.06665368030766425
0.09570641691986637
0.10620446380942189
0.09888024525292187
0.11719079194998228
0.10156579135823769
0.06836266798346667
0.07690759013473537
0.06958338601033456
0.08594079350940334
0.07031582138031442
0.008548030322339131
0.009036311572340434
0.017581406675157646
0.009524592822341735
0.027102900703800996
0.010012874072343029
0.01953453167516285
0.030032588203808802
0.028567744453804916
0.0314974319538127
0.04101891686678086
0.03711266686677045
0.010501155322344326
0.010989436572345622
0.02148765667516804
0.011477717822346922
0.03296227570381659
0.04761071377174324
0.05005212002174979
0.05859704189840881
0.05249352627175627
0.07007165127349932
0.011965999072348254
0.023440781675173245
0.035891963203824435
0.03442711945382049
0.03735680695382934
0.0488314168668015
0.044925166866791245
0.062259151271782096
0.05981774502177572
0.07031579189844003
0.057376338771769245
0.0837435262735357
0.08032555752352666
0.054934932521762764
0.06470055752179421
0.0761751668984561
0.09057946377355344
0.08716149502354459
0.09399743252361731
0.10547204189856119
0.09765954189854609
0.06445641689842446
0.07690758877351753
0.07348962002350846
0.08984704189852533
0.08203454189850451
0.012454280322350412
0.012942561572373237
0.02539390667518781
0.013430842822928911
0.038821650703846154
0.013919124087897097
0.02734703167976379
0.041751338196882856
0.04028649445385757
0.043216181726261245
0.05664391688721214
0.05273766686673867
0.014407405772720067
0.014895701199703942
0.029300157575713814
0.015384089367677807
0.044681028080703206
0.06714196377198414
0.06958337002155154
0.08203454189819712
0.07202477626879142
0.09741540127311554
0.09448571377350737
0.09888024502351908
0.10742516689851259
0.1032747762735308
0.12085290127352033
0.1076693075235425
0.11719079189853857
0.13159508877354897
0.1262239950235346
0.13696618252356324
0.1464876668985619
0.13476891689853066
0.11206383877355408
0.11645837002356593
0.12695641689856457
0.1208529012735769
0.14233727627357773
0.14917321377354364
0.15552087002356052
0.1640657918985592
0.16186852627357762
0.1794466512735774
0.07886074307242402
0.0705599662556184
0.08716151089097701
0.08789394603800851
0.09546227811072969
0.09741543027251565
0.0881380915867849
0.10376305526962021
0.10547204394168144
0.11597009100485892
0.10669276079327417
0.1252474303178409
0.12695641930253132
0.1074251957724271
0.11206383814074414
0.12036462024840414
0.12305016617776554
0.12866540134104665
0.1345247754696144
0.11792324253499228
0.107669341788103
0.12817713571804296
0.1289095705580383
0.13843102883666614
0.14038417983983248
0.12915371689944266
0.13696618250107712
0.14062829198221444
0.15307946387312998
0.1438021202251898
0.1623568075029459
0.16601891701350224
0.1464876660164034
0.17944665140310084
0.16919274518760263
0.17187829087459483
0.15893883781810472
0.18530602518568745
0.17407555547010645
0.14868493038787844
0.18970055750857323
0.1933626670417496
0.20776696392931346
0.1965364951395891
0.21899743251740883
0.2226595420656468
0.19922204075115926
0.1503939196089628
0.16284509162088673
0.15161463566320155
0.17578454487370004
0.15234707037898107
0.14526696376963855
0.15356774502556075
0.1582064168926997
0.16186852627362347
0.1716341512656207
0.1701693075234506
0.17578454189877302
0.1901888387739596
0.1809114950257819
0.1994661825233876
0.20508141689917442
0.18555016688847153
0.17847008877359194
0.18677087002358211
0.1933626668985865
0.1950716512735759
0.20874352627358783
0.1999544637613212
0.21020837002549597
0.21484704188425097
0.2204622762743603
0.23022790125668385
0.16479824217435424
0.15259121694692476
0.17700526062583385
0.1777376952250292
0.18921227936849067
0.1911654295302469
0.1779818419482519
0.20141930555850773
0.20312829510619207
0.21753259208741801
0.20434901060299648
0.2307161806464117
0.2324251703078874
0.20508144508937354
0.21362633757080712
0.22583337008526205
0.22851891564493468
0.23804040145835503
0.24389977494790507
0.2194857419019256
0.20532559191578903
0.23364588559031135
0.2343783199710051
0.2478060297092496
0.2497591793818255
0.23462246688288596
0.014895701199705322
0.015384089367677468
0.014407405772722821
0.029300157575716388
0.013919124087901134
0.04321618172626525
0.044681028080702845
0.013430842822935038
0.027347031679773426
0.04028649445387427
0.04175133819689322
0.0388216507038691
0.052737666866763816
0.05664391688722051
0.012942561572382508
0.012454280322362512
0.025393906675207273
0.011965999072362808
0.03735680695386072
0.06958337002156195
0.07202477626879109
0.06714196377200501
0.0820345418982096
0.06470055752182557
0.09399743252363185
0.09741540127311517
0.011477717822364022
0.02344078167520349
0.03442711945386734
0.035891963203863564
0.03296227570387117
0.04492516686685577
0.048831416866845376
0.05493493252184595
0.05737633877183944
0.07031579189851173
0.059817745021832944
0.08032555752361376
0.08374352627360467
0.062259151271826435
0.05249352627185254
0.06445641689852737
0.07348962002363214
0.07690758877362287
0.07007165127364129
0.08203454189864992
0.08984704189862902
0.07617516689849671
0.08716149502359542
0.0905794637735862
0.0976595418986081
0.10547204189858178
0.010989436572366285
0.010501155322368363
0.02148765667521015
0.010012874072370306
0.03149743195387757
0.00952459282237223
0.01953453167521809
0.02856774445388839
0.03003258820388301
0.027102900703893887
0.03711266686688266
0.04101891686686821
0.009036311572373334
0.00854803032237492
0.017581406675224745
0.008059749072376587
0.0256380569538982
0.05005212002186152
0.047610713771870594
0.05859704189854609
0.04516930752187946
0.06665368252365364
0.11645837002358905
0.12085290127357645
0.11206383877360049
0.1269564168985903
0.10766930752361224
0.1369661825235915
0.1423372762735772
0.10327477627362411
0.11719079189861617
0.12622399502362014
0.13159508877360585
0.1208529012736347
0.1347689168986241
0.14648766689859288
0.09888024502363585
0.09448571377364763
0.10742516689864247
0.09009118252365914
0.11548180752364881
0.15552087002359427
0.16186852627357723
0.1491732137736112
0.16406579189859566
0.14282555752362797
0.17212243252359682
0.17944665127357734
0.007571467822376603
0.015628281675227493
0.022708369453898147
0.024173213203898092
0.02124352570389821
0.029300166866889677
0.03320641686688962
0.03540368252187913
0.037845088771879296
0.04687829189855641
0.04028649502187941
0.05298180752365603
0.05639977627365306
0.04272790127187932
0.03296227627188414
0.04101891689856282
0.046145870023558445
0.04956383877365598
0.042727901274103766
0.05078454189950822
0.058597041898649505
0.05273766689855659
0.0598177450236536
0.06323571377365347
0.06640954189865943
0.07422204189866
0.05493493252077397
0.05932946377492587
0.06836266690025872
0.06372399502357781
0.07251305751468955
0.0778841512754043
0.06811852627362433
0.08789391690027755
0.08325524502383361
0.08862633877354134
0.0781282918985865
0.09961266689849699
0.09399743252365836
0.07251305752366796
0.0920443075080376
0.09839196377482154
0.1093782918990107
0.1047396200243601
0.11352868250299525
0.12085290127285009
0.11108727627346293
0.07690758877365869
0.08789391689865586
0.08130212002365883
0.09936852627365134
0.08569665127365905
0.050540401254762515
0.05859704188211637
0.06177087019336147
0.06714196376258591
0.05639977622682691
0.06445641675516875
0.0761751668959881
0.06665368030776542
0.07300133852993683
0.0820345415540647
0.07934899523506883
0.08423180525842733
0.09155602582967454
0.08569665128193735
0.060306027052155514
0.06836266798353913
0.06958338601037314
0.07690759013477408
0.062259180967663905
0.07031582138031361
0.08594079350940304
0.09570641691993878
0.09888024525296055
0.10620446380946061
0.10156579135823729
0.11719079194998194
0.0976595418986552
0.10473962002364787
0.11011071377364867
0.1113314168986452
0.12305016689863948
0.11743493252361722
0.1237825887736369
0.1367220418986262
0.1301302450236267
0.14282555752353757
0.15014977627361215
0.13647790127362747
0.12305016689844925
0.12817712002500975
0.13550133877346426
0.13281579189636902
0.14844079189851378
0.15039391689861292
0.1574739950235971
0.16479821377359577
0.16406579189859355
0.1796907918985759
0.0070831865723752505
0.006594905322373951
0.013675156675224922
0.00610662407237266
0.019778681953894137
0.0056183428223713205
0.011722031675219624
0.016848994453888835
0.018313838203890667
0.015384150703846133
0.021487666866818723
0.02539391686688648
0.005130061572370288
0.004641780322368552
0.00976890667520464
0.0041534990723566135
0.013919306954081674
0.030520870021848293
0.028079463771855703
0.03515954189870094
0.025638057522859352
0.03930993252422871
0.003665217822497502
0.007815781675615145
0.010989619443985691
0.012454463203910974
0.009524775774857261
0.013675167002256673
0.01758141686491839
0.01587243188023492
0.018313838960886328
0.023440792114768613
0.020755245019410645
0.025638056219852746
0.0290560264854604
0.023196651266124135
0.013431023583043909
0.017581414607332445
0.018802135953019355
0.022220086969004765
0.015384185806031254
0.019534575157673442
0.027347040599388757
0.02930016688797365
0.03247399506662617
0.035891963758472124
0.03515954207634617
0.042972041880387654
0.0031769365715771693
0.002688655322393046
0.005862656695201871
0.002200374132349559
0.008059931925376806
0.0017120921173656748
0.003909529811934688
0.005130254660789462
0.006595085550437076
0.003665450280510761
0.005862709860115415
0.00976891399447041
0.0012238130080955345
0.0007355943824409648
0.0019564663872818746
0.010989634604390463
0.008548252712352707
0.011722078218100805
0.046145870132331374
0.04175133889278998
0.048831416941004444
0.03735680574047843
0.051028680452603586
0.032962275462874446
0.03906579154325042
0.0402865112585952
0.045657588834752336
0.03491543231990353
0.04101894750075706
0.05273766733698741
0.028567761274009083
0.024173246092440995
0.0293001985024077
0.053958386142716946
0.04761074401514809
0.05469082184236394
0.18677087002358184
0.19507165127357534
0.17847008877359172
0.19336266689858633
0.17016930752345044
0.19946618252338738
0.2087435262735876
0.1618685262736232
0.1757845418987728
0.18091149502578158
0.19018883877395942
0.17163415126562048
0.1855501668884713
0.20508141689917425
0.1535677450255605
0.14526696376963827
0.15820641689269943
0.13696618250107684
0.16235680750294568
0.21020837002549575
0.2204622762743601
0.19995446376132098
0.2148470418842507
0.18970055750857298
0.21899743251740855
0.23022790125668358
0.12866540134104643
0.14062829198221422
0.14380212022518957
0.15307946387312973
0.13452477546961417
0.14648766601640306
0.16601891701350197
0.1486849303878783
0.15893883781810442
0.17187829087459455
0.16919274518760236
0.17407555547010634
0.18530602518568717
0.17944665140310057
0.13843102883666594
0.15039391960896265
0.1516146356632011
0.16284509162088656
0.14038417983983198
0.1523470703789806
0.17578454487369988
0.19336266704174931
0.19653649513958882
0.2077669639293132
0.199222040751159
0.2226595420656466
0.12036462024840397
0.11206383814074389
0.12305016617776526
0.10376305526961999
0.12524743031784064
0.0954622781107295
0.10547204394168128
0.10669276079327379
0.11597009100485875
0.09741543027251506
0.10742519577242657
0.1269564193025311
0.08716151089097665
0.07886074307242337
0.0878939460380079
0.12817713571804257
0.11792324253499178
0.1289095705580378
0.22583337008526183
0.23804040145835476
0.21362633757080693
0.22851891564493443
0.20141930555850765
0.23071618064641164
0.24389977494790482
0.1892122793684905
0.20312829510619188
0.2043490106029961
0.21753259208741782
0.19116542953024646
0.20508144508937312
0.23242517030788729
0.17700526062583344
0.1647982421743538
0.17773769522502877
0.23364588559031096
0.24780602970924942
0.21948574190192516
0.23437831997100472
0.24975917938182512
0.04614558018422646
0.07690741471271276
0.060550159454288495
0.10766912531655543
0.0744661818431234
0.13843084239074926
0.12109703160514199
0.13403649446775234
0.10425133814107018
0.1638216507034346
0.14648766686586806
0.08789391685077505
0.1691925616079269
0.19995428032833323
0.181643906675025
0.23071599906976242
0.19360680695302446
0.10083337002656656
0.12964196377091441
0.11328454189784501
0.15845055752155113
0.12524743252354292
0.2614777178218982
0.24219078167476343
0.25317711945333965
0.2233919632035019
0.28296227570325405
0.263675166866315
0.20508141686653064
0.2736849325212978
0.24487633877137335
0.22656579189811915
0.2160677450214461
0.23657555752321063
0.20874352627328466
0.1872591512715651
0.30249352627122084
0.28320641689796866
0.2922396200230627
0.2644075887731365
0.32007165127298753
0.30078454189806814
0.24609704189821408
0.16992516689829018
0.18091149502335524
0.15307946377344156
0.19140954189835968
0.13672204189850728
0.292239436571722
0.3230011553215727
0.3027376566745064
0.353762874071494
0.31274743195317045
0.3845245928214038
0.36328453167433317
0.37231774445299437
0.3425325882030823
0.4021029007029042
0.38086266686597764
0.32226891686615244
0.41528631157131213
0.4460480303212196
0.423831406674152
0.47680974907114737
0.4318880569528287
0.33130212002113624
0.3601107137710492
0.3398470418978085
0.38891930752097026
0.3479036825229065
0.14770837002350506
0.1745638387734351
0.15820641689850767
0.20141930752336362
0.16821618252350878
0.22827477627329223
0.21094079189836745
0.21997399502337123
0.19409508877344012
0.24585290127330267
0.22851891689837528
0.17773766689851012
0.25513024502322096
0.2819857137731492
0.2636751668982273
0.30884118252307613
0.27173180752323167
0.18677087002351125
0.2116732137734453
0.19531579189851261
0.236575557523378
0.20337243252351395
0.5075714678211287
0.48437828167407326
0.49145836945261345
0.46167321320283444
0.5212435257029439
0.4980501668659228
0.4394564168659143
0.5041536825230686
0.47534508877091264
0.4531282918976036
0.4465364950208126
0.4592318075246534
0.43139977627272863
0.41772790127099024
0.5329622762699808
0.5097689168974107
0.5148958700046293
0.48706383877320364
0.5427279012684905
0.5195345418903793
0.4648470418988429
0.39648766689775183
0.40356774502280846
0.37573571377293147
0.4101595418977776
0.355472041898019
0.5236849326474484
0.49682946376246706
0.47461266688478054
0.4699739950071673
0.4787630576330658
0.4528841512573444
0.44311852627440584
0.4316439168801832
0.4270052450100608
0.40112633877529413
0.4218782918998911
0.3808626669006107
0.3752474325241213
0.41626305752440806
0.4357943076174351
0.41089196375332226
0.39062829187678805
0.3859896200132184
0.39477868260067644
0.37085290125060666
0.3610872762758378
0.3894075887728338
0.3691439168979016
0.3625521200230314
0.3493685262729803
0.335696651273098
0.5505404014536479
0.5273470420858448
0.5305208695613148
0.5046419639674853
0.5563997745133498
0.5332064151529208
0.4824251670985184
0.5354036813059748
0.510501337043477
0.48828454018508427
0.4855989946217454
0.4904818062259573
0.4665560245778168
0.4606966514788884
0.560306030948476
0.5371126715109349
0.5383333859278552
0.5144075933223533
0.562259178720117
0.5390658193887816
0.492190796382697
0.439456417108534
0.44263024468459333
0.41870446398738737
0.44531579022175893
0.398440792115374
0.3164095418981733
0.32348962002322723
0.29761071377324555
0.3300814168980689
0.2793001668983154
0.33618493252384174
0.3112825887731656
0.2929720418982683
0.2863802450233962
0.29907555752361603
0.2751497762733741
0.261477901273383
0.3418001669009737
0.34692712001650516
0.3230013387760182
0.3515657918748041
0.3046907919009738
0.24414391689844872
0.251223995023537
0.22729821377351295
0.25781579189847986
0.21094079189857573
0.5383331865709722
0.5690949053216481
0.5449251566743778
0.5998566240738314
0.5510286819552666
0.6306183428173242
0.6054720316710314
0.6105989944313941
0.5808138382005075
0.6403841507131767
0.6152376668723432
0.5566439168642656
0.6613800615495431
0.6921417803402381
0.6660189066884807
0.7229034992372594
0.6701693071133566
0.561770870000835
0.5905794637736395
0.5664095418967714
0.6193880576707271
0.5705599326605904
0.7536652179213417
0.7265657817929386
0.7297396187723791
0.6999544633318252
0.7595247738571528
0.7324251650284229
0.6738314170044275
0.734622431605934
0.7058138369423669
0.679690790078674
0.6770052443920413
0.6818880565345782
0.6540560244641107
0.6481966514186914
0.7634310314138943
0.7363314219851772
0.7375521360823519
0.7097200938040726
0.7653841783864582
0.7382845690517597
0.6835970468720486
0.6230501670542845
0.626223994447483
0.5983919639379067
0.6289095401002038
0.5742220420710129
0.7844269358498092
0.815188653522449
0.7871126548222498
0.845950373383221
0.7893099311099715
0.8767120981194111
0.8476595369791033
0.8488802605868264
0.8190950934539512
0.8786654276684551
0.8496126938631654
0.7910189220634523
0.9074738273163957
0.9382355558476213
0.9082064335674429
0.9689973383089463
0.9084505885856355
0.7922396361177971
0.8210482408054728
0.7929720689714606
0.8498568391160904
0.7932162142475688
0.5773958695032637
0.6042513369870759
0.5800814151247751
0.6311068064600442
0.582278681383898
0.6579622811891617
0.6328157967553896
0.6340365110058253
0.6081575935707046
0.6599154285500027
0.6347689442168967
0.5839876716350769
0.6848177610443735
0.7116732409674424
0.6855501941335207
0.73852871438207
0.6857943395185078
0.5852083859668893
0.6101107411342095
0.5859408193019482
0.6350130896567081
0.5861849647965482
0.21802087002359194
0.240970088773521
0.22461266689855752
0.26391930752342907
0.2307161825233236
0.2868685262757836
0.26953454190051906
0.2746614950225213
0.2526888387751913
0.2966341512497376
0.2793001668756283
0.23633141689981435
0.30981774501968
0.33276696374934456
0.31445641687431536
0.35571618258293314
0.3186068075645361
0.24145837002481357
0.2624544637519999
0.24609704187887108
0.283450557546032
0.25024743252808934
0.37866540149235084
0.35937829211829186
0.3625521198176942
0.3405794639930989
0.384524774661703
0.3652376653115521
0.3222689171166656
0.3674349309676832
0.3464388372132747
0.3281282903670788
0.32544274488801933
0.3303255558728788
0.3103060247732098
0.3044466514888773
0.3884310304168117
0.3691439209699324
0.3703646357774316
0.350345092771732
0.3903841790800987
0.37109706975131673
0.33203454582216063
0.2871126671096107
0.29028649496063663
0.27026696397872996
0.2929720404319526
0.25390954209597927
0.4016146197498909
0.42456383711694556
0.4043001652635508
0.44751305614330306
0.406497431057454
0.4704622806918711
0.4492220462499046
0.4504427608504882
0.4284700930567623
0.4724154288971497
0.4511751945674173
0.4082064211124098
0.4934115108889463
0.5163607413078146
0.4941439444772749
0.5393099649378963
0.4943880900806338
0.40942713581306556
0.4304232414880408
0.4101595696589635
0.45141934022470465
0.410403715370222
0.25708337003526405
0.27612633734365366
0.2597689155094125
0.2951693057715419
0.26196618066192756
0.3142122801211426
0.2968782956685326
0.2980990107173539
0.2800325924639121
0.3161654292630556
0.2988314449315894
0.26367517050361694
0.3332552607447841
0.35229824167242507
0.3339876948431407
0.3713412155176925
0.3342318406684771
0.26489588569846856
0.28198574184768244
0.26562832000563785
0.29907559082511764
0.2658724659722834
0.9382355558477189
0.9074738273165801
0.9082064335675294
0.8767120981196744
0.8786654276685402
0.8459503733836174
0.8476595369794061
0.8190950934542927
0.8488802605870396
0.7893099311104405
0.7910189220638301
0.8496126938632921
0.8151886535230414
0.784426935850579
0.7871126548228576
0.7536652179222689
0.7595247738577936
0.8210482408055975
0.7922396361180444
0.7929720689715829
0.7634310314142664
0.7653841783865788
0.7229034992383498
0.7265657817938822
0.6999544633327829
0.7297396187731788
0.6701693071144728
0.6738314170053996
0.7324251650290835
0.6481966514196762
0.6770052443928734
0.6796907900793698
0.7058138369430452
0.6540560244648222
0.6818880565351415
0.734622431606459
0.6193880576718658
0.6230501670552813
0.5983919639389148
0.6262239944483421
0.5705599326617464
0.5742220420720303
0.6289095401009306
0.7363314219855707
0.7097200938044881
0.7375521360826195
0.6835970468724837
0.7382845690519054
0.6921417803415539
0.6613800615510735
0.666018906689795
0.6306183428190579
0.6403841507145003
0.5998566240757595
0.6054720316727493
0.5808138382022079
0.6105989944329067
0.5510286819571553
0.5566439168659494
0.6152376668736562
0.5690949053237292
0.538333186573229
0.5449251566764582
0.5075714678235816
0.5212435257050021
0.5905794637749591
0.5617708700023374
0.5664095418980977
0.5329622762716659
0.5427279012698216
0.7116732409675857
0.6848177610446583
0.6855501941336613
0.6579622811895891
0.6599154285501407
0.6311068064606153
0.6328157967558093
0.6081575935711165
0.6340365110060996
0.5822786813844483
0.583987671635481
0.6347689442170319
0.6042513369877895
0.5773958695041204
0.5800814151254758
0.5505404014546473
0.5563997745140377
0.610110741134342
0.5852083859671533
0.5859408193020779
0.5603060309488725
0.5622591787202442
0.47680974907359996
0.48437828167632635
0.46167321320489296
0.4914583694546719
0.4318880569548871
0.43945641686778336
0.4980501668677917
0.4177279012726752
0.4465364950224974
0.4531282918991095
0.4753450887725975
0.4313997762740598
0.4592318075259847
0.5041536825247537
0.388919307522655
0.39648766689925774
0.3757357137742625
0.4035677450241396
0.34790368252423776
0.35547204189918136
0.4101595418989402
0.5097689168989168
0.48706383877453485
0.5148958700059603
0.4648470419000056
0.5195345418915418
0.335696651274097
0.36255212002403037
0.3691439168987425
0.38940758877383297
0.3493685262736682
0.3752474325248092
0.41626305752540715
0.3808626669011508
0.401126338775982
0.4270052450107489
0.421878291900732
0.4316439168807232
0.4528841512580324
0.44311852627540493
0.36108727627623527
0.38598962001361603
0.3906282918770472
0.41089196375371895
0.37085290125073345
0.3947786826008032
0.4357943076178316
0.4699739950081665
0.47461266688562154
0.49682946376346615
0.47876305763375365
0.5236849326484474
0.30884118252407533
0.31640954189901405
0.2976107137739332
0.323489620023915
0.2717318075239198
0.2793001668988552
0.33008141689860904
0.2614779012737802
0.28638024502379356
0.2929720418985275
0.3112825887735632
0.2751497762735009
0.29907555752374293
0.33618493252423903
0.23657555752377557
0.24414391689870757
0.22729821377363943
0.2512239950236637
0.2033724325236408
0.21094079189857495
0.2578157918984795
0.3418001669012328
0.3230013387761451
0.34692712001663195
0.30469079190097337
0.35156579187480375
0.5273470420866859
0.504641963968173
0.5305208695620025
0.48242516709905814
0.5332064151534608
0.46069665147928496
0.4855989946221415
0.4882845401853433
0.5105013370438733
0.46655602457794354
0.4904818062260845
0.5354036813063714
0.4394564171087929
0.41870446398751415
0.4426302446847199
0.3984407921153735
0.4453157902217584
0.5371126715111939
0.5144075933224801
0.5383333859279815
0.4921907963826967
0.5390658193887811
0.4460480303235
0.4152863115734208
0.4238314066762354
0.38452459282333995
0.4021029007047958
0.3537628740732578
0.36328453167607755
0.3425325882046405
0.3723177444547196
0.3127474319545609
0.3222689168675286
0.38086266686768266
0.3230011553231641
0.2922394365731402
0.3027376566759109
0.2614777178231443
0.28296227570447774
0.36011071377257287
0.3313021200224977
0.33984704189915504
0.302493526272421
0.32007165127416304
0.23071599907084517
0.24219078167583755
0.22339196320440902
0.253177119454405
0.19360680695377347
0.20508141686727577
0.26367516686737125
0.18725915127215303
0.21606774502218704
0.22656579189885562
0.24487633877226728
0.20874352627386858
0.23657555752394244
0.2736849325223447
0.1584505575219851
0.16992516689872497
0.1530794637737291
0.18091149502379056
0.12524743252368253
0.13672204189865234
0.1914095418987951
0.28320641689900605
0.26440758877401627
0.2922396200240903
0.24609704189894116
0.30078454189908566
0.19995428032924373
0.16919256160866597
0.18164390667576882
0.13843084239131712
0.16382165070401677
0.10766912531696765
0.12109703160556415
0.1042513381413531
0.13403649446818494
0.07446618184325635
0.0878939168509223
0.14648766686630948
0.07690741471299559
0.046145580184371884
0.0605501594544236
0.12964196377120368
0.10083337002671114
0.11328454189798706
0.28198571377400594
0.2551302450239351
0.26367516689892845
0.2282747762738636
0.2458529012738534
0.20141930752379134
0.21094079189878834
0.19409508877371487
0.2199739950237845
0.16821618252364595
0.17773766689864476
0.2285189168987808
0.17456383877372011
0.14770837002364745
0.1582064168986474
0.2116732137737099
0.18677087002364348
0.19531579189864234
0.5163607413078144
0.4934115108889457
0.4941439444772746
0.470462280691871
0.4724154288971496
0.44751305614330295
0.44922204624990447
0.4284700930567622
0.4504427608504876
0.40649743105745406
0.4082064211124097
0.45117519456741684
0.4245638371169451
0.40161461974989027
0.4043001652635504
0.3786654014923504
0.38452477466170265
0.43042324148804045
0.4094271358130651
0.41015956965896305
0.3884310304168117
0.39038417908009837
0.3557161825829329
0.3593782921182913
0.34057946399309846
0.36255211981769364
0.3186068075645358
0.32226891711666517
0.3652376653115518
0.30444665148887684
0.3254427448880189
0.3281282903670786
0.3464388372132744
0.31030602477320957
0.3303255558728787
0.3674349309676832
0.28345055754603177
0.28711266710961025
0.27026696397872957
0.2902864949606363
0.2502474325280891
0.25390954209597894
0.29297204043195235
0.3691439209699323
0.350345092771732
0.37036463577743084
0.3320345458221605
0.3710970697513164
0.33276696374934434
0.30981774501967985
0.31445641687431514
0.2868685262757833
0.29663415124973724
0.26391930752342885
0.26953454190051884
0.2526888387751911
0.274661495022521
0.23071618252332338
0.23633141689981424
0.279300166875628
0.2409700887735207
0.21802087002359152
0.22461266689855724
0.26245446375199966
0.24145837002481332
0.24609704187887083
0.35229824167242463
0.3332552607447836
0.3339876948431403
0.31421228012114244
0.316165429263055
0.29516930577154177
0.2968782956685324
0.28003259246391193
0.2980990107173535
0.26196618066192756
0.2636751705036168
0.29883144493158886
0.27612633734365344
0.2570833700352637
0.2597689155094123
0.281985741847682
0.26489588569846817
0.2656283200056374
0.00018571969002046973
6.349307495557481e-05
0.0003077378103333047
0.000491468294767889
0.00042977241791528027
0.0009188286935365175
0.0005524714450288597
0.0005518317780307119
0.000979691504574812
0.0016512249597927008
0.00128505144195195
0.0020174121825087786
0.0024447188974759493
0.001468164680485123
0.0006739007953413907
0.0007959715573438283
0.00146795056965935
0.0009180421193022955
0.002383617500805903
0.0021395533887856757
0.001529143082741758
0.0027499257629925236
0.00293300992549607
0.003360255805644294
0.0038485368324618187
0.0029940157825650614
0.0010401124642414523
0.0019562333937176747
0.0031160413659140863
0.0027498293358208655
0.0034822525903033296
0.0043978124922832516
0.003421248193894535
0.005801628592520359
0.005191275433980036
0.005862665098717989
0.004580924342507323
0.007266474887243236
0.006411994947555205
0.003970582872125997
0.0064119809467226355
0.007327509012983633
0.008975458343719227
0.008120964718781775
0.009829951770315155
0.010745477682179204
0.008792354692921459
0.004397855806392941
0.005557524035306787
0.004703044672385366
0.006839261911955382
0.004886134339817227
0.0011621827621515499
0.0012842530674828556
0.0024445147211118604
0.0014063233796231395
0.003848463490037246
0.0015283936928186899
0.002932795944574954
0.004580885305359008
0.004214674378850676
0.004947096245566872
0.006350937919255235
0.00537437551920981
0.0016504640055428114
0.0017725343180195986
0.0034210771974686445
0.0018946046304859647
0.0053133071853072086
0.007022332586826623
0.007632684058674788
0.008792353991685077
0.008243035575066296
0.010684444285543077
0.006045802350497133
0.004947152591497554
0.007144445905916282
0.007327540772910937
0.008243069879231093
0.008731349552134494
0.007388565245306182
0.009341684696446171
0.009768948096801646
0.011416896629810942
0.010074130176757005
0.012759654644116818
0.013186915506478289
0.010257228658474279
0.010440304715131264
0.011538933604508542
0.01221032498471014
0.012637567294098772
0.014102415502690875
0.011905178076463865
0.010318256755643775
0.013492096776017908
0.01367519779830225
0.015079004738556116
0.015567287820302745
0.013736228224631171
0.002016674942979615
0.00390935844737012
0.006045729060445489
0.005679518123138326
0.006411939997843967
0.008304062925396618
0.007327500424469824
0.010684441829300683
0.010074090266764587
0.01172204132481228
0.009463738701872745
0.014102412851277318
0.013247920659094838
0.008853387133964906
0.011294793391470478
0.01318688507942695
0.015811397233545084
0.014956905044586319
0.01666588942067697
0.01855797936753477
0.016604854357509843
0.010257197581342446
0.012393428496424677
0.011538936398446109
0.014651729396058816
0.012698604541207303
0.021426631735318807
0.020327998918653167
0.02197594813267445
0.019229366097865047
0.024844600476430116
0.023501827059971253
0.01813073328943391
0.024905635766806884
0.022159053711306775
0.0208162803858672
0.019534541967586527
0.0219759481375371
0.019473506798984738
0.01703210053348641
0.027774288133815387
0.026187374147761136
0.027347041724582632
0.02460045977844783
0.030215693978384837
0.02838463811165658
0.023013544652830044
0.01593346783712393
0.017093135759176523
0.014834835012045092
0.01813073248668815
0.013736201580952925
0.022525264548099506
0.024417354396797715
0.027530147366089892
0.02618737392127419
0.028872920805465593
0.030765010646527542
0.027835323132746993
0.034121944238917346
0.032535030166772116
0.03418297938631126
0.030948116102608062
0.037539912983936365
0.03570885836337015
0.029361202083432146
0.035708858305674634
0.037600948143486246
0.04120202236033748
0.039370967662788116
0.043033077054776145
0.04492516688955256
0.041018916895463525
0.030765010811631757
0.03387780379960362
0.03204674912798686
0.03711266709723181
0.033206416541928054
0.014651727243960477
0.01678795754576328
0.015445183922012246
0.019046258199989737
0.01611657626865685
0.02142662920322751
0.01983971562619463
0.020511108555264095
0.018252807284786947
0.022891480085259867
0.021060436870751396
0.01666590528941119
0.02392907055098352
0.026553582238652486
0.02472252862837011
0.029300164261901664
0.025393921880214713
0.017093164329819048
0.01922939428005156
0.017398345274904005
0.0214876945870731
0.017581448140999125
0.0021387452554818345
0.002260815567982941
0.004397639697341353
0.0023828858804826446
0.006778150935338626
0.0025049561929821103
0.0048859209473464515
0.0075105728103527355
0.007144361872849699
0.00787678374785121
0.010257187925168651
0.009280625425144547
0.002627026505481695
0.0027490968179813436
0.005374202197344266
0.002871167130480995
0.008242994685349444
0.011905144953855765
0.012515496516364227
0.014651728828796296
0.01312584807888174
0.01752038160781684
0.002993237442980622
0.005862483447342857
0.008975416560347206
0.008609205622848198
0.009341627497846134
0.012210312925162165
0.011233750425165494
0.015567254328876644
0.01495690276637858
0.017581416328809978
0.014346551203881485
0.0209383503577891
0.020083858170288953
0.013736199641384582
0.01617760589137495
0.01904626007880339
0.022647334732780623
0.021792842545284276
0.023501826920278093
0.02637047936676823
0.02441735436677797
0.01611657257880321
0.01922936598277062
0.01837487379524358
0.022464229366744116
0.020511104366887287
0.0031153077554802577
0.0032373780679798977
0.0063507646973414225
0.003359448380479537
0.009707838435345052
0.0034815186929791787
0.006839045947339981
0.010440260310342883
0.010074049372843973
0.010806471247841825
0.014163437925156506
0.013186875425159377
0.003603589005478817
0.00372565931797847
0.0073273271973385585
0.003847729630478044
0.01117268218534067
0.016787957453873202
0.01739830901637142
0.020511103828799282
0.018008660578869542
0.02435631910777565
0.023623897360012205
0.0247225301722366
0.026858760647151234
0.02582116298472508
0.03021569424245024
0.026919795797262627
0.029300166896678116
0.032901241116762396
0.0315584676794005
0.03424401455429827
0.03662438564832467
0.03369469814923552
0.028018428609775593
0.029117061422271752
0.03174157314674249
0.030215694234765663
0.03558678799183252
0.03729577236827533
0.038882686430013996
0.041018916899732694
0.040469600492158475
0.04486413174362683
0.019717678760126665
0.017642480163238973
0.02179287543510836
0.02197597967805824
0.02386806524781286
0.02435635089549296
0.022037012844284137
0.02594324952182475
0.026370506258885696
0.028995017616902617
0.026675687117926596
0.03131434331944384
0.031741599318629174
0.026858792413278813
0.028018433945420758
0.03009362287826741
0.03076501628580453
0.032168816616825274
0.03363366890583695
0.029483304232312574
0.026919826427464086
0.03204678023836681
0.03222988635348394
0.03461025136106058
0.03509853877764528
0.03229092101261989
0.03424401287210142
0.035159539299991105
0.03827233230843598
0.0359529983514085
0.04059166893334179
0.04150719563963243
0.03662439180951048
0.044864129291444246
0.0423006550376386
0.04297204848146868
0.03973718500035442
0.04632898225556534
0.0435213745154687
0.03717371830846666
0.04742760629023042
0.048343133262078654
0.05194420755003983
0.04913659293434
0.05475182493616026
0.055667352154085914
0.04980798632501167
0.037600973741450106
0.0407137664573115
0.03790615474200662
0.04394862950640799
0.03808926150559644
0.03631920941693352
0.03839440533087643
0.03955407260479338
0.04046960070417896
0.042911006106607134
0.042544795896619816
0.04394860462025006
0.04754967884537031
0.04523034276242015
0.04986901467991091
0.05127282337956027
0.046390009923220066
0.04461999112081361
0.046695186410819614
0.048343135659865054
0.04877038173121283
0.05218835051246956
0.0499910840552623
0.05255456142874647
0.05371422850318534
0.05511803822291346
0.057559443267294744
0.04120205453807836
0.03815029666537269
0.04425381059269237
0.04443691787577189
0.04730556288673443
0.04779385151929938
0.04449795343059146
0.050357311956350265
0.0507845665964969
0.05438564063409185
0.05108974776565267
0.057681530640655274
0.05810878499808614
0.051272855469227885
0.053409060691871596
0.05646081204266537
0.05713220535794401
0.059512567073190456
0.060977420324796944
0.05487392972607304
0.051333891339956986
0.05841396624346324
0.05859707429030335
0.0619539996871982
0.062442289162343886
0.058658110416442415
0.003969799942978122
0.007815608447337839
0.01190510406034077
0.011538893122840718
0.012271314997840753
0.016116562925155106
0.015140000425155033
0.020450066828869656
0.019839715266369615
0.02344079132879711
0.019229363703869594
0.027774287857775744
0.02691979567027574
0.018619012141369587
0.02106041839136962
0.02490563507879718
0.029483272232775824
0.028628780045275776
0.03033776442027577
0.034182979366765356
0.032229854366765266
0.021975947578797096
0.026065303482775748
0.025210811295275748
0.030276729366765287
0.028323604366765162
0.039004756734765264
0.03790612392226522
0.0415071981467368
0.03680749110976518
0.04632897549183487
0.04498620205433488
0.03570885829726518
0.04834313564840105
0.04364342861683487
0.04230065517933471
0.03906579189673681
0.045413448148400606
0.04095788174183445
0.034610225484765195
0.053164912992224006
0.05157799892972369
0.054690791898490035
0.049991084867223645
0.05951256924224359
0.05768151455474732
0.048404170804725394
0.03351159267226515
0.03662438564673649
0.03241295985976497
0.03961510830433486
0.03131432704726485
0.04010338954726518
0.04394860439673687
0.049014522366834935
0.0476717489293349
0.050357295804334866
0.05420251064840115
0.051272823148401106
0.05951256924222416
0.057925655179724145
0.061526729398490354
0.05633874111722411
0.06683678799224352
0.06500573330474346
0.0547518270547241
0.061099483304724075
0.06494469814849041
0.07049889736724357
0.06866784267974355
0.07232995205474349
0.0761751668984943
0.07226891689849424
0.058108760648490146
0.06317467861724319
0.06134362392974283
0.06836266689849378
0.06445641689849496
0.03418297939673815
0.0382723348668374
0.03692956142934066
0.04248376064840509
0.03955407314839135
0.04681725674222969
0.04523034267972929
0.047854854398455465
0.043643428617203495
0.05218835049219152
0.05035729580463637
0.042056514554645985
0.051272823148497404
0.05585045986725164
0.054019405179740715
0.060550166898502664
0.056643916898423165
0.04443688564846004
0.048526241117272106
0.046695186430384214
0.05273766689860737
0.048831416899950755
0.0819735067422448
0.07989831142974481
0.08349938564849582
0.07782311611724474
0.08929772549224732
0.08697838955474695
0.07574792080474455
0.09033532314849874
0.08465905361724649
0.08233971767974729
0.07910485439849504
0.0854525106485057
0.08002038174225169
0.07367272549224413
0.09613366299225161
0.09357018642975395
0.09668297939851575
0.09100670986726034
0.10248131924227172
0.09967370205476751
0.08844323330476334
0.07159753017974407
0.07471032314849865
0.06952233486724638
0.07770104580475751
0.0674471395547519
0.10254235439846146
0.09686608486722197
0.09405846767963444
0.09131188564848092
0.09668297939842274
0.09125085049214068
0.0858797567422383
0.08844323330505877
0.08594079189837106
0.08075280361711257
0.08331628017966458
0.0781893270548423
0.0756868856483637
0.08056969814849413
0.09082360439996737
0.0856356161185278
0.082827998931495
0.08056969814958068
0.08496422939626622
0.08002038174092949
0.07562585049313308
0.07538170986724822
0.07306237392969658
0.07031579189850096
0.0707430379921222
0.06537194424225226
0.10834069424219994
0.10528893642961458
0.10791344814852871
0.10223717861721843
0.11371178799235354
0.11041588955568235
0.09918542080534533
0.11279626065050463
0.10711999111916687
0.10382409268062331
0.10156579190029394
0.10596032314165191
0.1005281942366684
0.09613366299389192
0.11859460049430118
0.11505456142966652
0.11719079188899731
0.11151452235908871
0.12298913173139511
0.11920495203341014
0.10797448328520218
0.09308190518122972
0.09521813564412085
0.09003014736399212
0.09723229578771561
0.08697838954076306
0.06329674892972342
0.06592126064838641
0.061221553617153965
0.06842370205470455
0.059146358304641516
0.07080407314919232
0.06610436611776443
0.06378503018119938
0.061526729398855215
0.06592126064915539
0.061465694243293456
0.05707116299246852
0.073062373931461
0.07519860439797058
0.07049889736738071
0.07721276454410345
0.06793542079745601
0.054995967680805696
0.05713219814979907
0.05292077236868039
0.05914635830052273
0.05084557705302818
0.08404870205474468
0.0878939168984959
0.09393639736724746
0.09161706142974747
0.09625573330474733
0.10010094814849983
0.09521813564849962
0.10638756924225265
0.10382409267975265
0.10742516689850591
0.10126061611725237
0.11371178799226009
0.11090417080475945
0.0986971395547518
0.10895104580475252
0.11279626064850631
0.11932702236726063
0.11651940517976053
0.12213463955476048
0.12597985439851545
0.12012047939851472
0.1020540731485054
0.10809655361726
0.10528893642976436
0.11426110439851528
0.10840172939852785
0.13275475674227089
0.1297029989297706
0.13330407314852605
0.12665124111726994
0.1400789754922826
0.13678307705478263
0.12359948330476947
0.1401400106485452
0.13348717861728632
0.13019128017979448
0.12695641689852843
0.1333040731485523
0.12689538174229648
0.12054772549227133
0.1469149129923047
0.14337487392981335
0.14648766689856205
0.13983483486730736
0.15326256924231568
0.1494783895547423
0.13629479580475462
0.11749596767977785
0.12060876064854048
0.11444420986728408
0.12359948330476347
0.11139245205476772
0.13580651455477066
0.1396517293985271
0.14667077236728382
0.1433748739297834
0.1499666708047837
0.15381188564854137
0.14697594814854004
0.1610750692422993
0.1575350301797987
0.1611361043985567
0.15399499111729786
0.16839928799231602
0.16461510830481849
0.1504549520547989
0.1646151083047993
0.16846032314855813
0.1759676473673173
0.17218346767981652
0.1797518270548174
0.18359704189857734
0.17578454189857634
0.15381188564856524
0.16083092861732634
0.15704674892983345
0.16797204189858844
0.16015954189856885
0.11426110439843812
0.12030358486717616
0.11700768642961556
0.12646813564841514
0.11963219814869319
0.13275475674215528
0.1292147176796464
0.13183922939891393
0.12567467861754678
0.13812585049279302
0.1343416708063933
0.12213463955604223
0.13916344814839793
0.14569420986714327
0.14191003017971449
0.1523470418983927
0.14453454189918305
0.12451501065055223
0.13055749111925335
0.12677331142837694
0.13672204190040194
0.12890954188630027
0.05273766688540424
0.05682702235219903
0.054507686411639125
0.06103844813166982
0.05615563567846968
0.06537194422388087
0.0628084676655673
0.06445641694995308
0.06024499115768782
0.06878991305509913
0.06598229598703156
0.05768151471064917
0.06982751062888823
0.07440514734673748
0.07159753017255668
0.07910485437746514
0.07324547947296947
0.0590853233755847
0.06317467883775207
0.06036706133527965
0.06738610460962524
0.061526728347786754
0.08392663172109768
0.0808748739323103
0.08252282324631563
0.07782311620341895
0.08734460060154207
0.08404870227295236
0.07477135850796825
0.08545251079868466
0.08075280378573123
0.07745690488559354
0.07617516708338645
0.07861657183441007
0.07416100548811591
0.07171960069142722
0.09027428812246052
0.08673424853527273
0.08789391547568765
0.08319420849697731
0.09271569277039457
0.08893151228786814
0.07965416854513505
0.06866784248643187
0.0698275094582034
0.06561608374474903
0.07086510606922969
0.06256432486450261
0.08887047937765247
0.09393639734713918
0.09064049894437703
0.09912438562956005
0.0922884482689951
0.10443444422491033
0.10089440520823656
0.10254235454023541
0.09735436624858473
0.10785241314388289
0.1040682335350269
0.09381432728190256
0.1098665731331806
0.11542077235435591
0.11163659272335744
0.12109704188841874
0.11328454205947579
0.0952181357572629
0.10028405370328253
0.09649987343724609
0.10547204196069827
0.09765954038094313
0.06347985230651754
0.06756920785336784
0.06427331236550601
0.07178063371317817
0.06494470559380766
0.07611412988549149
0.07257409390639272
0.07324548704290273
0.06903406116616145
0.07757898322494447
0.07379481175998115
0.06549403057408751
0.08056969636994116
0.08514733316623355
0.08136315666893182
0.08984704027413801
0.08203454971308785
0.06592128470029135
0.07001064003632879
0.06622646601359784
0.07422206569438988
0.06640957434259237
0.004091870255478438
0.004213940567978759
0.008303889697338463
0.004336010880479094
0.01263752593534171
0.004458081192979411
0.008792170947339775
0.013369947810343678
0.013003736872842682
0.013736158747844642
0.018069687925158943
0.01709312542515632
0.0045801515054797425
0.00470222181798006
0.009280452197341072
0.004824292130480392
0.014102369685345627
0.021670769953871218
0.02228112151637284
0.026370478828799004
0.022891473078874507
0.03119225660777801
0.004946362442980708
0.00976873344734237
0.014834791560347572
0.014468580622846585
0.015201002497848531
0.020022812925164134
0.01904625042516154
0.025332879328880988
0.02472252776637935
0.02930016632880684
0.024112176203877747
0.03461022535778715
0.03375573317028485
0.023501824641376103
0.02594323089138259
0.030765010078810717
0.036319209732791694
0.03546471754528939
0.03717370192029394
0.041995479366783425
0.040042354366778235
0.02783532257880294
0.032901240982782604
0.03204674879528027
0.03808922936677303
0.0361361043667678
0.005068432755481038
0.005190503067981356
0.010257014697343667
0.005312573380481688
0.015567213435349517
0.0054346436929820045
0.010745295947344961
0.016299635310351467
0.015933424372850474
0.016665846247852424
0.021975937925169324
0.020999375425166722
0.005556714005482336
0.005678784317982652
0.011233577197346259
0.005800854630482985
0.01703205718535341
0.026553582453884228
0.02716393401638583
0.03222985382881462
0.027774285578887475
0.03802819410779623
0.04120202235976808
0.042300655172270996
0.04639001064673994
0.04339928798477398
0.05170006924183841
0.04449792079727687
0.04883141689674647
0.0543856161168456
0.053042842679341944
0.05572838955434915
0.0600618856484127
0.05713219814840485
0.045596553609779836
0.04669518642228272
0.051272823146752994
0.04779381923478567
0.05707116299185276
0.06268639736722828
0.06427331142973247
0.06836266689849471
0.0658602254922368
0.07416100674224829
0.005922924942983296
0.01172185844734755
0.017764479060355387
0.01739826812285436
0.018130689997856164
0.02392906292517442
0.022952500425171912
0.030215691828894144
0.029605340266392274
0.03515954132882239
0.028994988703890723
0.04144616285780532
0.04059167067030302
0.02838463714138908
0.030826043391394695
0.03662438507882602
0.04315514723280993
0.042300655045307514
0.04400963942031223
0.04980797936680485
0.04785485436679901
0.03369469757881852
0.039737178482800777
0.03888268629529848
0.045901729366793806
0.04394860436678862
0.05658288173480777
0.055484248922306426
0.061038448146779056
0.054385616109803116
0.06781335049188142
0.06647057705437774
0.05328698329730025
0.07178063564844392
0.06512780361687415
0.06378503017937057
0.058597041896772464
0.06885094814843609
0.06244225674186703
0.05218835048479734
0.0785555379922705
0.07696862392976635
0.08203454189853127
0.07538170986726211
0.08880944424228734
0.08697838955478253
0.07379479580475784
0.05108971767229441
0.05615563564676598
0.04999108485979152
0.06109948330436343
0.04889245204728858
0.05768151454731621
0.06347985439678502
0.07049889736689197
0.06915612392938406
0.07184167080437887
0.07764001064846007
0.07471032314845139
0.08490319424227853
0.0833162801797851
0.08887047939854983
0.08172936611727863
0.09613366299230783
0.09430260830480174
0.08014245205477472
0.08649010830480897
0.09228844814854917
0.09979577236732234
0.09796471767980654
0.10162682705487117
0.10742516689859177
0.10351891689856138
0.0854525106485402
0.09247155361729698
0.09064049892979212
0.09961266689855108
0.09570641689854087
0.05371422939675949
0.05975670986685991
0.0584139364293563
0.06592126064842829
0.0629915731484205
0.07220788174225368
0.0706209676797494
0.07519860439851292
0.06903405361724521
0.0814852254922678
0.07965417080476289
0.06744713955474096
0.07861657314852205
0.08514733486727759
0.08331628017977266
0.0918001668985306
0.08789391689852005
0.07178063564850387
0.07782311611725812
0.07599206142975315
0.08398766689850969
0.08008141689849924
0.006044995255483662
0.00616706556798381
0.01221013969734867
0.006289135880484978
0.018496900935358003
0.006411206192981106
0.012698420947345676
0.01922932281037621
0.018863111872854808
0.01959553374777656
0.025882187925135157
0.024905625425175125
0.006533276505502611
0.006655346817894913
0.01318670219723828
0.006777417130952812
0.019961744685775794
0.03143639495390109
0.03204674651638159
0.03808922882882611
0.03265709807897525
0.04486413160781158
0.0068994874405332324
0.013674983444379465
0.020694166570695775
0.020327955620797367
0.0210603774459572
0.027835312904474885
0.026858750424193667
0.03509850433912157
0.03448815276217439
0.04101891632952294
0.03387780120513009
0.04828210035366544
0.047427608171189295
0.03326744964108935
0.035708855903108364
0.04248376012567601
0.0499910847107278
0.04913659256066187
0.05084557672772976
0.057620479277350686
0.05566735436614112
0.039554072578796985
0.046573115982663796
0.045718623795340405
0.053714229367088986
0.051761104366825905
0.00702155776860846
0.007143627996015285
0.014163264614632184
0.007265698790189788
0.0214265886963433
0.007387766272332114
0.014651543407616388
0.022159016553205735
0.021792798072968092
0.022525197853032867
0.029788440664179933
0.028811875082886833
0.007509856219060562
0.007631835668895073
0.015139720998748517
0.007757990657266484
0.022891364548678204
0.03631920706054949
0.03692956184725786
0.0439486042252535
0.03753991239975517
0.05170006955870864
0.058780147359804275
0.059878780172311796
0.06592126064675335
0.06097741298511039
0.0731844442419197
0.06207604579518233
0.06836266689622734
0.07586999111578988
0.07452721767950538
0.0772127645570923
0.08349938564786849
0.08056969814857406
0.06317467861811182
0.06427331142256085
0.07080407315738688
0.06537194414941744
0.0785555380013731
0.08807702236736412
0.08966393642930898
0.09570641689851653
0.09125085049183074
0.10345788174226872
0.08612389736725015
0.08819909267975565
0.09228844814850143
0.09027428799226125
0.09857506924225345
0.0923494833047667
0.0966829793985132
0.10321374111726586
0.10089440517975956
0.10553307705477209
0.10986657314851916
0.10498376064850598
0.0944246786172723
0.09649987392977788
0.101077510648525
0.09857506924228338
0.10785241299227818
0.1115145223672593
0.1140779989297662
0.11816735439851327
0.11664147549227298
0.12494225674226773
0.10065026455478882
0.10547204189853657
0.11249108486729054
0.11017174892978429
0.11481042080479667
0.11963219814854503
0.11474938564853202
0.1268953817423003
0.12433190517979337
0.12890954189854173
0.12176842861728662
0.13617272549229764
0.1333651083047901
0.11920495205477971
0.12945885830480705
0.13428063564855602
0.14178795986731257
0.13898034267980502
0.1445955770548199
0.1494173543985696
0.14355797939855403
0.12353844814852741
0.13055749111728265
0.1277498739297751
0.13769860439853843
0.13183922939852277
0.1027254598672944
0.1048006551797998
0.10986657314854828
0.10687585049230533
0.11712975674230287
0.10895104580481144
0.11426110439856008
0.12176842861731552
0.11944909267980892
0.12408776455482062
0.12939782314857112
0.12451501064855797
0.1110262411173141
0.11310143642982054
0.11865563564856857
0.11517663174234649
0.1264071004923249
0.13202233486731388
0.13458581142982068
0.13965172939857023
0.13714928799232778
0.14740319424232762
0.1388582723672787
0.14191003017978676
0.14599938564853515
0.14496178799229498
0.15326256924229242
0.14801354580480303
0.15234704189855197
0.15985436611730983
0.15655846767980097
0.16315026455481849
0.16748376064856813
0.16064782314855008
0.15106530361731124
0.15411706142981924
0.15869469814856887
0.15716881924232762
0.16644616299232753
0.16815514736730863
0.1716951864298178
0.17578454189856757
0.17523522549232745
0.18353600674232753
0.07049892983137866
0.06647061067708533
0.07452724706685057
0.07471035562903244
0.07855556167363584
0.0790438517358443
0.07477139213476686
0.0825838742001856
0.0830111279733329
0.08758876459281073
0.08331630939634445
0.09186121789565752
0.0922884715314646
0.0834994181520789
0.08661218650802402
0.09064050065653936
0.09131189361038078
0.09466881769346291
0.09613367102070139
0.08807705487797765
0.08356045479938898
0.09259365299688732
0.09277676191376093
0.09711024878874824
0.09759853925963011
0.092837798678675
0.09869713729384585
0.09961266542408073
0.10467858346588839
0.10040612587233183
0.10895104356016741
0.10986657181881172
0.10107751873946472
0.11517663048280014
0.11066003231909269
0.11133142510396124
0.10614343676709348
0.11664148375039875
0.11188074905366392
0.10162684284680126
0.11969323108451038
0.12060875945782243
0.12616295874386307
0.12140221999925357
0.13092369986500835
0.13183922834091955
0.12207361270669909
0.10205409636416735
0.10712001425727394
0.1023592778644832
0.11230800246766148
0.10254238691576953
0.10272545830716098
0.10675377959270588
0.10791344654889569
0.1107821005296637
0.11322350510598511
0.1148104210327063
0.11621422941034079
0.12176842860286813
0.11749596700241546
0.12604088977543276
0.12744469810737175
0.11865563397826981
0.11883874128696123
0.12286706148922673
0.12451501082631763
0.1268953817353366
0.13031335067752137
0.12420983316559454
0.12872643566682557
0.12988610266780914
0.13324303792396586
0.1356844424847696
0.10760830488234799
0.10260342377872683
0.11261318399602552
0.11279629315952028
0.1176180609949605
0.11810635174742855
0.11285733010442
0.12262293651608394
0.1230501898388347
0.12860438899897764
0.12335537138907246
0.1338534052337797
0.13428065847510945
0.12353848064620346
0.1276278119731224
0.1326326889149288
0.13330408154989987
0.13763756824899936
0.13910242143723717
0.1290926798559653
0.12359951765969031
0.13458584004168594
0.13476894937682465
0.14007899826697456
0.14056728920888373
0.13482998644774363
0.130923702032461
0.1328157918950965
0.13885827236767334
0.1345858115053914
0.14313073328243198
0.145022823153041
0.1362337608405565
0.15130944425117276
0.14679284277147342
0.1484407921020891
0.14227624131541367
0.15472741320058414
0.14996667099822641
0.13775963976375694
0.15582604578336695
0.1577181356620418
0.16424889738562132
0.15948815528714977
0.16900963953526177
0.17090172942188492
0.16113610461090422
0.13916344805275344
0.14520592849382696
0.14044518558614041
0.15137047924726915
0.14160485261633812
0.17767663177080695
0.17267174905216043
0.17431969836705857
0.16766686633305838
0.18109460071291922
0.17584557720768634
0.16266198347937072
0.17724938538607865
0.170596553382504
0.16534752918951168
0.164065791691546
0.16650719628617253
0.16009850489741512
0.15765710031315366
0.18402428770231466
0.17853112287332917
0.1796907900056487
0.17303795798894978
0.18646569233617732
0.18072838752305437
0.16754479373003328
0.15265221676039592
0.15381188382278183
0.14764733306238365
0.15484948118882735
0.14264244990017422
0.18268151453808246
0.1845736044323626
0.19159264740652787
0.18634362406630312
0.19684167079177306
0.19873376069328075
0.18799157337065675
0.20599694429259274
0.2005037803294275
0.20215172962183664
0.19501061634028885
0.2094149132153134
0.20367760840760618
0.1895174521836283
0.2114901082962767
0.21338219820449206
0.2208895224286629
0.21515221784145333
0.2266268270523107
0.22851891696658627
0.21680016712073535
0.19092126033125095
0.1979403032729218
0.1922029978116403
0.2050814165273504
0.19336266498044888
0.14355797846811852
0.1496004589982994
0.14435143906794756
0.15576500983956953
0.14502283163531765
0.16205163099196035
0.15655847045988808
0.15722986296434444
0.15106531214430474
0.16351648409556724
0.15777918643358918
0.14557215520640582
0.16846032245550618
0.1749910842302435
0.1692537830921104
0.18164391631621019
0.16992517553809
0.145999408374339
0.15204188879698843
0.14630458995231355
0.15820643953472618
0.14648769935223677
0.13495202235371834
0.138980342676784
0.14111657313367543
0.14300866299398463
0.14740319422618642
0.14703698330669246
0.14941735440001028
0.15594811611847834
0.15167565517494097
0.16022057705690682
0.16260094814938902
0.15381188563126502
0.15106530361807113
0.15509362392981368
0.15771813564946557
0.15912194424213572
0.16449303799336434
0.16034264734892367
0.16485924892292336
0.16699547937917347
0.16937585049274323
0.1737703817220242
0.16315026455471826
0.16601891689838333
0.17303795986713622
0.1687654989299433
0.1773104208046833
0.18017907314839493
0.1713900106497651
0.18744225674215997
0.182925655180112
0.18555016690006382
0.17840905361866571
0.19281335049395693
0.188052608307011
0.17389245205702003
0.1919588583046512
0.19482751064843187
0.20233483486720902
0.19757409268031567
0.20709557705462867
0.20996422939850973
0.2001986044003437
0.17627282314854253
0.18329186611678905
0.17853112392080056
0.19043297939748544
0.18066735437748438
0.16717858486731021
0.1712069051798433
0.17431969814855025
0.17523522549234022
0.18158288174228887
0.17926354580483084
0.18262047939859194
0.19012780361734352
0.18585534267983964
0.1944002645548339
0.1977571981485946
0.18896813564852616
0.18329186611732645
0.18732018642982634
0.19092126064857695
0.19134850674232734
0.19867272549232606
0.19647545986726278
0.2009920614298304
0.20410485439849563
0.2055086629923497
0.21185631924223777
0.18768639734556142
0.19269128016864195
0.19482751062626102
0.19769616299063514
0.2020906942195893
0.20270104580686377
0.205081416896237
0.21258874111432952
0.20733971766650922
0.21783776455648723
0.22021813564469692
0.20947594812554776
0.20770592861921902
0.21271081143056325
0.2153353231505737
0.21771569424219767
0.22308678799464376
0.2169832723441124
0.2224764364144482
0.22461266687572576
0.2279696004884773
0.23236413171614273
0.15253017980697087
0.14654873647121303
0.15851162111970157
0.15869473057316658
0.16449306058737162
0.16498135165089844
0.1587557677322773
0.1704744989149516
0.17090175195475882
0.1774325136367348
0.1712069335428298
0.1836580926501235
0.18408534563315887
0.17139004304023553
0.17645593729201736
0.18243737696578632
0.18310876935744322
0.18841881871344512
0.18988367173445153
0.1779208047412419
0.17145108023275124
0.18439052722086252
0.18457363675397714
0.1908602479439001
0.19134853907849567
0.18463467397415628
0.19440026256731052
0.19531579142198735
0.20233483444187578
0.1961092520819263
0.20856041886234633
0.20947594777316492
0.1967806444231201
0.2167391314157347
0.21026940844143435
0.21094080073574495
0.20379968742350318
0.2182039843594562
0.21149012388056387
0.19732996763875454
0.2232088564081659
0.2241243853708319
0.23163170963075685
0.22491784604611997
0.23834557522336625
0.2392611042387366
0.2255892382968097
0.19775722056884332
0.20477626350785494
0.19806240215311233
0.2119173767609274
0.198245511714853
0.20038170793838567
0.20636315400420005
0.20752282120989626
0.2123446000946097
0.21478600479497495
0.21832604587987525
0.21972985397439787
0.2272371781686034
0.22101159145056887
0.2334627645958483
0.23486657266811028
0.22217125869340193
0.22430749133845926
0.23028893660186084
0.23193688586473893
0.23627038181283128
0.23968835073015204
0.2296785829045317
0.23614831015103274
0.2373079774399794
0.24261803750665256
0.24505944219360787
0.20526455466308005
0.1983065489577724
0.2122225583390177
0.2124056679232758
0.21918056032763167
0.21966885149538495
0.21246670518446048
0.2261385613758921
0.2265658142086973
0.23407313840419522
0.22687099577756942
0.24127528011961913
0.24170253289598065
0.22705410537898985
0.23309656253905908
0.24005456491647043
0.24072595711548822
0.2470125689843544
0.24847742196932027
0.23456142958122683
0.22711514264932695
0.24200771445002778
0.2421908240423989
0.24945399782660446
0.24994228917560773
0.24225186132524557
0.007631835668895376
0.007757990657266105
0.0075098562190612185
0.0151397209987492
0.0073877662723331565
0.022525197853033925
0.022891364548677882
0.007265698790191139
0.014651543407618463
0.021792798072971173
0.022159016553207747
0.021426588696347428
0.028811875082890855
0.029788440664181178
0.007143627996017018
0.007021557768610506
0.014163264614635584
0.006899487440535562
0.021060377445962293
0.03692956184725946
0.03753991239975482
0.036319207060552756
0.043948604225255435
0.03570885590311347
0.0508455767277321
0.05170006955870825
0.00677741713095561
0.013674983444384572
0.020327955620805627
0.020694166570702457
0.019961744685785578
0.02685875042420543
0.027835312904482434
0.03326744964110499
0.03387780120514308
0.041018916329536484
0.03448815276218476
0.04742760817120632
0.04828210035367879
0.03509850433912929
0.032657098078993474
0.039554072578816796
0.04571862379536479
0.04657311598268449
0.0448641316078396
0.05176110436685527
0.05371422936710994
0.04248376012568325
0.049136592560671585
0.0499910847107338
0.05566735436615365
0.05762047927735492
0.006655346817898497
0.006533276505506971
0.01318670219724602
0.006411206192986307
0.019595533747788725
0.006289135880490923
0.012698420947356372
0.018863111872871194
0.019229322810390484
0.018496900935376488
0.024905625425197392
0.02588218792515179
0.006167065567990351
0.0060449952554908135
0.012210139697361972
0.005922924942991055
0.018130689997876495
0.03204674651640331
0.031436394953926305
0.038089228828853294
0.030826043391423467
0.04400963942034516
0.06427331142256557
0.0653719441494171
0.06317467861812118
0.0708040731573921
0.06207604579519642
0.07721276455709808
0.07855553800137276
0.06097741298512918
0.06836266689624301
0.0745272176795226
0.07586999111580131
0.07318444424194262
0.08056969814859279
0.08349938564787476
0.05987878017233536
0.058780147359832516
0.06592126064677947
0.057681514547349225
0.07184167080440763
0.08966393642931572
0.09125085049183039
0.0880770223673776
0.09570641689852376
0.08649010830482927
0.10162682705487897
0.10345788174226828
0.0058008546304913495
0.011721858447363398
0.01739826812287859
0.017764479060377654
0.01703205718537952
0.022952500425204726
0.02392906292520208
0.02838463714143074
0.028994988703929192
0.03515954132886544
0.029605340266427516
0.040591670670354116
0.04144616285785187
0.03021569182892611
0.02777428557893232
0.03369469757886927
0.03888268629535861
0.039737178482856336
0.038028194107860847
0.04394860436685834
0.04590172936685315
0.03662438507886132
0.04230065504534955
0.04315514723284743
0.04785485436684804
0.0498079793668435
0.04889245204736818
0.04999108485986528
0.05615563564684273
0.051089717672362325
0.06109948330444928
0.06244225674194566
0.05218835048485944
0.06885094814851558
0.06378503017944212
0.06512780361693851
0.05859704189683625
0.07178063564850778
0.0664705770544349
0.053286983297356524
0.07379479580484563
0.07538170986734133
0.08203454189860926
0.07696862392983717
0.0869783895548679
0.08880944424236309
0.07855553799233292
0.05438561610985351
0.06103844814682986
0.05548424892235103
0.06781335049193157
0.056582881734846546
0.047793819234871124
0.053714229396849236
0.05841393642945647
0.05975670986695283
0.057071162991959995
0.06299157314853132
0.06592126064852338
0.06744713955486259
0.0690340536173584
0.07519860439862752
0.0706209676798541
0.0796541708048876
0.0814852254923826
0.0722078817423499
0.06586022549236689
0.07178063564863668
0.07599206142989741
0.07782311611739245
0.0741610067424022
0.0800814168986552
0.08398766689864465
0.07861657314861839
0.0833162801798778
0.08514733486737286
0.08789391689863416
0.09180016689862375
0.06347985439682288
0.0691561239294271
0.07049889736692788
0.07471032314849982
0.07764001064849296
0.08014245205482877
0.08172936611732423
0.0888704793985916
0.08331628017982237
0.09430260830484835
0.09613366299234477
0.0849031942423073
0.08545251064860021
0.09064049892985818
0.09247155361735332
0.09570641689861334
0.09961266689860285
0.09228844814857282
0.09796471767983378
0.09979577236733972
0.10351891689859245
0.10742516689860215
0.00567878431799185
0.005556714005492395
0.011233577197365206
0.0054346436929930495
0.01666584624788124
0.005312573380493553
0.010745295947367313
0.01593342437288433
0.016299635310382768
0.015567213435385925
0.02099937542521229
0.021975937925208078
0.005190503067994066
0.005068432755494531
0.010257014697369293
0.004946362442995015
0.01520100249788738
0.02716393401643497
0.026553582453937588
0.032229853828874416
0.02594323089144024
0.03717370192036458
0.004824292130495549
0.009768733447371267
0.014468580622890168
0.014834791560388798
0.014102369685391521
0.01904625042521988
0.020022812925216245
0.02350182464144933
0.024112176203947074
0.0293001663288857
0.024722527766444798
0.03375573317037724
0.0346102253578741
0.025332879328942542
0.022891473078951605
0.027835322578891167
0.03204674879538362
0.0329012409828804
0.031192256607886742
0.0361361043668863
0.03808922936687906
0.03076501007888026
0.03546471754537091
0.03631920973286777
0.0400423543668718
0.041995479366864555
0.004702221817995727
0.004580151505496007
0.009280452197372752
0.004458081192996392
0.013736158747892361
0.004336010880496798
0.008792170947374108
0.013003736872894685
0.01336994781039351
0.012637525935395806
0.017093125425226244
0.018069687925223225
0.004213940567997053
0.00409187025549748
0.008303889697375836
0.003969799942998095
0.012271314997897048
0.022281121516453506
0.021670769953955345
0.02637047882889612
0.021060418391457086
0.030337764420389157
0.04669518642237519
0.04559655360987923
0.05127282314685705
0.044497920797383336
0.055728389554465046
0.04339928798488739
0.04883141689686611
0.053042842679475
0.05438561611696997
0.05170006924197992
0.057132198148551444
0.06006188564854062
0.04230065517239151
0.04120202235989552
0.04639001064687506
0.04010338954739939
0.05035729580448467
0.06427331142987275
0.06268639736737863
0.06836266689864756
0.06109948330488431
0.07232995205490889
0.11310143642983157
0.11517663174234605
0.11102624111733592
0.11865563564858023
0.10895104580484444
0.1240877645548329
0.12640710049232445
0.10687585049234918
0.11426110439859505
0.11944909267984577
0.12176842861733991
0.11712975674235185
0.12451501064859676
0.12939782314858406
0.10480065517985473
0.10272545986736023
0.10986657314860646
0.10065026455486584
0.11481042080485812
0.13458581142983428
0.13714928799232728
0.13202233486734083
0.13965172939858447
0.12945885830484777
0.14459557705483478
0.14740319424232706
0.09857506924237144
0.10547204189861817
0.11017174892987047
0.11249108486736423
0.10785241299237674
0.11474938564862279
0.11963219814860976
0.11920495205487512
0.12176842861736817
0.1289095418986131
0.1243319051798614
0.13336510830486475
0.1361727254923572
0.12689538174235454
0.11664147549238207
0.12353844814862742
0.1277498739298797
0.1305574911173722
0.12494225674238726
0.13183922939863196
0.1376986043986164
0.1342806356485988
0.13898034267984982
0.1417879598673422
0.14355797939860082
0.14941735439858517
0.09649987392987691
0.09442467861738252
0.10107751064862991
0.09234948330488801
0.10553307705488288
0.09027428799239365
0.09668297939864168
0.10089440517989531
0.10321374111738918
0.09857506924240153
0.10498376064864884
0.10986657314863588
0.08819909267989912
0.0861238973674047
0.09228844814865338
0.08404870205491011
0.09625573330490747
0.11407799892988885
0.11151452236739567
0.1181673543986417
0.10895104580490228
0.12213463955489454
0.15411706142983556
0.15716881924232712
0.1510653036173436
0.1586946981485859
0.14801354580485182
0.16315026455483625
0.16644616299232723
0.14496178799235984
0.15234704189860285
0.15655846767985387
0.15985436611734494
0.15326256924236253
0.16064782314860487
0.1674837606485866
0.14191003017986809
0.13885827236737608
0.14599938564861975
0.13580651455488418
0.14996667080487125
0.171695186429837
0.17523522549232728
0.16815514736734632
0.1757845418985874
0.1646151083048557
0.17975182705483755
0.18353600674232745
0.0038477296304980997
0.007815608447376523
0.011538893122897
0.011905104060396944
0.011172682185397052
0.015140000425227524
0.016116562925227444
0.018619012141457045
0.019229363703957038
0.023440791328898137
0.019839715266456996
0.02691979567038911
0.027774287857889095
0.020450066828956955
0.01800866057895709
0.021975947578898154
0.025210811295389136
0.026065303482889123
0.024356319107889123
0.028323604366889583
0.03027672936688969
0.024905635078898064
0.028628780045389053
0.02948327223288902
0.03222985436688966
0.034182979366889604
0.031314327047399004
0.03241295985989913
0.036624385646879073
0.033511592672399296
0.039615108304484586
0.040957881741984184
0.03461022548489935
0.04541344814855619
0.04230065517948445
0.0436434286169846
0.03906579189687941
0.04834313564855665
0.044986202054484614
0.03570885829739934
0.04840417080488553
0.04999108486738378
0.05469079189865332
0.05157799892988385
0.057681514554912675
0.05951256924240896
0.05316491299238417
0.03680749110989931
0.041507198146879365
0.037906123922399254
0.04632897549198457
0.03900475673489925
0.03021569423489992
0.03418297939688077
0.036929561429490415
0.03827233486698714
0.03558678799198235
0.03955407314854692
0.042483760648560666
0.04205651455480612
0.04364342861736359
0.04785485439861872
0.04523034267988943
0.05035729580480171
0.05218835049235686
0.04681725674238982
0.040469600492318715
0.044436885648623345
0.046695186430549596
0.04852624111743746
0.04486413174379231
0.04883141690011668
0.05273766689877327
0.05127282314866066
0.054019405179906076
0.055850459867417004
0.05664391689858907
0.06055016689866856
0.04394860439687931
0.04767174892948452
0.0490145223669845
0.05127282314855665
0.05420251064855658
0.05475182705488427
0.056338741117384225
0.06152672939865357
0.057925655179884156
0.0650057333049088
0.06683678799240882
0.05951256924238414
0.05810876064865342
0.061343623929908206
0.06317467861740855
0.06445641689866087
0.06836266689865968
0.06494469814865346
0.06866784267990873
0.07049889736740872
0.07226891689866008
0.07617516689866
0.05084557705319359
0.052920772368845785
0.057132198149962385
0.05499596768097109
0.05914635830068296
0.06146569424345369
0.057071162992633914
0.06592126064931093
0.06378503018135961
0.06610436611792467
0.0615267293990185
0.07080407314934786
0.06842370205486478
0.0591463583048069
0.06793542079760576
0.07049889736753043
0.07519860439811316
0.07306237393161072
0.07721276454423762
0.08002038174106363
0.07562585049328281
0.061221553617319346
0.0659212606485497
0.06329674892988879
0.07074303799228242
0.06537194424241768
0.08496422939639064
0.08282799893162918
0.08563561611866193
0.08056969814972326
0.09082360440009182
0.08844323330519294
0.07818932705499201
0.09125085049227469
0.08594079189851364
0.0833162801798143
0.08075280361726225
0.085879756742388
0.08056969814864973
0.07568688564851922
0.09668297939854717
0.09405846767976841
0.09686608486735593
0.0913118856486235
0.10254235439858589
0.0996737020549015
0.08844323330491304
0.07306237392985682
0.07538170986740832
0.07031579189866427
0.0777010458049176
0.0674471395549173
0.08697838954087628
0.09003014736410533
0.09521813564422199
0.0930819051813429
0.09723229578780312
0.10052819423675591
0.09613366299400514
0.1059603231417243
0.10382409268071083
0.10711999111925435
0.10156579190039486
0.11279626065057699
0.11041588955576984
0.09918542080545875
0.1079744832852586
0.11151452235914514
0.11719079188903597
0.11505456142972292
0.11920495203343032
0.12298913173141526
0.1185946004943576
0.10223717861733189
0.10791344814862966
0.10528893642972803
0.11371178799244105
0.1083406942423134
0.06952233486741177
0.074710323148662
0.07159753017990947
0.08002038174241177
0.0736727254924095
0.08545251064866127
0.08233971767990739
0.08465905361740657
0.07910485439865837
0.09033532314865433
0.086978389554907
0.07574792080490991
0.09100670986741005
0.09668297939865839
0.09357018642990368
0.10248131924240572
0.09613366299240135
0.07782311611741005
0.08349938564865905
0.07989831142991
0.08929772549240733
0.08197350674240997
0.04877038173137834
0.052737666885567594
0.05450768641179943
0.0568270223523593
0.05218835051262995
0.05615563567862528
0.06103844813182539
0.057681514710798965
0.0602449911578376
0.06445641695009574
0.06280846766571707
0.06598229598716576
0.06878991305523333
0.06537194422403064
0.055118038223063326
0.05908532337572735
0.06036706133541386
0.06317467883788627
0.057559443267429025
0.06152672834791126
0.06738610460974973
0.06982751062903085
0.07159753017269088
0.07440514734687165
0.07324547947309396
0.0791048543775896
0.06256432486461591
0.06561608374486229
0.06982750945830456
0.0686678424865451
0.07086510606931723
0.07416100548820342
0.07171960069154046
0.07861657183448242
0.07745690488568105
0.08075280378581873
0.07617516708348757
0.08545251079875701
0.08404870227303987
0.07477135850808153
0.0796541685451915
0.08319420849703374
0.08789391547572628
0.08673424853532914
0.08893151228788831
0.09271569277041469
0.09027428812251695
0.07782311620353222
0.0825228232464168
0.08087487393242355
0.08734460060162962
0.08392663172121093
0.059512567073303865
0.06347985230661879
0.06427331236559364
0.06756920785345547
0.06097742032488461
0.06494470559388008
0.07178063371325058
0.06549403057414388
0.06903406116621791
0.07324548704294143
0.07257409390644921
0.07379481176000122
0.07757898322496465
0.07611412988554797
0.061953999687254485
0.0659212847003298
0.06622646601361759
0.07001064003634869
0.06244228916236377
0.06640957434259168
0.07422206569438922
0.08056969636997988
0.08136315666895205
0.08514733316625378
0.08203454971308749
0.0898470402741377
0.08887047937775361
0.09064049894446458
0.09393639734722672
0.09228844826906751
0.09912438562963247
0.09381432728195899
0.0973543662486412
0.10254235454027408
0.10089440520829304
0.1040682335350471
0.10785241314390309
0.10443444422496675
0.09521813575730156
0.09649987343726621
0.10028405370330268
0.09765954038094271
0.1054720419606979
0.10986657313321926
0.11163659272337767
0.11542077235437609
0.11328454205947547
0.1210970418884184
0.087893916898659
0.09161706142990736
0.0939363973674073
0.09521813564865508
0.10010094814865517
0.0986971395549015
0.10126061611740197
0.10742516689864844
0.10382409267990214
0.11090417080489343
0.11371178799239398
0.10638756924240216
0.10205407314864802
0.1052889364298984
0.10809655361739401
0.10840172939865228
0.11426110439863973
0.1127962606486487
0.11651940517989434
0.11932702236739443
0.12012047939863905
0.12597985439863962
0.11139245205488116
0.11444420986739753
0.12060876064864141
0.11749596767989132
0.12359948330485099
0.12689538174238396
0.12054772549238482
0.1333040731486247
0.13019128017988202
0.13348717861737386
0.12695641689862946
0.14014001064861764
0.1367830770548702
0.12359948330488289
0.13629479580481102
0.13983483486736378
0.1464876668986007
0.1433748739298698
0.14947838955476245
0.1532625692423358
0.14691491299236117
0.1266512411173833
0.13330407314862686
0.1297029989298838
0.14007897549236997
0.13275475674238402
0.11426110439853907
0.1170076864297031
0.12030358486726367
0.11963219814876558
0.12646813564848747
0.12213463955609868
0.1256746786176032
0.13183922939895265
0.12921471767970288
0.13434167080641346
0.13812585049281312
0.1327547567422117
0.12451501065059092
0.1267733114283971
0.13055749111927345
0.1289095418862999
0.13672204190040155
0.13916344814843656
0.14191003017973458
0.14569420986716336
0.14453454189918266
0.15234704189839232
0.13965172939862774
0.14337487392987064
0.14667077236737103
0.14697594814861228
0.1538118856486134
0.15045495205485532
0.15399499111735415
0.16113610439859521
0.15753503017985482
0.16461510830483864
0.16839928799233597
0.16107506924235543
0.15381188564860399
0.1570467489298536
0.1608309286173465
0.16015954189856849
0.1679720418985881
0.1684603231485965
0.17218346767983633
0.17596764736733708
0.17578454189857584
0.18359704189857667
0.003725659317997716
0.0036035890054974063
0.007327327197375891
0.003481518692997075
0.01080647124789599
0.0033594483804967558
0.006839045947374608
0.010074049372894061
0.01044026031039505
0.009707838435393086
0.013186875425223614
0.014163437925226216
0.003237378067996427
0.0031153077554961
0.006350764697373298
0.0029932374429957826
0.009341627497892122
0.017398309016455386
0.016787957453953756
0.02051110382889615
0.016177605891452104
0.02350182692038666
0.002871167130495452
0.0058624834473719935
0.008609205622890085
0.008975416560391103
0.008242994685389242
0.011233750425218793
0.012210312925220929
0.013736199641448014
0.014346551203948316
0.01758141632889046
0.014956902766448895
0.02008385817037841
0.020938350357883256
0.015567254328950352
0.013125848078941738
0.016116572578875485
0.018374873795323335
0.019229365982855254
0.017520381607891912
0.020511104366973357
0.022464229366841122
0.01904626007889207
0.021792842545383294
0.022647334732884404
0.02441735436688592
0.026370479366887082
0.0027490968179951225
0.002627026505494787
0.00537420219737067
0.0025049561929945214
0.007876783747888968
0.0023828858804943666
0.004885920947370122
0.00714436187288333
0.00751057281038843
0.006778150935370217
0.009280625425186904
0.01025718792521648
0.002260815567993976
0.0021387452554921913
0.004397639697362286
0.0020166749429892956
0.006411939997873511
0.012515496516420782
0.011905144953908924
0.014651728828860372
0.011294793391520213
0.016665889420747176
0.029117061422399733
0.028018428609897422
0.031741573146878144
0.026919795797378326
0.03424401455444047
0.02582116298483459
0.02930016689680013
0.03155846767952761
0.03290124111689707
0.03021569424256987
0.03369469814936643
0.03662438564847194
0.024722530172339843
0.023623897360109412
0.026858760647259575
0.022525264548190465
0.028872920805577594
0.03888268643016515
0.03729577236841769
0.04101891689988643
0.035708858305808056
0.04303307705493116
0.0018946046304950262
0.003909358447388411
0.0056795181231639996
0.006045729060473131
0.005313307185330964
0.007327500424501681
0.008304062925433661
0.008853387134001692
0.009463738701912815
0.011722041324860585
0.01007409026680786
0.013247920659146914
0.014102412851333988
0.010684441829347233
0.008243035575099845
0.010257197581382927
0.011538936398489099
0.012393428496472214
0.010684444285581528
0.012698604541251528
0.014651729396113422
0.013186885079483037
0.014956905044647473
0.01581139723361083
0.01660485435757489
0.01855797936761018
0.013736201580997233
0.014834835012095223
0.01709313575923256
0.015933467837179895
0.01813073248674312
0.019473506799046837
0.01703210053354822
0.021975948137605235
0.02081628038593642
0.02215905371138314
0.01953454196765554
0.02490563576689058
0.02350182706005484
0.018130733289501558
0.023013544652895956
0.02460045977852216
0.02734704172466313
0.026187374147844007
0.0283846381117337
0.030215693978471687
0.02777428813390659
0.019229366097938606
0.02197594813275651
0.020327998918732486
0.024844600476520828
0.021426631735404027
0.012637567294137245
0.01465172724400356
0.01544518392205287
0.016787957545811125
0.014102415502724435
0.01611657626869386
0.019046258200042313
0.01666590528944325
0.018252807284827578
0.02051110855530841
0.0198397156262437
0.021060436870789588
0.022891480085307836
0.021426629203285
0.015079004738579762
0.017093164329844972
0.017398345274922414
0.01922939428007993
0.015567287820311545
0.017581448141009044
0.021487694587104013
0.023929070551045886
0.024722528628427692
0.026553582238719904
0.025393921880266523
0.029300164261974106
0.024417354396892826
0.02618737392137195
0.02753014736619487
0.027835323132846444
0.030765010646642547
0.02936120208353188
0.03094811610271623
0.03418297938642831
0.03253503016688861
0.0357088583634863
0.03753991298406224
0.03412194423904235
0.030765010811730425
0.03204674912808356
0.033877803799709935
0.03320641654202135
0.03711266709734587
0.03760094814362143
0.03937096766292372
0.04120202236048281
0.04101891689559846
0.04492516688970821
0.0017725343180279634
0.0016504640055504964
0.003421077197484276
0.0015283936928256977
0.004947096245588557
0.0014063233796294578
0.002932795944587855
0.0042146743788682856
0.004580885305378632
0.0038484634900527873
0.005374375519230881
0.006350937919281745
0.0012842530674884924
0.0011621827621565103
0.0024445147211220207
0.0010401124642457323
0.003482252590316836
0.007632684058704927
0.00702233258685332
0.008792353991717579
0.006411980946745985
0.009829951770348854
0.0009180421193059323
0.0019562333937252537
0.002749829335830652
0.0031160413659257367
0.002383617500813854
0.0034212481939055062
0.00439781249229914
0.003970582872137023
0.004580924342521444
0.005862665098735404
0.005191275433997207
0.006411994947571658
0.007266474887264016
0.005801628592540622
0.0033602558056522206
0.004397855806402916
0.004703044672393157
0.005557524035318938
0.0038485368324652942
0.004886134339821801
0.006839261911969879
0.007327509013008418
0.008120964718806828
0.00897545834374861
0.008792354692945821
0.010745477682213398
0.0007959715573469686
0.0006739007953440168
0.0014679505696646709
0.0005518317780328233
0.002017412182515215
0.000429772417916855
0.0009796915045780065
0.0012850514419550712
0.0016512249597974836
0.000918828693537995
0.0014681646804870162
0.002444718897482257
0.0003077378103342649
0.00018571969002085544
0.0004914682947688167
0.0027499257629976883
0.0021395533887881013
0.0029330099254990297
0.01153893360454146
0.010440304715158683
0.012210324984740631
0.009341684696468022
0.01275965464414357
0.008243069879247413
0.009768948096819796
0.010074130176770106
0.011416896629830926
0.008731349552140884
0.010257228658481273
0.013186915506500108
0.007144445905926964
0.006045802350502295
0.007327540772916693
0.01349209677603343
0.011905178076471463
0.013675197798310456
0.046695186410973866
0.04461999112095699
0.04834313566001685
0.04254479589675203
0.04986901468005868
0.040469600704300154
0.04394860462037839
0.0452303427625433
0.04754967884550579
0.042911006106717955
0.046390009923336736
0.05127282337970285
0.038394405330986606
0.036319209417032663
0.03955407260489835
0.03424401287218954
0.04059166893344028
0.052554561428882554
0.0499910840553848
0.05371422850331366
0.04742760629033932
0.05475182493627952
0.03216881661690224
0.03515953930007262
0.03595299835148225
0.038272332308522033
0.033633668905898514
0.0366243918095753
0.041507195639723014
0.03717371830852086
0.03973718500042249
0.04297204848154
0.04230065503772032
0.04352137451552808
0.04632898225563992
0.04486412929153938
0.034610251361101185
0.03760097374149264
0.03790615474203587
0.040713766457355985
0.03509853877765966
0.03808926150561144
0.04394862950645442
0.04834313326217833
0.04913659293442951
0.051944207550144075
0.049807986325089475
0.055667352154194646
0.03009362287833338
0.02801843394547582
0.03076501628586284
0.025943249521868595
0.03131434331949284
0.023868065247845703
0.026370506258920484
0.026675687117950722
0.028995017616939348
0.024356350895504773
0.02685879241329126
0.03174159931866784
0.02179287543512993
0.01971767876013722
0.02197597967806942
0.032046780238393496
0.02948330423232566
0.032229886353497675
0.05646081204276264
0.05340906069195267
0.0571322053580283
0.050357311956414824
0.05768153064072501
0.04730556288678281
0.05078456659654722
0.051089747765687074
0.05438564063414413
0.04779385151931631
0.051272855469245454
0.05810878499814034
0.044253810592724194
0.041202054538094
0.04443691787578817
0.05841396624350019
0.05487392972609126
0.05859707429032217
0.18732018642982579
0.19134850674232673
0.183291866117326
0.1909212606485765
0.17926354580483056
0.19440026455483356
0.19867272549232562
0.17523522549233994
0.18262047939859172
0.18585534267983944
0.19012780361734327
0.1815828817422887
0.18896813564852594
0.1977571981485943
0.1712069051798431
0.16717858486731002
0.17431969814855006
0.16315026455471798
0.17731042080468307
0.2009920614298302
0.2055086629923495
0.19647545986726256
0.2041048543984954
0.19195885830465104
0.2070955770546285
0.21185631924223758
0.15912194424213544
0.1660189168983831
0.16876549892994308
0.17303795986713605
0.16449303799336412
0.1713900106497649
0.18017907314839476
0.17389245205701975
0.17840905361866546
0.18555016690006357
0.18292565518011183
0.1880526083070107
0.1928133504939567
0.18744225674215984
0.169375850492743
0.17627282314854226
0.17853112392080034
0.18329186611678883
0.17377038172202397
0.18066735437748416
0.1904329793974851
0.1948275106484318
0.1975740926803155
0.20233483486720888
0.20019860440034348
0.20996422939850962
0.1550936239298134
0.15106530361807083
0.15771813564946535
0.14703698330669224
0.16022057705690657
0.14300866299398435
0.14941735440001003
0.1516756551749407
0.1559481161184781
0.14740319422618625
0.15381188563126486
0.1626009481493888
0.13898034267678372
0.13495202235371806
0.1411165731336752
0.13092370203246073
0.1431307332824317
0.16485924892292306
0.16034264734892345
0.16699547937917325
0.1558260457833667
0.1690096395352615
0.21271081143056308
0.21771569424219755
0.2077059286192188
0.21533532315057347
0.2027010458068635
0.21783776455648696
0.22308678799464354
0.19769616299063483
0.2050814168962367
0.20733971766650894
0.21258874111432924
0.20209069421958908
0.20947594812554748
0.22021813564469672
0.19269128016864168
0.1876863973455612
0.19482751062626077
0.18268151453808223
0.19684167079177284
0.22247643641444798
0.2279696004884771
0.21698327234411213
0.2246126668757255
0.2114901082962764
0.2266268270523104
0.2323641317161424
0.12689538173533638
0.1328157918950963
0.13458581150539117
0.13885827236767306
0.1303133506775212
0.13623376084055633
0.14502282315304071
0.1377596397637568
0.14227624131541344
0.14844079210208888
0.14679284277147314
0.1499666709982262
0.15472741320058392
0.15130944425117251
0.13324303792396563
0.1391634480527532
0.1404451855861401
0.14520592849382669
0.13568444248476935
0.14160485261633787
0.15137047924726882
0.15771813566204151
0.1594881552871495
0.16424889738562098
0.16113610461090397
0.17090172942188464
0.14264244990017405
0.14764733306238342
0.1538118838227816
0.15265221676039564
0.1548494811888273
0.16009850489741487
0.15765710031315333
0.16650719628617233
0.1653475291895114
0.17059655338250374
0.16406579169154567
0.17724938538607843
0.175845577207686
0.16266198347937044
0.16754479373003311
0.17303795798894955
0.17969079000564847
0.17853112287332895
0.18072838752305426
0.18646569233617716
0.18402428770231444
0.16766686633305805
0.17431969836705827
0.17267174905216015
0.18109460071291889
0.17767663177080667
0.1376375682489992
0.1435579784681184
0.1443514390679474
0.14960045899829932
0.1391024214372369
0.14502283163531737
0.15576500983956948
0.14557215520640537
0.15106531214430446
0.15722986296434416
0.1565584704598879
0.15777918643358874
0.16351648409556696
0.1620516309919603
0.14007899826697404
0.14599940837433845
0.14630458995231305
0.15204188879698788
0.1405672892088834
0.1464876993522365
0.1582064395347256
0.16846032245550613
0.16925378309211025
0.17499108423024345
0.16992517553808972
0.18164391631621013
0.18457360443236231
0.1863436240663028
0.1915926474065276
0.18799157337065647
0.19873376069328047
0.18951745218362803
0.19501061634028855
0.20215172962183642
0.20050378032942723
0.20367760840760596
0.2094149132153131
0.20599694429259247
0.19092126033125068
0.19220299781164005
0.19794030327292153
0.19336266498044868
0.20508141652735012
0.21338219820449178
0.2151522178414531
0.22088952242866267
0.21680016712073508
0.22851891696658605
0.12286706148922652
0.11883874128696106
0.12451501082631744
0.11481042103270608
0.1260408897754326
0.11078210052966345
0.11621422941034056
0.1174959670024152
0.12176842860286789
0.11322350510598485
0.11865563397826955
0.12744469810737152
0.1067537795927056
0.10272545830716068
0.10791344654889543
0.0986971372938456
0.10895104356016719
0.12872643566682532
0.12420983316559425
0.1298861026678089
0.11969323108451016
0.13092369986500813
0.09466881769346272
0.09961266542408055
0.10040612587233166
0.10467858346588824
0.09613367102070114
0.10107751873946447
0.10986657181881157
0.10162684284680093
0.10614343676709323
0.11133142510396102
0.11066003231909252
0.11188074905366352
0.11664148375039851
0.11517663048279997
0.09711024878874772
0.10205409636416682
0.10235927786448265
0.10712001425727342
0.09759853925962972
0.10254238691576914
0.11230800246766098
0.12060875945782223
0.12140221999925342
0.1261629587438629
0.12207361270669886
0.13183922834091932
0.09064050065653917
0.08661218650802378
0.09131189361038053
0.08258387420018523
0.09186121789565718
0.07855556167363528
0.08301112797333238
0.0833163093963438
0.0875887645928102
0.07904385173584383
0.08349941815207845
0.0922884715314641
0.07452724706684988
0.0704989298313781
0.07471035562903194
0.09259365299688671
0.0880770548779772
0.09277676191376051
0.13263268891492863
0.12762781197312215
0.1333040815498996
0.12262293651608355
0.1338534052337793
0.11761806099496003
0.12305018983883424
0.12335537138907196
0.12860438899897714
0.11810635174742823
0.12353848064620315
0.13428065847510895
0.11261318399602499
0.10760830488234763
0.11279629315951993
0.13458584004168545
0.12909267985596495
0.13476894937682432
0.23028893660186067
0.23627038181283108
0.22430749133845906
0.23193688586473865
0.21832604587987497
0.23346276459584808
0.23968835073015177
0.21234460009460948
0.21972985397439765
0.22101159145056865
0.22723717816860317
0.21478600479497478
0.22217125869340176
0.23486657266811006
0.2063631540041998
0.20038170793838556
0.20752282120989612
0.1944002625673104
0.20856041886234628
0.2361483101510325
0.24261803750665234
0.22967858290453153
0.23730797743997922
0.22320885640816585
0.23834557522336614
0.24505944219360765
0.18841881871344507
0.1953157914219872
0.19610925208192614
0.20233483444187572
0.1898836717344512
0.19678064442311977
0.2094759477731648
0.1973299676387541
0.2037996874235029
0.21094080073574467
0.21026940844143416
0.21149012388056343
0.21820398435945587
0.21673913141573464
0.1908602479438996
0.19775722056884282
0.19806240215311183
0.20477626350785444
0.19134853907849542
0.19824551171485277
0.21191737676092692
0.22412438537083182
0.22491784604611975
0.2316317096307568
0.22558923829680944
0.23926110423873653
0.1824373769657861
0.17645593729201706
0.1831087693574429
0.17047449891495114
0.18365809265012306
0.16449306058737112
0.17090175195475832
0.17120693354282934
0.1774325136367343
0.16498135165089817
0.17139004304023525
0.18408534563315837
0.15851162111970107
0.1525301798069706
0.1586947305731663
0.18439052722086208
0.17792080474124164
0.18457363675397692
0.24005456491647026
0.24701256898435436
0.2330965625390588
0.24072595711548794
0.22613856137589172
0.24127528011961874
0.2484774219693199
0.21918056032763122
0.22656581420869684
0.22687099577756897
0.23407313840419475
0.2196688514953847
0.22705410537898962
0.2417025328959802
0.2122225583390173
0.20526455466307983
0.2124056679232756
0.2420077144500274
0.249453997826604
0.23456142958122653
0.2421908240423986
0.24994228917560746
0.02325936508005075
0.03876148930309813
0.03076466158996124
0.05426424322678162
0.03815026783055216
0.06976720989592305
0.06152652764624095
0.06866789482030414
0.05340910277172539
0.08392667785450922
0.07568687632160506
0.04541343789541158
0.08527017848719659
0.10077311734162234
0.09228827142423168
0.11627604445493511
0.09918546388761482
0.05255456585768775
0.0675692133838117
0.05957360456854598
0.08258386080713992
0.06647057699892814
0.13177897162683616
0.12304998288014538
0.12970304205017974
0.11444425263702096
0.14496183130898194
0.1362337504307299
0.10596031271776177
0.14264245448022594
0.12762780602515097
0.11914391633417692
0.11261315751594983
0.1255526084505002
0.110782100639322
0.09759850900570555
0.15765710291207308
0.14892907258404547
0.15509362406334115
0.14032311625460642
0.16986413187563598
0.16113610436590903
0.1318392293683235
0.08935875989454845
0.09601159278681393
0.08124108486904505
0.10254235437708285
0.07324547927281466
0.14728190070361832
0.16278483054722065
0.15381170211221784
0.17828776039761549
0.1602206203970074
0.1937906901264546
0.18457342097623913
0.19073819848656753
0.17547940943787738
0.20599698754654044
0.1967806254236669
0.1665071879313086
0.20929361980394748
0.22479654948019193
0.2153351396946515
0.2402994791645569
0.2212557766102291
0.17267175134362195
0.1876863997794383
0.1787142288274517
0.20270104821727603
0.18463463968872235
0.0798983114242126
0.09442467863440082
0.08642907315645297
0.10895104581864584
0.092837764558441
0.12347741300076365
0.11523766689707686
0.12140221767946976
0.10711999111759701
0.13568444424230758
0.1274446981481654
0.09912438564822075
0.13800378018642373
0.15253014737407627
0.1440462606462114
0.16705651456197346
0.14996667080506698
0.10528893642931608
0.11932702236713791
0.11133141689844585
0.1333651083047797
0.11725182705483336
0.25580240885262195
0.24609685844627727
0.25177335473638707
0.23651456567368406
0.2670321437987837
0.2573275004246959
0.2270540629246512
0.26275964196769996
0.24774499353028256
0.2382845413284186
0.23273034509284676
0.2437166709388491
0.22894616312641775
0.21771569665523174
0.2777742904051457
0.2680696975782911
0.2732576865637698
0.258487178751306
0.2880281943762335
0.27832360436627845
0.24902672936635112
0.20849938507844668
0.21417565531400434
0.19940514750151134
0.21972985436645126
0.19043297936656417
0.2832674520617735
0.2687410848743126
0.25928063564633663
0.2542147176868493
0.264224483304773
0.24994225674231063
0.23968835049938542
0.24072594814808246
0.23566003017984827
0.22137780361738438
0.23047204189640935
0.21240563564815534
0.20709557705492
0.22516198331192366
0.24566979580445306
0.2316317098669901
0.22265954189824824
0.21759362392952752
0.2276033895545032
0.21380944424204051
0.20355553799206377
0.21063561612447812
0.20166344814649573
0.19610924893705212
0.19281335049246529
0.18158288174959908
0.2977938192492351
0.2880892293962587
0.29278893642969667
0.27850670986723514
0.30707116299215936
0.2973665731479307
0.26904626064800585
0.3018221395543038
0.2877840536168414
0.2783236043980991
0.2737459676793782
0.28277917080435666
0.26898522549189263
0.25970788174191506
0.31586022549176584
0.30615563564802517
0.3103670614292823
0.2965731161168195
0.32416100674174375
0.31445641689802983
0.2871126668981049
0.25049157314817394
0.2551912801794298
0.241397334866966
0.25976891689817727
0.23242516689825005
0.17285485439662457
0.1785311239300288
0.16424889736759457
0.18408532314823245
0.15576501064835668
0.18951745205459836
0.17547936611713721
0.1669954793983922
0.161441280179691
0.1724276083046471
0.1586336629921828
0.14740319424225679
0.19482751064832088
0.20001549892957665
0.18622155361711284
0.20508141689832377
0.1777376668983949
0.13916344814850484
0.14483971767972834
0.13104577236728776
0.1503939168984647
0.12305016689856366
0.2713053385408851
0.2868082682285914
0.27685857719687557
0.3023111979160136
0.28229093286116436
0.3178141276034075
0.307620295946623
0.3128085109860531
0.2975497219235955
0.32806730004851375
0.3178743754244654
0.2876009379245501
0.33331705729083994
0.3488199869782953
0.33838201469653484
0.3643229166657542
0.34332608911097096
0.2927889388426028
0.3078035872800621
0.2978548538282134
0.3228182357175193
0.30279870218868954
0.3798258463532094
0.36914373344644946
0.3738436672358809
0.35858487817342516
0.38910245629833473
0.3784212504242884
0.3481478129243779
0.3828768294673408
0.3678621810298853
0.35742516632803845
0.3528475325924306
0.361880733438516
0.34711022562605864
0.33783288415497503
0.3978914779047955
0.3872103225779495
0.39142174906342564
0.3766512412509706
0.40619225687588334
0.3955111043659352
0.3662142293660223
0.3276400100781264
0.33233971781360205
0.3175692100011467
0.33691735436610937
0.30762047936619574
0.39532877604066397
0.410831705728118
0.3999054521963581
0.42633463541557126
0.4043612453607893
0.44183756510302385
0.4306671709462654
0.4348788234856972
0.419620034423243
0.45013761254815643
0.4389681254241108
0.4086946879241977
0.4573404947904778
0.47284342447793876
0.46142888969617935
0.4883463541654095
0.46539640161062446
0.4129061263422499
0.42792077477970836
0.41699547882786225
0.4429354232171754
0.42096276468834914
0.31232018643669124
0.3268465536241496
0.31689782314617854
0.34137292081160586
0.32135338955461634
0.3558992879990624
0.34570641689609316
0.3499178426795304
0.3356356161170738
0.36420006924198767
0.3540071981477658
0.32568688564785153
0.37042565518651804
0.38495202237397547
0.37451501064600656
0.3994783895614399
0.3784822958044507
0.3298983114292232
0.3439363973666806
0.33398766689794523
0.3579744833041425
0.33795495205420467
0.12872643642979292
0.14227624111725268
0.1342806356485396
0.15582604580471765
0.13971276455479176
0.1693758504921835
0.16113610439847004
0.16632409267972126
0.15301842861725695
0.1796297567421863
0.17139001064847215
0.14502282314854306
0.18292565517964754
0.1964754598671119
0.18799157314839893
0.21002526455457626
0.19293542080465043
0.15021081142979337
0.16327233486725817
0.1552767293985436
0.17633385830472303
0.1602205770547939
0.22357506924203974
0.21484704189832832
0.2195467489295806
0.2062410848671155
0.23285241299204484
0.22412438564833284
0.19775719814840204
0.2285799520545851
0.21551842861711928
0.20703454189840526
0.20245690517965365
0.2114901083046568
0.19867272549219134
0.18939538174218876
0.24164147549205012
0.23291344814833742
0.23712487392958975
0.22430749111712323
0.2499422567420547
0.24121422939834164
0.21582360439840853
0.18115563564847403
0.18585534267972498
0.17303795986725948
0.19043297939847592
0.16504235439854426
0.23712487392950332
0.2506746786169677
0.24170251064825615
0.2642244833044314
0.2461580770545091
0.27777428799189585
0.2685579793981849
0.27276940517943815
0.25946374111697423
0.28607506924190196
0.2768587606481907
0.2504915731482621
0.29132409267935877
0.3048738973668218
0.2954134481481117
0.31842370205428555
0.29938073330436543
0.2547029989295149
0.2677645223669797
0.2587923543982671
0.28082604580444315
0.26275963955451875
0.16974206142979456
0.18231530361726073
0.17431969814854478
0.19488854580472684
0.1787752645547951
0.2074617879921939
0.1992220418984778
0.20343346767972886
0.19110436611726192
0.21576256924219658
0.20752282314847992
0.18310876064854534
0.2200350301796602
0.23260827236712706
0.2241243856484118
0.24518151455459283
0.22809167080466258
0.18732018642979567
0.1994051473672634
0.1914095418985462
0.21149010830473053
0.1953768270547958
0.5038492838529212
0.4921906084461575
0.49591397973561335
0.48065519067313667
0.5111727687980141
0.4995150004239812
0.4692415629240916
0.5029940169669471
0.4879793685295909
0.47656579132775645
0.47296472009217594
0.4800447959381477
0.46527428812578875
0.4579500716546895
0.518008665404418
0.5063509475775646
0.5095858115634166
0.49481530375058075
0.5243563193769152
0.5126986043668789
0.48340172936562975
0.44678063507784355
0.45050378031335925
0.43573327250086424
0.45410485436585113
0.4248079793659154
0.5156893270636129
0.5011629598748313
0.48974938564677534
0.4866365926864208
0.49274010830646886
0.4784578817426707
0.47211022549866943
0.46728844814836434
0.464175655179358
0.4498934286166867
0.46094079189570203
0.4389681356474704
0.43561120205430814
0.45758385831126736
0.47027917080598436
0.4562410848671965
0.44531579189838066
0.4422029989289895
0.44830651455585246
0.43451256924210135
0.42816491299139253
0.44305749112390147
0.43213219814594184
0.4285311239364572
0.4213289754919315
0.41400475674895487
0.5302156942512224
0.5185579793983277
0.5213045614288041
0.5070223348693697
0.5355867879829637
0.5239290731393279
0.4956087606501952
0.5264315145353389
0.5123934286088293
0.50097985439068
0.4983553426791397
0.503482295786481
0.48968835048506254
0.48431725674414433
0.5404696004688379
0.5288118856248656
0.5310701864231646
0.5172762410934797
0.5448641317904095
0.5332064169436377
0.5058626668746393
0.47314782315043
0.47589440517978554
0.4621004598692362
0.47851891689193393
0.45117516690052145
0.4033236043959849
0.4070467489294728
0.39276452236696485
0.41064782314771753
0.3823275106477416
0.4141268270540298
0.4000887411166394
0.38965172939791015
0.38605065517916703
0.39313073330412085
0.3793367879917143
0.37201256924165493
0.41748376064766607
0.4207186239290053
0.4069246786164752
0.42383141689831705
0.3964876668977777
0.361819698147918
0.3655428426792295
0.351748897366715
0.3691439168980093
0.34180016689800397
0.5352205771820906
0.5216707724093658
0.5102571981875959
0.5081209676701461
0.5122713584252234
0.49896569427833015
0.49457116296835424
0.4877962606815732
0.48566003016734355
0.4723543660934484
0.48340172937462406
0.4614290731248297
0.4590487020391095
0.48102135828774706
0.48981042091803123
0.4767488973973272
0.46582360442559745
0.4636873739147793
0.46783776466052196
0.455020381766387
0.4506258504687669
0.4674715536113012
0.456546260643162
0.45392174893038356
0.4457430379875137
0.44037194424429427
0.44433922941969933
0.4422029989124783
0.42938561609431414
0.4399446981252618
0.4189486043759232
0.4165682332920805
0.4375643270405579
0.4037508504898059
0.4140657918955041
0.41144128018135273
0.4245028036136864
0.39837975674425596
0.4086946981505347
0.43506188564435616
0.39355797939659176
0.39093346768171305
0.3781160848691649
0.38818688565046644
0.3681673544003536
0.3652987020552986
0.3853182333054436
0.4324373739309081
0.4191317098693004
0.42969079190055415
0.4058260458055877
0.42682213955572523
0.446353389652704
0.4337801473855397
0.4233431356639138
0.42120690516046316
0.4253572958945945
0.41302819425482484
0.40863366297008996
0.40283532315827975
0.40069909265876236
0.3883699910960966
0.398440791876815
0.3784212606279357
0.3760408895452838
0.39606042079366144
0.40484948338621196
0.3927645223742825
0.38281579190284076
0.3806795614074012
0.38482995212758175
0.3729891317439591
0.36859460047232995
0.3834871786158589
0.37353844814760484
0.370913936431986
0.36371178799182846
0.3583406942440325
0.4132723348670364
0.4028353231482593
0.399722530179054
0.3925203817419849
0.38617272549158194
0.3823275106482149
0.37921471767911585
0.3659090536166917
0.3759798543978871
0.35596032314799725
0.3526033895543321
0.37262292080422843
0.37225670986694803
0.3623079793981863
0.35919518642918924
0.35248131924192827
0.3461336629918018
0.35907311611680415
0.349124385648098
0.3455233114293087
0.33929772549188963
0.3319735067417935
0.5487703819438614
0.5371126670989133
0.5388826866135625
0.5255770225663177
0.5521883504607792
0.5405306356269597
0.5141634483460735
0.542056514077822
0.528994991105618
0.5175814168967519
0.5159334678704872
0.519107295357452
0.506289913000356
0.5028719444381753
0.5551180368482138
0.5434603220187508
0.5447420596767665
0.5319246775020459
0.5575594423052295
0.5459017274559609
0.5205111032981056
0.4917025108426212
0.4934725303768316
0.48065514755940664
0.49512047941642523
0.46972985458852723
0.5469393258568772
0.5343660829192713
0.5229525086951641
0.5217928409418213
0.5239901070674369
0.5116610047836392
0.509219599406938
0.5004915711847002
0.49933190345789447
0.4870028025629548
0.4980501658285521
0.47607750961015627
0.47467370166847617
0.4966463578876647
0.5015291695274344
0.48944420789834764
0.47851891492458565
0.4773592472250544
0.4795565132368192
0.467715692263415
0.46527428697016426
0.4840731161449555
0.47314782318594206
0.4714998741325396
0.46234460053937754
0.45892663192997996
0.5595125701974497
0.5478548553242826
0.5486483160735831
0.5363192107633512
0.5609774228311861
0.5493197079636316
0.5249056365146487
0.5498690304688483
0.537784063408439
0.5263704891656125
0.5256990972605258
0.5269198116993685
0.5150789852351524
0.5136141325781653
0.5619539976014901
0.5502962827646007
0.5506014638981451
0.5387606382402981
0.5624422878049251
0.5507845729930511
0.5273470640285871
0.5024446989538939
0.5032381596964113
0.4913973356418233
0.5039095516170635
0.48047204264194465
0.44824547958376215
0.45001549913755545
0.4376863975498685
0.4516634482052573
0.42724938582829675
0.45318932669989875
0.44110436618357307
0.43066735447431903
0.4290194053918137
0.43219323298194434
0.42035241307748583
0.4169344444190417
0.45459313464299034
0.45587487224338064
0.44403405262864315
0.45703453991483944
0.43359704092713514
0.4067415733221015
0.40851159289524364
0.39667077253747085
0.4101595419930665
0.38672204206514793
0.32226891689808285
0.32599206142938564
0.31268639736687087
0.3295931356481807
0.3032259481481593
0.33307213955443016
0.32001061611696957
0.310550166898258
0.30694909267945936
0.31402917080452175
0.3012117879920444
0.29388756924194637
0.336429073148107
0.33966393642927306
0.32684655361691073
0.34277672939817583
0.31738610439821446
0.2846712606482339
0.2883944051795304
0.27557702236702
0.29199547939833026
0.2666048543983065
0.3457674520551589
0.33319420986692816
0.3237337606481847
0.32062096767936676
0.326724483305028
0.3143953817419465
0.3080477254920171
0.30517907314821413
0.3020662801794661
0.289737178617117
0.2988314168983177
0.2807650106484154
0.2774080770546836
0.295474483304607
0.3081697958049143
0.2960848348669861
0.28711266689826387
0.2839998739295706
0.2901033895548232
0.27826256924204573
0.27191491299221104
0.2829012411171151
0.273929073148398
0.2703279989295998
0.2650789754921801
0.2577547567420925
0.34863610440020165
0.35138268643216686
0.3390535848688626
0.35400719814852866
0.3295931356500172
0.35650963954693005
0.3444246786177021
0.33496422939934845
0.3323397176822569
0.33746667079857673
0.32562585049346426
0.320254756743665
0.35889001062928017
0.3611483114064059
0.34930749109878345
0.3632845418976456
0.33984704188084
0.31103844814980863
0.31378503018225656
0.30194420986844794
0.3164095419000493
0.2929720418995856
0.2490267293983772
0.25274987392966564
0.24042077236716142
0.25635094814846204
0.23193688564844595
0.259829952054754
0.24774499111724244
0.23926110439852294
0.23566003017973056
0.24274010830481765
0.23089928799230203
0.2235750692422292
0.26318688564850556
0.26642174892967674
0.254580928617297
0.2695345418983331
0.246097041898587
0.21533532314851261
0.2190584676797941
0.2072176473672947
0.22265954189858156
0.19922204189857695
0.5193522135404258
0.534855143227839
0.5229523271960654
0.5503580729152182
0.5264315578604128
0.565861002602817
0.553714045946057
0.5569491359860194
0.5416903469229675
0.5722079250497014
0.5600618754255262
0.5297884379238702
0.5813639322910277
0.596866861979949
0.5844757646978268
0.6123697916686719
0.5874667141133181
0.5330233138423812
0.5480379622809961
0.5361361038290215
0.5630526107197025
0.5391268271906924
0.6278727213548929
0.615237483447735
0.6179842922322254
0.6027255031749483
0.6332430812849124
0.6206087504113795
0.5903353129259901
0.6231112044454943
0.6080965560174869
0.5957064163161564
0.5930819075894984
0.598208858417193
0.5834383506147025
0.5780672591566882
0.638125852885852
0.6254915725583459
0.6277498740717291
0.6129793662307483
0.6425203819490417
0.6298861044360806
0.6005892293452272
0.5659212600799266
0.5686678428113765
0.5538973350030212
0.5712923543552854
0.5419954793681332
0.643375651035927
0.6588785807117485
0.6459992021826797
0.6743815103890283
0.6485018703384633
0.689884440082738
0.6767609209305043
0.6790194485018572
0.6637606594055951
0.6942782376331581
0.6811556255062095
0.6508821879059905
0.7053873698108305
0.7208902995798012
0.7075226397831389
0.7363932293653139
0.7095370267788584
0.6531405013545115
0.6681551498588258
0.6552767289040156
0.683169798380195
0.6572908898463048
0.5447420614351339
0.5592684286138636
0.5473665731364363
0.5737947957909337
0.5498690145347176
0.5883211629777423
0.5761751668742956
0.5784334676802878
0.5641512410948492
0.5927156943029959
0.5805696982057007
0.5522493856252492
0.602847530190979
0.6173738974410907
0.604983760710075
0.6319002647140111
0.6069979209513124
0.5545076864264344
0.568545772421533
0.5566439169497064
0.5825838584449679
0.5586580771886658
0.75189615909961
0.7382843586447274
0.7400546048515502
0.724795815880776
0.7553133936106357
0.7417025002443846
0.7114290631308218
0.7432283912742392
0.7282137433602722
0.7148470411681764
0.7131990952163518
0.716372920270615
0.7016024129760671
0.6981844468619293
0.7582430390640018
0.7446321962479593
0.7459139347216833
0.7311434274319972
0.7606844425380977
0.7470736025214824
0.7177767280582303
0.6850618852852792
0.6868319054471554
0.6720613977084122
0.6884798542259818
0.6591829795734618
0.7481112011645281
0.7335848330229139
0.7202181337883973
0.7190584658533177
0.7212557323712147
0.7069735048778918
0.7045320992026431
0.6938509462772428
0.6926912783555359
0.6784090523439701
0.6914095406112343
0.6655306343867005
0.6641268264387068
0.6900057326694522
0.6948885448342634
0.6808504579897929
0.6679720400147551
0.6668123721151271
0.6690096385473399
0.6552156923523165
0.652774286742771
0.6754793659939002
0.6626009480258177
0.6609529990796077
0.6498446003816942
0.6464266319563872
0.7626375706455298
0.7490267307664592
0.7498201915447381
0.7355379612111629
0.7641024231937052
0.7504915833278858
0.722171261965484
0.7510409056230203
0.7370028137750575
0.7236361145344348
0.7229647227385525
0.7241854368541738
0.7103914856062046
0.7089266330327586
0.7650789975017465
0.7514681576637974
0.7517733385628153
0.7379793881384238
0.7655672873097145
0.7519564474960765
0.7246126889255855
0.6958040744121938
0.6965975351819202
0.6828035861039712
0.697268926990323
0.669925168108042
0.6337923546031854
0.6355623740816367
0.6212801475738152
0.6372103230473727
0.6088900108541186
0.6387362014651496
0.6246981160261923
0.612307979317362
0.6106600303399721
0.6138338577424827
0.6000399129210658
0.5966219444474339
0.640140009411398
0.641421747125816
0.6276278023927717
0.6425814150024349
0.6152376656868539
0.5844759483529695
0.5862459678482697
0.5724520225709084
0.5878939168372568
0.5605501671012034
0.7673990886809242
0.7829020180144434
0.7690460769925401
0.7984049470793069
0.7705721821427665
0.81390787599783
0.7998077946063221
0.8010897591192602
0.7858309705575206
0.8163485482215592
0.8022493736094463
0.7719759365731204
0.8294108050723593
0.844913734760427
0.8305695129774532
0.8604166655807907
0.8316073382999923
0.7732576869924769
0.7882723354550638
0.7744173519968874
0.8032869848912246
0.7754549513274552
0.875919597969984
0.8613312350611729
0.8621249225634269
0.8468661297032839
0.8773837167054485
0.8627962607720951
0.8325228144513486
0.8633455956151641
0.8483309413571974
0.8339876766347888
0.8333162878683242
0.8345369995626087
0.8197664859120714
0.8183016356524515
0.8783602498860904
0.8637728445533281
0.8640780260446185
0.8493075132286894
0.8788485372131702
0.8642611347315514
0.8349642513480153
0.8042025115516853
0.8049959730377453
0.7902254614490481
0.8056673646313974
0.7763704807884186
0.8914225321302817
0.9069254678919764
0.8920929623758014
0.922428404679113
0.8926425116352261
0.9379313412036884
0.9228546922533489
0.9231601006326036
0.9079013065561944
0.9384188921006114
0.9233431556782812
0.893069709894242
0.9534342770217522
0.9689371978024252
0.9536164205755094
0.9844399271594763
0.9536776669554198
0.8933749033071102
0.9083895550197442
0.8935580091423699
0.9234042036708443
0.8936190461340319
0.7771639416067911
0.7916903138683911
0.7778353333691645
0.8062166869174198
0.7783846556420321
0.8207430599862996
0.8066439388889133
0.8069491197334594
0.7926668881155784
0.8212313496912398
0.8071322286263626
0.7788119076520789
0.8352694322019021
0.8497958027662036
0.8354525410664209
0.8643221711221603
0.8355135774305249
0.7791170885227332
0.793155177874898
0.7793001974359681
0.8071932649956245
0.779361233812237
0.5623201866061414
0.5758699910659424
0.5639681356071174
0.5894197952703675
0.5654940140487982
0.6029695992936597
0.5908236032131925
0.5921053408995691
0.5787996774454585
0.6054110048282015
0.5932650087285976
0.5668978219904635
0.6165194033872894
0.630069207965122
0.6176790712403769
0.6436190135100719
0.6187166697224165
0.5681795596626997
0.5812410829415664
0.5693392274671096
0.5943026071843471
0.5703768258958342
0.6571688204244124
0.6445345430530749
0.645328003816138
0.6320223359940251
0.6586336730168212
0.6459993956503662
0.6196321992472573
0.6465487180467562
0.6334871885962678
0.6210970518545261
0.6204256600069131
0.6216463742773697
0.6088289854251414
0.6073641328127666
0.6596102475496615
0.6469759702121471
0.6472811512271477
0.6344637631871961
0.6600985375538329
0.6474642602411
0.6220736264748113
0.5952181366905467
0.5960115974467605
0.5831942108805916
0.5966829893081143
0.5712923553828948
0.6707186288744642
0.6842684386867997
0.6713900206956323
0.6978182493351783
0.6719393430660331
0.7113680600252963
0.6982455014375564
0.6985506823941816
0.6852450131623689
0.7118563499308668
0.6987337913676908
0.6723665951997364
0.7249178698533023
0.7384676779950587
0.7251009788066558
0.7520174838795002
0.725162015197258
0.6726717761854606
0.6857333031171271
0.6728548851791748
0.6987948277654787
0.6729159215841471
0.5720858161356501
0.5846590635034452
0.5727572080111356
0.5972323117578981
0.57330653048837
0.6098055600749959
0.5976595639877531
0.5979647450617753
0.5856356382130856
0.6102938501785455
0.5981478541162375
0.573733782750997
0.6223788075192503
0.6349520532409754
0.6225619165534575
0.6475252966532492
0.6226229529727695
0.5740389638547285
0.5861239283665325
0.574222072929429
0.5982088905426917
0.574283109362999
0.20294518642982562
0.21454186611732934
0.20654626064857756
0.226138545804845
0.2100252645548384
0.2377352254923432
0.22949547939859766
0.23273034267979004
0.2213778036173502
0.24408288174212744
0.2358431356484001
0.21338219814860088
0.24933190517975073
0.26092858486709336
0.25244469814835835
0.27252526455472914
0.2554354208046381
0.21661706142982315
0.22772545986717574
0.21972985439845416
0.2388338583045851
0.22272057705457232
0.28412194424319104
0.2753939168992977
0.27814049893190995
0.26678795986790715
0.2894930379945064
0.2807650106509194
0.258304073149021
0.2832674520531008
0.2721590536197939
0.2636751669011287
0.2610506551816123
0.2661776083044076
0.25531335049492293
0.24994225674264087
0.294375850479185
0.28564782313647774
0.2879061239063735
0.2770418661063029
0.2987703817257572
0.29004235438023457
0.26855797938865555
0.24170251064876852
0.24444909268125814
0.23358483486740544
0.2470736044011758
0.2255892293985518
0.29571862393213844
0.30731530361906967
0.2983431356505559
0.3189119833001677
0.3008455770516758
0.33050866297541603
0.3212923543825412
0.32355065515552484
0.31219811610221315
0.33490319423408843
0.3256868856380878
0.3032259481344288
0.34210534265577186
0.35370202236387505
0.3442415731426869
0.3652987021187052
0.34625573335962345
0.3054842489057189
0.31659264735469306
0.30762047938391324
0.3277010458504175
0.309634639591147
0.22833581143085774
0.23895592861988618
0.2309603231510497
0.24957604580555826
0.23346276455652376
0.2601961629835303
0.25195641689092196
0.2542147176591196
0.24383874111082887
0.2645906942195674
0.2563509481246819
0.2358431356432778
0.2708162801575035
0.2814363973473551
0.2729525106271291
0.2920565145818841
0.27496667082271553
0.23810143641130238
0.24823327234248663
0.2402376668729953
0.2583651083137406
0.2422518270548677
0.3768953819050973
0.3671907920573481
0.3689608116492069
0.357608272521897
0.38031335061409866
0.3706087607792019
0.3481478232987416
0.3721346393317527
0.36102624125666427
0.35156579204647237
0.3499178428995936
0.3530916706162941
0.34222741314861094
0.3388094443878793
0.38324303711244706
0.3735384472882066
0.374820184830155
0.3639559277769001
0.3856844422275051
0.37597985237977716
0.35449547857854413
0.32959313578930816
0.3313631553987943
0.32049889750302646
0.33301110456306415
0.31152672952903315
0.3770174505217979
0.3663973328446801
0.35693688362222115
0.35577721610591695
0.35797448172575597
0.3475985047124085
0.345157099693156
0.338382196115252
0.3372225286336521
0.32684655286135555
0.3359407911207536
0.3178743849149812
0.31647057693722325
0.3345369831514601
0.3394197941783775
0.3292879578307636
0.32031578985895726
0.3191561224135866
0.3213533878794731
0.3114656921998503
0.30902428728164977
0.32391686628981475
0.314944698328844
0.31329674914669836
0.30609460068013206
0.3026766318673274
0.3876375696892944
0.37793297981054064
0.37872644053728455
0.36835046024379503
0.389102422435758
0.3793978325666103
0.3588900109890292
0.3799471553173678
0.36981531300996395
0.360354863765844
0.3596834717147501
0.36090418655017764
0.35101648483427994
0.3495516320462114
0.3900789977227731
0.3803744078874714
0.38067958925945766
0.3707918883647521
0.39056728832510046
0.3808626985145537
0.36133143915460286
0.3403353234153056
0.34112878414087155
0.33124108509627104
0.3418001762153066
0.322268917089061
0.29394860451790905
0.2957186241431868
0.28534264748077853
0.29736657334365757
0.27685876075593685
0.2988924519735398
0.2887606163193976
0.2802767296073274
0.27862878038813166
0.2818026082603471
0.27191491320741934
0.26849694434338445
0.3002962599613813
0.30157799744598524
0.29169030295419585
0.30273766485346343
0.2832064162601148
0.260257198243115
0.2620272178813747
0.2521395224550773
0.26367516711964056
0.24414391697894955
0.3884920616477361
0.40008874122101956
0.3901400107613673
0.4116854205145922
0.3916658892978505
0.4232820995384457
0.4130892284626191
0.4143709660338133
0.403018427699668
0.42572350474461573
0.4155306336464176
0.39306969724960594
0.4348787785129321
0.4464754578788298
0.436038446155421
0.45807213819550086
0.43707604440341075
0.39435143480617474
0.4054598328608303
0.3955111023878579
0.4165682318604984
0.39654870056666613
0.46966881995421517
0.4589876675786554
0.4597811283147827
0.44842858551525255
0.4711336726369638
0.46045252026836736
0.43799157376399345
0.4610018428912789
0.44989343821216576
0.43945642646836647
0.4387850344972325
0.440005749122261
0.42914148503697797
0.4276766323248633
0.4721102476588461
0.4614290953227101
0.4617342765759863
0.4508700132991823
0.4725985380623131
0.46191738575113006
0.4404330015882636
0.41748376119784647
0.4182772219284895
0.4074129603829255
0.4189486139180103
0.39746422988008173
0.48126550338117446
0.4928621883113168
0.4819368953179488
0.5044588741799081
0.48248621791051594
0.5160555601294385
0.5048861265428878
0.505191307736242
0.493838763268937
0.516543850432905
0.5053744168713745
0.482913470307589
0.5276522451919942
0.5392489284937413
0.5278353543070267
0.5508456094336751
0.5278963907547042
0.4832186515309116
0.49432705362243357
0.4834017606860803
0.5054354533260741
0.4834627971477762
0.3982576906085187
0.40887781311147503
0.3989290826173857
0.4194979366035382
0.39947840533520274
0.430118060189954
0.4199251891042528
0.42023037041721933
0.40985438833115795
0.4306063506930718
0.42041347963221176
0.39990565787066634
0.4407381828714375
0.45135830375252983
0.4409212920665109
0.4619784222198102
0.44098232854218783
0.40021083921326145
0.41034267888392995
0.4003939484482262
0.42047451611493936
0.4004549849381228
0.2459139366221835
0.2555574913439513
0.24756188588039463
0.2652010457975911
0.24908776458664578
0.27484459987916754
0.2666048538114323
0.2678865912695756
0.2584871780572735
0.27728600469092557
0.26904625859583087
0.2504915726186837
0.2844881537311559
0.2941317078198221
0.28564782109895936
0.30377526282883127
0.2866854190262428
0.25177331006541837
0.2609285828139988
0.25293297734633857
0.2700838564715572
0.25397057516186905
0.31341881939362193
0.3046907920098916
0.305484252738801
0.29608483493779825
0.3148836722343842
0.30615564486627644
0.2876009481772569
0.3067049677547702
0.2975496878110674
0.28906580106885094
0.28839440891028034
0.2896151239930621
0.28070398463967383
0.2792391317281536
0.315860247791647
0.3071322204563365
0.30743740194129066
0.2985262634332672
0.31634853859332684
0.3076205112837278
0.2900423767222515
0.2709993855902376
0.2717928463289903
0.26288170976242886
0.27246423852324997
0.2548861042386636
0.323062377815589
0.33270593790896497
0.32373376991530434
0.34234949903382184
0.3242830927685599
0.35199306025700794
0.34277675167194666
0.3430819331016041
0.3336825133993922
0.3524813509584104
0.3432650423982103
0.32471034543930866
0.3616366205556498
0.3712801790165876
0.36181972983120503
0.3809237350118382
0.36188076633624633
0.32501552689697966
0.3341708041506156
0.3251986362156438
0.3433260789115944
0.32525967273823464
0.2556795649786212
0.2643465627176226
0.25635095721329704
0.27301356148417544
0.2569002802191386
0.2816805603229351
0.27344081423459643
0.27374599577240755
0.265323138455814
0.2821688512341297
0.2739291051820091
0.2573275329847663
0.2903475582338138
0.29901455428698787
0.29053066760346025
0.3076815478165593
0.2905917041463491
0.25763271454189296
0.2658114294568805
0.257815824090571
0.2739901417224182
0.25787686055162684
0.9689371978024749
0.9534342770218506
0.9536164205755587
0.9379313412038358
0.9384188921006602
0.9224284046793036
0.9228546922534905
0.9079013065563298
0.9231601006326956
0.8926425116354054
0.8930697098943726
0.9233431556783248
0.9069254678922125
0.8914225321305566
0.892092962376026
0.8759195979702936
0.8773837167056665
0.9083895550197876
0.893374903307196
0.8935580091424129
0.8783602498862201
0.8788485372132129
0.860416665581167
0.8613312350615031
0.8468661297036338
0.8621249225637109
0.8316073383004069
0.832522814451717
0.8627962607723328
0.8183016356528389
0.8333162878686465
0.8339876766350663
0.8483309413574553
0.8197664859123673
0.8345369995628416
0.8633455956153571
0.8032869848916765
0.8042025115520902
0.7902254614494716
0.8049959730381044
0.7754549513279422
0.7763704807888601
0.8056673646317124
0.8637728445534776
0.8493075132288591
0.8640780260447246
0.8349642513482042
0.8642611347316155
0.8449137347608964
0.8294108050729275
0.8305695129779476
0.8139078759985033
0.8163485482220709
0.7984049470800698
0.799807794607003
0.7858309705582087
0.8010897591198605
0.7705721821435427
0.7719759365738152
0.8022493736099663
0.782902018015288
0.7673990886818481
0.7690460769933889
0.751896159100612
0.7553133936114901
0.7882723354556015
0.7732576869931008
0.7744173519974428
0.7582430390647132
0.7606844425386694
0.8497958027662668
0.8352694322020278
0.8354525410664837
0.8207430599864869
0.8212313496913021
0.8062166869176691
0.8066439388890992
0.7926668881157626
0.8069491197335829
0.7783846556422772
0.7788119076522615
0.8071322286264244
0.7916903138687035
0.7771639416071658
0.7778353333694745
0.7626375706459679
0.7641024231940127
0.7931551778749593
0.7791170885228543
0.779300197436029
0.7650789975019275
0.7655672873097749
0.7363932293663982
0.7382843586457373
0.7247958158817933
0.7400546048524856
0.7095370267799558
0.7114290631318454
0.7417025002452478
0.6981844468629599
0.7131990952173027
0.7148470411690561
0.7282137433611438
0.7016024129769548
0.7163729202714234
0.7432283912750299
0.6831697983813056
0.6850618852863168
0.6720613977094563
0.6868319054481204
0.6572908898474268
0.6591829795745117
0.6884798542268764
0.7446321962486803
0.7311434274327266
0.7459139347223341
0.7177767280589687
0.7470736025220641
0.646426631957443
0.6609529990805865
0.662600948026727
0.6754793659948023
0.6498446003826104
0.6641268264395463
0.6900057326702773
0.6655306343874714
0.6784090523447341
0.6926912783562231
0.69140954061199
0.6938509462778626
0.7069735048785022
0.7045320992033904
0.6527742867435495
0.6668123721158303
0.6679720400153926
0.6808504579904218
0.655215692352962
0.6690096385479125
0.6948885448348172
0.7190584658539866
0.7202181337889992
0.733584833023506
0.72125573237175
0.7481112011650427
0.6319002647151444
0.6337923546042472
0.6212801475748826
0.6355623740826275
0.6069979209524552
0.6088900108551913
0.6372103230482944
0.596621944448511
0.6106600303409747
0.6123079793182964
0.6246981160271206
0.600039912922006
0.6138338577433485
0.6387362014660032
0.5825838584461198
0.5844759483540514
0.5724520225719949
0.5862459678492822
0.558658077189825
0.5605501671022943
0.5878939168382017
0.6401400094121839
0.6276278023935651
0.6414217471265353
0.6152376656876533
0.6425814150030886
0.7490267307669075
0.7355379612116221
0.7498201915451215
0.7221712619659536
0.750491583328205
0.7089266330332384
0.722964722738957
0.7236361145347759
0.7370028137753881
0.710391485606557
0.7241854368544535
0.7510409056232756
0.6958040744126839
0.6828035861044701
0.6965975351823464
0.6699251681085505
0.6972689269906862
0.7514681576639914
0.7379793881386303
0.7517733385629481
0.7246126889258043
0.7519564474961508
0.7208902995809876
0.7053873698121298
0.7075226397843426
0.6898844400841624
0.6942782376343677
0.6743815103905599
0.6767609209319276
0.6637606594070169
0.6790194485031724
0.6485018703399914
0.6508821879074116
0.6811556255074191
0.6588785807133883
0.6433756510376695
0.6459992021843115
0.6278727213567328
0.633243081286541
0.6681551498600413
0.6531405013558305
0.6552767289052366
0.638125852887276
0.6425203819502668
0.6123697916706092
0.615237483449566
0.6027255031767704
0.6179842922339511
0.5874667141152357
0.5903353129278035
0.620608750413001
0.5780672591584928
0.5930819075912079
0.5957064163177632
0.6080965560191012
0.5834383506163019
0.5982088584186986
0.6231112044470133
0.563052610721601
0.565921260081722
0.5538973350048076
0.5686678428130687
0.5391268271925711
0.5419954793699104
0.5712923543568772
0.6254915725597641
0.6129793662321604
0.6277498740730475
0.6005892293466331
0.6298861044373012
0.5968668619819555
0.5813639322931108
0.5844757646998313
0.5658610026049873
0.5722079250516956
0.5503580729174762
0.5537140459482262
0.541690346925136
0.5569491359880998
0.5264315578626682
0.5297884379260378
0.560061875427521
0.5348551432301714
0.5193522135428563
0.5229523271984211
0.5038492838554767
0.5111727688003678
0.5480379622829805
0.5330233138444507
0.5361361038309957
0.5180086654065741
0.5243563193788782
0.617373897442316
0.6028475301922951
0.6049837607113044
0.5883211629791514
0.5927156943042295
0.5737947957924339
0.5761751668757075
0.5641512410962635
0.5784334676816107
0.549869014536222
0.5522493856266653
0.5805696982069374
0.5592684286154568
0.5447420614368185
0.5473665731380297
0.530215694252999
0.5355867879845584
0.5685457724227736
0.5545076864277636
0.5566439169509505
0.5404696004702563
0.5448641317916567
0.738467677995132
0.7249178698534469
0.7251009788067284
0.711368060025513
0.7118563499309389
0.6978182493354659
0.6982455014377711
0.6852450131625816
0.6985506823943235
0.6719393430663154
0.6723665951999471
0.6987337913677623
0.6842684386871597
0.6707186288748956
0.6713900206959891
0.6571688204249164
0.6586336730171748
0.6857333031171979
0.6726717761855999
0.6728548851792449
0.6596102475498703
0.6600985375539021
0.6436190135106481
0.6445345430535743
0.6320223359945201
0.6453280038165616
0.6187166697229824
0.619632199247748
0.6459993956507168
0.6073641328132526
0.620425660007329
0.62109705185487
0.6334871885966149
0.6088289854254818
0.6216463742776415
0.6465487180470333
0.5943026071849027
0.5952181366910283
0.5831942108810688
0.5960115974471685
0.5703768258963793
0.5712923553833675
0.5966829893084515
0.6469759702123539
0.634463763187401
0.6472811512272844
0.6220736264750142
0.6474642602411687
0.6300692079657698
0.6165194033880097
0.6176790712410187
0.6029695992944519
0.6054110048288375
0.5894197952712319
0.5908236032139773
0.5787996774462363
0.5921053409002763
0.5654940140496469
0.5668978219912342
0.5932650087292275
0.5758699910668788
0.5623201866071499
0.5639681356080454
0.5487703819449425
0.5521883504616987
0.5812410829421906
0.5681795596633941
0.5693392274677282
0.5551180368489774
0.5575594423058421
0.6349520532410433
0.6223788075193841
0.6225619165535248
0.6098055600751968
0.6102938501786119
0.5972323117581648
0.5976595639879518
0.5856356382132824
0.5979647450619064
0.5733065304886313
0.5737337827511918
0.5981478541163034
0.5846590635037793
0.5720858161360505
0.5727572080114665
0.559512570197918
0.5609774228315141
0.5861239283665978
0.574038963854857
0.5742220729294933
0.561953997601683
0.5624422878049888
0.4883463541679649
0.4921906084486104
0.48065519067548984
0.4959139797379667
0.4653964016129775
0.46924156292634456
0.49951500042623426
0.45795007165684565
0.4729647200943322
0.47656579132981514
0.48797936853174706
0.46527428812775196
0.4800447959401106
0.5029940169691032
0.4429354232193312
0.44678063507990196
0.4357332725028273
0.45050378031532246
0.42096276469031213
0.42480797936778436
0.4541048543677203
0.5063509475796228
0.49481530375254357
0.5095858115653793
0.4834017293674986
0.5126986043687478
0.41400475675073123
0.42853112393823356
0.43213219814762666
0.44305749112567777
0.4213289754935262
0.43561120205590287
0.4575838583130436
0.4389681356489762
0.44989342861828135
0.4641756551809526
0.4609407918973868
0.4672884481498702
0.4784578817442653
0.47211022550044557
0.4281649129928108
0.4422029989304078
0.4453157918997118
0.4562410848686149
0.4345125692433486
0.4483065145570997
0.470279170807403
0.48663659268819703
0.48974938564846027
0.5011629598766076
0.4927401083080637
0.5156893270653892
0.399478389563216
0.4033236043976698
0.39276452236855963
0.4070467489310676
0.3784822958060454
0.3823275106492476
0.4106478231492232
0.37201256924307335
0.38605065518058523
0.3896517293992412
0.40008874111805764
0.3793367879929612
0.39313073330536785
0.4141268270554481
0.3579744833055608
0.3618196981492492
0.3517488973679621
0.3655428426804764
0.3379549520554518
0.3418001668991666
0.3691439168991718
0.4174837606489973
0.4069246786177224
0.4207186239302524
0.3964876668989403
0.4238314168994797
0.5185579794000126
0.5070223348709646
0.5213045614303988
0.49560876065170145
0.5239290731408335
0.4843172567455629
0.49835534268055826
0.500979854392011
0.5123934286102474
0.48968835048630976
0.5034822957877281
0.5264315145367573
0.4731478231517612
0.4621004598704834
0.47589440518103276
0.451175166901684
0.47851891689309667
0.5288118856261965
0.5172762410947268
0.5310701864244116
0.505862666875802
0.5332064169448003
0.3319735067428745
0.3455233114303896
0.34912438564909687
0.3590731161178851
0.3392977254928098
0.3526033895552524
0.3726229208053094
0.3559603231488382
0.365909053617612
0.3792147176800361
0.37597985439888626
0.3823275106490558
0.39252038174290516
0.386172725492663
0.34613366299256565
0.3591951864299531
0.36230797939887427
0.37225670986771187
0.35248131924254167
0.36529870205591186
0.3853182333062075
0.39972253018013515
0.4028353231492585
0.41327233486811754
0.40582604580650805
0.42682213955680637
0.36816735440089354
0.378116084869778
0.3909334676823263
0.3881868856511542
0.393557979397132
0.40375085049041926
0.3983797567450197
0.4165682332926931
0.4140657918961921
0.42450280361445014
0.41144128018211645
0.43756432704132175
0.4350618856451972
0.4086946981513756
0.4189486043764634
0.42938561609492676
0.4422029989130908
0.4399446981259497
0.4443392294202394
0.45502038176699955
0.45062585046953063
0.41913170987022064
0.43243737393182735
0.4296907919015534
0.44574303798843307
0.4403719442453753
0.35834069424449966
0.3709139364324533
0.37353844814800247
0.3834871786163263
0.36371178799215664
0.376040889545612
0.39606042079412884
0.3784212606281947
0.38836999109642456
0.4006990926590903
0.3984407918772117
0.4028353231585387
0.4130281942551527
0.40863366297055814
0.36859460047252307
0.3806795614075943
0.38281579190296755
0.39276452237447557
0.37298913174402243
0.38482995212764504
0.40484948338640503
0.4212069051609312
0.4233431356643103
0.4337801473860078
0.4253572958949223
0.44635338965317195
0.45392174893146453
0.45654626064416115
0.46747155361238224
0.4590487020400291
0.481021358288828
0.4614290731256708
0.4723543660943679
0.4856600301682631
0.48340172937562315
0.48779626068241433
0.49896569427924964
0.49457116296943526
0.46368737391554304
0.46582360442628534
0.476748897398091
0.46783776466113447
0.4898104209187949
0.508120967671227
0.510257198188595
0.5216707724104468
0.5122713584261427
0.5352205771831715
0.31842370205536674
0.32226891689908194
0.31268639736779114
0.3259920614303057
0.2993807333052859
0.3032259481490002
0.3295931356490214
0.2938875692427102
0.30694909268022297
0.31055016689894566
0.3200106161177332
0.3012117879926574
0.3140291708051349
0.3330721395551939
0.2808260458052072
0.2846712606489217
0.27557702236763326
0.28839440518014337
0.26275963955513226
0.26660485439884657
0.29199547939887016
0.3364290731487949
0.326846553617524
0.33966393642988646
0.3173861043987545
0.34277672939871584
0.25775475674255977
0.27032799893006676
0.2739290731487953
0.28290124111758214
0.2650789754925078
0.2774080770550116
0.29547448330507425
0.28076501064867454
0.2897371786174451
0.3020662801797941
0.2988314168987153
0.3051790731484732
0.31439538174227444
0.3080477254924844
0.2719149129924042
0.2839998739297638
0.28711266689839066
0.2960848348671792
0.2782625692421091
0.2901033895548867
0.3081697958051075
0.32062096767983406
0.3237337606485822
0.33319420986739534
0.32672448330535586
0.345767452055626
0.2451815145550602
0.24902672939877463
0.24042077236748938
0.2527498739299934
0.2280916708049907
0.23193688564870496
0.25635094814872084
0.2235750692424222
0.23566003017992349
0.23926110439864948
0.2477449911174353
0.23089928799236523
0.24274010830488096
0.25982995205494697
0.2114901083049237
0.21533532314863926
0.20721764736735787
0.21905846767985715
0.1953768270548592
0.19922204189857629
0.22265954189858095
0.26318688564863235
0.2545809286173605
0.26642174892974013
0.24609704189858655
0.2695345418983326
0.3486361044005989
0.33905358486919057
0.3513826864324948
0.32959313565027637
0.354007198148788
0.32025475674385817
0.3323397176824501
0.33496422939947534
0.3444246786178954
0.32562585049352766
0.33746667079864
0.3565096395471232
0.31103844814993553
0.30194420986851134
0.31378503018231985
0.29297204189958526
0.3164095419000489
0.35889001062940695
0.34930749109884696
0.3611483114064694
0.3398470418808398
0.36328454189764514
0.5371126670999122
0.5255770225672372
0.538882686614482
0.5141634483469144
0.5405306356278006
0.5028719444389389
0.5159334678712508
0.5175814168974393
0.5289949911063814
0.5062899130009682
0.5191072953580644
0.5420565140785853
0.49170251084330885
0.4806551475600189
0.49347253037744376
0.469729854589067
0.495120479416965
0.5434603220194385
0.5319246775026583
0.5447420596773789
0.5205111032986454
0.5459017274565008
0.4589266319304478
0.47149987413300753
0.4731478231863384
0.48407311614542325
0.4623446005397053
0.47467370166880385
0.4966463578881325
0.47607750961041506
0.4870028025632823
0.4993319034582224
0.49805016582894845
0.5004915711849593
0.5116610047839671
0.5092195994074058
0.4652742869703571
0.4773592472252476
0.4785189149247126
0.4894442078985409
0.4677156922634784
0.4795565132368828
0.5015291695276278
0.5217928409422894
0.5229525086955608
0.5343660829197394
0.5239901070677648
0.546939325857345
0.4482454795841586
0.43768639755019634
0.4500154991378833
0.42724938582855576
0.4516634482055162
0.4169344444192348
0.42901940539200684
0.4306673544744457
0.4411043661837659
0.42035241307754895
0.4321932329820074
0.4531893267000915
0.40674157332222827
0.39667077253753413
0.4085115928953068
0.3867220420651474
0.4101595419930658
0.45459313464311685
0.4440340526287062
0.4558748722434438
0.43359704092713436
0.457034539914839
0.5478548553246794
0.5363192107636792
0.5486483160739111
0.5249056365149078
0.5493197079638905
0.5136141325783586
0.5256990972607188
0.526370489165739
0.5377840634086319
0.5150789852352153
0.5269198116994314
0.549869030469041
0.502444698954021
0.4913973356418869
0.5032381596964746
0.48047204264194454
0.5039095516170629
0.5502962827647272
0.5387606382403611
0.5506014638982084
0.5273470640285862
0.5507845729930507
0.47284342448040667
0.45734049479285954
0.4614288896985461
0.4418375651053187
0.4501376125504235
0.42633463541778005
0.4306671709484604
0.41962003442533957
0.43487882348787943
0.40436124536280016
0.408694687926196
0.4389681254262793
0.41083170573023947
0.395328776042698
0.39990545219838003
0.37982584635515704
0.3891024563002605
0.4279207747817796
0.4129061263442368
0.41699547882983656
0.3978914779066989
0.40619225687776406
0.3643229166676133
0.369143733448299
0.3585848781751797
0.37384366723771956
0.3433260891126388
0.34814781292603714
0.3784212504261175
0.337832884156541
0.3528475325940804
0.3574251663296798
0.36786218103162077
0.34711022562760885
0.3618807334401476
0.38287682946916
0.3228182357190008
0.32764001007960064
0.31756921000252947
0.332339717815069
0.30279870218999105
0.30762047936749026
0.3369173543675681
0.3872103225797574
0.3766512412526861
0.3914217490652232
0.36621422936764503
0.3955111043677215
0.348819986980068
0.33331705729252536
0.33838201469821205
0.3178141276050065
0.32806730005009643
0.3023111979175253
0.3076202959481278
0.2975497219250064
0.3128085109875498
0.2822909328624902
0.2876009379258702
0.3178743754259552
0.28680826823001593
0.27130533854222333
0.27685857719820817
0.25580240885387295
0.2670321438000237
0.3078035872814592
0.2927889388439162
0.2978548538295209
0.2777742904063745
0.28802819437745086
0.3849520223756707
0.37042565518813175
0.37451501064761017
0.3558992880005954
0.36420006924350273
0.34137292081305703
0.3457064168975358
0.3356356161184285
0.34991784268096526
0.32135338955589143
0.32568688564911924
0.3540071981491918
0.326846553625518
0.31232018643797965
0.31689782314745985
0.2977938192504408
0.307071162993353
0.34393639736801995
0.32989831143048454
0.3339876668991989
0.31586022549294807
0.32416100674291337
0.24029947916572653
0.24609685844744172
0.23651456567476198
0.2517733547375471
0.22125577661122708
0.2270540629256449
0.25732750042585045
0.21771569665614154
0.23273034509383728
0.23828454132940485
0.24774499353135188
0.22894616312732113
0.24371667093983196
0.26275964196884993
0.20270104821810614
0.20849938507927374
0.1994051475022579
0.21417565531482935
0.18463463968939053
0.19043297936723053
0.21972985436727316
0.26806969757943555
0.2584871787523664
0.2732576865649096
0.24902672936732967
0.27832360436741255
0.18158288175018733
0.19610924893771753
0.20166344814715925
0.2106356161252207
0.19281335049305198
0.20709557705558246
0.2251619833127434
0.21240563564881576
0.2213778036181227
0.23566003018066245
0.23047204189722595
0.24072594814889323
0.24994225674320147
0.2396883505002823
0.20355553799264844
0.21759362393018666
0.22265954189890513
0.2316317098677246
0.21380944424262283
0.22760338955515885
0.2456697958052614
0.25421471768782433
0.259280635647307
0.26874108487536374
0.2642244833057398
0.28326745206290294
0.16705651456248458
0.17285485439713505
0.16424889736802856
0.17853112393053955
0.14996667080542603
0.15576501064871623
0.18408532314874249
0.14740319424254222
0.16144128018005205
0.1669954793987546
0.1754793661175728
0.15863366299247222
0.17242760830500975
0.18951745205510848
0.13336510830499154
0.1391634481487184
0.13104577236742965
0.14483971767994444
0.11725182705490284
0.12305016689863602
0.1503939168986833
0.19482751064883003
0.18622155361754783
0.2000154989300857
0.17773766689875864
0.2050814168988318
0.2880892293973832
0.27850670986827697
0.2927889364308153
0.269046260648969
0.2973665731490443
0.25970788174279896
0.2737459676803367
0.2783236043990538
0.2877840536178735
0.26898522549276926
0.28277917080530646
0.3018221395554115
0.25049157314897896
0.241397334867696
0.2551912801802322
0.2324251668989043
0.2597689168989771
0.3061556356491276
0.29657311611784254
0.31036706143037873
0.2871126668990506
0.31445641689912085
0.2247965494812743
0.2092936198049436
0.21533513969564863
0.19379069012736427
0.20599698754745238
0.17828776039843786
0.18457342097706392
0.17547940943861937
0.19073819848739354
0.16022062039766352
0.16650718793196811
0.19678062542449498
0.16278483054795673
0.14728190070426805
0.15381170211287032
0.1317789716273995
0.14496183130955304
0.18768639978018475
0.1726717513442838
0.17871422882811677
0.1576571029126523
0.16986413187622185
0.11627604445542002
0.12304998288063537
0.11444425263743774
0.12970304205067368
0.09918546388795543
0.10596031271810838
0.13623375043122865
0.09759850900598213
0.11261315751630235
0.11914391633453517
0.12762780602557847
0.11078210063961019
0.12555260845086308
0.14264245448072935
0.08258386080734105
0.08935875989475625
0.08124108486918527
0.09601159278702837
0.06647057699899402
0.07324547927288816
0.10254235437730397
0.1489290725845533
0.14032311625504296
0.15509362406385235
0.1318392293686918
0.16113610436642445
0.1007731173420418
0.085270178487551
0.0922882714245793
0.06976720989621216
0.08392667785478586
0.054264243227001366
0.06152652764645507
0.05340910277186561
0.06866789482051253
0.03815026783062413
0.04541343789547907
0.0756868763218078
0.03876148930324197
0.02325936508012122
0.030764661590033802
0.06756921338394573
0.05255456585775467
0.05957360456861234
0.15253014737451398
0.1380037801867889
0.14404626064657355
0.12347741300105539
0.1356844442425944
0.10895104581886511
0.11523766689729426
0.10711999111774034
0.12140221767968529
0.09283776455851306
0.09912438564829215
0.1274446981483791
0.09442467863454662
0.07989831142428547
0.08642907315652526
0.11932702236727871
0.1052889364293868
0.11133141689851594
0.3048738973678301
0.29132409268029613
0.2954134481490406
0.2777742879927604
0.28607506924275083
0.26422448330522397
0.2685579793989703
0.25946374111768183
0.27276940518021653
0.24615807705514603
0.25049157314889314
0.27685876064896187
0.25067467861768833
0.2371248739301518
0.24170251064889886
0.22357506924261628
0.23285241299261106
0.26776452236767423
0.25470299893014015
0.25879235439888637
0.241641475492606
0.2499422567426002
0.21002526455507975
0.21484704189882742
0.2062410848675394
0.2195467489300752
0.19293542080500442
0.19775719814875284
0.22412438564882298
0.1893953817424661
0.2024569051800013
0.2070345418987497
0.21551842861753645
0.19867272549246356
0.21149010830499804
0.2285799520550707
0.17633385830493176
0.18115563564868087
0.17303795986739534
0.18585534267992992
0.16022057705486165
0.16504235439861134
0.19043297939867893
0.23291344814881856
0.22430749111753268
0.23712487393006632
0.2158236043987465
0.24121422939881365
0.19647545986754342
0.18292565518000797
0.18799157314875614
0.16937585049247117
0.17962975674246873
0.15582604580493425
0.16113610439868467
0.153018428617398
0.16632409267993392
0.1397127645548622
0.14502282314861276
0.17139001064868276
0.1422762411173964
0.12872643642986464
0.13428063564861065
0.16327233486739662
0.15021081142986242
0.15527672939861198
0.23260827236752857
0.22003503017999498
0.2241243856487432
0.207461787992461
0.2157625692424585
0.19488854580492798
0.199222041898677
0.1911043661173929
0.2034334676799262
0.17877526455486048
0.18310876064861015
0.2075228231486752
0.18231530361739412
0.16974206142986115
0.1743196981486108
0.19940514736739173
0.18732018642985993
0.1914095418986097
0.5392489284937414
0.527652245191994
0.5278353543070267
0.5160555601294381
0.516543850432905
0.5044588741799074
0.5048861265428872
0.49383876326893666
0.5051913077362418
0.4824862179105155
0.4829134703075887
0.5053744168713743
0.4928621883113164
0.48126550338117435
0.48193689531794837
0.4696688199542153
0.4711336726369635
0.4943270536224334
0.48321865153091137
0.48340176068608015
0.4721102476588458
0.47259853806231283
0.45807213819550074
0.4589876675786554
0.44842858551525266
0.45978112831478263
0.43707604440341064
0.43799157376399356
0.46045252026836697
0.4276766323248634
0.4387850344972325
0.43945642646836613
0.44989343821216543
0.4291414850369776
0.44000574912226054
0.46100184289127843
0.4165682318604984
0.41748376119784647
0.4074129603829255
0.4182772219284894
0.39654870056666613
0.3974642298800818
0.4189486139180099
0.4614290953227097
0.45087001329918186
0.4617342765759861
0.44043300158826315
0.4619173857511298
0.4464754578788296
0.43487877851293166
0.43603844615542064
0.42328209953844514
0.4257235047446154
0.4116854205145916
0.41308922846261853
0.40301842769966745
0.41437096603381285
0.39166588929784996
0.3930696972496054
0.4155306336464174
0.4000887412210191
0.38849206164773564
0.3901400107613668
0.37689538190509697
0.3803133506140981
0.40545983286083015
0.39435143480617435
0.3955111023878578
0.38324303711244667
0.385684442227505
0.4513583037525296
0.44073818287143707
0.44092129206651054
0.43011806018995363
0.4306063506930715
0.41949793660353785
0.4199251891042523
0.4098543883311574
0.420230370417219
0.3994784053352022
0.3999056578706658
0.4204134796322115
0.40887781311147464
0.39825769060851857
0.39892908261738536
0.3876375696892945
0.38910242243575754
0.41034267888392967
0.40021083921326106
0.40039394844822584
0.39007899772277255
0.3905672883251002
0.36529870211870497
0.3671907920573477
0.35760827252189664
0.3689608116492063
0.34625573335962323
0.3481478232987412
0.37060876077920135
0.33880944438787897
0.34991784289959316
0.35156579204647176
0.3610262412566638
0.34222741314861044
0.3530916706162936
0.37213463933175217
0.32770104585041715
0.3295931357893078
0.3204988975030262
0.3313631553987938
0.3096346395911467
0.3115267295290328
0.33301110456306365
0.37353844728820607
0.36395592777689967
0.3748201848301548
0.3544954785785437
0.37597985237977705
0.3026766318673271
0.3132967491466979
0.31494469832884353
0.3239168662898142
0.30609460068013167
0.3164705769372228
0.33453698315145963
0.3178743849149809
0.32684655286135533
0.33722252863365193
0.33594079112075326
0.338382196115252
0.3475985047124084
0.34515709969315556
0.3090242872816495
0.31915612241358643
0.32031578985895715
0.3292879578307635
0.3114656921998501
0.321353387879473
0.33941979417837737
0.3557772161059167
0.3569368836222211
0.36639733284468
0.35797448172575597
0.3770174505217979
0.29205651458188386
0.2939486045179087
0.2853426474807782
0.2957186241431864
0.2749666708227153
0.2768587607559365
0.2973665733436571
0.2684969443433841
0.2786287803881313
0.28027672960732686
0.2887606163193971
0.271914913207419
0.28180260826034664
0.2988924519735394
0.25836510831374027
0.26025719824311466
0.252139522455077
0.2620272178813743
0.24225182705486747
0.24414391697894933
0.2636751671196401
0.300296259961381
0.2916903029541955
0.30157799744598496
0.28320641626011445
0.3027376648534632
0.37793297981054075
0.36835046024379514
0.37872644053728455
0.3588900109890293
0.37939783256660986
0.3495516320462114
0.35968347171475
0.3603548637658437
0.3698153130099636
0.3510164848342796
0.360904186550177
0.3799471553173671
0.3403353234153057
0.33124108509627104
0.34112878414087155
0.322268917089061
0.34180017621530623
0.3803744078874708
0.3707918883647514
0.38067958925945733
0.3613314391546022
0.38086269851455345
0.3537020223638748
0.34210534265577175
0.34424157314268666
0.3305086629754159
0.3349031942340882
0.31891198330016757
0.3212923543825411
0.31219811610221293
0.3235506551555246
0.3008455770516757
0.3032259481344286
0.32568688563808756
0.30731530361906945
0.29571862393213827
0.2983431356505557
0.2841219442431908
0.2894930379945061
0.3165926473546929
0.3054842489057187
0.307620479383913
0.2943758504791847
0.298770381725757
0.27252526455472903
0.27539391689929754
0.26678795986790693
0.2781404989319098
0.2554354208046379
0.2583040731490208
0.2807650106509192
0.2499422567426407
0.2610506551816121
0.26367516690112847
0.2721590536197937
0.25531335049492276
0.2661776083044074
0.28326745205310067
0.23883385830458492
0.24170251064876835
0.23358483486740528
0.24444909268125803
0.22272057705457216
0.22558922939855164
0.24707360440117568
0.2856478231364775
0.27704186610630266
0.28790612390637316
0.26855797938865533
0.2900423543802343
0.26092858486709314
0.24933190517975046
0.25244469814835807
0.2377352254923429
0.24408288174212717
0.22613854580484466
0.22949547939859732
0.22137780361734988
0.23273034267978976
0.21002526455483805
0.2133821981486006
0.23584313564839982
0.21454186611732892
0.20294518642982512
0.20654626064857706
0.22772545986717546
0.2166170614298229
0.21972985439845383
0.2814363973473548
0.27081628015750314
0.2729525106271288
0.2601961629835301
0.26459069421956716
0.24957604580555803
0.25195641689092174
0.2438387411108287
0.2542147176591194
0.23346276455652354
0.23584313564327758
0.2563509481246816
0.23895592861988602
0.22833581143085757
0.23096032315104947
0.24823327234248638
0.23810143641130216
0.24023766687299497
0.3712801790165874
0.3616366205556495
0.3618197298312048
0.3519930602570073
0.35248135095841016
0.3423494990338213
0.3427767516719461
0.33368251339939164
0.3430819331016036
0.3242830927685595
0.3247103454393081
0.3432650423982101
0.33270593790896463
0.3230623778155889
0.3237337699153041
0.3134188193936218
0.31488367223438396
0.3341708041506154
0.32501552689697927
0.3251986362156436
0.31586024779164656
0.31634853859332657
0.30377526282883127
0.30469079200989146
0.29608483493779814
0.30548425273880087
0.2866854190262427
0.2876009481772568
0.3061556448662761
0.2792391317281535
0.2883944089102801
0.2890658010688506
0.29754968781106705
0.2807039846396735
0.2896151239930618
0.30670496775476974
0.2700838564715572
0.2709993855902375
0.26288170976242875
0.2717928463289901
0.25397057516186905
0.25488610423866354
0.27246423852324975
0.307132220456336
0.2985262634332667
0.3074374019412901
0.2900423767222511
0.30762051128372747
0.294131707819822
0.28448815373115566
0.28564782109895925
0.2748445998791672
0.27728600469092557
0.26520104579759074
0.26660485381143195
0.25848717805727317
0.2678865912695754
0.2490877645866455
0.2504915726186834
0.2690462585958308
0.255557491343951
0.24591393662218325
0.2475618858803944
0.2609285828139987
0.2517733100654182
0.25293297734633846
0.29901455428698753
0.2903475582338133
0.2905306676034599
0.2816805603229346
0.28216885123412927
0.273013561484175
0.273440814234596
0.2653231384558137
0.273745995772407
0.25690028021913813
0.25732753298476585
0.27392910518200875
0.26434656271762236
0.255679564978621
0.2563509572132967
0.2658114294568802
0.2576327145418925
0.2578158240905707
