0.0
-0.0
-0.0
5.99903913064743e-32
-0.0
-0.0
-0.0
-0.0
-0.0
-0.0
-0.0
-0.0
-0.0
-0.0
-0.0
-0.0
-0.0
-0.0
-0.0
-0.0
-0.0
-0.0
-0.0
-0.0
-0.0
-0.0
-0.0
-0.0
-0.0
-0.0
-0.0
-0.0
-0.0
-0.0
-0.0
-0.0
0.0
0.0
0.0
0.0
0.0
0.0
0.0
0.0
0.0
0.0
0.0
0.0
0.0
0.0
0.0
0.0
0.0
0.0
0.0
0.0
0.0
0.0
0.0
0.0
0.0
0.0
0.0
0.0
0.0
0.0
0.0
0.0
0.0
0.0
0.0
0.0
0.0
0.0
0.0
0.0
0.0
0.0
0.0
0.0
0.0
0.0
0.0
0.0
0.0
0.0
0.0
0.0
0.0
0.0
0.0
0.0
0.0
0.0
0.0
0.0
0.0
0.0
0.0
-0.0
-0.0
-0.0
-0.0
-0.0
-0.0
-0.0
-0.0
-0.0
-0.0
-0.0
-0.0
-0.0
-0.0
-0.0
-0.0
-0.0
-0.0
-0.0
-0.0
-0.0
-0.0
-0.0
-0.0
-0.0
-0.0
-0.0
-0.0
-0.0
-0.0
-0.0
-2.4007275433189178e-17
-4.778334768024607e-17
-7.109924016810095e-17
-9.373040810634198e-17
-1.1545890097628458e-16
-1.3607546151357348e-16
-1.5538154097007684e-16
-1.7319121124685273e-16
-1.8933295548335847e-16
-2.0365131985864865e-16
-2.1600841069657663e-16
-2.262852224572992e-16
-2.3438278382568535e-16
-2.4022311085918097e-16
-2.4374995801580555e-16
-2.4492935982947064e-16
-2.4374995801598413e-16
-2.4022311085953645e-16
-2.343827838262148e-16
-2.2628522245799705e-16
-2.1600841069743626e-16
-2.0365131985966266e-16
-1.8933295548451634e-16
-1.7319121124814338e-16
-1.5538154097151387e-16
-1.3607546151514716e-16
-1.1545890097798334e-16
-9.373040810815244e-17
-7.109924016999248e-17
-4.778334768220118e-17
-2.4007275435198102e-17
-2.043718654315144e-27
2.40072754312636e-17
4.778334767845642e-17
7.10992401664668e-17
9.373040810487386e-17
1.1545890097497154e-16
1.3607546151242029e-16
1.5538154096908238e-16
1.7319121124601476e-16
1.8933295548269159e-16
2.0365131985813993e-16
2.160084106962074e-16
2.2628522245705125e-16
2.343827838255361e-16
2.402231108591068e-16
2.437499580157814e-16
2.4492935982947064e-16
2.4374995801598186e-16
2.4022311085950554e-16
2.343827838261299e-16
2.262852224578334e-16
2.1600841069717148e-16
2.0365131985927545e-16
1.893329554839882e-16
1.7319121124745988e-16
1.5538154097066333e-16
1.3607546151411972e-16
1.1545890097677535e-16
9.373040810676206e-17
7.109924016842257e-17
4.7783347680460934e-17
2.4007275433297428e-17
2.4007275433213214e-17
4.7783347680311575e-17
7.109924016820461e-17
9.373040810648049e-17
1.1545890097643616e-16
1.3607546151375e-16
1.553815409702779e-16
1.731912112470715e-16
1.8933295548354301e-16
2.0365131985881027e-16
2.1600841069669999e-16
2.262852224573881e-16
2.3438278382576044e-16
2.402231108592296e-16
2.4374995801583134e-16
2.4492935982947064e-16
2.4374995801595894e-16
2.4022311085949203e-16
2.343827838261651e-16
2.262852224579547e-16
2.160084106973986e-16
2.0365131985963618e-16
1.893329554845057e-16
1.731912112481335e-16
1.5538154097148178e-16
1.3607546151508952e-16
1.154589009779195e-16
9.373040810808565e-17
7.10992401699026e-17
4.778334768208932e-17
2.400727543513829e-17
2.0468130080142346e-27
-2.400727543126052e-17
-4.778334767845339e-17
-7.109924016646392e-17
-9.373040810487102e-17
-1.1545890097496893e-16
-1.360754615124178e-16
-1.5538154096908115e-16
-1.731912112460127e-16
-1.8933295548269075e-16
-2.0365131985813828e-16
-2.160084106962066e-16
-2.2628522245705007e-16
-2.343827838255357e-16
-2.402231108591065e-16
-2.4374995801578125e-16
-2.4492935982947064e-16
-2.43749958015982e-16
-2.4022311085950583e-16
-2.343827838261303e-16
-2.2628522245783395e-16
-2.1600841069717145e-16
-2.0365131985927624e-16
-1.8933295548398916e-16
-1.7319121124746104e-16
-1.5538154097066333e-16
-1.3607546151412026e-16
-1.1545890097677507e-16
-9.373040810676241e-17
-7.109924016842375e-17
-4.7783347680461156e-17
-2.4007275433298226e-17
0.0009928569412177958
-0.9995982746935137
1.002731378255116
-0.9995982746935128
0.9990688819503694
0.4995583559354558
0.5011232049272585
-0.49972805173658874
-0.0001017868666054767
-0.49977785194794755
-0.49981183703087945
0.5023043476569222
-0.4997280517407522
-0.4997778519479676
0.4995583559312718
-0.00010178686660976873
-0.4998118370308844
-0.49949026643375927
0.4996120310569496
7.212579197353946e-05
0.49968799344151016
0.49988377041742615
0.4996120310611041
-0.49949026642958383
7.212579196951208e-05
0.3533697962632344
0.14682651482839498
0.35327023207217223
0.7066030402671701
0.14622967756871824
0.8528751697250909
0.8556135225393481
-0.14647023882411941
-0.00011999209524034488
-0.3533868488483254
0.35318685966890706
-0.8529513364013693
-0.7066191780501085
0.7064944698858672
-0.3533698757981234
-0.35327023312438577
-0.7066021986583536
-0.14630307210253984
-0.8532189993618557
0.35319985721134983
0.8563639194941519
-0.3533558416530955
-6.458298253421133e-05
-0.8531995664260905
-0.14640516372965384
0.14799975485674827
-0.35327023312389416
-0.14630307210255256
-0.35336987579922596
-0.7066021986583528
-0.1464702388285371
-0.8529513364028354
-0.8532189993618786
0.14622967756429134
-0.00011999210113449322
0.3531868596653406
-0.3533868488518832
0.8528751697235921
0.7064944698858575
-0.7066191780501063
0.35327023207098074
0.3533697962638048
0.7066030402671597
-0.3533558416531004
-0.8531995664260877
0.3531998572113394
-6.458298254410966e-05
-0.1464051637296634
-0.3532433969992178
-0.3532071591525796
-0.7065176809850032
-0.146205253967609
-0.8528098175703888
0.14644164546187938
0.0001317271766883072
0.3533251387493499
-0.35314422562709386
0.852684702311514
0.7064412702335983
-0.7064547243769035
0.3532395205718101
0.3529558232665274
0.7062757138841665
0.14654467375639352
0.8527982704806736
-0.3532158736633795
0.3532375433521891
8.622089899019e-07
0.8528634206968533
0.14697306996110504
0.35295582326601604
0.35323952057290775
0.7062757138841496
0.14644164546629523
0.8526847023129622
-0.14620525396318512
0.00013172718258686977
-0.35314422562352904
0.35332513875290705
-0.8528098175689043
-0.7064547243769017
0.7064412702335883
-0.3532071591513939
-0.3532433969998019
-0.7065176809850044
0.35323754335217883
-0.35321587366338403
8.622089799359136e-07
0.10843054035441654
0.0382465631529037
0.1621869156413916
0.2705083199530663
0.19125202512658712
0.46167417496790153
0.3093597952972028
0.191200734886222
0.3824308732632151
0.5444944994577603
0.5445436215229147
0.4615510383842115
0.6527693994151282
0.6528159191050563
0.1620408658760415
0.10821174394604717
0.2703274031144822
0.037908364942306455
0.3083406281663351
0.8148249363552584
0.6929376558265901
0.8148750077833316
0.9230283014493375
0.6907707599022397
0.9609450603379275
0.9643953998485992
-0.03816621898391216
-0.00013019081327193105
-0.10843498939997259
0.1081881520984885
-0.30854988672769657
-0.2705158119876288
0.2702940955383828
-0.46169515282073137
-0.16220416139541874
-0.00010823376862536545
0.1619809433608278
-0.19129592917446647
0.1910917881283941
0.4615059156003962
-0.6908972425189506
-0.6528655193950897
-0.8149207892106007
-0.5445605619424136
-0.9612179085234904
-0.9231885277606433
-0.3824746508450808
0.6527122550155047
0.544386975401979
0.8148173668688481
0.38228549754974106
0.9227952818905703
-0.10843034204763152
-0.16218692845801114
-0.27051152073029483
-0.1912520252387043
-0.46169086081315686
-0.1912007348824995
-0.38243087058515485
-0.5444944893529029
-0.5445435865835762
-0.46155154481766636
-0.6527701307219844
-0.6528612256632436
-0.1620408663461267
-0.1082118501896294
-0.27032768685414776
-0.03793205448447432
-0.3084831736431134
-0.814916493141197
-0.8148730476199342
-0.9231841574468103
-0.6910633197498754
-0.9615607211989439
0.814379953683203
0.964793231048727
0.544396437508534
0.6521977842847017
0.19108535580855252
0.46093337737822415
0.6939573404167674
-0.19128637038963187
-0.00010587908062385799
-0.1621819597051541
0.16201115661404825
-0.46163728331476594
-0.2704695721598244
0.26969918242318436
-0.54453827634912
-0.8148901638572645
-0.6528140998911443
-0.9615453095435351
-0.691059548658284
0.10760335050092226
0.3105877901667048
-0.10835484278092038
-0.0006818266691507515
-0.30857809902645184
-0.03870749367158195
0.03929744500079389
-0.10821185018945181
-0.037932054484488026
-0.16204086634582662
-0.270327686853694
-0.19120073488230682
-0.4615515448171492
-0.3084831736431305
-0.19125202523897455
-0.382430870585154
-0.5445435865842095
-0.5444944893524939
-0.4616908608156096
-0.6528612256649384
-0.6527701307214225
-0.1621869284590765
-0.10843034204963309
-0.27051152073300583
-0.038166218986698176
-0.30854988673250794
-0.8148730476195973
-0.6910633197498974
-0.8149164931418773
-0.9231841574468163
-0.6908972425218332
-0.9612179085238801
-0.9615607211989745
0.037908364939514716
-0.00013019081805487544
0.1081881520928085
-0.10843498940565025
0.3083406281615091
0.2702940955329337
-0.2705158119930715
0.461505915596066
0.1619809433557255
-0.00010823377248054603
-0.1622041614005179
0.19109178812638627
-0.19129592917646993
-0.461695152825051
0.6907707598993311
0.65271225501277
0.8148173668677017
0.5443869754002725
0.9609450603374972
0.922795281890544
0.38228549754973346
-0.6528655193978083
-0.5445605619441085
-0.8149207892117274
-0.38247465084508114
-0.9231885277606355
0.10821174394403969
0.1620408658749366
0.2703274031116905
0.19120073488591555
0.46155103838166767
0.19125202512680772
0.38243087326320935
0.5445436215233457
0.5444944994570873
0.4616741749684991
0.6528159191056075
0.6527693994134272
0.16218691564178905
0.1084305403546923
0.2705083199535906
0.814875007782643
0.8148249363555817
0.9230283014493201
-0.8148901638572619
-0.9615453095435255
-0.5445382763491204
-0.6528140998911448
-0.1912863703896367
-0.46163728331477083
-0.6910595486582847
0.1910853558085439
-0.00010587908063249301
0.1620111566140382
-0.1621819597051627
0.4609333773781913
0.26969918242315083
-0.2704695721598331
0.5443964375085232
0.8143799536831728
0.6521977842846698
-0.10835484278093013
-0.3085780990264605
0.10760335050088837
-0.000681826669184792
-0.038707493671616466
-0.10822598976869605
-0.16203204058718196
-0.2703451631933837
-0.1911484714067508
-0.46156285815011955
-0.19114072419495148
-0.3823400956205043
-0.5444116774250407
-0.5444410928995129
-0.4614838230509414
-0.6526916842672459
-0.6527666902401468
-0.16201178476602296
-0.10820138691627285
-0.2702849375694607
-0.03790932418422811
-0.3082902091074427
-0.8148485092675184
-0.8148010310597773
-0.9231353894200685
-0.6906992989603136
-0.9611454678468883
0.03815406064492673
0.00013284492690530817
0.10842343205002852
-0.1081622152326088
0.3084862141677444
0.2704729126499496
-0.2702459934673285
0.461605318881402
0.16218612657487208
0.00011063513439060022
-0.16194869732205558
0.19125621817825966
-0.19107993964470987
-0.4614448728237499
0.6907482388654002
0.6527436059200804
0.814698863947261
0.5444652027321727
0.9607426077684116
0.9227311082179606
0.38239794610249067
-0.6526527272086979
-0.5443487312034293
-0.8147620678496272
-0.3822794685925148
-0.9230965752726779
0.10839975771619778
0.1621264167139977
0.2704397520479478
0.19114403329902152
0.46155904258724884
0.191073283865632
0.38227109735895026
0.544164381238299
0.5443701588688206
0.46104352746126787
0.6522517070507899
0.6526927303130315
0.16175762406366212
0.10776432957656237
0.2698446279092235
0.038259485444224244
0.30857549745318097
0.8146126220245402
0.8143595016341785
0.9226872709075662
0.6907918290521132
0.9610487300539329
-0.8147858295456191
-0.5443804635184628
-0.6527064180209723
-0.1911210570841676
-0.46153562433205564
0.1912156446705506
2.466679143367913e-05
0.16207014011621695
-0.16206721177333328
0.461138648015528
0.2699129725973918
-0.27038275998236544
0.5443964306688625
0.81443845652269
0.65234953317695
0.9610768197950939
0.690910900885018
-0.10829443657792653
0.10778101803898599
-0.0005795046509929376
0.3088741699326154
0.03883974247624754
0.10776432957635479
0.16175762406333938
0.2698446279087412
0.19107328386542716
0.46104352746071897
0.1911440332992852
0.38227109735893927
0.5443701588694458
0.5441643812378723
0.4615590425896939
0.6526927303147152
0.6522517070501959
0.16212641671506295
0.10839975771819924
0.2704397520506575
0.03815406064772067
0.30848621417255107
0.8143595016338093
0.8146126220252005
0.9226872709075348
0.6907482388682727
0.960742607768768
-0.037909324181437845
0.00013284493170308308
-0.108162215226914
0.10842343205571131
-0.30829020910262195
-0.2702459934618662
0.27047291265539675
-0.46144487281940966
-0.16194869731695144
0.00011063513824600445
0.16218612657997417
-0.19107993964270548
0.19125621818025973
0.4616053188857224
-0.6906992989574159
-0.6526527272059564
-0.8147620678484787
-0.5443487312017274
-0.9611454678464794
-0.9230965752726681
-0.38227946859251527
0.6527436059227987
0.5444652027338643
0.8146988639483831
0.38239794610248323
0.9227311082179294
-0.10820138691427558
-0.16201178476492117
-0.2702849375666825
-0.19114072419465314
-0.4614838230484154
-0.19114847140698282
-0.382340095620509
-0.5444410928999568
-0.5444116774243765
-0.4615628581507333
-0.6527666902407142
-0.6526916842655657
-0.16203204058759227
-0.10822598976898626
-0.27034516319392204
-0.8148010310591124
-0.8148485092678581
-0.9231353894200791
0.8144384565226572
0.5443964306688518
0.6523495331769169
0.19121564467054214
0.4611386480154949
-0.19112105708417218
2.466679142510916e-05
-0.16206721177334193
0.1620701401162068
-0.4615356243320604
-0.27038275998237415
0.26991297259735825
-0.5443804635184635
-0.8147858295456163
-0.652706418020973
0.10778101803895207
-0.10829443657793633
-0.0005795046510272129
0.028557679509204546
0.009739398786829058
0.04629045228837354
0.0747293019637909
0.06224490304506902
0.13685168791364372
0.08453183305768194
0.07580748912091612
0.13795951993131722
0.22433359597620822
0.1841381028930565
0.25590677877329043
0.31805293714985006
0.21254278183368885
0.08645681678891756
0.09378365652061595
0.18018161802755595
0.09750644340298378
0.2776460176512284
0.2988932579389135
0.22274069251663825
0.36422117473145654
0.3925840470909312
0.4155160627331794
0.4900141436291079
0.4033573901745656
0.09748211228174722
0.19497272630736023
0.28868966448886024
0.288715426417681
0.2775697214390408
0.37505716930843735
0.3751079616691727
0.4507561773991603
0.46879693397541905
0.5551867077127641
0.468822040601826
0.6308828446994146
0.6309074550450906
0.4508305774664562
0.4153931212636374
0.5128775619405598
0.5590339758434131
0.6066144387461421
0.489970160247328
0.5874515970337086
0.6930013227392144
0.5129773133873313
0.6066910406796677
0.5591210845031018
0.6930555648666048
0.5874389578275205
0.09371159825781121
0.08633980006741712
0.1800810064206227
0.07565001178020414
0.2557829294795847
0.06205303596533368
0.13777358572863763
0.1839355619929563
0.22416654300289499
0.1366360404874934
0.21235895817764816
0.31790731756006985
0.046071396778071545
0.02831925964977538
0.07449138552949285
0.00947882925477094
0.0840856725725834
0.3640667402015286
0.2987494783529654
0.39248736821568697
0.22195144162153668
0.40207707018810357
0.6811141872352231
0.5989019458345282
0.7391569127621322
0.7674396869809293
0.7687515895634465
0.8430978066611304
0.7796180836808253
0.7687213200805729
0.8308697648348753
0.8770224964797798
0.876911051856097
0.8432903260573639
0.9054357043846224
0.9051808752313595
0.7391548003013945
0.6811855524685564
0.767569468157701
0.5970382952124946
0.7771532162555983
0.9513029333449454
0.9180047852073518
0.9514034363048318
0.9796914184856029
0.9150170035324996
0.9892552789461866
0.9930037154647577
-0.009725867232766056
-0.00013145285046579067
-0.02856549825864503
0.028303939416337437
-0.08433717985526232
-0.074736250923914
0.07448087245730553
-0.1368694388852275
-0.04630136311504387
-0.00012583656518206954
0.0460460480735303
-0.06226017620182525
0.06201530752118142
0.1366239354576571
-0.2221776988763136
-0.2125770464031816
-0.2989493827208821
-0.18414303626897494
-0.40226727204758195
-0.3926669165586869
-0.13796893646872926
0.21234453074819598
0.18390757775090494
0.2987323829191183
0.1377335635006331
0.3924673770179299
-0.49012784476618054
-0.36423378522266636
-0.3180611121912842
-0.22434242557729756
-0.41552319315732505
-0.25592380795233105
-0.07582971233107796
-0.18021023043551893
-0.0864894143110701
0.08626871920240287
-0.00011379564232014936
0.17999791973674378
0.25571159268287524
0.07559709422734429
-0.27767444085518056
-0.09383038425938778
-0.00010408192021284636
0.09361951772904857
-0.09757107588720805
0.09736669571543749
0.2774716867674045
0.22411874694275524
0.3178508447639072
0.36402764159636297
0.41532761432658993
0.48994715661448884
-0.5971865661026966
-0.5875865076486657
-0.6812973325795959
-0.5591542550869504
-0.7772585358267541
-0.7676587744080916
-0.5129830087808944
-0.8433517236075792
-0.739227400598808
-0.6930575809797814
-0.6066949864365041
-0.7687516829024137
-0.6309241163616983
-0.45084762438771353
-0.9150665715227426
-0.9054671084495202
-0.9516185997289668
-0.8770366134038194
-0.9896498670461806
-0.980050518207747
-0.8308682191941927
-0.3751363858701222
-0.46885049285321023
-0.2887592088876486
-0.5552152166573601
-0.19503580421216515
0.5874256015959411
0.5589828687708462
0.6811565453731729
0.5128030765196345
0.7675376029349854
0.450660829100305
0.6065308641649112
0.6929094656406161
0.7390920137196098
0.6307646026881346
0.7686369869870233
0.8432610727826568
0.3749441581242516
0.2885627518081209
0.4686686220042229
0.1948361372940522
0.5550454966499447
0.9053976874356793
0.8769469005827839
0.9512855704830419
0.8307574552815082
0.9796268987117085
-0.028556804096921407
-0.046290318994467394
-0.07473427872576081
-0.062244922892956335
-0.13686783092700894
-0.07580748931201114
-0.13795948813302522
-0.22433327704675643
-0.18413872801256925
-0.25590682405154275
-0.3180519778355434
-0.21257545758793372
-0.08645681643011983
-0.09378365657834292
-0.18018161607780037
-0.09750644339872584
-0.27764601532218597
-0.2989477944984592
-0.36422949402982907
-0.39266532794223763
-0.41551405836782507
-0.49012625570380325
-0.09748211228158324
-0.19497272632512452
-0.2886896646348206
-0.2887154259297744
-0.2775697214678703
-0.3750571697342684
-0.3751079676060251
-0.4507561792201713
-0.4687969272413782
-0.5551867957880847
-0.4688220734996092
-0.6308830240231025
-0.6309071394736245
-0.4508306504658901
-0.4153931448441778
-0.5128775916526414
-0.5590345984258651
-0.606614460275454
-0.4899808084694176
-0.5874643782143141
-0.6930016668691665
-0.5129738728224644
-0.6066858492684617
-0.5591499622195788
-0.693048442543183
-0.587584918137595
-0.09371159825901097
-0.08633980008378578
-0.1800810064516391
-0.07565001201444954
-0.25578293022741105
-0.062053039034581425
-0.13777359287235413
-0.1839357510381055
-0.22416655495322518
-0.13663899177742506
-0.21236354176740835
-0.317907334972709
-0.04607142921429391
-0.028319311469225224
-0.07449295112208076
-0.009480497039199598
-0.08413069238856832
-0.3640671310267253
-0.2987559435703828
-0.3924958806322306
-0.22205772836886334
-0.40225784141696536
-0.6812957426183868
-0.7392231059641388
-0.7676571839771409
-0.7687425424225476
-0.8433501324356205
-0.7687196779035277
-0.8308590672533799
-0.8770115609733409
-0.8770323094148096
-0.8433041941856405
-0.9054430441601712
-0.9054655132305747
-0.7391561092330501
-0.6812004089043691
-0.7675868489191899
-0.5972955083407376
-0.7774780133288209
-0.9516169706890254
-0.9516158940625409
-0.9800488678050168
-0.9153759689605347
-0.9899989227883705
0.951176221849656
0.9932055478005624
0.8765681953127691
0.9049965334382761
0.7686038379852592
0.8428624433385379
0.9185871834877961
0.6307777591317796
0.6928740189349674
0.6064776856761255
0.7386196036271528
0.4506699132795826
0.5127344270196768
0.7671616873750282
0.46866187423038935
0.2885571383520261
0.374933297254694
0.09736611312394314
0.277461593154192
0.6808033666983122
0.7805154456259183
0.5584348717072956
0.5871061515850908
0.4152461645089933
0.4896707459002223
0.6000167131928493
-0.0975679997305445
-0.00010166579289538556
-0.09382163151337822
0.09361582102283864
-0.27765535418656273
-0.18019224313777
0.1799924381657636
-0.2558943935906459
-0.08647818253820963
-9.994064401081285e-05
0.0862714125316297
-0.07580252230366147
0.07563936638832638
0.25573179250267825
-0.4154787418687751
-0.3180189877907823
-0.364179153388632
-0.2243080873836951
-0.49006662873405255
-0.39260824492648294
-0.13792724602293938
0.3177587338090512
0.22401793539026713
0.363439504509356
0.13762558638111366
0.3922415133075827
-0.28875269390872904
-0.4688407099534123
-0.37512019936204505
-0.6309114475677204
-0.45081920991166696
-0.768736671765577
-0.6930301071937831
-0.739184693304269
-0.6066582676340575
-0.843321387834474
-0.767615524151761
-0.5129406378903121
-0.8770208091721949
-0.9516203062869301
-0.9054523532323924
-0.9899904668535713
-0.9153564992707919
-0.5590978073026023
-0.6812444819301403
-0.5875276852193808
-0.7774636229492484
-0.597308024036036
0.29856258283012327
0.40457594374140593
0.18331411150670995
0.21223396350362222
0.06190110490792555
0.13657319733326334
0.22395241412081948
-0.0621916772999339
-0.00024606084963796094
-0.04642833420616004
0.04547576144731257
-0.13678269094738255
-0.07487259420020576
0.07448786456407858
-0.1840870776695992
-0.29889803028062123
-0.21251213860633428
-0.40231960568658487
-0.22216084680843978
0.028363796947522744
0.08564919135725099
-0.029097224266797395
-2.7361312643391778e-05
-0.08449662773517988
-0.00958184771834883
0.010731584662461718
-0.028319311469172978
-0.009480497039213005
-0.04607142921419799
-0.07449295112198742
-0.062053039034458024
-0.13663899177728733
-0.08413069238858273
-0.0756500120142968
-0.13777359287208701
-0.22416655495281385
-0.18393575103779403
-0.2557829302269916
-0.3179073349721724
-0.21236354176714206
-0.08633980008361336
-0.09371159825887182
-0.1800810064513468
-0.09748211228152612
-0.27756972146751546
-0.2987559435700793
-0.22205772836887877
-0.36406713102622407
-0.39249588063190244
-0.41539314484361767
-0.4899808084690817
-0.40225784141698306
-0.09750644339879147
-0.19497272632512389
-0.28871542592995236
-0.28868966463467105
-0.27764601532280186
-0.3751079676065081
-0.3750571697339389
-0.45083065046680465
-0.4688220734998688
-0.5551867957880833
-0.46879692724116473
-0.6309071394739348
-0.6308830240228549
-0.45075617921968353
-0.41551405836954547
-0.5129738728239301
-0.559149962221704
-0.6066858492695759
-0.49012625570709134
-0.5875849181404738
-0.6930484425439014
-0.5128775916520636
-0.6066144602749155
-0.5590345984253036
-0.6930016668687352
-0.5874643782139091
-0.09378365657857823
-0.0864568164305648
-0.18018161607843086
-0.07580748931269178
-0.2559068240527309
-0.06224492289388381
-0.1379594881345555
-0.18413872801507797
-0.2243332770485865
-0.1368678309301945
-0.21257545759152224
-0.31805197783740924
-0.046290318995609626
-0.02855680409827024
-0.07473427872819072
-0.009725867234284327
-0.08433717985902142
-0.36422949403251526
-0.2989477945021913
-0.3926653279458536
-0.2221776988810767
-0.4022672720521754
-0.6812004089039929
-0.5972955083407598
-0.7391561092325838
-0.7675868489188609
-0.7687196779032911
-0.8433041941853763
-0.7774780133288428
-0.768742542422864
-0.8308590672533809
-0.8770323094150847
-0.8770115609731624
-0.8433501324367063
-0.9054655132311575
-0.9054430441599868
-0.7392231059653114
-0.68129574262068
-0.7676571839788151
-0.5971865661062679
-0.7772585358289136
-0.9516158940624517
-0.9153759689605585
-0.9516169706892423
-0.9800488678050416
-0.9150665715236022
-0.9896498670462746
-0.9899989227884208
0.009478829253247577
-0.00013145285330521327
0.028303939412427103
-0.028565498262551364
0.08408567256881733
0.07448087245261342
-0.0747362509285999
0.1366239354524852
0.04604604806815339
-0.00012583657097202936
-0.04630136312042028
0.06201530751526155
-0.06226017620774344
-0.136869438890391
0.22195144161676245
0.21234453074284365
0.2987323829138683
0.18390757774521105
0.4020770701834916
0.3924673770130228
0.13773356349485072
-0.21257704640852224
-0.18414303627466444
-0.2989493827261166
-0.13796893647450903
-0.3926669165635748
0.4899471566101224
0.3640276415913846
0.3178508447590984
0.22411874693735634
0.41532761432252935
0.25571159267847166
0.07559709422173191
0.17999791973295987
0.08626871919782587
-0.08648941431564502
-0.00011379564752053779
-0.1802102304392976
-0.25592380795672853
-0.07582971233668884
0.2774716867645326
0.09361951772606397
-0.00010408192225790018
-0.0938303842623639
0.09736669571440204
-0.09757107588824215
-0.27767444085804016
-0.22434242558269174
-0.31806111219608657
-0.3642337852276357
-0.41552319316137687
-0.49012784477052423
0.5970382952089002
0.5874256015922561
0.6811565453702462
0.5589828687672848
0.7771532162534094
0.7675376029328324
0.5128030765164224
0.8432610727812317
0.7390920137176984
0.6929094656391616
0.6065308641625868
0.768636986986355
0.6307646026873237
0.45066082909765603
0.915017003531607
0.9053976874348855
0.9512855704827168
0.8769469005822838
0.9892552789460183
0.9796268987116553
0.8307574552814967
0.37494415812235804
0.46866862200330106
0.28856275180712326
0.5550454966499356
0.1948361372940463
-0.5875865076523257
-0.5591542550904989
-0.6812973325824931
-0.5129830087840955
-0.7676587744102115
-0.4508476243903474
-0.6066949864388118
-0.6930575809812219
-0.7392274006006978
-0.6309241163624962
-0.7687516829030676
-0.8433517236089652
-0.37513638587200737
-0.28875920888864065
-0.4688504928541226
-0.19503580421216765
-0.555215216657359
-0.9054671084502763
-0.8770366134043
-0.9516185997292406
-0.8308682191941903
-0.9800505182077197
0.028319259648417576
0.04607139677691495
0.07449138552706472
0.06205303596440273
0.1366360404843075
0.07565001177950795
0.13777358572708115
0.2241665430010059
0.1839355619904096
0.2557829294783307
0.31790731755810947
0.21235895817401723
0.08633980006694988
0.09371159825755401
0.1800810064199429
0.09748211228166956
0.27756972143835923
0.2987494783491844
0.3640667401987544
0.3924873682120201
0.4153931212618179
0.4899701602439889
0.09750644340304743
0.19497272630735696
0.28871542641784587
0.2886896644886568
0.27764601765163743
0.37510796166953775
0.3750571693079049
0.4508305774669956
0.4688220406020512
0.5551867077127557
0.46879693397513156
0.6309074550453369
0.6308828446990851
0.45075617739817986
0.415516062733828
0.5129773133879627
0.5591210845036967
0.6066910406802235
0.4900141436294814
0.5874389578279033
0.693055564867026
0.5128775619390267
0.6066144387449925
0.5590339758412417
0.6930013227384856
0.5874515970308345
0.09378365652077728
0.08645681678913034
0.18018161802791
0.07580748912113547
0.2559067787738081
0.062244903045260855
0.13795951993168715
0.184138102893466
0.22433359597672525
0.136851687913855
0.21254278183398814
0.31805293715047067
0.04629045228852184
0.028557679509283132
0.07472930196393765
0.36422117473203575
0.29889325793925503
0.3925840470912981
0.6811855524662676
0.7391548003002144
0.767569468156031
0.7687213200802456
0.8432903260562825
0.7687515895636732
0.8308697648348645
0.8769110518562611
0.8770224964794981
0.8430978066613586
0.9051808752315044
0.9054357043840462
0.7391569127625861
0.6811141872355726
0.7674396869812266
0.9514034363046171
0.9513029333449959
0.979691418485551
-0.9516203062869206
-0.9899904668535413
-0.8770208091721916
-0.905452353232389
-0.7687366717655741
-0.8433213878344712
-0.9153564992707887
-0.6309114475677191
-0.6930301071937819
-0.6066582676340581
-0.7391846933042678
-0.4508192099116697
-0.512940637890315
-0.7676155241517599
-0.46884070995341276
-0.2887526939087318
-0.3751201993620478
-0.09756799973054936
-0.2776553541865677
-0.6812444819301409
-0.7774636229492473
-0.559097807302605
-0.5875276852193836
-0.41547874186878
-0.4900666287340575
-0.5973080240360386
0.09736611312393639
-0.00010166579290218611
0.09361582102283003
-0.09382163151338499
0.27746159315418184
0.17999243816575344
-0.18019224313777676
0.2557317925026681
0.08627141253161957
-9.994064402086982e-05
-0.08647818253821826
0.07563936638831642
-0.07580252230367145
-0.2558943935906527
0.41524616450897955
0.31775873380903685
0.3634395045093228
0.22401793539025244
0.4896707459001807
0.3922415133075424
0.13762558638109862
-0.31801898779078897
-0.22430808738370372
-0.3641791533886387
-0.1379272460229493
-0.3926082449264897
0.2885571383520176
0.4686618742303792
0.3749332972546837
0.6307777591317685
0.450669913279572
0.7686038379852465
0.6928740189349543
0.738619603627122
0.6064776856761123
0.8428624433384895
0.7671616873749818
0.5127344270196634
0.8765681953127402
0.9511762218496032
0.9049965334382254
0.5584348717072631
0.6808033666982676
0.5871061515850478
-0.29889803028062994
-0.40231960568659164
-0.18408707766960902
-0.21251213860634405
-0.06219167729994372
-0.13678269094739232
-0.22216084680844955
0.06190110490791005
-0.0002460608496539104
0.04547576144727859
-0.046428334206176425
0.13657319733322615
0.07448786456404233
-0.07487259420022255
0.1833141115066762
0.2985625828300842
0.21223396350358414
-0.02909722426683145
-0.08449662773519692
0.028363796947487363
-2.7361312678019027e-05
-0.009581847718383238
-0.028333294310073337
-0.046080154704052564
-0.07451017227390028
-0.06205791456768492
-0.13666290677964282
-0.07564652871018193
-0.13777887169907077
-0.22416963632156262
-0.18395274216447824
-0.25576635912195345
-0.3179056152085703
-0.21239230012511068
-0.08632324578210836
-0.09367735072264421
-0.1800528667791188
-0.09742589467668814
-0.27752822508422414
-0.29878754960866083
-0.36408269188817366
-0.3925282377409099
-0.4153841750742021
-0.49001178904953585
-0.09742472421599163
-0.19489234312984927
-0.2886120435350582
-0.28861881628862973
-0.277508510390578
-0.37498129043220113
-0.3750002229351318
-0.4506811151645607
-0.4687106835010397
-0.5550948797241566
-0.4687229576704043
-0.6307970424935536
-0.6308143490580749
-0.4507169099289148
-0.41532786819551537
-0.5128027835650637
-0.558959450726026
-0.6065343048109633
-0.4899017964613917
-0.5873778623917385
-0.6929206288754174
-0.5128591998514194
-0.6065848363442277
-0.5590394957855911
-0.6929594323826107
-0.5874919078525069
-0.09367400420006379
-0.08631820609110173
-0.18003813048193967
-0.07564054386107266
-0.25573547645920347
-0.06205206959116716
-0.13775517735988935
-0.18390880819054217
-0.2241304165513467
-0.13661738638827153
-0.21232545592792545
-0.3178552188200031
-0.04607584945589442
-0.028326829165349135
-0.07448718770317983
-0.00948816410273598
-0.08407466352266108
-0.3640104609552175
-0.29870203394646155
-0.392427996091667
-0.221913483100358
-0.40201631867035525
-0.6812225458584307
-0.7391427295126423
-0.7676018587395579
-0.7686639390880776
-0.8433106163643358
-0.7686422266770181
-0.8307894493186156
-0.876948970940366
-0.8769750734463532
-0.8432207577913131
-0.9053691400560162
-0.9054397482474223
-0.7390787206528355
-0.6811105341939445
-0.7674980088610158
-0.5969664797596643
-0.777086921039057
-0.9516021230985205
-0.9515560627731026
-0.9800242673973976
-0.9149583503744676
-0.9896144989769398
0.009715075083903218
0.00012536526714414687
0.028559076116908666
-0.028301001788884034
0.08431933989550697
0.07472474994684813
-0.07446646896202577
0.13684800245412138
0.046299215717801045
0.00013488510811255223
-0.04603219859194849
0.06226006600897581
-0.06199441800937101
-0.13659692434423099
0.22213354872692553
0.21254106274659265
0.2988950264646122
0.1841176532086018
0.40218024138288255
0.3925906094873902
0.13795545093455364
-0.21230500501461408
-0.18386985630983727
-0.29868158188422445
-0.13770134569999043
-0.39240754227930386
0.4900241329262206
0.36417003485154664
0.31801064826745146
0.22431200471685325
0.4154477149693247
0.2558862728674408
0.07582827857358956
0.18018425714337657
0.0864826269957799
-0.08624980593202178
0.0001234836359218985
-0.17997247790211168
-0.25567254208305323
-0.0755742366920571
0.27762493235639085
0.09381373053745917
9.380728636608168e-05
-0.09361073568429817
0.09753810284339079
-0.09737396522427227
-0.2774429873824439
-0.22407676958700234
-0.31780157698080796
-0.3639715140746935
-0.41527422251692914
-0.4898813408795807
0.5970422990252708
0.5874552198811
0.6811614279744314
0.5590372895317175
0.7771077958840584
0.7675251857257814
0.512880644703319
0.8431070191902377
0.7391114229334508
0.6929586031057027
0.6065869176327947
0.7685523493110376
0.630840514569778
0.45075911306720773
0.9145836892924581
0.9049978206786449
0.9511532590916267
0.8765813545133805
0.9894094838248182
0.9798425734309637
0.8304265820151255
0.3750600459648157
0.4687658286094608
0.28869257367375045
0.555144471775683
0.1949758088969067
-0.5873574050502048
-0.5589204970926385
-0.6810900751040534
-0.512749133525722
-0.7674775480516083
-0.45061817525848646
-0.6064806502985047
-0.6928669698443521
-0.7390397602015453
-0.6307340903725207
-0.7685885639432102
-0.8432002955903568
-0.37491576216176836
-0.288551403845684
-0.468645142948625
-0.19484401186568223
-0.5550293270968338
-0.9053486813116078
-0.876910014483703
-0.9515356765851124
-0.8307357965893999
-0.9800048580427134
0.0285438127437768
0.046273401435085806
0.07471421244067294
0.0622214849369821
0.1368358755173515
0.07577447398619636
0.13791538663519715
0.22426442006900266
0.18408967802620713
0.2558143202516051
0.3179537120093058
0.21252664132283022
0.08641111681040417
0.09372046985532057
0.1801003616922916
0.09741967769505062
0.27752414432725203
0.29887800565194267
0.3641306251288677
0.3925704620203202
0.41538049704926316
0.49000054866278386
0.09737841551635029
0.1948443715748166
0.28854383968775643
0.2885701863774178
0.27739890156953717
0.3748735780386441
0.3749509131571449
0.45043166038802396
0.4686048984777377
0.5549910238695229
0.468653050577438
0.63055222884708
0.6307123955469882
0.4506669412876351
0.41490042120935294
0.5123731834090519
0.5585194094712005
0.6061020241409829
0.4897073949497843
0.587169000848267
0.6924851788262703
0.512808586612216
0.6065127297315165
0.5589878227891492
0.6928592920096193
0.5874300513862873
0.09360987444260896
0.08620931409384369
0.17992683485701938
0.07539343783115562
0.25548249712051907
0.06164505770564989
0.1373316245411083
0.1834692592546579
0.22370568340248775
0.13649671926535087
0.21218539703889522
0.31742938420395705
0.04566384796308366
0.028260188590746953
0.07438635027908748
0.009826356460875032
0.08442511545466579
0.36356999089576425
0.29854273953902755
0.3922503419758592
0.22223081750085127
0.4022611183064423
0.6811355582428198
0.7390436468430404
0.7674908200810557
0.7684251803140802
0.8430634527120486
0.768203178562211
0.8303464164081648
0.876505237650238
0.8765269631146471
0.8429875046044502
0.9051351522965934
0.9049703352688391
0.738638339819434
0.680890085080522
0.7672693166234962
0.597112678074678
0.7771260610024253
0.9511307809942007
0.9513242666730795
0.9797801267135204
0.9149011124156737
0.9894684447317503
-0.9515652250993063
-0.8769216274332013
-0.9053890841546521
-0.7686009956820149
-0.8432514780351685
-0.6307487864916224
-0.6928938814781036
-0.6065242233036037
-0.7390774858040623
-0.4506688712709137
-0.5128112320775873
-0.7675407776089491
-0.4686623311543301
-0.288570670106863
-0.3749521338691457
-0.09739614582552372
-0.2775008086348263
-0.6811668957185892
-0.5589919402863448
-0.5874493037700264
-0.41535660052514517
-0.4899895669399047
0.09751129473845271
4.4598918592466384e-05
0.09374840430334454
-0.09367862691078435
0.27760196462353004
0.18013632649791006
-0.18005659123231565
0.2557821328032992
0.08641362375322631
3.564984016315184e-05
-0.08635372777112629
0.07570325378590789
-0.07567806288568757
-0.25576977995320305
0.4150781686816102
0.3176190509971392
0.36365477006580893
0.22390489838950478
0.4900686857855924
0.3926208270248517
0.13753767863110147
-0.3179085546195243
-0.22420608584827245
-0.3640854775913889
-0.13781782581333957
-0.3925354298416518
0.28868069343722724
0.4687795712808005
0.37506489607686305
0.6307529369738902
0.4506908069083754
0.7683074874682454
0.692611578660743
0.7387291554159339
0.6062481406835425
0.8432193217502244
0.7675461977349434
0.5125364390457636
0.8765682352193795
0.9514473231987243
0.9053152118247922
0.9894819157817716
0.9149460807991436
0.5586188065705244
0.6812041298551543
0.5875113855213803
0.7772156397884296
0.5972669789118081
-0.29883028968468356
-0.18399593764700348
-0.2124436919203473
-0.062127540798499865
-0.13672985513828628
0.061837111261109134
-0.0002868948385168362
0.045620177424924246
-0.04644621661199272
0.1368387300725133
0.07470127165125964
-0.07486869548998384
0.18351518299767433
0.29891276710555026
0.21254571015907162
0.4025049617677693
0.22259107768326086
-0.029045141534034702
0.028521405712904672
7.26814255348554e-05
0.08492760261690308
0.010476180814114881
0.02826018859069723
0.04566384796295956
0.07438635027899428
0.06164505770549305
0.13649671926521528
0.07539343783098096
0.13733162454080816
0.2237056834020442
0.18346925925431717
0.2554824971200782
0.3174293842033906
0.21218539703863504
0.08620931409365795
0.09360987444245775
0.17992683485671274
0.09737841551628179
0.2773989015691689
0.2985427395387267
0.363569990895232
0.3922503419755334
0.41490042120876247
0.4897073949494498
0.09741967769510876
0.19484437157480478
0.28857018637758597
0.28854383968759534
0.2775241443278632
0.37495091315761986
0.3748735780383019
0.4506669412885419
0.46865305057768925
0.5549910238695113
0.4686048984775128
0.6307123955472889
0.6305522288468162
0.45043166038751714
0.4153804970509778
0.5128085866136736
0.5589878227912639
0.6065127297326222
0.4900005486660548
0.5874300513891444
0.6928592920103274
0.5123731834084446
0.6061020241404167
0.5585194094706061
0.6924851788258133
0.5871690008478618
0.09372046985555205
0.08641111681084893
0.18010036169292065
0.07577447398687817
0.25581432025279083
0.06222148493790883
0.13791538663672726
0.18408967802871545
0.22426442007083153
0.13683587552053234
0.21252664132641352
0.3179537120111693
0.04627340143623482
0.028543812745131045
0.07471421244310367
0.009715075085417796
0.08431933989926972
0.36413062513154937
0.2988780056556658
0.3925704620239234
0.22213354873168528
0.40218024138746944
0.6808900850801436
0.7386383398189357
0.7672693166231628
0.7682031785619489
0.8429875046041779
0.7684251803143798
0.8303464164081398
0.8765269631148926
0.8765052376500266
0.8430634527130998
0.9049703352693773
0.9051351522963957
0.7390436468441999
0.6811355582450906
0.7674908200827042
0.5970422990288324
0.7771077958862058
0.9513242666729669
0.9511307809943644
0.9797801267134996
0.9145836892932904
0.9894094838248824
-0.009488164101214527
0.00012536526998809238
-0.028301001784970085
0.02855907612083236
-0.0840746635188971
-0.07446646895732972
0.07472474995154771
-0.13659692433905501
-0.046032198586556425
0.00013488511391127067
0.04629921572318674
-0.06199441800344323
0.06226006601489899
0.13684800245929502
-0.22191348309558762
-0.2123050050092577
-0.2986815818789704
-0.1838698563041289
-0.4020163186657502
-0.39240754227439334
-0.13770134569420142
0.2125410627519444
0.18411765321429652
0.2988950264698583
0.13795545094033806
0.39259060949228963
-0.48988134087521057
-0.36397151406970374
-0.31780157697599726
-0.224076769581599
-0.41527422251286855
-0.25567254207864976
-0.07557423668644123
-0.1799724778983282
-0.08624980592744319
0.08648262700035667
0.00012348364112551734
0.1801842571471555
0.2558862728718395
0.07582827857920468
-0.27744298737957396
-0.09361073568131545
9.380728840780873e-05
0.09381373054043401
-0.09737396522324206
0.09753810284441951
0.2776249323592489
0.22431200472225088
0.31801064827225534
0.3641700348565188
0.4154477149733758
0.49002413293057506
-0.5969664797560787
-0.5873574050465147
-0.6810900751011213
-0.5589204970890682
-0.7770869210368804
-0.7674775480494487
-0.5127491335225118
-0.8432002955889232
-0.7390397601996297
-0.6928669698429033
-0.6064806502961841
-0.7685885639425488
-0.6307340903717165
-0.4506181752558406
-0.9149583503735879
-0.9053486813108014
-0.9515356765847829
-0.8769100144832022
-0.989614498976827
-0.980004858042684
-0.8307357965893976
-0.37491576215987854
-0.46864514294770865
-0.2885514038446916
-0.5550293270968327
-0.19484401186568426
0.5874552198847708
0.5590372895352655
0.6811614279773408
0.5128806447065175
0.7675251857279133
0.4507591130698392
0.6065869176350993
0.6929586031071393
0.7391114229353392
0.6308405145705718
0.7685523493116841
0.8431070191916324
0.37506004596669734
0.2886925736747372
0.4687658286103682
0.1949758088969006
0.5551444717756755
0.9049978206794026
0.8765813545138474
0.9511532590918961
0.8304265820151056
0.9798425734309375
-0.028326829163986135
-0.04607584945474626
-0.07448718770074783
-0.06205206959024165
-0.13661738638508336
-0.07564054386037825
-0.13775517735833911
-0.2241304165494648
-0.1839088081880073
-0.2557354764579539
-0.317855218818051
-0.21232545592429414
-0.08631820609063828
-0.093674004199813
-0.18003813048126524
-0.09742472421592271
-0.27750851038990343
-0.2987020339426826
-0.36401046095245904
-0.3924279960880054
-0.41532786819370526
-0.4899017964580611
-0.0974258946767615
-0.19489234312985645
-0.2886188162888063
-0.2886120435348639
-0.27752822508464603
-0.37500022293551016
-0.3749812904316767
-0.4507169099294682
-0.46872295767064154
-0.555094879724159
-0.4687106835007616
-0.6308143490583333
-0.6307970424932341
-0.4506811151635872
-0.4153841750748646
-0.5128591998520651
-0.5590394957862026
-0.6065848363447963
-0.49001178904993825
-0.5874919078529223
-0.6929594323830441
-0.5128027835635406
-0.6065343048098247
-0.5589594507238733
-0.6929206288747005
-0.5873778623888759
-0.0936773507228158
-0.08632324578233208
-0.18005286677948473
-0.07564652871041272
-0.25576635912248424
-0.06205791456788996
-0.13777887169945346
-0.18395274216490143
-0.2241696363220929
-0.13666290677987297
-0.2123923001254294
-0.3179056152092036
-0.04608015470421504
-0.02833329431016647
-0.07451017227406598
-0.36408269188876785
-0.29878754960902576
-0.3925282377413023
-0.681110534191671
-0.7390787206516776
-0.767498008859365
-0.7686422266767037
-0.8432207577902562
-0.7686639390883157
-0.8307894493186173
-0.8769750734465349
-0.8769489709401067
-0.8433106163646058
-0.9054397482476129
-0.9053691400554669
-0.739142729513112
-0.681222545858815
-0.7676018587398927
-0.9515560627729274
-0.9516021230986289
-0.9800242673974239
0.9514473231986967
0.8765682352193469
0.9053152118247647
0.7683074874682243
0.8432193217501962
0.6307529369738792
0.6926115786607223
0.6062481406835221
0.738729155415901
0.4506908069083648
0.5125364390457434
0.767546197734915
0.46877957128079184
0.2886806934372188
0.3750648960768542
0.09751129473844589
0.27760196462352127
0.6812041298551256
0.5586188065704913
0.5875113855213512
0.4150781686815903
0.49006868578556284
-0.0973961458255283
4.4598918585603384e-05
-0.09367862691079118
0.09374840430333597
-0.27750080863483084
-0.18005659123232243
0.18013632649790118
-0.2557697799532098
-0.0863537277711349
3.564984015406536e-05
0.08641362375321732
-0.07567806288569676
0.07570325378589783
0.255782132803289
-0.4153566005251499
-0.31790855461953116
-0.36408547759139576
-0.22420608584828106
-0.48998956693990947
-0.39253542984165857
-0.1378178258133489
0.31761905099711973
0.22390489838948543
0.3636547700657756
0.13753767863108246
0.3926208270248216
-0.2885706701068652
-0.46866233115433054
-0.37495213386914805
-0.630748786491621
-0.450668871270916
-0.7686009956820123
-0.6928938814781023
-0.739077485804061
-0.6065242233036043
-0.8432514780351659
-0.7675407776089478
-0.5128112320775895
-0.8769216274331986
-0.9515652250992963
-0.9053890841546491
-0.558991940286347
-0.6811668957185901
-0.587449303770029
0.2989127671055196
0.18351518299764058
0.21254571015904045
0.061837111261090406
0.13683873007248165
-0.062127540798509726
-0.00028689483853522904
-0.046446216612010746
0.045620177424890135
-0.13672985513829589
-0.07486869549000147
0.0747012716512275
-0.1839959376470129
-0.2988302896846923
-0.21244369192035684
0.028521405712871956
-0.029045141534069133
7.268142550152172e-05
0.007299819365455233
0.0025086892072335148
0.012015983265307565
0.019237754101900963
0.01661802981141093
0.0357627474313143
0.021686914058707547
0.02106081828243651
0.03760500376493696
0.06281673405367119
0.04952476106058458
0.07550308442537398
0.0920237469470527
0.05673041144761683
0.025301024876836123
0.02929763053735282
0.054530203584350206
0.03301208987295022
0.08746171167454928
0.08194205515783812
0.059261873992208086
0.10393180420663817
0.11115563291096814
0.12494771831609665
0.14409005527760488
0.11381386726577652
0.03640862014742295
0.06936018599177031
0.10874515445374194
0.09857806523494475
0.11786498819374705
0.1507993202106413
0.1237912535192395
0.19512031328964907
0.18001281791456086
0.20522498207043022
0.16317188541559227
0.24954564708625
0.22618969049212384
0.1447586441935252
0.20834885784288004
0.24128188405164946
0.2888395921976406
0.27049515152208237
0.304402770560249
0.33733544702802565
0.2957070195703329
0.16127211231074917
0.2006470818526716
0.17317196794220097
0.24269327204887864
0.1804283034999522
0.03945451295061031
0.04212043686908219
0.0815247177344938
0.04438071815196745
0.1258497082920128
0.046213588963613876
0.09055628975727704
0.1381179068585318
0.13262242100851246
0.14228324246721286
0.18661542548519705
0.17201256005900017
0.04760139765719719
0.04853077885813835
0.09610783547312446
0.04899278212487489
0.1450783129493099
0.21957091136533496
0.22867836073991316
0.2680672234007726
0.23558350450478657
0.3170345361031238
0.21982056051018628
0.1832522693397497
0.2545848710727039
0.2618875927452389
0.287005577035234
0.3062244036420062
0.26491181269860464
0.3166670410387715
0.33315706663650274
0.3807031042156378
0.3450411494783976
0.4127126014811814
0.42918563020096145
0.3524041337012589
0.3432644788994379
0.3665489299755109
0.39175994841260775
0.3863023995068414
0.44072631220832503
0.3999821711707781
0.35565685718642925
0.44106402591830873
0.44850043387849353
0.47813757355239483
0.49749178090688495
0.4520022549900304
0.04898295811792083
0.09796601096259323
0.14646344103970887
0.146476199954924
0.14504015911152818
0.1940209947342701
0.19404676387707914
0.24018121275959958
0.24252982814392005
0.2900994532104272
0.24254274864958433
0.3362589179235056
0.3362717655224643
0.2402198502535095
0.23551952093250472
0.2844996365274025
0.32654946511308736
0.3330077145461051
0.31694636570101153
0.3659257331543724
0.38057660058683507
0.2845509136790758
0.33304613344880485
0.32661307813782847
0.3806021276995275
0.3660012675039826
0.40224922180375344
0.41443306309470607
0.462001216345039
0.4226256887530297
0.4983239648732709
0.5081721065332019
0.42674820069548847
0.5525010802874593
0.5131262592957544
0.5131386753948686
0.47107787396263445
0.5525255577473192
0.5082092455043967
0.42676089175202414
0.5888231172313514
0.5945611704504273
0.633947438266824
0.5945732762322276
0.6702688296910722
0.6702816018780637
0.5888598092319431
0.4226636185009667
0.46205115072996417
0.4144958227354203
0.4983856967920837
0.402336262441111
0.38619150066503205
0.4351701122043704
0.46437135448791317
0.48367669359175736
0.44059386616806473
0.4895717210862538
0.5312441157182377
0.5105285150800315
0.5380775549732688
0.5856442474224237
0.5604446190976724
0.6066003036620675
0.631813706563551
0.5774142936426856
0.47806280887074704
0.5270399074931553
0.5389468810128193
0.5755449956260719
0.49715841821560036
0.5461347614113529
0.6231109586414666
0.6217425503238776
0.6509423286577773
0.6638019118833154
0.6761412236299829
0.7031876368878072
0.43526885835582707
0.4837632356296747
0.4644827264570399
0.5313184890698188
0.4896919152647482
0.5774766199878179
0.560532759091537
0.5857387812073023
0.5381851064354786
0.6318948806033015
0.6066676641610547
0.5106342218025639
0.6217930839220138
0.6638410717153767
0.6510075879296549
0.7032156198119827
0.6762088029287001
0.5270873496168397
0.5755634013326876
0.538962936264485
0.6230987401425091
0.5464845115622424
0.048501401448138984
0.04755274976898736
0.0960594075725654
0.046146139114535384
0.14222006116697294
0.0442951159143348
0.09046129502380035
0.13251124410934184
0.13803030629032426
0.12571602620933303
0.17188862686875467
0.1865391074397936
0.04201750653370612
0.03933524559605862
0.08138680563822817
0.03627416474049214
0.11771009425345524
0.2285896473578925
0.21945833052523767
0.26796665815951726
0.20821351000512864
0.30429089944748644
0.03286374384900152
0.0691846669542445
0.09838541148792931
0.10857054974304436
0.0872527679372602
0.12358777374790283
0.15063256276413522
0.1445471878214793
0.16297629141689002
0.20503836828408384
0.17983584423407428
0.22599734974301888
0.24936875613141107
0.19496347956285343
0.12472601578985396
0.16106135569039523
0.17297114299536104
0.20044946533326857
0.14382701399480802
0.18016184640687294
0.2425109370935492
0.24113587137022485
0.2703386050793506
0.2887049454823481
0.2955404684685201
0.33721254540720563
0.029136827139096565
0.02512930685603374
0.054323800318439544
0.020879777610872265
0.07527983253414366
0.016429164693271783
0.037375300501545985
0.049281291833500454
0.06258191119158399
0.0355060666951678
0.0564718023997646
0.09179357589544124
0.011820329938581134
0.007097658944932387
0.01899048884669604
0.0023066336156723896
0.021388898724976242
0.10370366404401038
0.08168258932323627
0.1108948455218656
0.058874866615041134
0.11329775222569248
0.36641454407880875
0.3431088150607854
0.3916156672728011
0.31649876059546345
0.4125732178604278
0.2868406500617501
0.333011651392233
0.34492012321117604
0.3805792637330896
0.30593921336691754
0.35210950167666044
0.42908536675910164
0.25442010726827036
0.21954935976093298
0.26161018453110213
0.18256423190048748
0.2640119416665482
0.4409930965668448
0.3996763793232607
0.44818173296267905
0.3545105599126914
0.45058204907725063
0.5950069082781027
0.5502473967921779
0.6349753198574055
0.6425917796852998
0.6692354429178811
0.6887809600885031
0.6466184808776305
0.6971212762637102
0.7135290616024628
0.755552903111238
0.7254111868977577
0.7785178665316179
0.7949021382690662
0.7331297220129304
0.7182536858758495
0.7324299805625605
0.757624517750938
0.739537510191693
0.7939420382314955
0.7752110593245474
0.7374135741402563
0.8067949051673879
0.8146197996745452
0.8311977002163871
0.8509765066631647
0.8191449005970584
0.7395219602431552
0.772456922383195
0.8016568023819499
0.8016705443758544
0.7939198994805501
0.8268559160257358
0.8268563910911879
0.84781155741949
0.8560679919017297
0.8812430909750564
0.8560504937174718
0.902191464007859
0.9020919178916457
0.847728333797857
0.8313848211289241
0.864321886323453
0.8762278719921985
0.8935314171604505
0.8504768508301874
0.8834148247424962
0.9186937678950102
0.8640899347365416
0.8932619673479836
0.8759987542406138
0.9184327547322986
0.8839311341433236
0.7323868156414889
0.7181998507040557
0.7575851444039361
0.697096537359668
0.7785399325642341
0.6692796874659491
0.7136064400327968
0.7255119136628118
0.7556643444460274
0.6883723192082822
0.7326982835477369
0.7950493576421768
0.6350171947593235
0.5946391058327405
0.6422043374097659
0.5485343219198807
0.6446031593583448
0.8069544088979974
0.7747554999655344
0.8141404186413437
0.7350963226747111
0.816538166492973
0.9131663974716606
0.8886728935307182
0.9303631129666984
0.9384008292405963
0.9393597911090401
0.9593914900636338
0.9433268618721471
0.9395184508854
0.9558414434915761
0.9677188933323849
0.9677986604137379
0.9585686800980123
0.9748776658570728
0.9759363083081201
0.9305909756505131
0.9126206522958176
0.9377684098469998
0.8858135004986494
0.9401568471151922
0.9878760262430997
0.9810076349506405
0.9868666620786493
0.9950957338602732
0.9772487323573729
0.9975259755970127
1.0002682418392332
-0.0025066058562604595
-0.00012411664456703794
-0.007325457766602516
0.007065743967655371
-0.021646111338062823
-0.019241488945697945
0.018979849207574787
-0.035760619331777696
-0.012046546540472889
-0.0001314122068479941
0.011783541079327942
-0.016650401021597712
0.016388912771731337
0.03550014675699564
-0.05913029781017109
-0.05672448294672229
-0.08193132884556739
-0.04952936235105443
-0.11354425185507327
-0.1111384066793967
-0.037614344217043655
0.0564667086304369
0.04927039237597723
0.08167737116770471
0.03735521639919995
0.11088923699825887
-0.14406440930163245
-0.10394338134798868
-0.09202854359148743
-0.06282132181073158
-0.12495469303387248
-0.07550871236249324
-0.0210942586028105
-0.05454305268941298
-0.025335541513809515
0.025081624449465934
-0.000128275200907704
0.05429259143402956
0.07525724065832005
0.020835953846747635
-0.08746949168419044
-0.02933354247110952
-0.00012302674773535354
0.029084904791419577
-0.03304988611158247
0.03280712162460463
0.08722324852146227
0.06256550467066538
0.09177692273370608
0.10369251548282434
0.12470808849993809
0.14382091068683156
-0.1827980182400798
-0.18039220666205652
-0.21977190577605604
-0.1731972917041552
-0.2642299962557837
-0.2618242217570416
-0.16128263788602476
-0.3061441308590196
-0.2546294179983146
-0.24271494831178775
-0.20066248464768832
-0.28703500510423985
-0.22619562756442
-0.14476306187664045
-0.35471050838413953
-0.3523047711520205
-0.39986155345339647
-0.3451100786356246
-0.4507621429248362
-0.44835644296879623
-0.33319579308854463
-0.12379772612407403
-0.1631778624800418
-0.09858860537779653
-0.20523061573826162
-0.06937854091935117
0.18015518499695685
0.17295792927689108
0.21954209064578944
0.16104180171637472
0.2616022658683621
0.14452158468667559
0.20042809898621294
0.24248762451824646
0.25440438112681973
0.22596677843875954
0.2868152839613278
0.30593061001444644
0.12355640047674604
0.09834817884389607
0.16294208933615345
0.06913971231624771
0.20500096518393834
0.3521001851968777
0.34490160153912797
0.39966632808501934
0.3329841460186207
0.4481709321844203
-0.49732237041862515
-0.4411618616954198
-0.42924776028552114
-0.3807527230805394
-0.4782138354238178
-0.41272895005553595
-0.3166767276017841
-0.3917645860681831
-0.34326925927751606
-0.2705036978823103
-0.2957120396975661
-0.24129453593479355
-0.1951330380044468
-0.24955096212306221
-0.4407309507898887
-0.36655663370949687
-0.33734792300815575
-0.2888521758675783
-0.3863147080769438
-0.30441980943718894
-0.20836591367348933
-0.1800218844604703
-0.1508122712607236
-0.10875909764045519
-0.1178831403023301
-0.036448901257328775
-0.2680894637118906
-0.2195931816170756
-0.13265175137799523
-0.17203500672430327
-0.09059547404057902
-0.04443281217940255
-0.12587297382886226
0.04421403927813572
-0.00011088148988034802
0.041943456091487724
-0.042167808419907714
0.12565078223339687
0.08132517678888958
-0.08155167211543868
0.0903800482360751
0.13243508491191502
0.21938070719701747
0.1718175046497632
0.267882312959016
0.3042135730104676
0.2081480224449221
-0.03949796352124739
0.03926760024509944
-0.00011687182226899606
0.1176549955876898
0.036212317967145705
-0.317056783728433
-0.2287068166880481
-0.18665118893494315
-0.13815427789013185
-0.2356191378976713
-0.14232763773899237
-0.046271238006918514
-0.0961630562993959
-0.04766544586140095
0.04745578891493067
-0.00010594270269147568
0.09595589873776617
0.14212000108315143
0.04605741838855197
-0.14513170474163456
-0.048602059957510046
-0.0001026959668319775
0.048395654763908766
-0.0490720840949556
0.048867972847348534
0.14492731242410667
0.13794251531956836
0.18644337254323481
0.22849915111400587
0.23541553358012035
0.3168552238312935
0.10852479277308852
0.15058301895651893
0.17979211451338917
0.19490930905699072
0.2493279399458974
0.24107674477591262
0.27028653927016455
0.3430607619147223
0.29549608886190426
0.391563866582733
0.4125311211378928
0.31646260102920765
0.2886406826642748
0.3371430376917538
0.3663535745837002
0.3861167006582006
0.44053828351162616
0.3805495540592681
0.42905340847511164
0.4409716062905522
0.4780285807562824
0.49714686071797776
-0.5486933928504493
-0.5462877301704319
-0.5947809220605145
-0.539093260138479
-0.6447405185592539
-0.6423348931546267
-0.5271793428629408
-0.6884916357522912
-0.6351405343623179
-0.623226801218218
-0.5756726824392586
-0.6693836915005029
-0.6067085014896942
-0.5106607878857325
-0.7352121862551373
-0.7328065981241227
-0.7748529663395971
-0.7256123505687206
-0.816631323208368
-0.8142257723335197
-0.7136988015523318
-0.4896967478101261
-0.5381903769653309
-0.46448918490228774
-0.5857447853207292
-0.4352809254414964
-0.8505458042539804
-0.8070316359999015
-0.7951182710985177
-0.7557453174593265
-0.8314384508161972
-0.7786004818477742
-0.6971807570677699
-0.7576374134744933
-0.718264170282324
-0.6510105807781261
-0.6762173648001171
-0.6218032237819737
-0.5774874038264382
-0.6319019651778259
-0.7939578827884735
-0.7324310188899182
-0.7032241131219463
-0.6638504495956016
-0.7395450027028827
-0.6702980342175999
-0.588876636226066
-0.5605376118583613
-0.531329803632714
-0.4837749749383674
-0.49840270741698345
-0.40235332055307615
-0.8858687280837348
-0.8834632142533414
-0.912661077405976
-0.8762691889945984
-0.940263111231475
-0.9378576323955825
-0.8643560081274528
-0.9588124573284011
-0.9306637173834238
-0.918750720951808
-0.8935540199304073
-0.9397056899285039
-0.902233443768719
-0.8478384740968595
-0.9777194994064856
-0.9753140510848263
-0.9872444085055854
-0.968120264027566
-0.9967203193888305
-0.9943154081816239
-0.9562074917575358
-0.8268757296722753
-0.8560740304118755
-0.8016697246471478
-0.8812710261314299
-0.7724632702916328
-0.3660235360334193
-0.4145181204624877
-0.3266414973038084
-0.4620734840798098
-0.28458651914890043
-0.508231619186309
-0.42269205361921364
-0.38063772510789173
-0.33308173252901624
-0.42679648919248314
-0.3363155440853136
-0.24026365294214405
-0.5525479740442403
-0.5945957347432302
-0.5131671518371732
-0.6339699331735644
-0.4711134730547311
-0.19409978555783913
-0.2425956985838363
-0.14653952404063908
-0.29015239088103484
-0.09804090390666934
0.5461224499176099
0.5389223695167515
0.594626052470695
0.5270034178981569
0.6421905474365167
0.5104803775531856
0.5755062796022156
0.6230700289480113
0.634989725134617
0.6065462406316284
0.6692364495253658
0.6883577609153786
0.489512370862003
0.4643013276544725
0.5380144912302995
0.4350900405118129
0.5855774817927109
0.7326829184356218
0.7254812952337442
0.7747395079266342
0.7135607908361867
0.8141245459649502
0.4021598265377404
0.48359141689396745
0.5311536314400043
0.560365681467546
0.49822264803011856
0.5773183891899707
0.6317430834861125
0.6216411251195721
0.6508539928871115
0.718122243246653
0.6760666121940829
0.7575082221042144
0.7784776681332402
0.6970361886274197
0.5887093281289049
0.663696478186115
0.7030832782427847
0.7322958270686277
0.6701518945320195
0.7394251578309856
0.793848651038009
0.7556168425847942
0.7950022319134464
0.8069227869409932
0.8313412127123383
0.8504621696680141
0.36582781811746906
0.32644390875613327
0.41432844514214406
0.2843873834099513
0.4618898628708487
0.2400632657618944
0.33288725259075497
0.38044785002951476
0.422505168764188
0.33612292979581176
0.42661086138192855
0.5080537551217605
0.19389841761955726
0.14633742800032085
0.24239751717078614
0.09783833149401955
0.2899572694150603
0.5523757367221942
0.5129902470963614
0.5944309761698465
0.4709321471467052
0.6338188092438306
0.8834007676764528
0.8761998299828253
0.9126016163196213
0.8642800029834545
0.9377331848836938
0.8477560465904608
0.8934745289072648
0.9185886446702234
0.9305206639400659
0.902051939133047
0.939342502635292
0.9585095764125295
0.8267870598974538
0.8015749490049782
0.8559739050129835
0.7723624825915045
0.8810697054032715
0.9748091748259977
0.967582406531798
0.9868342555706608
0.9556379464092659
0.9951434193033695
-0.007295705343556513
-0.012014543200155745
-0.019233952402836672
-0.016617674437920036
-0.035758301024406344
-0.021060768386700707
-0.037604638156813294
-0.06281697282736154
-0.04952611872440804
-0.0755028651427328
-0.09202543802389404
-0.05672338746958097
-0.025301035622929784
-0.02929764005515533
-0.05453019875533936
-0.033012092197929464
-0.08746162359271187
-0.08193051919680347
-0.10394170489579026
-0.11113766361847242
-0.12495187515631084
-0.14406368164969258
-0.03640861984659017
-0.06936019439657432
-0.10874517321241989
-0.09857807879610095
-0.11786499216453845
-0.1507993483756048
-0.12379100260338916
-0.19512034067982875
-0.18001268091466988
-0.2052242132097558
-0.1631714006273532
-0.2495445726872983
-0.2261913334184067
-0.14475869055342477
-0.20834888490060183
-0.2412818887927404
-0.2888395394324569
-0.27049456130625715
-0.3044028348981481
-0.3373352884337526
-0.29570565282585837
-0.16127988620414266
-0.20065974795992486
-0.17319569943680035
-0.24271221481344324
-0.18039148250027448
-0.03945451258315055
-0.0421204367955024
-0.08152471666478
-0.04438071817613877
-0.1258497068105483
-0.04621358897976796
-0.09055628979112937
-0.1381179067532508
-0.13262241998351776
-0.14228324257801223
-0.18661542493650451
-0.172012559758964
-0.04760139765860255
-0.0485307788564103
-0.0961078354853386
-0.04899278212421029
-0.14507831299681762
-0.21957091546468702
-0.22867835808316014
-0.2680672367018109
-0.23558350310498877
-0.3170345646602579
-0.2197711823354092
-0.254627829805691
-0.2618234983958069
-0.28703227208120263
-0.30614340742886625
-0.316672436668754
-0.33319305991858617
-0.38074998962145445
-0.3451084902333859
-0.4127246584703224
-0.4292450265049129
-0.35230404761874645
-0.343262872580409
-0.36654749938251585
-0.3917581990054423
-0.38630207339032996
-0.4407245632398821
-0.3998608298091482
-0.4411602728569053
-0.4483557192117693
-0.4782111013143293
-0.4973216465484118
-0.04898295811795594
-0.09796601095970547
-0.14646344103282827
-0.14647619995354477
-0.1450401591092929
-0.19402099472322948
-0.19404676398880627
-0.24018121275436233
-0.2425298282071966
-0.29009945344065236
-0.24254274883779836
-0.3362589180922553
-0.3362717641821541
-0.2402198502088046
-0.23551952091142225
-0.28449963652682186
-0.3265494652237657
-0.3330077147821884
-0.31694636545883625
-0.3659257330282588
-0.380576600463307
-0.28455091103817653
-0.3330461293633127
-0.3266130782558738
-0.3806021223408155
-0.36600131808682823
-0.4022492232895324
-0.414433063230118
-0.4620012142687767
-0.4226256881248238
-0.4983239631556052
-0.5081720967855388
-0.4267481961453181
-0.5525010849456378
-0.5131262577756079
-0.5131387318046483
-0.47107786900378135
-0.5525257536301533
-0.5082093994808778
-0.42676088586687116
-0.5888231354226464
-0.594561298110948
-0.6339477116138355
-0.5945735134831809
-0.670269133612302
-0.6702810569959072
-0.5888596601668845
-0.42266363493834425
-0.4620512651119002
-0.41449590216071375
-0.4983857327894404
-0.4023363472570819
-0.3861914956717434
-0.4351701068641982
-0.46437138177976567
-0.4836766872969701
-0.44059375694746616
-0.4895715986361409
-0.5312441029464271
-0.5105290813673331
-0.538077416655808
-0.5856440843663375
-0.5604446440404478
-0.6066009722544303
-0.631813526806134
-0.5774142716399431
-0.4780604817215401
-0.5270373276637459
-0.5389586040733587
-0.5755421577253004
-0.4971099610269484
-0.5460817628356149
-0.6231078547849345
-0.6217425744352716
-0.6509424248109155
-0.6638021372971099
-0.6761411320284412
-0.7031879418203459
-0.4352682902049041
-0.4837623390543814
-0.4644800495407432
-0.5313171670815957
-0.4896903597457146
-0.5774747665953293
-0.560528475299205
-0.5857383962148615
-0.5381839883801218
-0.6318955755453247
-0.6067042081924114
-0.5106564954491466
-0.6217905858993581
-0.663837810944507
-0.6510014430269402
-0.703211474144142
-0.6762109746632596
-0.5271766084229645
-0.5756699476682117
-0.5390916708518749
-0.6232240661169104
-0.5462870061869544
-0.04850140144827991
-0.04755274976883622
-0.09605940757259274
-0.046146139115127785
-0.1422200611688967
-0.04429511591189393
-0.09046129501942368
-0.13251124413252818
-0.13803030628466842
-0.12571602611888177
-0.1718886267489298
-0.1865391074318653
-0.04201750654269433
-0.039335245562223425
-0.08138680557543648
-0.03627416486345854
-0.11771009460027076
-0.22858964739349907
-0.21945833037397328
-0.26796665796590924
-0.20821351060974458
-0.3042909003333567
-0.032863743414272575
-0.06918466609322466
-0.0983854164709804
-0.10857054841960906
-0.08725274945282308
-0.12358774612588772
-0.15063256092570065
-0.14454733445744794
-0.16297625409419647
-0.20503832068596847
-0.1798358537043711
-0.2259975843841719
-0.24936869753284036
-0.19496347716641962
-0.12472544119110252
-0.1610606072123824
-0.17297487322146837
-0.20044852831077598
-0.1438122140058693
-0.18014348455484763
-0.2425097954226863
-0.2411358683779457
-0.2703386196793197
-0.28870494185091755
-0.2955403980977862
-0.33721254107933163
-0.029136828590794153
-0.025129302512901894
-0.054323789879713716
-0.020879787066613344
-0.07527989970455229
-0.016429171679736558
-0.037375220439020335
-0.04928210892768335
-0.0625816734646977
-0.03550314320164431
-0.05646565442866515
-0.09179316857929297
-0.011819941183859085
-0.007099707457983075
-0.01899258066168652
-0.0021498650397542424
-0.02140526455057585
-0.10370591011439984
-0.0816738609814324
-0.11088328199038139
-0.0589078593160681
-0.11335633426175802
-0.3664145644422725
-0.34310873220027094
-0.3916155713370736
-0.31649909658897657
-0.412573665572713
-0.2868392896220875
-0.3330100606116466
-0.34492759607647455
-0.3805774333925548
-0.30590874206730334
-0.3520746474926999
-0.42908329004160406
-0.2544256062287539
-0.2195271728608012
-0.261583948946976
-0.18265356986172654
-0.26413602204282827
-0.44100267069455856
-0.39963703734096434
-0.4481378418903398
-0.35467206318355493
-0.4507822133652335
-0.5947801979636849
-0.6351389446273605
-0.6423341689447362
-0.6693809560654183
-0.6884909114281588
-0.6971764629195389
-0.713696065797248
-0.7557425813310903
-0.7256107603905071
-0.7785961869935081
-0.7951155347995218
-0.7328058736903903
-0.7182577795547094
-0.7324218801546866
-0.7576310224846599
-0.7395323617476219
-0.7939514903098919
-0.7748522417783098
-0.807030045452219
-0.8142250477130089
-0.8314357135912779
-0.8505450793192422
-0.7395207254107086
-0.7724506333647486
-0.8016493351387879
-0.8016605876815719
-0.7939174277799308
-0.8268468163472178
-0.8268693401674301
-0.847802239978146
-0.856056309541779
-0.8812646636097914
-0.8560676281930273
-0.902219768509686
-0.902229172000111
-0.8478341804351954
-0.8313769209266508
-0.8643056270120946
-0.8762335645147534
-0.8935145121408219
-0.8503907724959904
-0.8833162918812745
-0.9187223384138203
-0.86435327272474
-0.8935512766897844
-0.8762675990452635
-0.9187480021477181
-0.8834624899322816
-0.7323871711343561
-0.7182000327158093
-0.7575852168396957
-0.6970974646164029
-0.7785410550092395
-0.6692763532295533
-0.7136030502031236
-0.7255279793118631
-0.7556610871344555
-0.688306308018631
-0.7326285505278982
-0.7950454603126935
-0.6350310046789882
-0.5945816257444833
-0.6421424804656752
-0.5487728987489273
-0.6448783923818208
-0.8069720059970366
-0.7746823923175765
-0.8140628700739667
-0.7354055293826167
-0.8168756287624888
-0.9126603504367734
-0.9306621385852847
-0.937856913675875
-0.9397028963696654
-0.9588117133657341
-0.9396864043616212
-0.9562048816788158
-0.9681347253240963
-0.9681187582946151
-0.9586900252916691
-0.9752070687256885
-0.9753133690728596
-0.9306513894984834
-0.9125223924853072
-0.9377278632191525
-0.8861581684844844
-0.9405910770558964
-0.9872436538101015
-0.9871199952521357
-0.9943141488772033
-0.978083019389926
-0.9971937467669658
0.9879710810113189
1.0003695253761364
0.9677026108730546
0.9760781033412427
0.9390907494348759
0.9595790896807659
0.9813085540261521
0.9018031595189464
0.9181000994375548
0.8928680750062548
0.9302068827921743
0.847333311592242
0.8636376032673414
0.9386330005479933
0.8558439148318828
0.8015403305416864
0.8266174069851697
0.7394309539558228
0.7936715509964167
0.9134416227681834
0.9438187400037801
0.875787957271726
0.8842476262067385
0.8306901202747354
0.8513322267734471
0.8893416593207784
0.6701620435255207
0.7030974720454024
0.6637119075611407
0.7322651037614267
0.5887208875514482
0.6216535235473168
0.7573235358520313
0.5773273229166898
0.6508098698965163
0.6758502396639141
0.7179233157092351
0.631509398426193
0.696542027455326
0.7780253793985616
0.498231255148779
0.5311601480858068
0.48359657028307934
0.5603043373377237
0.40217042989398233
0.43509460811780265
0.5853277230875962
0.7943428605439207
0.754945801832603
0.8065370772376637
0.7128782945910089
0.8150124782047251
0.5944339158913647
0.512987453413903
0.5523764984995855
0.4266064637163216
0.508051578868165
0.33611939316861483
0.38044006196321234
0.33287753441287216
0.42249562469357693
0.24005676902798156
0.2843769192848349
0.4618860159667956
0.24239545756194286
0.1463366463849633
0.1938955286086068
0.04886819713793894
0.1449245515113166
0.41432439502877194
0.3264329295348978
0.3658247459328372
0.2354052893291817
0.3168541321074053
0.7756382187056434
0.8199716568504103
0.7251154758897604
0.7335887018574194
0.6685454085416648
0.6892689442367201
0.7383753653217084
0.6060138381349829
0.6223740315727284
0.5748087585143373
0.6346521058264927
0.5099190038082564
0.5263076093910213
0.6431058249213331
0.5377498735510952
0.4642260062124751
0.489233956220999
0.38612131664250315
0.44024711219382795
0.5955439744462296
0.6476892311748426
0.5386233941687206
0.5470414928017355
0.47733761838541644
0.498065537711907
0.5513989853735055
-0.04907097777845753
-0.00010136971518523263
-0.04859876921646972
0.048396142541898994
-0.14512579981706886
-0.09615694877965336
0.09595413168838324
-0.14231790108077613
-0.04766025952686953
-0.00010318296710725383
0.047455869207662274
-0.046265016969980095
0.04605635613452848
0.1421145058503141
-0.2356051598054602
-0.1866370748071003
-0.22868765638753596
-0.13814123056181837
-0.31703198590185266
-0.2680646785763502
-0.09058508079232944
0.18643425365532001
0.13793541587090924
0.22849089555891672
0.09037583228003446
0.26788415243876285
-0.30438892806374473
-0.21956970205484888
-0.1720144863592081
-0.13263655996201584
-0.20833964483301887
-0.12585646460011213
-0.044426330750511354
-0.08153710061630126
-0.042158846132748604
0.04195140316810053
-0.00010698462048356815
0.08134730623486236
0.12566670610712785
0.0442135138468046
-0.11786253051841059
-0.03947765345929168
-8.068993859973083e-05
0.039296522061556316
-0.03640512507277516
0.036261091327339554
0.11769103915058965
0.13243327457076498
0.17182791785050083
0.2193863995004139
0.2081729196951661
0.3042297837149961
-0.3862770819426291
-0.33731056700383955
-0.3665126247953569
-0.28881648115188624
-0.44067925358900384
-0.391713559624827
-0.24126219906989765
-0.4126719268351783
-0.3432203976349174
-0.29566705100991436
-0.27046516469239257
-0.3166261870964451
-0.2495102620813156
-0.19510483135118184
-0.4781455724863367
-0.4291809437779828
-0.44110109061865077
-0.38068894940505404
-0.49720091056932203
-0.4482414245391879
-0.3331367400248385
-0.15078530116889366
-0.17998841493278317
-0.10872471921599608
-0.20519043315035307
-0.06932696506571814
0.33714828938871455
0.288647116692473
0.3662665313106203
0.2410848440544832
0.3912610184388393
0.19491947424919387
0.2701898549915974
0.2951732140237804
0.34274734529320194
0.2489966981824691
0.3158700005704369
0.4119496606137008
0.15059555659494883
0.10853990549282955
0.17968756198010538
0.06915749089939793
0.20466241215421177
0.42837033599398333
0.37987728769020995
0.4407196445890401
0.3323254328344711
0.44908782568062194
-0.14653755515697658
-0.24259286341913822
-0.19409498483242407
-0.336311854742234
-0.24025518515681524
-0.4267919774424812
-0.3806295384258991
-0.42267862797378286
-0.3330707438953264
-0.5082158803853927
-0.46205415541735345
-0.28457360433535417
-0.513161862778801
-0.5945897192362115
-0.5525366903300832
-0.6702913574741929
-0.5888587435293513
-0.32662342833687363
-0.41449609235128937
-0.3659996892774645
-0.4983769081052333
-0.40232317395299794
-0.7395377002739458
-0.7032101606571406
-0.7324094106628629
-0.6638305553922982
-0.7939343620131107
-0.7576073910999233
-0.6217781769685367
-0.7785634281606169
-0.7182284028283912
-0.6761766842483921
-0.6509780511846098
-0.6971332441671663
-0.6318572571427907
-0.5774580533904796
-0.831393590043249
-0.7950673445666825
-0.8069944636927291
-0.7556891453576149
-0.8504116049424866
-0.8140893052259914
-0.7136382724118981
-0.5312970426149649
-0.5604976102220633
-0.48373970973783365
-0.5856969705550632
-0.43524404133767625
-0.8016619891490059
-0.8560654146874749
-0.8268594169042618
-0.9022262524160176
-0.8478150038675113
-0.9396905327833287
-0.9187285243396353
-0.9306579250417812
-0.8935234091324662
-0.9586964074560751
-0.9377368252411014
-0.8643179898290079
-0.9681375506710721
-0.9871226499946346
-0.9752113884346507
-0.9971894238172794
-0.9780708071403881
-0.8762463979117303
-0.9125345611185389
-0.8833323902592152
-0.9405731935613768
-0.8861381408434138
-0.4644453320534999
-0.5381403769588521
-0.489645452920307
-0.6066541053834942
-0.5106031787571719
-0.6693197391795529
-0.623160383044445
-0.6350842438369226
-0.5756047414308529
-0.6883551342934764
-0.6422006400220397
-0.5271107812041744
-0.7255638566059797
-0.774715345477375
-0.7326689653815379
-0.816858047296671
-0.7353957307913055
-0.5390327824684311
-0.5946499670355123
-0.5461610385354732
-0.6448820796717815
-0.548795517518353
0.40058008913238485
0.4532056911010044
0.34470322031382705
0.3530095333999599
0.2861726675490209
0.30683433730382637
0.3568835160993842
0.22537161471011108
0.24186341492229285
0.19982434480857145
0.2542639580283276
0.14393162640465157
0.1604602651838567
0.26249924068027
0.16259722909754987
0.09823701485310368
0.12320617059443664
0.03282753480838825
0.08686850356319484
0.22043126126314166
0.26613469543030466
0.17287736909084117
0.18103558248530693
0.12415022196688923
0.14469165068621032
0.18444725853603328
-0.03298784017026103
-0.00010012771040505825
-0.02930846688565287
0.028967723994943167
-0.0873947397109065
-0.05451612883468974
0.05393409688036794
-0.0754808091673134
-0.025458888653243576
-0.0004924002898427228
0.024720019036108865
-0.02146067022105968
0.020274647345528633
0.07467906790258928
-0.12486832710123688
-0.0919992309051249
-0.1039171634087569
-0.06295147634655815
-0.1439610752669762
-0.11110471721268504
-0.03798218779973209
0.09124385424360387
0.062058007462095555
0.10367107800157696
0.036873749435524406
0.11174952331360491
-0.09852921365216641
-0.16312869515114065
-0.12373049497818203
-0.22614946551897794
-0.14468872619728812
-0.2869806481157893
-0.24266059305725957
-0.2545765148768012
-0.20059791047825315
-0.3060554891318547
-0.2617385231411342
-0.161199844636223
-0.3450551790029936
-0.39975459791248014
-0.35220734323726377
-0.45082908551529133
-0.3547506329886031
-0.1731130824705869
-0.2196782861864452
-0.18028419699395676
-0.26424112505259156
-0.18274658978249475
0.08252648811980687
0.11496098991916887
0.049304641016917033
0.05730404814377543
0.015933423393910948
0.03632503377234553
0.06034677629002068
-0.017191313588600956
-0.0005607640773508913
-0.012452584588485032
0.01186755037854946
-0.03627439287448689
-0.019615949185648275
0.019791958189127254
-0.04990037898823709
-0.08206680755007484
-0.057091787325834836
-0.11353673326445254
-0.05952616062517002
0.00786330915096013
0.022703050795023078
-0.007199909455363531
0.0006476459957618732
-0.022029291850472088
-0.0016959241944525406
0.003461022740464537
-0.007099707457971199
-0.0021498650397691957
-0.011819941183833895
-0.01899258066165975
-0.0164291716796977
-0.03550314320160369
-0.02140526455058849
-0.020879787066565045
-0.03737522043894461
-0.06258167346458815
-0.0492821089276088
-0.07527989970441241
-0.0917931685791531
-0.056465654428617756
-0.0251293025128431
-0.0291368285907291
-0.054323789879601916
-0.03286374341420423
-0.08725274945266176
-0.08167386098137286
-0.05890785931608222
-0.10370591011428373
-0.11088328199031006
-0.1247254411909304
-0.1438122140057866
-0.11335633426177244
-0.03627416486338426
-0.06918466609308219
-0.10857054841939086
-0.09838541647078533
-0.1177100946000422
-0.1506325609254084
-0.12358774612565845
-0.19496347716605628
-0.17983585370403074
-0.20503832068559608
-0.16297625409389638
-0.24936869753239865
-0.22599758438378925
-0.14454733445720544
-0.2082135106093796
-0.24113586837751796
-0.28870494185043283
-0.27033861967884354
-0.3042909003328942
-0.3372125410787994
-0.2955403980972754
-0.16106060721214793
-0.20044852831047422
-0.17297487322126973
-0.24250979542231416
-0.18014348455470378
-0.03933524556213888
-0.04201750654260566
-0.08138680557526684
-0.044295115911805814
-0.12571602611863586
-0.04614613911504825
-0.09046129501926206
-0.1380303062844508
-0.13251124413228793
-0.14222006116871916
-0.18653910743161134
-0.17188862674862238
-0.04755274976877296
-0.04850140144823781
-0.09605940757248976
-0.04898295811794015
-0.14504015910917484
-0.21945833037361007
-0.22858964739316673
-0.26796665796550423
-0.2355195209111483
-0.3169463654584065
-0.2195271728606461
-0.18265356986174092
-0.25442560622846766
-0.2615839489468106
-0.2868392896216896
-0.30590874206712904
-0.26413602204284475
-0.3164990965884956
-0.3330100606112279
-0.3805774333921206
-0.34492759607615686
-0.4125736655721992
-0.4290832900411602
-0.35207464749251827
-0.34310873219973537
-0.36641456444171794
-0.3916155713365227
-0.3861914956712046
-0.4405937569469107
-0.39963703734077705
-0.3546720631835726
-0.44100267069422383
-0.4481378418901487
-0.47806048172109394
-0.4971099610267572
-0.45078221336525093
-0.048992782124225816
-0.09796601095970456
-0.1464761999535908
-0.14646344103278447
-0.14507831299696833
-0.194046763988932
-0.19402099472312245
-0.2402198502090427
-0.24254274883787164
-0.2900994534406518
-0.24252982820712848
-0.3362717641822502
-0.33625891809216646
-0.24018121275417859
-0.23558350310541404
-0.28455091103856056
-0.32661307825643804
-0.333046129363627
-0.3170345646611007
-0.36600131808760594
-0.38060212234103785
-0.28449963652655336
-0.33300771478194946
-0.32654946522341266
-0.3805766004631218
-0.36592573302782694
-0.40233634725810574
-0.4144959021613974
-0.46205126511246675
-0.4226636349387236
-0.49838573279022347
-0.5082093994813104
-0.42676088586698624
-0.5525257536304422
-0.5131387318047786
-0.513126257775488
-0.4710778690037799
-0.5525010849454037
-0.508172096785223
-0.42674819614521176
-0.5888596601673584
-0.5945735134833228
-0.6339477116138341
-0.5945612981108187
-0.6702810569960576
-0.6702691336121671
-0.5888231354223081
-0.42262568812454104
-0.4620012142684008
-0.41443306322970397
-0.49832396315514715
-0.40224922328903356
-0.38630207339172573
-0.43526829020620567
-0.4644800495423522
-0.4837623390555573
-0.4407245632419543
-0.48969035974765907
-0.5313171670826229
-0.5106564954514512
-0.5381839883819044
-0.5857383962164584
-0.5605284753005043
-0.6067042081943312
-0.631895575546717
-0.5774747665961903
-0.47821110131718836
-0.5271766084256561
-0.5390916708549753
-0.5756699476707019
-0.4973216465521394
-0.5462870061904763
-0.6232240661191757
-0.6217905859000424
-0.6510014430278597
-0.6638378109450103
-0.6762109746644367
-0.7032114741444663
-0.43517010686364943
-0.4836766872964254
-0.46437138177918935
-0.5312441029459032
-0.4895715986355642
-0.5774142716394577
-0.560444644039882
-0.5856440843657548
-0.5380774166552209
-0.6318135268055678
-0.6066009722538619
-0.5105290813667893
-0.6217425744348437
-0.6638021372967597
-0.6509424248104214
-0.7031879418200919
-0.6761411320279057
-0.5270373276632674
-0.5755421577247966
-0.5389586040729881
-0.6231078547844136
-0.5460817628353792
-0.04853077885646269
-0.04760139765869824
-0.09610783548548317
-0.046213588979913685
-0.14228324257828628
-0.04438071817633783
-0.090556289791465
-0.13262241998408536
-0.13811790675366414
-0.1258497068112827
-0.17201255975980467
-0.186615424936944
-0.04212043679575903
-0.03945451258346651
-0.08152471666533959
-0.03640861984696822
-0.1178649921654471
-0.22867835808380516
-0.2195709154655771
-0.2680672367026993
-0.20834888490175824
-0.3044028348993152
-0.03301209219837151
-0.06936019439737823
-0.09857807879736935
-0.10874517321350734
-0.08746162359415967
-0.12379100260515602
-0.15079934837689993
-0.1447586905557211
-0.16317140062935875
-0.20522421321192352
-0.1800126809163859
-0.22619133342105432
-0.24954457268955654
-0.19512034068126013
-0.1249518751588934
-0.1612798862069949
-0.17319569944022978
-0.20065974796296365
-0.14406368165349476
-0.18039148250429327
-0.2427122148165946
-0.24128188879424195
-0.2704945613081352
-0.2888395394339691
-0.2957056528281402
-0.3373352884352225
-0.029297640055650987
-0.025301035623479427
-0.05453019875637609
-0.02106076838730559
-0.07550286514434106
-0.016617674438577007
-0.037604638158062156
-0.04952611872633257
-0.06281697282913179
-0.03575830102646907
-0.05672338747220408
-0.092025438026116
-0.012014543200855453
-0.007295705344299357
-0.01923395240428051
-0.002506605857047124
-0.021646111340251316
-0.10394170489863844
-0.08193051919989727
-0.11113766362196141
-0.059130297813483806
-0.11354425185920117
-0.36654749938433073
-0.34326287258266963
-0.3917581990076323
-0.3166724366714837
-0.41272465847291606
-0.28703227208441184
-0.33319305992179193
-0.345108490237092
-0.3807499896245936
-0.3061434074331383
-0.3523040476229666
-0.4292450265079345
-0.25462782980938836
-0.2197711823395837
-0.2618234984000651
-0.1827980182447087
-0.2642299962606058
-0.44116027286037995
-0.3998608298132562
-0.44835571921571127
-0.3547105083888741
-0.4507621429292409
-0.5945816257442508
-0.5487728987489497
-0.6350310046785954
-0.6421424804654481
-0.669276353229058
-0.6883063080184117
-0.6448783923818426
-0.6970974646158843
-0.7136030502026606
-0.7556610871340312
-0.7255279793115084
-0.7785410550088339
-0.7950454603123152
-0.7326285505276893
-0.7182000327153393
-0.7323871711340164
-0.7575852168393022
-0.7395207254105753
-0.7939174277796233
-0.7746823923173799
-0.7354055293826387
-0.8069720059967378
-0.8140628700737853
-0.8313769209263242
-0.8503907724958266
-0.816875628762511
-0.7395323617477734
-0.7724506333647485
-0.801660587681716
-0.8016493351386652
-0.7939514903103844
-0.8268693401677285
-0.8268468163470054
-0.8478341804356588
-0.8560676281931607
-0.881264663609793
-0.8560563095416698
-0.9022291720002318
-0.9022197685095964
-0.8478022399778848
-0.8314357135921573
-0.8643532727253784
-0.8762675990460838
-0.8935512766902103
-0.8505450793205304
-0.8834624899332789
-0.9187480021479659
-0.8643056270118252
-0.8935145121406145
-0.8762335645145272
-0.9187223384136802
-0.8833162918811297
-0.732421880155196
-0.7182577795556482
-0.7576310224853675
-0.6971764629209727
-0.7785961869944262
-0.6693809560674073
-0.713696065798952
-0.7256107603924908
-0.7557425813325093
-0.6884909114307561
-0.7328058736926528
-0.7951155348006624
-0.6351389446299547
-0.5947801979669185
-0.6423341689476598
-0.5486933928543354
-0.644740518562489
-0.8070300454535901
-0.7748522417802375
-0.8142250477146076
-0.7352121862576582
-0.8166313232101712
-0.9125223924851832
-0.8861581684845079
-0.9306513894983436
-0.937727863219052
-0.9396864043615544
-0.9586900252915962
-0.9405910770559216
-0.9397028963697749
-0.9562048816788289
-0.9681187582947115
-0.9681347253240629
-0.9588117133660519
-0.9753133690730316
-0.9752070687256478
-0.930662138585665
-0.9126603504375077
-0.9378569136763817
-0.885868728084884
-0.940263111232081
-0.9871199952521288
-0.978083019389965
-0.9872436538101763
-0.99431414887722
-0.9777194994067036
-0.9967203193888431
-0.9971937467670196
0.002306633614882128
-0.00012411664609102515
0.007065743965445218
-0.007325457768808006
0.02138889872278279
0.018979849204746282
-0.01924148894851954
0.035500146753615736
0.01178354107591652
-0.00013141221077635906
-0.012046546543881582
0.016388912767351195
-0.01665040102597655
-0.03576061933514971
0.05887486661172225
0.05646670862658189
0.0816773711634487
0.04927039237163879
0.11329775222155627
0.11088923699367911
0.037355216394439714
-0.05672448295056848
-0.0495293623553876
-0.08193132884981313
-0.03761434422180222
-0.11113840668396516
0.14382091068200553
0.1036925154778541
0.09177692272840626
0.06256550466559802
0.12470808849447992
0.07525724065275496
0.020835953841631474
0.05429259142826688
0.02508162444384735
-0.025335541519427355
-0.0001282752063104215
-0.05454305269517472
-0.0755087123680564
-0.02109425860792631
0.08722324851562666
0.029084904785527933
-0.000123026753682928
-0.02933354247700104
0.032807121618660194
-0.033049886117526225
-0.0874694916900249
-0.06282132181579642
-0.09202854359678408
-0.10394338135295139
-0.12495469303932569
-0.14406440930644576
0.1825642318958482
0.18015518499196165
0.2195420906406999
0.1729579292715922
0.2640119416617126
0.26160226586325064
0.16104180171083202
0.3059306100093811
0.2544043811214839
0.24248762451274827
0.20042809898065672
0.28681528395594413
0.22596677843315333
0.14452158468095216
0.35451055990794056
0.3521001851919252
0.3996663280802313
0.34490160153401794
0.45058204907282556
0.44817093217985526
0.33298414601341764
0.12355640047091107
0.16294208933037874
0.09834817883800812
0.20500096517829552
0.06913971231038121
-0.1803922066670377
-0.17319729170944353
-0.21977190578112937
-0.16128263789156183
-0.26182422176213527
-0.14476306188236115
-0.20066248465323816
-0.2427149483172775
-0.2546294180036377
-0.22619562757002115
-0.2870350051096141
-0.30614413086406544
-0.12379772612990624
-0.09858860538368255
-0.16317786248581356
-0.06937854092521623
-0.2052306157439005
-0.35230477115695047
-0.3451100786407173
-0.3998615534581602
-0.3331957930937365
-0.4483564429733346
0.4971468607136743
0.44097160628589027
0.4290534084704168
0.3805495540542915
0.4780285807519007
0.41253112113321505
0.3164626010239642
0.39156386657814135
0.3430607619097936
0.27028653926503243
0.2954960888566905
0.24107674477093305
0.19490930905170473
0.2493279399404374
0.4405382835074013
0.3663535745792489
0.3371430376875011
0.28864068265963977
0.38611670065436043
0.304213573006469
0.20814802244014818
0.17979211450776528
0.1505830189509868
0.10852479276735462
0.11765499558230072
0.03621231796135688
0.26788231295532294
0.2193807071928991
0.13243508490771666
0.17181750464525114
0.09038004823223691
0.044214039273897804
0.12565078222853004
-0.04443281218363428
-0.00011088149447836536
-0.042167808424819105
0.04194345608657475
-0.12587297383372548
-0.08155167212061351
0.08132517678371357
-0.09059547404441418
-0.13265175138218516
-0.2195931816211836
-0.17203500672881114
-0.2680894637155766
-0.30441980944117564
-0.20836591367825769
0.039267600239658945
-0.03949796352668196
-0.00011687182790776963
-0.11788314030771155
-0.0364489012631163
0.3168552238280571
0.2284991511106727
0.1864433725402923
0.13794251531617058
0.23541553357765982
0.14212000108064343
0.04605741838512238
0.0959558987357299
0.04745578891239934
-0.04766544586393043
-0.00010594270568323579
-0.09616305630142996
-0.14232763774149632
-0.04627123801035282
0.14492731242256757
0.0483956547623557
-0.00010269596787176844
-0.04860205995906207
0.048867972846818694
-0.04907208409548373
-0.14513170474317044
-0.13815427789353196
-0.18665118893787513
-0.2287068166913815
-0.23561913790012565
-0.31705678373166757
-0.10875909764618633
-0.15081227126625268
-0.18002188446609008
-0.19513303800972348
-0.24955096212851655
-0.24129453593976818
-0.27050369788743167
-0.34326925928243257
-0.29571203970277354
-0.39176458607276676
-0.41272895006019916
-0.3166767276070195
-0.288852175872206
-0.3373479230124008
-0.36655663371393965
-0.38631470808077084
-0.4407309507941035
-0.3807527230855028
-0.42924776029020184
-0.4411618617000602
-0.47821383542817986
-0.49732237042290006
0.5485343219159722
0.546122449913613
0.5946260524670272
0.5389223695127081
0.6446031593550817
0.6421905474332068
0.5270034178941299
0.6883577609124371
0.634989725131305
0.6230700289447517
0.5755062795985637
0.6692364495225076
0.6065462406284772
0.5104803775492284
0.7350963226721621
0.7326829184330548
0.7747395079244399
0.7254812952312066
0.8165381664911365
0.8141245459631188
0.7135607908337313
0.4895123708581735
0.5380144912268852
0.4643013276508277
0.5855774817897232
0.43509004050840727
0.8504621696665318
0.8069227869392164
0.7950022319117702
0.755616842582739
0.8313412127110246
0.7784776681317205
0.6970361886251053
0.7575082221029075
0.7181222432449426
0.6508539928852266
0.676066612191955
0.6216411251179843
0.577318389187929
0.6317430834835609
0.7938486510370732
0.7322958270675748
0.7030832782420413
0.6636964781849553
0.7394251578306212
0.6701518945316187
0.5887093281276496
0.5603656814647818
0.5311536314375054
0.4835914168910171
0.4982226480279396
0.40215982653463217
0.8858135004974699
0.8834007676752916
0.9126016163187545
0.8761998299817306
0.9401568471145518
0.9377331848830841
0.8642800029824801
0.9585095764121281
0.930520663939528
0.9185886446698113
0.8934745289065895
0.9393425026350887
0.9020519391328052
0.8477560465896519
0.9772487323570977
0.9748091748257555
0.9868342555705245
0.9675824065316294
0.9975259755969142
0.9951434193033204
0.9556379464092257
0.826787059896867
0.8559739050127007
0.8015749490046533
0.8810697054032552
0.7723624825914944
0.3658278181146952
0.4143284451398489
0.32644390875374396
0.4618898628690399
0.2843873834079912
0.5080537551204216
0.4225051687627782
0.3804478500285504
0.33288725258928775
0.4266108613814448
0.3361229297953091
0.240063265760384
0.5523757367213238
0.5944309761694138
0.5129902470959009
0.6338188092438208
0.47093214714669684
0.19389841761853577
0.24239751717026942
0.1463374279997951
0.2899572694150536
0.09783833149401447
-0.5462877301743994
-0.5390932601424945
-0.5947809220641479
-0.5271793428669516
-0.642334893157904
-0.5106607878896774
-0.5756726824428922
-0.6232268012214581
-0.6351405343656018
-0.6067085014928275
-0.6693836915033363
-0.6884916357551976
-0.48969674781394557
-0.46448918490591856
-0.5381903769687302
-0.43528092544489216
-0.5857447853237043
-0.7328065981266532
-0.725612350571224
-0.77485296634175
-0.7136988015547641
-0.8142257723353101
-0.4023533205561811
-0.48377497494131294
-0.5313298036351968
-0.5605376118611191
-0.49840270741915105
-0.5774874038284674
-0.6319019651803692
-0.6218032237835488
-0.651010580779998
-0.7182641702840196
-0.676217364802227
-0.7576374134757846
-0.7786004818492744
-0.6971807570700719
-0.5888766362273086
-0.6638504495967474
-0.7032241131226755
-0.7324310188909564
-0.6702980342179858
-0.7395450027032315
-0.7939578827893929
-0.7557453174613611
-0.795118271100165
-0.8070316360016465
-0.8314384508174839
-0.8505458042554233
-0.3660235360361793
-0.32664149730618974
-0.4145181204647731
-0.28458651915085403
-0.4620734840816083
-0.24026365294364915
-0.333081732530476
-0.3806377251088485
-0.4226920536206141
-0.33631554408580816
-0.4267964891929569
-0.508231619187637
-0.19409978555885715
-0.14653952404116105
-0.24259569858434704
-0.09804090390667274
-0.2901523908810363
-0.5525479740450998
-0.5131671518376217
-0.5945957347436497
-0.4711134730547306
-0.6339699331735629
-0.8834632142544572
-0.8762691889956562
-0.9126610774067996
-0.8643560081284005
-0.9378576323961454
-0.8478384740976492
-0.8935540199310548
-0.9187507209521881
-0.9306637173839201
-0.9022334437689346
-0.9397056899286633
-0.9588124573287475
-0.8268757296728466
-0.8016697246474569
-0.8560740304121408
-0.7724632702916301
-0.8812710261314263
-0.9753140510849965
-0.9681202640276652
-0.9872444085056307
-0.9562074917575192
-0.9943154081815908
0.007097658944181087
0.011820329937869262
0.018990488845253006
0.01642916469260635
0.03550606669310109
0.020879777610257402
0.03737530050028462
0.06258191118980216
0.0492812918315682
0.0752798325325221
0.09179357589321838
0.056471802397148274
0.025129306855473467
0.029136827138593523
0.054323800317393874
0.03286374384855725
0.08725276793580589
0.08168258932014691
0.10370366404116367
0.11089484551838365
0.1247260157872667
0.14382701399100914
0.036274164740107875
0.06918466695343092
0.108570549741936
0.09838541148664826
0.11771009425252064
0.15063256276280668
0.12358777374611937
0.19496347956137366
0.17983584423231777
0.20503836828186695
0.16297629141485187
0.24936875612908266
0.22599734974031624
0.1445471878191638
0.20821351000391997
0.24113587136865894
0.28870494548075665
0.2703386050773954
0.30429089944623944
0.3372125454056398
0.29554046846614873
0.16106135568752472
0.20044946533018831
0.17297114299191405
0.2425109370903367
0.1801618464028396
0.03933524559573352
0.042017506533439296
0.08138680563764819
0.04429511591412412
0.12571602620856714
0.046146139114378204
0.09046129502344133
0.1380303062898759
0.13251124410873905
0.1422200611666683
0.18653910743930802
0.17188862686786743
0.04755274976888018
0.04850140144807768
0.09605940757240225
0.048982958117900835
0.14504015911135498
0.2194583305242891
0.22858964735718873
0.2679666581585589
0.23551952093202866
0.3169463657000914
0.21954935975673787
0.2544201072645291
0.26161018452682405
0.28684065005847137
0.30593921336262164
0.31649876059264936
0.333011651388958
0.3805792637298758
0.3449201232074207
0.41257321785774304
0.4290853667560036
0.35210950167241795
0.3431088150584306
0.366414544076894
0.3916156672705135
0.3861915006635408
0.44059386616589447
0.399676379319129
0.44099309656331553
0.44818173295871283
0.4780628088678117
0.4971584182118468
0.04899278212489118
0.09796601096259126
0.14647619995497096
0.14646344103965286
0.1450783129494443
0.19404676387719832
0.19402099473412449
0.24021985025371662
0.24254274864965725
0.29009945321042274
0.2425298281438334
0.3362717655225581
0.3362589179233929
0.24018121275932885
0.23558350450510113
0.2845509136793785
0.3266130781382274
0.3330461334490695
0.3170345361036197
0.3660012675044705
0.38060212769972757
0.28449963652697263
0.3330077145457532
0.3265494651124643
0.3805766005865845
0.36592573315352517
0.40233626244167525
0.4144958227358789
0.4620511507303713
0.42266361850127365
0.49838569679257827
0.5082092455047313
0.4267608917521334
0.5525255577475596
0.5131386753949885
0.5131262592956061
0.47107787396262757
0.5525010802871457
0.5081721065327336
0.4267482006953555
0.588859809232291
0.5945732762323533
0.6339474382668149
0.5945611704502686
0.6702816018781903
0.670268829690909
0.5888231172308496
0.4226256887526113
0.4620012163444256
0.4144330630939642
0.4983239648724356
0.402249221802651
0.3863023995074647
0.43526885835644613
0.46448272645768673
0.48376323563027357
0.44072631220896774
0.48969191526539124
0.5313184890703797
0.5106342218031641
0.5381851064361116
0.5857387812079125
0.5605327590921385
0.6066676641616335
0.6318948806038747
0.5774766199883246
0.4781375735529053
0.5270873496173543
0.5389629362648645
0.5755634013332012
0.4974917809070819
0.5464845115624473
0.6230987401430137
0.6217930839224486
0.6510075879301505
0.6638410717157234
0.6762088029292257
0.703215619812225
0.43517011220298474
0.48367669359051313
0.46437135448622
0.5312441157171555
0.489571721084229
0.5774142936417843
0.5604446190963219
0.5856442474207835
0.5380775549714267
0.6318137065621332
0.6066003036601217
0.5105285150776566
0.621742550323167
0.6638019118827947
0.6509423286568381
0.703187636887472
0.6761412236287965
0.5270399074904115
0.5755449956235545
0.5389468810096951
0.6231109586391979
0.5461347614078382
0.048530778858185644
0.0476013976572698
0.09610783547324278
0.04621358896370602
0.14228324246741764
0.04438071815207313
0.0905562897574699
0.13262242100880622
0.13811790685878944
0.12584970829232495
0.1720125600593868
0.1866154254854958
0.04212043686919569
0.03945451295072614
0.08152471773471484
0.03640862014753575
0.1178649881940616
0.22867836074030623
0.2195709113657774
0.2680672234012521
0.2083488578433459
0.3044027705608021
0.033012089873056066
0.0693601859919804
0.09857806523522858
0.108745154454048
0.08746171167479944
0.12379125351957049
0.15079932021103426
0.1447586441938693
0.16317188541599897
0.2052249820709065
0.18001281791500895
0.22618969049259252
0.24954564708678673
0.19512031329011792
0.1249477183163607
0.16127211231106942
0.17317196794245626
0.2006470818530462
0.14409005527772362
0.18042830350010317
0.24269327204930582
0.24128188405218168
0.27049515152265624
0.2888395921982212
0.2957070195709234
0.33733544702864093
0.029297630537451866
0.025301024876924646
0.054530203584523755
0.021060818282511523
0.07550308442559
0.016618029811469193
0.03760500376505273
0.04952476106069936
0.06281673405384033
0.03576274743137005
0.05673041144768688
0.0920237469472695
0.012015983265344173
0.007299819365470209
0.019237754101936545
0.10393180420681877
0.08194205515792578
0.1111556329110722
0.3665489299761524
0.3432644789000573
0.39175994841324446
0.31666704103932763
0.4127126014817744
0.2870055770356912
0.33315706663698363
0.3450411494787541
0.3807031042161355
0.3062244036421907
0.35240413370145
0.4291856302014688
0.2545848710730262
0.21982056051034993
0.2618875927454135
0.4410640259186812
0.39998217117097346
0.44850043387869065
0.5946391058295147
0.6350171947567309
0.6422043374068465
0.6692796874639588
0.6883723192056921
0.6970965373582272
0.7136064400310912
0.7556643444446066
0.7255119136608321
0.7785399325633073
0.7950493576410331
0.7326982835454814
0.7181998507031073
0.7323868156409683
0.7575851444032179
0.7395219602429928
0.7939198994800468
0.7747554999636137
0.8069544088966295
0.8141404186397506
0.8313848211280425
0.8504768508289067
0.7395375101918151
0.7724569223831843
0.8016705443759673
0.8016568023817952
0.7939420382317921
0.8268563910913893
0.8268559160254276
0.8477283337981041
0.8560504937175699
0.8812430909750442
0.8560679919015868
0.9020919178917215
0.9021914640077309
0.8478115574190198
0.8311977002166897
0.8640899347367861
0.8759987542408021
0.8932619673481648
0.8509765066632797
0.8839311341434177
0.9184327547324123
0.8643218863228144
0.8935314171600242
0.8762278719913855
0.9186937678947613
0.8834148247415092
0.7324299805628902
0.7182536858763089
0.7576245177513208
0.6971212762642172
0.7785178665320103
0.6692354429183585
0.7135290616029062
0.7254111868980833
0.7555529031116408
0.6887809600886832
0.7331297220130975
0.7949021382694219
0.6349753198577741
0.5950069082783018
0.6425917796854907
0.8067949051676526
0.775211059324699
0.8146197996746796
0.9126206522950921
0.9305909756501388
0.9377684098465018
0.9395184508852858
0.9585686800976994
0.9393597911090824
0.9558414434915448
0.9677986604137383
0.9677188933322767
0.959391490063656
0.9759363083081165
0.9748776658568907
0.9303631129667973
0.9131663974717321
0.9384008292406439
0.9868666620785476
0.9878760262430686
0.9950957338602189
-0.9871226499946048
-0.9971894238172441
-0.9681375506710541
-0.9752113884346318
-0.9396905327833198
-0.9586964074560653
-0.9780708071403692
-0.9022262524160136
-0.9187285243396308
-0.8935234091324631
-0.9306579250417764
-0.8478150038675082
-0.8643179898290048
-0.9377368252410965
-0.856065414687472
-0.8016619891490029
-0.8268594169042587
-0.7395377002739432
-0.793934362013108
-0.9125345611185358
-0.9405731935613719
-0.8762463979117272
-0.8833323902592123
-0.8313935900432464
-0.850411604942484
-0.886138140843411
-0.6702913574741911
-0.7032101606571386
-0.663830555392297
-0.7324094106628609
-0.5888587435293506
-0.621778176968536
-0.7576073910999213
-0.5774580533904801
-0.6509780511846095
-0.6761766842483916
-0.7182284028283901
-0.6318572571427914
-0.697133244167166
-0.7785634281606149
-0.49837690810523494
-0.5312970426149668
-0.48373970973783653
-0.5604976102220651
-0.4023231739530019
-0.43524404133768024
-0.585696970555065
-0.7950673445666807
-0.7556891453576138
-0.8069944636927273
-0.7136382724118977
-0.8140893052259897
-0.5945897192362102
-0.5131618627788004
-0.5525366903300827
-0.42679197744248154
-0.5082158803853931
-0.3363118547422357
-0.38062953842590075
-0.3330707438953292
-0.4226786279737845
-0.2402551851568191
-0.2845736043353581
-0.462054155417355
-0.242592863419141
-0.14653755515698036
-0.19409498483242793
-0.04907097777846231
-0.14512579981707374
-0.41449609235129214
-0.3266234283368775
-0.3659996892774684
-0.2356051598054651
-0.31703198590185766
-0.7747153454773739
-0.8168580472966693
-0.7255638566059792
-0.7326689653815377
-0.6693197391795536
-0.6883551342934768
-0.7353957307913053
-0.606654105383496
-0.6231603830444465
-0.5756047414308556
-0.6350842438369242
-0.5106031787571756
-0.5271107812041783
-0.6422006400220411
-0.5381403769588549
-0.46444533205350375
-0.4896454529203109
-0.3862770819426341
-0.4406792535890087
-0.594649967035515
-0.6448820796717831
-0.5390327824684347
-0.5461610385354769
-0.4781455724863416
-0.497200910569327
-0.5487955175183568
0.04886819713793326
-0.0001013697151910587
0.04839614254189219
-0.048598769216475574
0.1449245515113089
0.09595413168837554
-0.09615694877965922
0.14211450585030547
0.04745586920765457
-0.00010318296711496121
-0.04766025952687633
0.04605635613451985
-0.046265016969987804
-0.14231790108078196
0.2354052893291722
0.18643425365531052
0.2284908955589065
0.13793541587089975
0.3168541321073948
0.2678841524387524
0.09037583228002495
-0.18663707480710617
-0.13814123056182515
-0.22868765638754188
-0.09058508079233717
-0.2680646785763561
0.30422978371498577
0.2193863995004035
0.1718279178504905
0.13243327457075488
0.208172919695156
0.12566670610711764
0.044213513846795116
0.0813473062348522
0.04195140316809044
-0.04215884613275811
-0.00010698462049307357
-0.08153710061631075
-0.1258564646001208
-0.04442633075052002
0.11769103915057966
0.03929652206154623
-8.068993860975016e-05
-0.039477653459301695
0.03626109132732962
-0.03640512507278512
-0.11786253051842005
-0.1326365599620235
-0.1720144863592158
-0.21956970205485563
-0.20833964483302653
-0.3043889280637506
0.3861213166424924
0.3371482893887038
0.36626653131060616
0.2886471166924621
0.4402471121938065
0.3912610184388175
0.24108484405447234
0.4119496606136678
0.34274734529317985
0.29517321402375796
0.2701898549915829
0.3158700005704035
0.24899669818244635
0.194919474249183
0.47733761838537403
0.4283703359939412
0.44071964458899915
0.37987728769016804
0.49806553771188083
0.4490878256805965
0.3323254328344295
0.1505955565949379
0.1796875619800905
0.10853990549281856
0.20466241215418868
0.06915749089938689
-0.3373105670038453
-0.28881648115189296
-0.3665126247953627
-0.24126219906990531
-0.3917135596248329
-0.1951048313511905
-0.27046516469240023
-0.29566705100992197
-0.3432203976349242
-0.24951026208132426
-0.31662618709645274
-0.41267192683518417
-0.15078530116890315
-0.10872471921600602
-0.17998841493279266
-0.06932696506572805
-0.20519043315036256
-0.42918094377798877
-0.3806889494050608
-0.4411010906186567
-0.33313674002484617
-0.4482414245391938
0.1463366463849567
0.2423954575619353
0.1938955286085991
0.3361193931686064
0.24005676902797296
0.4266064637163124
0.3804400619632028
0.42249562469356655
0.3328775344128626
0.5080515788681543
0.461886015966785
0.2843769192848254
0.5129874534138927
0.5944339158913543
0.5523764984995749
0.6701620435255099
0.5887208875514374
0.32643292953488756
0.4143243950287613
0.36582474593282666
0.4982312551487683
0.4021704298939718
0.7394309539558117
0.7030974720453913
0.7322651037614138
0.6637119075611295
0.7936715509963983
0.7573235358520125
0.6216535235473057
0.7780253793985312
0.7179233157092161
0.6758502396638946
0.6508098698965032
0.6965420274552947
0.631509398426173
0.5773273229166789
0.8306901202746915
0.7943428605438767
0.8065370772376164
0.7549458018325591
0.8513322267734147
0.8150124782046937
0.7128782945909653
0.5311601480857959
0.5603043373377103
0.48359657028306846
0.5853277230875757
0.4350946081177919
0.8015403305416738
0.8558439148318653
0.8266174069851517
0.9018031595189187
0.8473333115922126
0.939090749434834
0.9181000994375117
0.9302068827921226
0.8928680750062112
0.959579089680727
0.9386330005479563
0.8636376032672975
0.9677026108730011
0.9879710810112743
0.9760781033412012
0.8757879572716765
0.9134416227681483
0.8842476262067047
0.4642260062124616
0.5377498735510744
0.4892339562209779
0.6060138381349507
0.5099190038082237
0.6685454085416213
0.6223740315726851
0.6346521058264489
0.5748087585142942
0.6892689442366915
0.6431058249213053
0.5263076093909786
0.7251154758897151
0.775638218705613
0.7335887018573901
0.5386233941686782
0.5955439744462023
0.5470414928017089
-0.3997545979124869
-0.4508290855152972
-0.3450551790030013
-0.35220734323727154
-0.28698064811579804
-0.3060554891318633
-0.35475063298861087
-0.22614946551898743
-0.24266059305726906
-0.20059791047826292
-0.25457651487681077
-0.14468872619729786
-0.1611998446362326
-0.26173852314114376
-0.16312869515115053
-0.09852921365217625
-0.1237304949781918
-0.0329878401702709
-0.0873947397109163
-0.21967828618645488
-0.264241125052601
-0.17311308247059648
-0.1802841969939663
-0.12486832710124665
-0.14396107526698593
-0.18274658978250424
0.03282753480837715
-0.00010012771041624136
0.02896772399492744
-0.02930846688566414
0.08686850356317097
0.053934096880343826
-0.0545161288347011
0.07467906790255535
0.024720019036084537
-0.0004924002898672617
-0.025458888653259744
0.02027464734549462
-0.02146067022108443
-0.07548080916732486
0.124150221966849
0.09124385424356385
0.10367107800154027
0.062058007462055795
0.1446916506861879
0.11174952331358287
0.03687374943548491
-0.09199923090513647
-0.06295147634657472
-0.10391716340876855
-0.03798218779975704
-0.11110471721269685
0.09823701485308842
0.1625972290975265
0.12320617059441304
0.22537161471007738
0.1439316264046177
0.2861726675489795
0.24186341492225177
0.25426395802828905
0.19982434480853067
0.3068343373038025
0.26249924068024644
0.1604602651838162
0.3447032203137874
0.40058008913236004
0.3530095333999355
0.1728773690908036
0.22043126126311852
0.18103558248528417
-0.08206680755009188
-0.11353673326446416
-0.0499003789882622
-0.057091787325860156
-0.017191313588635
-0.036274392874520875
-0.059526160625195626
0.01593342339387172
-0.0005607640773898581
0.011867550378514485
-0.012452584588523767
0.03632503377232443
0.019791958189106465
-0.01961594918568662
0.04930464101688124
0.08252648811978514
0.05730404814375405
-0.007199909455397619
-0.022029291850511005
0.00786330915093959
0.0006476459957416944
-0.0016959241944724526
-0.007005784695412224
-0.01176370042141292
-0.019006015957114847
-0.01638288027406453
-0.035519012554275683
-0.02083520971237845
-0.03738589192877691
-0.06259222550937454
-0.049292405478722115
-0.07528887595127329
-0.09181053105014403
-0.056492303536518206
-0.025085958158643527
-0.029095274649050335
-0.0543310512989121
-0.03282368756242087
-0.08725941789123662
-0.08170884028027534
-0.10372649542581519
-0.11092741937658286
-0.12474575717498702
-0.14386572718489168
-0.036234686228436966
-0.06918596543856487
-0.10856871414181013
-0.09838843445311007
-0.11770215358365865
-0.15063145076842033
-0.12359816284861577
-0.19496011596971663
-0.17984023353959644
-0.20504919165521318
-0.16298707113677174
-0.24937884562036594
-0.22601510964363825
-0.14456304019621102
-0.20820103169490223
-0.24112982526435464
-0.28869543705898126
-0.27033961316305777
-0.3042694880638456
-0.3371989603205564
-0.29554920978708243
-0.1610836933513134
-0.20047369653183983
-0.173001445090809
-0.24253654606537894
-0.180206634889426
-0.03929522210843419
-0.04197575379919193
-0.0813773705521984
-0.044250399852310635
-0.12570071460797194
-0.04609717869108565
-0.09043646016462528
-0.13799648868317496
-0.13248729688813038
-0.14217519643613907
-0.18649946567127967
-0.1718707804314691
-0.04749823803662435
-0.04844003605787904
-0.09601467182973755
-0.04891347306311123
-0.14498315480584154
-0.21943540990435118
-0.22855502042419656
-0.26793824052481996
-0.2354720145545025
-0.31691175347092504
-0.2196001117165189
-0.25445604456484694
-0.26166674370427756
-0.28686707799275935
-0.306001364787711
-0.31651591306075244
-0.3330383397882898
-0.3806056498247533
-0.3449598437152949
-0.41258738594891153
-0.4291108914541685
-0.3521769758326772
-0.34311558242058704
-0.36640951029755453
-0.39161986244550406
-0.3861732435403179
-0.4405949147583258
-0.3997488553415508
-0.44103460406048844
-0.4482588422151079
-0.478086921782068
-0.49723974792064474
-0.04891397836060007
-0.09789742308466409
-0.1463921006770783
-0.14639331406491884
-0.14497954804517516
-0.1939511829990711
-0.19395510453361792
-0.2401117932321971
-0.24245085580587372
-0.2900126436465573
-0.24245353558931865
-0.33617413421064946
-0.3361782354896272
-0.2401197706398481
-0.23545892440846222
-0.2844305545920699
-0.3264804131666327
-0.33293109483970384
-0.3168842891745248
-0.3658565083303088
-0.38049354031927796
-0.28444394863143746
-0.3329433090922762
-0.3265004729999188
-0.3805031094551278
-0.3658843958110152
-0.4021796557488524
-0.4143576866527314
-0.46192075850674197
-0.42254405759397196
-0.49824446725233806
-0.5080876882373935
-0.42665984084677033
-0.5524138868785696
-0.513036578103655
-0.513043387872552
-0.4709854109653876
-0.5524287482023496
-0.5081079757187814
-0.42666532278252955
-0.5887381564621027
-0.5944724924940763
-0.6338584815445302
-0.5944805647398195
-0.6701833119834997
-0.6701925700010987
-0.5887622077134527
-0.4225603870861664
-0.4619450488599728
-0.41438451655320796
-0.49827780940705046
-0.4022164135823111
-0.3861273457315101
-0.4351000971375798
-0.4643008448001016
-0.48360181049432427
-0.440527568303444
-0.48950073940800903
-0.5311654167298777
-0.5104571558257986
-0.5380028726247666
-0.5855668986866431
-0.5603666151619584
-0.6065236384699364
-0.6317347827997093
-0.5773328810039537
-0.47799487930296547
-0.5269683394239889
-0.5388753483641893
-0.575470761668493
-0.49708997639932284
-0.5460635836400156
-0.6230350767583666
-0.6216596141574031
-0.6508612633396382
-0.6637187543100329
-0.6760619357958821
-0.7031052779476348
-0.43514663988746616
-0.4836475110837523
-0.46435795167324734
-0.531208778446232
-0.48956907960263296
-0.5773724189555691
-0.5604208369044632
-0.5856327273443231
-0.5380707125677343
-0.6317970937841859
-0.6066019224969843
-0.5105374442151913
-0.621693876564164
-0.6637463431607653
-0.6509066386455475
-0.7031248686854774
-0.6761192488331544
-0.5270620712671514
-0.5755646860990069
-0.5389881120149769
-0.6231276704960291
-0.546219855935087
-0.04844155380537214
-0.047500773644943484
-0.09601237224792988
-0.04610074029656833
-0.14216929602288259
-0.044254996320416747
-0.090432188284825
-0.1324773653321803
-0.13798845920983815
-0.12568916624445958
-0.1718530593749193
-0.18648808303731368
-0.04198139343083476
-0.03930191983612451
-0.08137175073000802
-0.03624248758885565
-0.11768932530558208
-0.22853712256211822
-0.21941312483942876
-0.26791265038939416
-0.20817488885345364
-0.3042352272829736
-0.03283268200473921
-0.06917987529190482
-0.09837422838846882
-0.10855498607101838
-0.08724521906988766
-0.12357367776257164
-0.1506091830627263
-0.14452853237365026
-0.1629534637805881
-0.20500713388102249
-0.17980835097527254
-0.22596256693172348
-0.2493293265637695
-0.19493074475143274
-0.12471113320638733
-0.16103876209098822
-0.17294502113018048
-0.20041908596434088
-0.14380510670052588
-0.18013281749472437
-0.2424729896969428
-0.24109436118660665
-0.2702941959690569
-0.2886551446272907
-0.295493315503754
-0.3371551628001598
-0.029105475571730294
-0.025096909114009268
-0.054325884859322895
-0.020845743292231683
-0.07527526532847836
-0.016393083811726696
-0.037381543082589175
-0.04928116928963361
-0.06257978010822954
-0.03550765151322313
-0.05647024852931199
-0.09178648225892652
-0.01178198397335169
-0.007057028422220958
-0.018999045950754218
-0.002263902094300446
-0.021392021989377334
-0.10369225852479469
-0.08167447567778743
-0.11088001626600001
-0.05886997492593676
-0.11328012285584219
-0.3663554591695858
-0.3430545294211762
-0.3915549649944322
-0.31644908454398823
-0.41251105802118837
-0.2867954837386716
-0.3329597589329041
-0.3448664007083555
-0.3805212624879253
-0.3058899924951808
-0.35205441464458503
-0.4290219869404023
-0.2543794471741815
-0.2195133030055651
-0.26156735061699654
-0.1825329781211535
-0.2639675488178873
-0.440928812314634
-0.39961606535307354
-0.4481169369157062
-0.35445464960133893
-0.45051720859087274
-0.5947274647011107
-0.6350560694061012
-0.6422954303427688
-0.6692929849770306
-0.6884656654076524
-0.6970892320949222
-0.7136160573569039
-0.7556700639779119
-0.7255467538341385
-0.7785222225059967
-0.7950500399492241
-0.7327935503238426
-0.7181723776672215
-0.732338264344136
-0.7575515238484991
-0.7394502606468039
-0.7938774889091251
-0.7748522150882382
-0.8069828851074359
-0.8142366499522771
-0.8313767788124735
-0.850567605519436
-0.7394399011983268
-0.7723727355279469
-0.8015752869126398
-0.8015866703746202
-0.7938434826957097
-0.8267767379003899
-0.8268004838137851
-0.8477344484193852
-0.8559910968285127
-0.8812053475363968
-0.856003497138975
-0.902163391088683
-0.9021771527387321
-0.8477717976641482
-0.831313106230547
-0.8642466513697914
-0.8761543951048647
-0.893461302979337
-0.8504093805529964
-0.8833430735486245
-0.9186758574896907
-0.8643004840811268
-0.8935041374915216
-0.8762352464674019
-0.918706551532127
-0.8834952446980748
-0.7323073779207872
-0.7181214958058112
-0.7575084393489279
-0.6970189989499853
-0.7784658259109671
-0.6692032499027245
-0.7135306919346917
-0.7254380680120482
-0.7555905409924896
-0.6882989354850566
-0.7326265246432793
-0.7949777736259964
-0.6349422692651423
-0.5945661530055817
-0.642130615217376
-0.5484638920340486
-0.6445309603318392
-0.8068853333041919
-0.7746865208366138
-0.8140739006404982
-0.7350269064803292
-0.8164743192224768
-0.9127025113434868
-0.9306429260238491
-0.9379081831519382
-0.9396650768586072
-0.9588695794107476
-0.9396480113248257
-0.9561779385263349
-0.968086178547096
-0.968115558058972
-0.9587449347275099
-0.9752751860682496
-0.9753848975328228
-0.9305837925565503
-0.9125578751962098
-0.9377725883720349
-0.8857435292206357
-0.9401730863273149
-0.9872951558794809
-0.9872136357429857
-0.9944857241673501
-0.9776758004441004
-0.9968874267270746
0.002551051574263723
0.00011408115665657005
0.007319222705885367
-0.007070372137500839
0.021638034754852153
0.019232542023281833
-0.018983314410971237
0.035751000096780096
0.012041023734948307
0.00012988181730357002
-0.01178535254507265
0.016648184550689407
-0.016385557265693244
-0.03549852450581914
0.059116096498340626
0.05671265276108105
0.08191622026227041
0.04952101721321581
0.11352167540975049
0.11111875215647504
0.03761025844179816
-0.05645962666696287
-0.04926193573022712
-0.08166419021265309
-0.03734642594616373
-0.1108696546570701
0.14403898495484851
0.10392751568695405
0.09201718402446757
0.06281419322557408
0.12493792688445376
0.07550243353472458
0.021095087461197037
0.0545422811225759
0.025338836820862454
-0.02506963339611527
0.00013451318963562242
-0.05427465578319861
-0.07523738280537513
-0.02082788974264245
0.08746353542866644
0.029338555929194036
0.00013395488629631985
-0.029069942354131934
0.03305572073782226
-0.032790294422135824
-0.0871993262936891
-0.0625508609409989
-0.09175617309687464
-0.10367187189500865
-0.1246811330730218
-0.1437947615899357
0.18276220569571205
0.1803598233576969
0.2197314655734609
0.17316912141224056
0.2641765233166119
0.26177475479340184
0.16125932619504763
0.30608478050792043
0.25458466680790404
0.24267548624034002
0.2006315672049298
0.2869861790330799
0.2261618874475502
0.14474511209585675
0.35463573292414685
0.3522346669306794
0.39977958761415333
0.3450452785132313
0.4506613507834407
0.4482611417167083
0.33313679465923907
0.12378549643464284
0.16315833811923763
0.09858230821227353
0.20520288784471172
0.06937824434642514
-0.18012246813764257
-0.17292457482565332
-0.21950295404078551
-0.1610086914519943
-0.26155700101215396
-0.14448964596002672
-0.20038902944502085
-0.24244292843708048
-0.25435899619110636
-0.22592362764159568
-0.28676542193471405
-0.3058796424833826
-0.12352659512925396
-0.09832149202663734
-0.16290664358214402
-0.06911714217321915
-0.20496025301495174
-0.3520440641766158
-0.3448459477949536
-0.39960571444260506
-0.33292969564494623
-0.44810658556217275
0.49721224055349345
0.44107260926797515
0.42916497991352565
0.38068253380795375
0.4781169344659155
0.41265292758685157
0.3166238898203463
0.39169546930512955
0.34321212998984496
0.27046369899642364
0.295665581533461
0.24126093934331705
0.1951088894018106
0.24951424482566514
0.44064830292483115
0.36649443374798996
0.3372925175369462
0.28880828667928543
0.38624625128738665
0.30437094793453623
0.2083385303392314
0.18000031649022546
0.1507968703591082
0.10875168857422367
0.11787377703871885
0.03645453237695262
0.2680467744727768
0.21956165674691241
0.1326357332474059
0.1720135220039241
0.09058438292309039
0.04443092779003314
0.1258607661698697
-0.04420303536837934
0.00011758760217160018
-0.041928864057726944
0.04216961699920441
-0.12562476440022113
-0.08130351883337839
0.08154808635302196
-0.09036543764660179
-0.13241252774406564
-0.2193480448564481
-0.17178779028168717
-0.2678475204255423
-0.30417229982391425
-0.20811200534095792
0.039502270709178354
-0.039250867849870565
0.00012822208886990015
-0.11762716967396988
-0.036194864864436446
0.31700142645140417
0.228669815594015
0.186619289709697
0.13813329284849518
0.23557487435299435
0.1423001631218043
0.04626443774324041
0.09613924997853601
0.04765238472026954
-0.04745624175069338
0.00010271222824169554
-0.09595441624938195
-0.1421092543578364
-0.046051436595070425
0.14509577737492302
0.048581101823629506
8.372632532827932e-05
-0.048403993771677714
0.049041201574168025
-0.048885823584281854
-0.14492475811820366
-0.13792506762538848
-0.18642391763144464
-0.22847164874026432
-0.23539493478956236
-0.31681916407683475
-0.10849676965967159
-0.15054995823717054
-0.17975476038571048
-0.19487174140683475
-0.24928245693565282
-0.24103530486410646
-0.27024055900238175
-0.3430076537062051
-0.295446441048012
-0.391508087190225
-0.412472109494349
-0.3164101394929253
-0.2885960969539063
-0.3370961099461285
-0.36630181579714594
-0.3860682909005826
-0.44048068857060196
-0.3804911979234886
-0.4289919210515736
-0.4409083576173982
-0.47796481210035047
-0.49707962460512944
0.5485619076332164
0.5461624128657232
0.5946429106081221
0.5389746107583173
0.6445898923275171
0.6421904964669105
0.5270677279649658
0.688349004944931
0.6350027873782409
0.6230959937098407
0.5755484545026708
0.669254736309425
0.6065847916054838
0.510556438522009
0.7350678158549759
0.7326692931180405
0.7747106770163228
0.7254823957689063
0.8164439517012863
0.8140484604209102
0.7135763497458303
0.48959975946906686
0.5380807430445241
0.46439951942194296
0.5856282003230584
0.4351984148460737
0.8502899633701506
0.8068646602762235
0.7949617722700144
0.7556205444090454
0.8312050952710035
0.7784544645415503
0.697065828626187
0.7575017480023799
0.7181568342746558
0.6509102403616958
0.6761098492609592
0.6217096987886744
0.5773858898952107
0.6317870560176049
0.7937473400151207
0.7323054449226418
0.703108245215964
0.6637594220860146
0.7393565849917687
0.6701913691415311
0.5887894522595857
0.5604280508047459
0.5312270419470186
0.4836796920247315
0.4983064032894369
0.4022776727496675
0.8854904348512526
0.8830945261359127
0.9121848839312768
0.8759104662575459
0.939737511990363
0.9373362337204243
0.8640074914581541
0.9583423231237143
0.9301464180029264
0.918237308289312
0.8930917461108296
0.9392446319428096
0.9017235972355145
0.8475002848893685
0.9773764269993561
0.97498143806414
0.987019828792419
0.9677978762050756
0.996662157353517
0.9942704752640126
0.9558949150096954
0.8265478722028494
0.8556256834041704
0.8013520900996464
0.8807643221897048
0.7721556425871492
0.3659543423061047
0.4144359580468485
0.3265782414888202
0.46198318663165994
0.2845285881244056
0.508141908496965
0.42260721266147205
0.38055770199928296
0.33301059565169766
0.42671618461445915
0.3362396231034354
0.24021034780872014
0.5524665509887114
0.5945189262433952
0.513090814339958
0.6338718589325201
0.47104146189984575
0.1940503338578973
0.24253279427241126
0.14649309685387835
0.2900797922077115
0.09799664337082425
-0.5460532314066285
-0.5388548919012011
-0.5945558003344447
-0.5269382709059838
-0.6421202621097046
-0.5104182038999423
-0.5754406918372048
-0.6230050056159919
-0.6349218110478592
-0.6064846831249424
-0.6691731774529748
-0.6882885819421534
-0.48945385768341143
-0.46424719697152983
-0.5379559888978247
-0.43504103964220864
-0.5855200129367657
-0.7326161706674434
-0.7254176080549211
-0.7746761664349009
-0.7135006181852019
-0.8140635458393388
-0.40211671931937304
-0.48354275052885254
-0.5311063542721867
-0.5603129628984911
-0.49818152415407735
-0.5772738160733464
-0.6316878950123372
-0.6216005467612027
-0.6508076065622073
-0.7180746039480603
-0.6760150459638168
-0.7574615455809199
-0.7784268638788074
-0.6969800401824449
-0.588675207229785
-0.6636596844828717
-0.7030462058436471
-0.7322537167591697
-0.6701203572249244
-0.7393808274620666
-0.7937965875035349
-0.7555604659657713
-0.7949476974025991
-0.8068648716961313
-0.8312830291177618
-0.8503990254552445
-0.36579137565982
-0.3264148937166589
-0.41429254955296335
-0.28436651899710186
-0.46185561648432216
-0.24005119135450617
-0.3328670646907833
-0.3804295026664193
-0.42247852348742276
-0.3361135078468991
-0.4265957982131904
-0.5080225416669357
-0.19389566698008023
-0.14634450658197395
-0.24239553700118843
-0.09785594768049269
-0.2899572987148188
-0.5523487359366834
-0.512971031422706
-0.5944073374416279
-0.4709213622497579
-0.633793322776084
-0.8833327185534399
-0.8761339331064969
-0.912547521836187
-0.8642165745526782
-0.9377622424493428
-0.8476954855923189
-0.893431230999792
-0.9186458075342057
-0.9305633486154123
-0.9021244636600418
-0.93961804730253
-0.9587346178206109
-0.8267298431981175
-0.8015216248471426
-0.8559442099840504
-0.7723136627183864
-0.8811584964541097
-0.9752649765827883
-0.9680660061693942
-0.987203809612947
-0.9561482926449996
-0.9944772079951669
0.007341279006085947
0.012060466866389823
0.019222216942848307
0.01666298929725129
0.03574802095429076
0.02110434678974136
0.03758995780332697
0.06280072172176927
0.049513152113894746
0.07548262595784125
0.09200047847714662
0.056707556883708654
0.025341593576622412
0.029333754756764772
0.05451038980421996
0.03304223627078899
0.08743660912355716
0.0819111561893115
0.10391651495222443
0.11111313502682788
0.12492012633640964
0.1440328801495721
0.03643122136509723
0.06933235038579624
0.10870814357488526
0.09854746236220141
0.11782076686051446
0.1507474186081909
0.12375402996863916
0.1950550758845719
0.17995684697766606
0.20516559537389267
0.1631242885871007
0.24947361776097654
0.22613141618107135
0.14471962460436177
0.208273222663679
0.2412018885311398
0.28874349137587374
0.2704117110349752
0.3042919563220131
0.33722153547055367
0.2956212633295927
0.16123974521005574
0.20061021840842058
0.17315590007207793
0.242652243115058
0.18035315365404236
0.03946802313017838
0.042123343139552585
0.08148578128147244
0.04437141465650595
0.12579742868696475
0.046190115875489345
0.09050266156778694
0.13804556175938498
0.1325609279477713
0.1421981951548726
0.1865212952582994
0.17194243065965598
0.04756127239608636
0.04847136314468149
0.09603330489410211
0.048912524362239036
0.14497954111901928
0.21948342370462165
0.22857733074023467
0.2679605659362157
0.2354679306627483
0.3169077859686622
0.2197241999905405
0.25456898775294756
0.2617668594914415
0.2869609246735174
0.3060762146248467
0.3165877812919702
0.333109328011986
0.38065259020554265
0.34502678305473156
0.41260997157505863
0.4291323743947316
0.3522253636536161
0.3431636896411966
0.3664321911323931
0.39164260031517717
0.3861694699813737
0.4405912856471692
0.3997694581519351
0.4410506861863783
0.4482501241385135
0.47808183783140257
0.4972003922552511
0.0488831664620904
0.09786849584302842
0.1463445795334155
0.1463650686014918
0.14491989909551573
0.19389131122978648
0.19392626150763626
0.24004394084768185
0.24239046987316037
0.2899517169051894
0.2424052965741892
0.336105549098764
0.3361167801485889
0.24009101483891945
0.23537885667351238
0.2843507372916114
0.3263717445142166
0.3328514797296517
0.31671753429718974
0.36569107684096036
0.38041410397165043
0.2844150462607865
0.3328943442354554
0.3264715124934837
0.3804411050483265
0.3658553659248318
0.4019292286028172
0.41419362990009323
0.46175813047932535
0.42243730712996186
0.49799605409995584
0.5079265427362782
0.426580556117231
0.5522542773365732
0.5129317590890279
0.5129643129843553
0.47090624734607933
0.5523497269464328
0.5080375703007693
0.4265958849176122
0.5884920583162456
0.5943144715433861
0.6337021003919621
0.594377665572601
0.6699398741427818
0.6700378772482187
0.5886832019436341
0.42249782764250354
0.46188192463254635
0.4143348741748578
0.4982141123965549
0.4021873319254745
0.3857798602318715
0.43475245253382455
0.46387238859186153
0.48325400004177166
0.44006381882195167
0.48903624934605083
0.5308174433613131
0.5100169940288234
0.5375374494206087
0.5851003328607729
0.5599357388266735
0.6060836702945338
0.6312668495822582
0.5769847576843137
0.47764323603187986
0.5266156013045789
0.5386733919493842
0.5751173239258313
0.4971104081935986
0.5460656764924066
0.6226813191036569
0.6213113643719497
0.6504274557571621
0.6633704124165896
0.6755923969074813
0.7027568892984266
0.4351175139559029
0.4835972226365608
0.4643287808825267
0.5311444983746363
0.4895398155801066
0.5773009227678219
0.5603559514244962
0.5855671557318185
0.5380197171853982
0.6317242629536948
0.606535320120527
0.5105078257742388
0.6216148422190775
0.6636453164665237
0.6508275132489624
0.7029719065351192
0.6760398959038225
0.527030881820292
0.5755109746371398
0.5389498615123958
0.6230585162529862
0.5461499824846389
0.04838714571492148
0.04743095318206084
0.09595545678344886
0.04602002126505243
0.1421015766689626
0.04415704863177814
0.09035482472207287
0.1323641050930161
0.13790720201976614
0.12551647654258608
0.17168287890706269
0.18640791744759966
0.04184525223824575
0.03909637300457225
0.08120513824434253
0.0359386602207298
0.11743253497390203
0.22842654004488766
0.21924383922576207
0.26774463623789146
0.2079210792256167
0.30398303632400814
0.032418549839067765
0.06884522794738163
0.09794690182544162
0.10820552316769677
0.08677862678086416
0.12311224645968426
0.150262546674919
0.1440893634039433
0.16249106421576914
0.20454491605839392
0.17938382878246872
0.22552252473686762
0.24886699473829021
0.19458357935852322
0.1243825444707674
0.16070622522671918
0.1728146493631253
0.2000825818886941
0.1439545723455936
0.18026964646362897
0.24213296761730782
0.24074724409202786
0.2698689612560178
0.2883079198592835
0.29503082406155534
0.33680782169767054
0.028594947331956205
0.024533345900847776
0.05388467326726826
0.020306774565480384
0.07483312192216116
0.015994673578885166
0.03709093767928986
0.049182903899297525
0.062255477285207445
0.035688473658196315
0.056649220476159154
0.09146394016896073
0.01165197213132464
0.007251467762912058
0.01919424200775394
0.002614640763291412
0.021735328022407904
0.1035807051059388
0.08184441045777222
0.11104072407501171
0.059221357811598624
0.11362647101179461
0.3659288854251035
0.3425917582082898
0.39109178200909506
0.31600863694822945
0.41207064883574207
0.28645231891063616
0.3326138569969139
0.34469776985854494
0.38017303342388054
0.3059814651848638
0.3521288789122271
0.4286718446325708
0.25422970734944617
0.2196361334640234
0.2616750066527296
0.1828626792697235
0.2642700191424576
0.4407425389587761
0.399672887165079
0.44815568028837494
0.35472063994087144
0.45073916731846386
0.5946302715733701
0.6349776233267668
0.6421778605044153
0.6692162026060378
0.6883360156849774
0.6970091957017385
0.7135334810442588
0.7555692954033646
0.7254536279224026
0.7783739441613424
0.7949009587658877
0.7326548523626104
0.7180730010364884
0.7321870534017889
0.7574019978865165
0.7392098588031895
0.7936403646403556
0.7746934340811222
0.8068239153120218
0.8140280269305293
0.8311400249293679
0.8502681240431111
0.7390915215051799
0.772024427176058
0.8011342979298308
0.8012384856890459
0.7933675890716856
0.8262981812333701
0.826452391741098
0.8472919749379191
0.8555095706760021
0.8807204396685109
0.855558230688829
0.9017179430911504
0.9016879973325109
0.8474233645088087
0.8309625915571883
0.8638975183168096
0.8759203010740342
0.8931136727681178
0.850299328534547
0.8832215705633691
0.9183296923461592
0.8639494857988826
0.8930506998090457
0.8758716446707889
0.9182103178616186
0.8830750698038499
0.7318701781160235
0.7176501013260925
0.7570349295227868
0.6965788957542323
0.7780249812710085
0.6688495320081962
0.7131773490479769
0.7252130547610363
0.7552378796941426
0.6882479077534043
0.7325590961385626
0.7946260676192414
0.6347272224828819
0.594550086290328
0.6420967740466277
0.548636270343746
0.6446504421812942
0.8066538851876617
0.7746036684286908
0.8139767834557239
0.73509255419606
0.8164876287753708
0.9121711046932578
0.9301282851901136
0.9373271253830426
0.9392112655162446
0.9583310136860664
0.9393027366555082
0.9558308260800086
0.9678537787903545
0.9677547868752068
0.9585983354340899
0.9751206861755175
0.9749597840106481
0.930350741505843
0.9124265241849424
0.9376330045715662
0.8857083826676184
0.9400954088808204
0.9869884898349137
0.9870410156813851
0.9942446040274107
0.9775593786641483
0.9966613360633276
-0.9872783538370402
-0.9680870475256514
-0.9753602665784296
-0.9396266821165427
-0.9588377959231316
-0.9021304411998998
-0.9186603566264779
-0.8934513004012128
-0.9305985748485082
-0.8477129720044929
-0.8642423538632376
-0.9378701322013965
-0.8559498866181882
-0.8015276083847205
-0.8267414701698013
-0.7393873051016346
-0.7938145995085959
-0.9126592725786737
-0.8761795976820046
-0.8834480749621437
-0.8313148744160642
-0.8505179184671925
-0.6701274085066242
-0.7030597077772134
-0.6636807797981497
-0.7322731162573259
-0.5886981413031547
-0.6216298083150278
-0.7574864344734347
-0.5773117909309058
-0.6508425823722062
-0.6760552568398194
-0.7181068887013504
-0.6317365497292653
-0.6970254987132061
-0.7784573621403168
-0.4982225389190096
-0.5311535208710454
-0.4835995008251053
-0.5603656054086694
-0.4021775239218184
-0.4351077736938776
-0.5855775767882332
-0.794986027071908
-0.7556057309450293
-0.8069218961355071
-0.713553288345729
-0.8141859934377678
-0.5944150065970851
-0.5129793330102045
-0.5523646871657634
-0.4266046969599757
-0.5080473478257692
-0.3361229171601141
-0.3804478030212467
-0.3328951983372559
-0.4225050943152773
-0.24008088714025422
-0.28440501701708265
-0.46188976750497873
-0.2424054114310334
-0.14635504021050139
-0.193916031710605
-0.048897525009877936
-0.14495666794648565
-0.4143364528608362
-0.32646155909791247
-0.36584548947460593
-0.23544472449276077
-0.3168842862533543
-0.7748022475190124
-0.7254874325529808
-0.7327460157859031
-0.6692337232910597
-0.6884223624118178
-0.6065470618442733
-0.6230738636963662
-0.5755182265104652
-0.6350060094252099
-0.5104990487171577
-0.5270247978035765
-0.6422581646450629
-0.5380228438486807
-0.4643191278482932
-0.489530359466057
-0.38614568235489843
-0.44056739591956096
-0.5946979889056416
-0.5389547635847352
-0.5461998445550067
-0.4780607817647858
-0.4972309087781924
0.04902802511326535
5.8840946785399754e-05
0.04854241782802404
-0.048439304863246574
0.14505819206279053
0.0960893070972568
-0.0959993444625005
0.14224649419468455
0.04759149679874075
3.183175431738499e-05
-0.04751509381659719
0.04618844871081046
-0.04613165215279426
-0.14216324453012424
0.23554154526596238
0.18657234327373795
0.22863368301608794
0.13807414121206496
0.3169703773976008
0.2680043731875926
0.09051401265245956
-0.18648641739818256
-0.13800141274625677
-0.22854200270868713
-0.09045436492058748
-0.2679249784655908
0.30427430985039383
0.2195092894163433
0.17195218447084148
0.1325769623242567
0.20822806914662956
0.12579108180042903
0.04434999728946723
0.08147055877634934
0.04209089902548056
-0.04202904146211578
2.668986166985991e-05
-0.08141216606829635
-0.12573644543578386
-0.044298347585886064
0.11775291991202619
0.03941746504368346
3.681156070417947e-05
-0.03934709949463201
0.036326146735667815
-0.036292130278632095
-0.1177433919410193
-0.13250944414694504
-0.17189186613365048
-0.21943914086864058
-0.2082223471075042
-0.30425606226888746
0.38603710061474206
0.33707486075098947
0.36611290424550147
0.288583906593349
0.44015957641961545
0.3911877009895423
0.24103130752954072
0.4121613629097663
0.34268704149431234
0.2951246957625988
0.2700636974612386
0.3160859562007152
0.24895872748483128
0.19487509789513158
0.4778560516546714
0.4288817899783793
0.44110964507089345
0.3803777035710656
0.4974750451219394
0.44853746852716336
0.3328108443882746
0.15055986575643687
0.1795872639763632
0.1085124710975561
0.2046337553547039
0.0691379345675583
-0.3371853667119362
-0.2886986218002716
-0.36639578008354656
-0.24115099830690778
-0.3916060657021414
-0.1949961324333067
-0.27036070508684773
-0.2955702191559715
-0.34311833728782526
-0.24941581195899143
-0.31653702152180685
-0.4125737554153247
-0.15067282028831275
-0.10860734665612945
-0.17988332292875525
-0.06921948270180417
-0.2050936273773265
-0.4290982374671466
-0.3806092549326384
-0.4410257437569778
-0.3330602799352639
-0.4482632010922696
0.14647962491556243
0.24252276284984062
0.19402654457793045
0.3362379306639661
0.24018424583336778
0.42672346141529044
0.3805636287694786
0.4226208986174048
0.33300651755349386
0.508138978168549
0.46198252807845597
0.28451013782238865
0.513096365886542
0.5944995254332932
0.5524535791516583
0.6701234498590232
0.5887089440172373
0.3265695681132176
0.4144287715191171
0.365935706876659
0.49824220378339035
0.402200238969712
0.7392397636624815
0.7029215089326417
0.7319858117201037
0.6635507022524975
0.7934336265834592
0.7571072343725616
0.6215065667873397
0.7781104292846027
0.7177280191103179
0.675675225922844
0.6505640264091257
0.6966738638101961
0.6313538483448411
0.5771940729432756
0.8311179134024049
0.7947955528109416
0.8069091526403918
0.7554197755625247
0.8504994924597754
0.814199995603268
0.7133697622711539
0.5310400383361551
0.5600907547596077
0.483489017357263
0.5851907281383464
0.43499901991982315
0.8012267674826077
0.8555613336227178
0.8263573512525756
0.9017717003519852
0.8473634103481713
0.9393871763445845
0.9184336263447206
0.9305028565958088
0.8932360443309346
0.9587009877676773
0.9377607039892841
0.8640370794000998
0.9679468729880012
0.9870926743268007
0.9751979655197344
0.9966679994428136
0.9775799448501598
0.8761269907054654
0.9125788702856934
0.8833980930143008
0.9401315882502856
0.8857629674292613
0.4640432198655442
0.5376304447212585
0.48913103379659767
0.6061829917516812
0.5101150018949614
0.6690504442547998
0.6228886035428983
0.6350565859213073
0.5753287624197458
0.6885362286212318
0.642405333841045
0.5268289020847716
0.7255095700085277
0.7748492840628991
0.7328264265996978
0.8165644081072688
0.735196200853478
0.5390264342164737
0.5948781156394665
0.5464123976975906
0.6447863756966696
0.5488105029208765
-0.39976891361982725
-0.3449852813772246
-0.35221492932457776
-0.28690598132603506
-0.3060566138173688
-0.22606114954218656
-0.24258482350212157
-0.20051979127218844
-0.2545089975338981
-0.14460295262156503
-0.16112524744323004
-0.2617326873673205
-0.16302822529633623
-0.0984281369710983
-0.12363683104177914
-0.032922732347121134
-0.0873323134026959
-0.2196648226539047
-0.17304721232419784
-0.1802642605231115
-0.12481258280358377
-0.143939892869348
0.03281553616153657
-0.00010483931009356285
0.02891536294030829
-0.029306077349784073
0.08686065863593778
0.0539309805938209
-0.054506906662507223
0.07484127526236181
0.024720672802277677
-0.0004889100102582047
-0.025488333080665376
0.020399012005936114
-0.02145497688728619
-0.07546467680087096
0.12450632814813327
0.0915645997285881
0.10391115366360432
0.06234075019606927
0.1444382486946306
0.11153706957545129
0.03711601126232554
-0.09197795156661798
-0.06295894144543204
-0.10388940428050245
-0.037975780695566216
-0.11109083800517158
0.09816119051132449
0.1625766718592595
0.12319253301023704
0.22558042335499104
0.14412228461850307
0.2866392311491822
0.2423074374731095
0.2545959988886817
0.20024230920783226
0.3064103945787132
0.26211835657007154
0.16084885198190296
0.34506921572056093
0.4000710843869941
0.3525427753932515
0.4509581389519769
0.35499104858141894
0.17316687215910312
0.220093358564118
0.18074027251430924
0.26459864823473367
0.18325621365304212
-0.08206549067938038
-0.04989308552506042
-0.0570955411455573
-0.01711366959437096
-0.03626211016083947
0.016133005603129566
-0.0004067290679444748
0.011996055967821707
-0.01234514139120913
0.036227780050944555
0.019730346367980447
-0.019570993299131388
0.049490418697361316
0.08235379264994547
0.05716972407613963
0.11409125888868199
0.05976303081978378
-0.00713782869286122
0.007837917003699322
0.0006692392053661458
0.02235852307690417
0.00330737514190246
0.007251467762911702
0.01165197213130188
0.01919424200773722
0.015994673578830165
0.035688473658165375
0.020306774565397173
0.0370909376792008
0.062255477285082385
0.04918290389922326
0.07483312192199129
0.09146394016880512
0.05664922047612018
0.02453334590074725
0.028594947331850938
0.05388467326712169
0.03241854983896481
0.08677862678066683
0.08184441045772246
0.10358070510582383
0.11104072407495157
0.12438254447058009
0.143954572345524
0.03593866022062938
0.06884522794721176
0.10820552316744975
0.09794690182521368
0.11743253497365055
0.1502625466745987
0.12311224645942109
0.19458357935813225
0.1793838287820957
0.20454491605798703
0.16249106421543452
0.24886699473781362
0.22552252473645507
0.1440893634036724
0.20792107922522982
0.24074724409157305
0.28830791985877235
0.26986896125550974
0.3039830363235244
0.3368078216971141
0.2950308240610117
0.1607062252264711
0.20008258188837785
0.1728146493629309
0.24213296761692238
0.1802696464635044
0.03909637300446903
0.0418452522381403
0.08120513824415876
0.04415704863167412
0.12551647654232456
0.046020021264957224
0.0903548247218986
0.13790720201953538
0.13236410509276159
0.1421015766687725
0.1864079174473325
0.17168287890673922
0.04743095318198161
0.04838714571486412
0.09595545678333353
0.04888316646206117
0.14491989909538522
0.2192438392253836
0.22842654004454155
0.26774463623747136
0.23537885667322594
0.31671753429674476
0.21963613346388483
0.25422970734916306
0.26167500665258103
0.28645231891022216
0.30598146518470637
0.31600863694771764
0.33261385699647844
0.3801730334234291
0.34469776985822964
0.4120706488351973
0.4286718446321095
0.3521288789120631
0.3425917582077199
0.3659288854245183
0.39109178200851025
0.3857798602313082
0.44006381882136225
0.3996728871649101
0.44074253895844373
0.4481556802882035
0.4776432360314151
0.49711040819342717
0.04891252436224397
0.0978684958430175
0.14636506860152743
0.14634457953335994
0.14497954111916225
0.19392626150775205
0.19389131122966768
0.24009101483914858
0.24240529657425158
0.2899517169051779
0.24239046987308077
0.3361167801486751
0.33610554909866414
0.24004394084748626
0.23546793066316812
0.28441504626116276
0.3264715124940407
0.33289434423576103
0.31690778596949976
0.3658553659256023
0.38044110504854023
0.284350737291331
0.332851479729401
0.32637174451385054
0.3804141039714538
0.3656910768405133
0.40218733192649125
0.41433487417553344
0.46188192463310485
0.4224978276428748
0.49821411239732993
0.5080375703011939
0.42659588491771816
0.552349726946713
0.5129643129844768
0.5129317590888975
0.47090624734606834
0.552254277336326
0.5079265427359485
0.4265805561171142
0.5886832019440991
0.5943776655727333
0.6337021003919487
0.5943144715432445
0.6700378772483566
0.6699398741426306
0.5884920583158904
0.42243730712966665
0.46175813047893477
0.4141936298996641
0.4979960540994791
0.40192922860229896
0.38616946998276425
0.435117513957197
0.4643287808841278
0.4835972226377288
0.4405912856492352
0.48953981558204285
0.5311444983756556
0.5105078257765338
0.5380197171871721
0.585567155733407
0.5603559514257874
0.6065353201224364
0.6317242629550781
0.577300922768675
0.47808183783425023
0.5270308818229701
0.5389498615154764
0.5755109746396156
0.4972003922589585
0.5461499824881377
0.6230585162552356
0.6216148422197529
0.6508275132498729
0.6636453164670166
0.6760398959049896
0.7029719065354305
0.4347524525332511
0.4832540000412032
0.4638723885912548
0.5308174433607662
0.48903624934543943
0.5769847576838061
0.5599357388260788
0.585100332860157
0.537537449419988
0.6312668495816596
0.6060836702939327
0.5100169940282466
0.6213113643715005
0.6633704124162187
0.6504274557566412
0.7027568892981525
0.6755923969069146
0.5266156013040801
0.5751173239253068
0.5386733919490128
0.6226813191031156
0.5460656764921912
0.04847136314472591
0.047561272396175025
0.0960333048942415
0.04619011587562884
0.1421981951551422
0.0443714146567009
0.09050266156812073
0.13256092794833763
0.1380455617597957
0.12579742868769928
0.17194243066049614
0.1865212952587363
0.042123343139806264
0.039468023130492816
0.08148578128203371
0.03643122136547347
0.11782076686142365
0.22857733074087747
0.21948342370550988
0.2679605659371017
0.208273222664834
0.30429195632317735
0.03304223627122895
0.06933235038659971
0.0985474623634694
0.10870814357597278
0.08743660912500567
0.12375402997040613
0.1507474186094861
0.14471962460665777
0.1631242885891063
0.2051655953760601
0.17995684697938163
0.2261314161837179
0.24947361776323346
0.19505507588600274
0.12492012633899072
0.16123974521290552
0.1731559000755016
0.20061021841145665
0.1440328801533674
0.18035315365805404
0.24265224311820688
0.24120188853263996
0.27041171103685113
0.288743491377384
0.2956212633318731
0.3372215354720214
0.029333754757263863
0.02534159357717912
0.054510389805259615
0.021104346790354972
0.07548262595945379
0.016662989297915678
0.03758995780458388
0.04951315211582519
0.06280072172354481
0.03574802095635883
0.05670755688633411
0.0920004784793686
0.012060466867093228
0.007341279006822916
0.019222216944291028
0.002551051575036361
0.02163803475704431
0.10391651495507098
0.08191115619240527
0.11111313503031273
0.05911609650166038
0.11352167541387864
0.3664321911342047
0.3431636896434539
0.39164260031736353
0.3165877812946964
0.412609971577647
0.2869609246767217
0.3331093280151855
0.34502678305842666
0.38065259020867426
0.3060762146291065
0.3522253636578224
0.4291323743977448
0.2545689877566373
0.219724199994706
0.26176685949568934
0.18276220570033794
0.26417652332143027
0.4410506861898389
0.39976945815602705
0.44825012414243814
0.35463573292887585
0.45066135078783776
0.5945500862901156
0.6347272224824876
0.6420967740464212
0.6688495320076793
0.6882479077532058
0.6965788957536816
0.7131773490474922
0.755237879693696
0.7252130547606783
0.7780249812705708
0.7946260676188395
0.7325590961383743
0.717650101325592
0.7318701781156582
0.7570349295223628
0.7390915215050264
0.7933675890713479
0.7746036684285147
0.8066538851873571
0.813976783455562
0.8309625915568368
0.8502993285344009
0.7392098588033245
0.7720244271760375
0.8012384856891692
0.8011342979296827
0.7936403646408308
0.8264523917413753
0.8262981812331276
0.847423364509248
0.8555582306889358
0.8807204396684818
0.8555095706758629
0.901687997332598
0.9017179430910267
0.8472919749376254
0.8311400249302208
0.8639494857994903
0.87587164467157
0.8930506998094359
0.8502681240443628
0.8830750698048062
0.9182103178618262
0.8638975183165141
0.893113672767883
0.8759203010737978
0.9183296923459894
0.8832215705632407
0.7321870534022856
0.7180730010374168
0.7574019978872104
0.6970091957031608
0.7783739441622445
0.6692162026080111
0.7135334810459459
0.7254536279243624
0.755569295404765
0.6883360156875504
0.7326548523648471
0.7949009587670062
0.6349776233293392
0.5946302715765808
0.6421778605073152
0.5485619076370936
0.6445898923307423
0.8068239153133632
0.7746934340830218
0.8140280269320964
0.7350678158574862
0.8164439517030753
0.9124265241848326
0.9303507415056866
0.9376330045714762
0.9393027366554068
0.9585983354340208
0.9392112655163094
0.9558308260799786
0.9677547868752502
0.9678537787902872
0.9583310136863294
0.9749597840107649
0.9751206861754693
0.9301282851904451
0.9121711046939456
0.9373271253834989
0.8854904348523794
0.9397375119909386
0.987041015681358
0.9869884898349381
0.9942446040274029
0.9773764269995406
0.9966621573535208
-0.002263902093512224
0.00011408115818168
-0.007070372135294215
0.007319222708098794
-0.021392021987185778
-0.01898331440814577
0.019232542026120528
-0.035498524502442924
-0.011785352541658032
0.00012988182124363433
0.012041023738369535
-0.016385557261301656
0.01664818455508365
0.035751000100173166
-0.058869974922619986
-0.056459626663111245
-0.08166419020840085
-0.04926193572588489
-0.11328012285170871
-0.11086965465249443
-0.03734642594139155
0.056712652764948204
0.04952101721756566
0.08191622026653422
0.037610258446570954
0.11111875216105904
-0.14379476158511412
-0.1036718718900345
-0.0917561730915625
-0.06255086093591937
-0.12468113306755131
-0.07523738279979508
-0.020827889737511242
-0.054274655777423485
-0.025069633390483875
0.0253388368264893
0.00013451319505133295
0.05454228112834365
0.07550243354029412
0.02109508746632592
-0.08719932628784166
-0.029069942348232097
0.0001339548922496516
0.02933855593509127
-0.032790294416186555
0.033055720743770375
0.08746353543450552
0.0628141932306498
0.0920171840297723
0.10392751569192787
0.12493792688991409
0.1440389849596766
-0.18253297811651775
-0.18012246813265215
-0.21950295403570108
-0.17292457482035045
-0.2639675488130564
-0.26155700100704793
-0.16100869144643914
-0.30587964247832344
-0.25435899618576663
-0.24244292843156962
-0.20038902943945225
-0.28676542192931825
-0.22592362763597598
-0.14448964595428887
-0.3544546495965945
-0.3520440641716699
-0.3996057144378244
-0.34484594778984023
-0.45051720858645583
-0.4481065855576152
-0.3329296956397313
-0.12352659512340741
-0.16290664357635865
-0.09832149202074253
-0.20496025300929882
-0.06911714216734796
0.18035982336269335
0.17316912141753937
0.21973146557855022
0.16125932620059183
0.2617747547985122
0.1447451121015823
0.20063156721048697
0.24267548624583749
0.25458466681323827
0.2261618874531559
0.286986179038461
0.30608478051298316
0.12378549644047988
0.09858230821816397
0.16315833812501362
0.06937824435229496
0.20520288785035487
0.352234666935627
0.3450452785183354
0.3997795876189343
0.3331367946644379
0.4482611417212642
-0.4970796246008336
-0.440908357612733
-0.42899192104686734
-0.3804911979185007
-0.47796481209595765
-0.41247210948966084
-0.3164101394876697
-0.39150808718562796
-0.3430076537012702
-0.27024055899724686
-0.2954464410427905
-0.2410353048591259
-0.19487174140154695
-0.24928245693018422
-0.4404806885663729
-0.36630181579269383
-0.33709610994187666
-0.28859609694927135
-0.386068290896744
-0.3041722998199166
-0.20811200533618324
-0.17975476038008129
-0.1505499582316351
-0.10849676965393402
-0.11762716966857839
-0.036194864858644024
-0.2678475204218502
-0.2193480448523299
-0.1324125277398667
-0.17178779027717428
-0.09036543764276367
-0.044203035364140414
-0.12562476439535253
0.04443092779426613
0.00011758760677150947
0.04216961700411845
-0.04192886405281148
0.1258607661747354
0.08154808635819999
-0.08130351882819956
0.09058438292692592
0.1326357332515971
0.21956165675102135
0.17201352200843364
0.2680467744764625
0.3043709479385234
0.2083385303440019
-0.039250867844426905
0.03950227071461661
0.0001282220945126843
0.11787377704410393
0.03645453238274421
-0.3168191640736
-0.22847164873693235
-0.18642391762850413
-0.13792506762199164
-0.2353949347871046
-0.142109254355331
-0.0460514365916415
-0.0959544162473491
-0.04745624174816464
0.04765238472279658
0.00010271223123195061
0.09613924998056682
0.14230016312430582
0.04626443774667421
-0.14492475811666888
-0.048403993770128995
8.372632636283474e-05
0.04858110182517719
-0.04888582358375816
0.04904120157468986
0.14509577737645452
0.13813329285189485
0.18661928971262756
0.2286698155973476
0.23557487435544622
0.31700142645463764
0.10875168857995907
0.15079687036464134
0.18000031649584908
0.1951088894070905
0.24951424483112272
0.24126093934829407
0.2704636990015474
0.343212129994763
0.29566558153867106
0.3916954693097139
0.4126529275915165
0.31662388982558487
0.2888082866839147
0.3372925175411916
0.3664944337524332
0.38624625129121326
0.44064830292904544
0.38068253381292316
0.429164979918212
0.4410726092726265
0.4781169344702826
0.4972122405577852
-0.5484638920301486
-0.546053231402639
-0.594555800330784
-0.5388548918971534
-0.6445309603285861
-0.6421202621064019
-0.5269382709019453
-0.6882885819392188
-0.634921811044542
-0.6230050056127212
-0.5754406918335413
-0.6691731774501058
-0.6064846831217832
-0.5104182038959755
-0.7350269064777917
-0.7326161706648835
-0.7746761664327134
-0.7254176080523773
-0.8164743192206538
-0.8140635458375136
-0.7135006181827357
-0.4894538576795785
-0.5379559888944079
-0.46424719696788597
-0.5855200129337766
-0.4350410396388054
-0.8503990254537674
-0.8068648716943474
-0.7949476974009129
-0.7555604659637056
-0.8312830291164381
-0.7784268638772851
-0.6969800401801247
-0.757461545579617
-0.7180746039463524
-0.650807606560327
-0.6760150459616898
-0.6216005467596202
-0.5772738160713093
-0.6316878950097855
-0.793796587502604
-0.7322537167581233
-0.703046205842911
-0.6636596844817189
-0.73938082746171
-0.6701203572245316
-0.5886752072285355
-0.5603129628957295
-0.5311063542696919
-0.4835427505259053
-0.49818152415190237
-0.402116719316267
-0.88574352921947
-0.8833327185522819
-0.9125475218353203
-0.8761339331053912
-0.9401730863266895
-0.9377622424487333
-0.8642165745516932
-0.9587346178202145
-0.9305633486148628
-0.9186458075337871
-0.8934312309991064
-0.9396180473023316
-0.9021244636598054
-0.8476954855915081
-0.9776758004438617
-0.9752649765825632
-0.987203809612843
-0.9680660061692365
-0.9968874267270385
-0.9944772079951383
-0.9561482926449805
-0.8267298431975355
-0.8559442099837741
-0.8015216248468253
-0.8811584964541053
-0.7723136627183846
-0.36579137565704867
-0.4142925495506713
-0.32641489371427235
-0.46185561648251744
-0.2843665189951453
-0.5080225416656017
-0.42247852348601755
-0.3804295026654602
-0.3328670646893206
-0.426595798212713
-0.3361135078464028
-0.24005119135300018
-0.5523487359358187
-0.5944073374412022
-0.5129710314222521
-0.6337933227760824
-0.47092136224975767
-0.19389566697906402
-0.24239553700067806
-0.14634450658145437
-0.28995729871482007
-0.09785594768049564
0.5461624128697071
0.5389746107623434
0.5946429106117727
0.5270677279689808
0.6421904964702054
0.5105564385259538
0.5755484545063083
0.6230959937130851
0.6350027873815363
0.6065847916086164
0.6692547363122636
0.6883490049478564
0.4895997594728848
0.4643995194255722
0.5380807430479211
0.43519841484946775
0.5856282003260309
0.73266929312059
0.7254823957714223
0.7747106770184948
0.7135763497482679
0.8140484604227183
0.4022776727527706
0.48367969202767447
0.5312270419494984
0.5604280508075008
0.4983064032916016
0.5773858898972368
0.6317870560201454
0.6217096987902464
0.650910240363564
0.7181568342763476
0.6761098492630664
0.7575017480036663
0.778454464543048
0.6970658286284883
0.5887894522608246
0.6637594220871564
0.7031082452166886
0.7323054449236746
0.6701913691419124
0.7393565849921111
0.7937473400160331
0.7556205444110848
0.7949617722716655
0.8068646602779797
0.8312050952722914
0.8502899633716084
0.3659543423088626
0.32657824149119874
0.4144359580491309
0.2845285881263558
0.46198318663345506
0.24021034781022077
0.33301059565315294
0.38055770200023453
0.4226072126628683
0.33623962310392397
0.4267161846149271
0.508141908498289
0.19405033385890985
0.14649309685439393
0.24253279427291569
0.09799664337081915
0.29007979220770463
0.5524665509895663
0.5130908143404016
0.59451892624381
0.471041461899838
0.6338718589325121
0.8830945261370404
0.875910466258609
0.9121848839321085
0.8640074914590998
0.9373362337209923
0.8475002848901496
0.8930917461114707
0.9182373082896813
0.9301464180034207
0.9017235972357117
0.9392446319429553
0.9583423231240635
0.8265478722034098
0.8013520900999447
0.8556256834044198
0.7721556425871354
0.880764322189678
0.9749814380643138
0.9677978762051711
0.9870198287924723
0.9558949150096636
0.9942704752639994
-0.007057028421460438
-0.011781983972638094
-0.018999045949299364
-0.016393083811069135
-0.0355076515111451
-0.020845743291630338
-0.03738154308133111
-0.06257978010645251
-0.049281169287697504
-0.07527526532686676
-0.09178648225670882
-0.056470248526684086
-0.02509690911346183
-0.029105475571236245
-0.054325884858285545
-0.03283268200430043
-0.08724521906844271
-0.08167447567468689
-0.10369225852194508
-0.11088001626250686
-0.12471113320380647
-0.14380510669671637
-0.03624248758847522
-0.0691798752910939
-0.10855498606991343
-0.09837422838719367
-0.1176893253046499
-0.15060918306140134
-0.1235736777607977
-0.19493074474995709
-0.17980835097352246
-0.20500713387881628
-0.1629534637785601
-0.24932932656145246
-0.2259625669290335
-0.14452853237134594
-0.2081748888522485
-0.2410943611850454
-0.28865514462570446
-0.27029419596710935
-0.3042352272817316
-0.3371551627985997
-0.29549331550139446
-0.1610387620881248
-0.200419085961269
-0.17294502112673227
-0.2424729896937396
-0.1801328174906805
-0.0393019198358039
-0.04198139343057372
-0.08137175072943051
-0.04425499632021326
-0.12568916624369703
-0.046100740296419605
-0.09043218828447111
-0.137988459209396
-0.13247736533158216
-0.14216929602258538
-0.18648808303683484
-0.17185305937403597
-0.04750077364484595
-0.04844155380532146
-0.09601237224777441
-0.04891397836059125
-0.1449795480450108
-0.21941312483848469
-0.22853712256142056
-0.2679126503884412
-0.2354589244079936
-0.3168842891736109
-0.21951330300136002
-0.25437944717044125
-0.26156735061270875
-0.2867954837354037
-0.30588999249087623
-0.3164490845411891
-0.33295975892964125
-0.3805212624847255
-0.34486640070460406
-0.4125110580185207
-0.4290219869373195
-0.3520544146403347
-0.3430545294188341
-0.36635545916767986
-0.3915549649921577
-0.38612734573002544
-0.4405275683012876
-0.399616065348935
-0.4409288123111117
-0.44811693691173393
-0.477994879300047
-0.49708997639556446
-0.048913473063138764
-0.0978974230846715
-0.1463933140649763
-0.14639210067703218
-0.14498315480598678
-0.1939551045337481
-0.1939511829989347
-0.2401197706400668
-0.24245353558940264
-0.2900126436465633
-0.24245085580579684
-0.336178235489732
-0.33617413421054654
-0.240111793231935
-0.2354720145548292
-0.2844439486317525
-0.3265004730003309
-0.3329433090925533
-0.31691175347143474
-0.365884395811517
-0.3805031094553397
-0.2844305545916478
-0.33293109483936034
-0.32648041316601706
-0.38049354031903626
-0.3658565083294682
-0.4022164135828891
-0.41438451655368075
-0.46194504886039345
-0.4225603870864861
-0.4982778094075587
-0.5081079757191287
-0.42666532278265024
-0.552428748202602
-0.5130433878726832
-0.5130365781035171
-0.47098541096539126
-0.5524138868782664
-0.5080876882369343
-0.4266598408466472
-0.5887622077138126
-0.5944805647399569
-0.6338584815445327
-0.5944724924939284
-0.670192570001237
-0.6701833119833475
-0.5887381564616108
-0.4225440575935623
-0.4619207585061368
-0.4143576866519969
-0.4982444672515103
-0.40217965574775616
-0.3861732435409547
-0.4351466398880991
-0.46435795167390836
-0.48364751108436543
-0.4405949147589831
-0.4895690796032911
-0.5312087784468069
-0.5105374442158084
-0.5380707125683821
-0.5856327273449475
-0.5604208369050786
-0.6066019224975797
-0.6317970937847728
-0.5773724189560887
-0.47808692178259893
-0.527062071267688
-0.5389881120153877
-0.5755646860995431
-0.49723974792087666
-0.54621985593533
-0.6231276704965565
-0.6216938765646112
-0.6509066386460554
-0.6637463431611247
-0.6761192488336927
-0.7031248686857321
-0.435100097136201
-0.4836018104930875
-0.4643008447984178
-0.5311654167288036
-0.4895007394059979
-0.5773328810030613
-0.5603666151606184
-0.5855668986850178
-0.5380028726229389
-0.6317347827983071
-0.6065236384680104
-0.510457155823442
-0.6216596141567023
-0.6637187543095224
-0.6508612633387105
-0.7031052779473104
-0.6760619357947117
-0.5269683394212628
-0.5754707616659949
-0.5388753483610749
-0.6230350767561186
-0.5460635836364969
-0.04844003605793758
-0.04749823803670835
-0.09601467182986577
-0.046097178691189365
-0.1421751964363549
-0.044250399852428034
-0.09043646016482879
-0.1324872968884359
-0.13799648868344402
-0.12570071460829638
-0.17187078043186826
-0.18649946567159
-0.041975753799317186
-0.039295222108562
-0.08137737055243074
-0.03623468622856249
-0.11770215358398575
-0.2285550204246019
-0.21943540990480642
-0.2679382405253127
-0.20820103169538112
-0.30426948806441223
-0.032823687562540366
-0.06918596543878681
-0.09838843445340714
-0.10856871414212854
-0.08725941789150082
-0.12359816284895972
-0.15063145076882573
-0.14456304019656877
-0.16298707113719135
-0.20504919165570273
-0.1798402335400576
-0.2260151096441213
-0.24937884562091656
-0.19496011597019824
-0.12474575717526662
-0.1610836933516488
-0.17300144509108317
-0.20047369653223007
-0.14386572718503216
-0.1802066348895986
-0.24253654606582178
-0.24112982526489954
-0.2703396131636452
-0.28869543705957446
-0.29554920978768606
-0.33719896032118424
-0.02909527464916317
-0.025085958158746542
-0.05433105129909892
-0.02083520971246774
-0.0752888759515036
-0.016382880274136785
-0.03738589192890722
-0.04929240547885426
-0.06259222550955973
-0.035519012554349756
-0.05649230353660899
-0.09181053105037701
-0.011763700421464879
-0.0070057846954444895
-0.019006015957166365
-0.1037264954260145
-0.08170884028038441
-0.11092741937670879
-0.3664095102982098
-0.3431155824212202
-0.39161986244615504
-0.31651591306132376
-0.41258738594952005
-0.2868670779932341
-0.3330383397887886
-0.344959843715676
-0.38060564982526934
-0.3060013647879235
-0.352176975832898
-0.42911089145469516
-0.2544560445651912
-0.21960011171670704
-0.2616667437044786
-0.4410346040608878
-0.39974885534177707
-0.4482588422153374
-0.5945661530023523
-0.634942269262563
-0.6421306152144547
-0.6692032499007567
-0.6882989354824658
-0.6970189989485658
-0.7135306919330096
-0.7555905409910937
-0.7254380680100858
-0.7784658259100632
-0.7949777736248794
-0.7326265246410244
-0.7181214958048787
-0.7323073779202791
-0.7575084393482261
-0.739439901198176
-0.7938434826952235
-0.7746865208346956
-0.8068853333028456
-0.8140739006389093
-0.8313131062296939
-0.8504093805517221
-0.7394502606469378
-0.7723727355279482
-0.8015866703747443
-0.801575286912498
-0.7938774889094338
-0.8268004838139988
-0.8267767379000981
-0.8477717976644121
-0.8560034971390864
-0.881205347536401
-0.8559910968283855
-0.9021771527388287
-0.9021633910885782
-0.8477344484189384
-0.8313767788128021
-0.8643004840813985
-0.8762352464676337
-0.8935041374917312
-0.8505676055196016
-0.8834952446982213
-0.9187065515322728
-0.864246651369182
-0.8934613029789396
-0.8761543951040778
-0.9186758574894729
-0.8833430735476451
-0.7323382643444776
-0.7181723776676936
-0.7575515238488943
-0.6970892320954454
-0.7785222225064052
-0.6692929849775312
-0.7136160573573707
-0.7255467538345002
-0.7556700639783387
-0.6884656654078751
-0.7327935503240537
-0.7950500399496047
-0.6350560694065033
-0.5947274647013496
-0.6422954303430006
-0.8069828851077401
-0.7748522150884358
-0.8142366499524594
-0.9125578751954933
-0.9305837925562073
-0.93777258837155
-0.9396480113247486
-0.958744934727219
-0.9396650768586894
-0.9561779385263539
-0.9681155580590415
-0.9680861785470436
-0.9588695794108355
-0.9753848975328958
-0.9752751860681077
-0.9306429260239981
-0.9127025113436129
-0.9379081831520442
-0.9872136357429502
-0.9872951558795386
-0.9944857241673757
0.9870926743267849
0.9679468729879734
0.9751979655197189
0.9393871763445509
0.9587009877676615
0.9017717003519521
0.9184336263446873
0.8932360443309011
0.9305028565957811
0.8473634103481384
0.8640370794000665
0.9377607039892684
0.8555613336226895
0.8012267674825861
0.8263573512525477
0.7392397636624662
0.7934336265834314
0.9125788702856774
0.8761269907054374
0.8833980930142848
0.8311179134023714
0.8504994924597593
0.6701234498590118
0.702921508932627
0.6635507022524827
0.7319858117200828
0.5887089440172264
0.6215065667873251
0.757107234372534
0.5771940729432612
0.6505640264091053
0.6756752259228165
0.7177280191102904
0.6313538483448136
0.6966738638101632
0.7781104292845697
0.4982422037833798
0.5310400383361407
0.4834890173572489
0.5600907547595873
0.40220023896970153
0.43499901991980916
0.5851907281383188
0.7947955528109079
0.7554197755624907
0.8069091526403636
0.7133697622711197
0.8141999956032516
0.5944995254332837
0.5130963658865328
0.5524535791516492
0.4267234614152815
0.5081389781685397
0.3362379306639575
0.3805636287694699
0.33300651755348504
0.4226208986173961
0.24018424583335932
0.2845101378223799
0.461982528078447
0.2425227628498326
0.14647962491555538
0.1940265445779227
0.049028025113259446
0.1450581920627827
0.41442877151910806
0.32656956811320875
0.3659357068766499
0.2355415452659536
0.3169703773975918
0.7748492840628829
0.7255095700084991
0.7328264265996813
0.6690504442547656
0.6885362286212152
0.6061829917516479
0.6228886035428638
0.5753287624197112
0.6350565859212782
0.5101150018949281
0.526828902084737
0.6424053338410283
0.5376304447212312
0.4640432198655241
0.48913103379657064
0.38603710061472807
0.4401595764195884
0.5948781156394496
0.5390264342164444
0.5464123976975737
0.4778560516546365
0.49747504512192225
-0.04889752500988264
5.884094677965435e-05
-0.04843930486325234
0.04854241782801717
-0.14495666794649026
-0.09599934446250627
0.096089307097249
-0.14216324453013002
-0.04751509381660404
3.1831754309577433e-05
0.04759149679873293
-0.046131652152802065
0.04618844871080191
0.14224649419467605
-0.2354447244927653
-0.18648641739818833
-0.22854200270869288
-0.1380014127462636
-0.3168842862533588
-0.2679249784655966
-0.09045436492059528
0.1865723432737291
0.13807414121205602
0.2286336830160791
0.09051401265245064
0.26800437318758363
-0.3042560622688931
-0.21943914086864735
-0.17189186613365826
-0.13250944414695284
-0.20822234710751206
-0.1257364454357925
-0.044298347585894654
-0.08141216606830542
-0.042029041462124814
0.04209089902547152
2.66898616608619e-05
0.08147055877634027
0.12579108180041992
0.04434999728945828
-0.1177433919410284
-0.039347099494641165
3.6811560695027934e-05
0.039417465043674355
-0.036292130278641255
0.036326146735657795
0.11775291991201609
0.13257696232424776
0.17195218447083244
0.21950928941633427
0.20822806914661934
0.3042743098503836
-0.386145682354903
-0.3371853667119419
-0.36639578008355234
-0.2886986218002784
-0.44056739591956573
-0.39160606570214723
-0.24115099830691566
-0.4125737554153306
-0.34311833728783214
-0.29557021915597936
-0.2703607050868556
-0.3165370215218146
-0.24941581195900003
-0.19499613243331537
-0.4780607817647906
-0.4290982374671523
-0.44102574375698356
-0.3806092549326453
-0.4972309087781972
-0.44826320109227535
-0.33306027993527165
-0.1506728202883219
-0.17988332292876447
-0.10860734665613872
-0.20509362737733577
-0.06921948270181334
0.3370748607509757
0.2885839065933353
0.3661129042454818
0.24103130752952717
0.3911877009895153
0.19487509789511823
0.27006369746121917
0.29512469576257194
0.3426870414942853
0.24895872748480435
0.31608595620068175
0.41216136290973304
0.1505598657564236
0.10851247109754295
0.179587263976344
0.06913793456754527
0.20463375535467704
0.42888178997834436
0.38037770357103035
0.4411096450708636
0.33281084438823905
0.44853746852714604
-0.14635504021050483
-0.24240541143103572
-0.1939160317106084
-0.33612291716011555
-0.2400808871402576
-0.42660469695997616
-0.38044780302124814
-0.4225050943152787
-0.3328951983372582
-0.5080473478257697
-0.4618897675049802
-0.2844050170170861
-0.5129793330102042
-0.5944150065970837
-0.552364687165763
-0.670127408506622
-0.5886981413031542
-0.32646155909791574
-0.41433645286083853
-0.36584548947460926
-0.498222538919011
-0.4021775239218217
-0.7393873051016321
-0.7030597077772114
-0.7322731162573237
-0.6636807797981485
-0.7938145995085932
-0.7574864344734324
-0.6216298083150276
-0.7784573621403146
-0.718106888701349
-0.676055256839819
-0.6508425823722058
-0.6970254987132056
-0.631736549729266
-0.5773117909309065
-0.8313148744160617
-0.7949860270719058
-0.8069218961355051
-0.755605730945028
-0.85051791846719
-0.814185993437766
-0.7135532883457285
-0.5311535208710467
-0.5603656054086708
-0.48359950082510766
-0.5855775767882346
-0.435107773693881
-0.8015276083847178
-0.8559498866181849
-0.8267414701697988
-0.9021304411998943
-0.8477129720044903
-0.9396266821165322
-0.9186603566264729
-0.9305985748485033
-0.8934513004012098
-0.9588377959231216
-0.9378701322013916
-0.8642423538632347
-0.9680870475256316
-0.9872783538370093
-0.9753602665784106
-0.8761795976820017
-0.9126592725786706
-0.8834480749621407
-0.46431912784829665
-0.538022843848683
-0.4895303594660605
-0.6065470618442748
-0.5104990487171612
-0.6692337232910606
-0.6230738636963675
-0.6350060094252115
-0.5755182265104679
-0.6884223624118183
-0.6422581646450642
-0.52702479780358
-0.7254874325529805
-0.7748022475190111
-0.7327460157859029
-0.5389547635847389
-0.5946979889056443
-0.5461998445550105
0.4000710843869766
0.3450692157205306
0.35254277539323386
0.28663923114914636
0.30641039457869546
0.22558042335495734
0.24230743747307354
0.20024230920779607
0.2545959988886508
0.1441222846184692
0.16084885198186655
0.26211835657005356
0.16257667185923272
0.09816119051130562
0.12319253301021034
0.03281553616152366
0.08686065863591112
0.22009335856409984
0.1731668721590717
0.18074027251429092
0.12450632814809663
0.14443824869461214
-0.032922732347131056
-0.00010483931010632153
-0.029306077349796684
0.028915362940289728
-0.08733231340270572
-0.0545069066625197
0.05393098059379431
-0.07546467680088328
-0.025488333080683587
-0.00048891001028461
0.024720672802251174
-0.02145497688731249
0.02039901200590192
0.07484127526232778
-0.12481258280359347
-0.09197795156663013
-0.10388940428051448
-0.06295894144544988
-0.14393989286935757
-0.11109083800518343
-0.037975780695592404
0.09156459972855124
0.06234075019603218
0.10391115366357243
0.03711601126228819
0.11153706957543266
-0.0984281369711075
-0.16302822529634559
-0.1236368310417884
-0.22606114954219583
-0.1446029526215743
-0.28690598132604384
-0.24258482350213084
-0.25450899753390743
-0.20051979127219793
-0.3060566138173775
-0.2617326873673299
-0.16112524744323936
-0.3449852813772324
-0.399768913619834
-0.35221492932458554
-0.1730472123242072
-0.21966482265391432
-0.1802642605231209
0.0823537926499267
0.04949041869732889
0.057169724076120684
0.016133005603091957
0.03622778005092546
-0.01711366959440532
-0.0004067290679823501
-0.012345141391247287
0.011996055967788691
-0.03626211016087395
-0.019570993299169857
0.019730346367961185
-0.04989308552508649
-0.08206549067939778
-0.05709554114558321
0.007837917003679917
-0.00713782869289494
0.0006692392053465868
