0.0
0.0
0.0
1.0
0.0
0.0
0.0
0.0
0.0
0.0
0.0
0.0
0.0
0.0
0.0
0.0
0.0
0.0
0.0
0.0
0.0
0.0
0.0
0.0
0.0
0.0
0.0
0.0
0.0
0.0
0.0
0.0
0.0
0.0
0.0
0.0
0.0
0.0
0.0
0.0
0.0
0.0
0.0
0.0
0.0
0.0
0.0
0.0
0.0
0.0
0.0
0.0
0.0
0.0
0.0
0.0
0.0
0.0
0.0
0.0
0.0
0.0
0.0
0.0
0.0
0.0
0.0
0.0
0.0
0.0
0.0
0.0
0.0
0.0
0.0
0.0
0.0
0.0
0.0
0.0
0.0
0.0
0.0
0.0
0.0
0.0
0.0
0.0
0.0
0.0
0.0
0.0
0.0
0.0
0.0
0.0
0.0
0.0
0.0
0.0
0.0
0.0
0.0
0.0
0.0
0.0
0.0
0.0
0.0
0.0
0.0
0.0
0.0
0.0
0.0
0.0
0.0
0.0
0.0
0.0
0.0
0.0
0.0
0.0
0.0
0.0
0.0
0.0
0.0
0.0
0.0156249999999703
0.0312499999999407
0.0468749999999056
0.0624999999998706
0.0781249999998464
0.0937499999998222
0.109374999999798
0.124999999999774
0.140624999999728
0.156249999999682
0.171874999999637
0.187499999999591
0.203124999999545
0.2187499999995
0.234374999999454
0.249999999999408
0.265624999999362
0.281249999999316
0.29687499999927
0.312499999999224
0.328124999999178
0.343749999999132
0.359374999999086
0.37499999999904
0.390624999998994
0.406249999998948
0.421874999998902
0.437499999998856
0.45312499999881
0.468749999998764
0.484374999998718
0.499999999998672
0.515624999998713
0.531249999998755
0.546874999998796
0.562499999998838
0.578124999998879
0.593749999998921
0.609374999998962
0.624999999999004
0.640624999999045
0.656249999999087
0.671874999999128
0.68749999999917
0.703124999999211
0.718749999999253
0.734374999999294
0.749999999999336
0.765624999999377
0.781249999999419
0.79687499999946
0.812499999999502
0.828124999999543
0.843749999999585
0.859374999999627
0.874999999999668
0.890624999999709
0.906249999999751
0.921874999999792
0.937499999999834
0.953124999999876
0.968749999999917
0.984374999999959
0.9689941406250275
0.938476562500031
0.9084472656250457
0.87890625000006
0.8498535156250774
0.8212890625000725
0.7932128906250587
0.7656250000000437
0.7385253906251428
0.7119140625002177
0.6857910156253196
0.6601562500004193
0.6350097656254574
0.610351562500528
0.5861816406255743
0.5625000000006195
0.5393066406256917
0.5166015625007705
0.4943847656258704
0.472656250000968
0.4514160156260348
0.43066406250109857
0.410400390626157
0.39062500000118877
0.37133789062619316
0.35253906250119577
0.33422851562621525
0.3164062500012341
0.29907226562623485
0.28222656250123457
0.26586914062628186
0.25000000000133005
0.23461914062624875
0.21972656250116906
0.20532226562609293
0.19140625000101852
0.17797851562594752
0.16503906250087833
0.1525878906258117
0.14062500000074848
0.12915039062568714
0.11816406250062905
0.10766601562557292
0.09765625000052
0.08813476562546906
0.07910156250042076
0.07055664062537559
0.06250000000033251
0.0549316406252925
0.04785156250025463
0.04125976562521979
0.03515625000018712
0.029541015625157093
0.02441406250013
0.01977539062510519
0.015625000000083253
0.011962890625063657
0.00878906250004678
0.00610351562503247
0.003906250000020787
0.0021972656250117003
0.0009765625000051998
0.0002441406250012969
0.12497841884572766
0.1406406647770334
0.015610125140022168
0.04687280372889935
0.42188901767332004
0.017583454169310064
0.0019473884906178332
0.048835100084701925
0.06250914335458219
0.09571416318638554
0.14650466207228346
0.052708544937211374
0.009791611045310067
0.013675836097125825
0.005873016419372315
0.03126491274654419
0.08788227218877526
0.2871214704838287
0.4785311759773945
0.2812642542320734
0.6699401217050627
0.24414925285220584
0.3418207770765782
0.12307801558216669
0.18752007818626626
0.0021998673627281378
0.00024195268616995232
0.006106937393498686
0.007817000420730382
0.011967135360064895
0.018316887442945455
0.0065817659927533585
0.019780458326756727
0.031256152110073175
0.05933423133400943
0.035895908385077335
0.08863192934665579
0.09766621685818258
0.03516434510899531
0.02954690629347675
0.041266479274797305
0.07032029808583759
0.054940365109648934
0.1237926483566654
0.05982421385185745
0.030497414551438385
0.09888800246894136
0.09376134742585884
0.14772305619567688
0.13844914238189937
0.0837084068619497
0.0032115222717705037
0.0036691485966580508
0.0027170691203752843
0.011750908029923741
0.002222615620079014
0.024196543401684437
0.028565335538097217
0.0017281621197771289
0.007832313735496352
0.01539513647453081
0.019795840143359646
0.010994400408999044
0.02344621649637655
0.039083585022658546
0.0012337086205572653
0.0007392535786245436
0.0039137031862897
0.05494718912701432
0.06713339691702072
0.0427340189956989
0.07032266698919987
0.10765489979253146
0.16480421276175156
0.27466921413485923
0.1914166253564764
0.38453421552433087
0.2063102878673519
0.4943992170194845
0.38282631560152136
0.37135278588448783
0.28883153917600535
0.45387327020160806
0.3515767988065781
0.21095004409996582
0.6042642682079442
0.7141308938911368
0.5742364029601699
0.8239947742680138
0.5363931683956711
0.20680072983726805
0.2658823707525457
0.19532535804259255
0.3249627285623158
0.17798322716472642
0.6189180454502947
0.4431410325401024
0.49220808487600104
0.2966602779616611
0.38405261563429294
0.17947640694358252
0.21877751150135888
0.1555431822164839
0.2571020715340141
0.07937493606197216
0.10549244643720682
0.29298665807270174
0.09158941108619342
0.03299928988857993
0.05472226944021419
0.21754520932220872
0.13160996121093338
0.1562634186918384
0.00027587743106895614
2.968326784125982e-05
0.0007645824420332075
0.0009787654084411138
0.0014974139046877478
0.002292113350031371
0.0008201250048333502
0.00247438661502362
0.003909260195611747
0.007419735118070276
0.004489639545681049
0.011082256329611493
0.012211948407610841
0.004399061630090898
0.003695499949603766
0.005160753908994294
0.008792895751769624
0.00687014849338386
0.015477199057771123
0.0074827304010268575
0.0038068912533024274
0.012365049323538949
0.011726230615782547
0.018469006145036108
0.017312668592937903
0.01045513734919224
0.008823683702778341
0.015629656218411017
0.026464350157359207
0.020604563670052957
0.0330565585196593
0.039557344847390596
0.023931521871947928
0.055091745787333786
0.04410500617508759
0.04688264796553664
0.03433896968454454
0.061745662187972145
0.04807337557603189
0.025793636381906064
0.06729918852475036
0.07325065844615722
0.09421718833646447
0.0771269330556652
0.11301644164122993
0.11817445643962692
0.07911111782771443
0.02637401450063917
0.03611007953273391
0.025855617843720487
0.047860307067549665
0.024425148246030565
0.011021359537178883
0.013463175996580725
0.024419541685115356
0.01614913308098398
0.04038118875698009
0.01907923079042095
0.0351625521518906
0.05722771487715652
0.04843824086937293
0.06674961682245564
0.08252774880854646
0.05908941782212899
0.022253469133898286
0.025671850550519168
0.047858691812465756
0.029334883852013875
0.07700573115304926
0.08072733441937133
0.09537619329444
0.10547805574908448
0.11124876709960602
0.1335289124262236
0.033246772232796866
0.02222984604040501
0.04642617494570542
0.04396064257540687
0.0618078026620455
0.05674986100636047
0.04059594360085808
0.07938631714456304
0.07813567161800103
0.09702701908725406
0.07554156886087626
0.12119732601707588
0.1186649730555754
0.07179752916594728
0.09916212041659779
0.12113520561276966
0.12208179472254002
0.14531101087773185
0.14805990636928545
0.0892867487932699
0.06701832939928284
0.11466668214322706
0.10940064777066939
0.14324051973415253
0.13233112798669333
0.10296181296723378
0.000928301800493014
0.0009546822986905883
0.0008643080516724279
0.003458636025774114
0.0008001966846830925
0.007453674711427483
0.007970588289831205
0.0007360849590407525
0.0029642958694546364
0.006348979133480952
0.006901381358520593
0.005796576573442438
0.01077125969922629
0.012730451281333079
0.0006719732323026025
0.0006078615055610448
0.0024698423702287876
0.0005437497788194276
0.005244174012373827
0.01910586066255409
0.0206017869895824
0.017576997200180366
0.026396797387516224
0.016048032451418157
0.03442015598747912
0.03738337627412258
0.0004796380520776255
0.001975388869928303
0.004139368890226971
0.004691771451300047
0.003586966329013881
0.0068526650802342905
0.008811962390397034
0.009932172166111884
0.011461137269159486
0.017595488366598445
0.01299010233008714
0.02244501483090649
0.025438823842143826
0.01451906739121078
0.008403208452880541
0.013194786978072644
0.016457364186227577
0.019451208939587024
0.013464157436233328
0.019537468375355638
0.027355579293996922
0.02199619192234787
0.02843263264305003
0.031426441165678616
0.035174249162488236
0.0429928309936974
0.00041552632533563294
0.0003514145985956719
0.00148093536962114
0.0002873028718578086
0.0030345637706360408
0.00022319113937342857
0.0009864818535544762
0.0019297516318713681
0.002482161312721696
0.0013775585534760615
0.002934396084719699
0.004893368311977666
0.0001590794679524543
9.498629210605941e-05
0.0004921196344045533
0.006874216437573144
0.005345715448966221
0.008794605036453436
0.0519317169358649
0.0568505124337258
0.046984869528975945
0.061053708369745725
0.04203793575018204
0.07017570015710828
0.07753835173603249
0.037091002989519735
0.04884058502760058
0.05539918398902015
0.06278743026189959
0.04801094114117514
0.06153028201383859
0.07911456942488077
0.03214406554646915
0.027197635902671942
0.03662775979692362
0.08768750358540583
0.09798202618573125
0.0773688850475778
0.09570978701961141
0.11671599541991229
0.08799004530271401
0.1466456855061879
0.1098717166289307
0.2053013280259044
0.12833539554915674
0.26395697059051526
0.21973671343992252
0.2309982420466249
0.1796668155851533
0.2823296685310688
0.23926904790581566
0.14356421112900886
0.32261261315392875
0.3812682557173932
0.3296017148298498
0.4399238982803255
0.3336610950152158
0.15574126889617323
0.2002367476275395
0.1650496743195822
0.2447322365771653
0.1716725328680017
0.4985795408409595
0.43946671622256683
0.43632394799481666
0.38499252150527696
0.4876553728785088
0.4306787378220873
0.33497389306762215
0.42271419567340446
0.3782187038364148
0.33009216556878834
0.3337232144885594
0.3242638408513361
0.28611601768355677
0.28922772556578313
0.46720962947154243
0.4126134544946799
0.4005582423195455
0.36241178728911805
0.43871584095222127
0.38674660086583507
0.3164215187963184
0.24757091353234412
0.24796818418735625
0.20982035154567477
0.24610715481684148
0.17579295001033388
0.5572351836657253
0.6158908203729406
0.5493317142779823
0.6745465393727004
0.5389868319665819
0.733201572103847
0.6591963099761644
0.6416506825038929
0.59031794617646
0.6929781969271505
0.6220885485259982
0.5263834229578588
0.7918600807818611
0.8505042314227766
0.7690557451187052
0.9091702158898628
0.7443124305629004
0.5117049620741132
0.5562036860387205
0.49514049150725775
0.6006947380060866
0.4768523000607795
0.17759403120244321
0.20988247161568555
0.17725888230127373
0.2421709193636843
0.17497060132163034
0.27445954334285383
0.23634276038361746
0.22880323718328516
0.20188807466556305
0.25573970283682523
0.21976023866401387
0.17091241495225482
0.3067458654202202
0.3390496222137679
0.29544172980877487
0.37132020214918116
0.2826334624470884
0.16526558282177675
0.18731989116185846
0.15823505816536196
0.20932691876309026
0.14993500278906302
0.7956597773608224
0.6896886753448145
0.7178056158898818
0.5913029863455485
0.6452005288847731
0.500484415669961
0.5273677135229833
0.4681931073956787
0.553152194291503
0.3903141585173412
0.41359615001731465
0.5776614895380718
0.4172342715903327
0.3415524879572859
0.36623853968125697
0.2734390623598608
0.3195151739859621
0.5150054078877107
0.435902599032719
0.45704919897522533
0.36339374008330727
0.40360978543798864
0.21289399632639666
0.2344062329876838
0.19915747692628383
0.25579628747675154
0.14959874464621992
0.16750979473990052
0.27688116380022265
0.13928008130168668
0.18542084490239755
0.2031487884317669
0.2381534038200948
0.1716842120627471
0.22051053798588877
0.29747778306732764
0.09973111464111711
0.11428523114308414
0.09234213851368535
0.12896141797437494
0.061826281719154996
0.07326760906928417
0.1435765692071098
0.31740277532860184
0.2754401519351468
0.33647501073070274
0.23732276334736502
0.35450410120584397
0.15991728965432547
0.11450894235783862
0.13187079963973683
0.07666895443612942
0.10712009048503189
0.046397325895775526
0.05863224128161494
0.043403016206147366
0.07172151444796468
0.022164487943546193
0.030798198106777766
0.08548217392019337
0.023694056314817427
0.008559027238594683
0.014690445235987483
0.06677394454798219
0.04040847076922764
0.05081220046294417
0.30954909745653736
0.2534044312236129
0.268561752494364
0.2028674990155277
0.23135908852422826
0.15794758770875356
0.171891244008882
0.14421088142974797
0.1852258905770902
0.10832401541757777
0.11964322671094252
0.1977581998210338
0.11864275414847858
0.08495307704173255
0.09669958011299018
0.16757629073636424
0.13047474128515468
0.14063054405884368
3.497153651056379e-05
3.469663601177859e-06
9.609744134572089e-05
0.00012342763687094645
0.00018784988498117035
0.00028829251070347083
0.00010153291638951664
0.00031011476120408317
0.0004897155844381571
0.0009288761844160491
0.0005624617268529823
0.0013868585935700182
0.0015282447599508219
0.0005524445470132297
0.00046289681683110836
0.0006461965793203134
0.0011004802320069788
0.0008600139029984631
0.0019363789833727228
0.0009387586903057571
0.0004738502027822739
0.001547684917328354
0.0014701124397457532
0.002310710749084615
0.00216938559077769
0.0013036730962318979
0.0011043488059162437
0.0019553826835115133
0.003310081461798519
0.0025774538491248025
0.004134261773866867
0.00494706369350578
0.002993527379924783
0.0068892214555586005
0.005515724483579957
0.005863135197594144
0.004294816614646592
0.007721371410496481
0.006012177725828351
0.003226498525505315
0.008415306096413682
0.009159443152074394
0.011780616965984914
0.00964418034150483
0.014130676292758115
0.01477563106762431
0.009892413445274178
0.003299162864523009
0.0045164902778093916
0.0032349421438528786
0.0059855824657820845
0.003059459608875154
0.0013792012870275047
0.0016845713462309566
0.0030544257042966596
0.0020204589835644236
0.005049994826039152
0.0023868641990222733
0.004397609351173415
0.00715611913278172
0.006057280612248781
0.008346510387705428
0.010318980399644712
0.007388881416067035
0.002783786992604932
0.00321122736431242
0.0059849336230642465
0.0036691853141446627
0.009628454377001439
0.010093978633308503
0.011925239065153628
0.013188174953332445
0.013909087386758539
0.01669435857728123
0.004163217178015363
0.002774163924420746
0.005807361373537653
0.005503541894136585
0.007729329051316793
0.00710331805282151
0.005068461695793209
0.009926995091329514
0.009770619700385882
0.012132344059875365
0.009448057357776922
0.015154050830020697
0.014837391721661312
0.008985430498126624
0.012399149415158687
0.015145927584171836
0.015264467365448451
0.018167373630208074
0.018511255287102443
0.011172764512157339
0.008369694516648766
0.014340138350045361
0.01368820573256075
0.017908652203209766
0.016554640089640624
0.012860984338162074
0.004157660842103377
0.007816398519956125
0.012467000558726165
0.011001951100676303
0.014023602751150983
0.017644022116333907
0.013737360632988332
0.02337035957968788
0.020776159695516765
0.023442904179334402
0.01833454770197107
0.02908531827243338
0.025667143778769316
0.01604552359904729
0.02611714735448392
0.029668901604134233
0.03656253640037028
0.032717115812964936
0.04062158003465094
0.04407415215354578
0.03528467816623049
0.01794932862956597
0.022462592332084374
0.0194716639318536
0.027471766679083295
0.020635417690633477
0.05222663704734433
0.047007925444314036
0.049445788090534376
0.04206387204439782
0.0574533144882374
0.05141062827601169
0.037394476847642535
0.05292533418327555
0.04570363542280155
0.04033233592450321
0.03906940004093119
0.041206172734226484
0.03529672981552806
0.032999739854189525
0.06075738450583171
0.054012793991886035
0.05469589598944612
0.04766493206462668
0.06232195269044645
0.054997527803640145
0.04171379849493305
0.028879661061631656
0.029913715124951216
0.025034240478226093
0.030596817072121155
0.02146347813967272
0.05772000685350534
0.06104287926537021
0.07054576699131532
0.0638316940600488
0.07759553328374436
0.08075818841062576
0.0661093394211125
0.09170303174196456
0.08337152713124318
0.08545843762926075
0.07543675107287523
0.09619728731393351
0.08704180808881283
0.06789870353266685
0.10043126551452147
0.10340318583113717
0.115881551335379
0.10581053095239683
0.12641056592555633
0.1291612508689568
0.1076761890622476
0.06922267457398472
0.07834409257142746
0.07010414073834234
0.08814452668421392
0.07056599034842703
0.02197873283313523
0.026232596863573487
0.022204072362409046
0.03095185391707045
0.022162401130711322
0.036159392197324086
0.03100172081178435
0.03076931825929309
0.026240792819284486
0.03577086534971641
0.03027728778366575
0.021876447102481954
0.04187809991537778
0.04813086528844686
0.041721978883667035
0.054940576538555615
0.04126832198923558
0.021369014938460357
0.025241369274970032
0.020666709273486072
0.02954860447491136
0.019794953757594453
0.004676653948188399
0.005226164632398599
0.009892004041853435
0.005806192894733957
0.015671757677955284
0.006416738735194478
0.01221175018875464
0.0192427257346904
0.01741146533913511
0.02116553886462119
0.026922188833045653
0.022038964849685684
0.007057802153780161
0.007729383150491013
0.014775636960657142
0.008431481725327091
0.02317990472892759
0.02901652301991284
0.032068486575967656
0.03662732090394408
0.0352730380226484
0.04489424671581841
0.009164097878289555
0.017583664357562864
0.027483294660707577
0.02528582332761163
0.029772318728793448
0.03815348055063025
0.03229369406641111
0.049617122733188954
0.045802219707467076
0.05274142512978046
0.0421399045879462
0.06412114393273557
0.05899398504192943
0.03863017735995805
0.05358461391648772
0.06189711040763503
0.07501633784488684
0.06946192623217931
0.08078448090993326
0.08899781233756843
0.07630194957611766
0.04431816207877057
0.05408044921885897
0.049380536443866085
0.0645827876297318
0.0538401886408761
0.00992723160939762
0.010720882918976118
0.020635832380012334
0.011545051812596987
0.03215289554156972
0.012399738389185917
0.023932141177220707
0.03718871056362272
0.03462502526081754
0.03984399551495205
0.051337968056719405
0.04450154853085965
0.013284944542857294
0.014200712649261683
0.02747262858472537
0.015147406406900758
0.042591615815061185
0.05770469755563658
0.06197744695696887
0.07178532184465944
0.06640410911410707
0.08676811977364612
0.06348803486289273
0.06953072107690256
0.07386067356704204
0.07584806552018267
0.08498099296699779
0.08244006862317327
0.08789917155694751
0.10075900318387154
0.09270214656103437
0.10915172263644404
0.11445062535325302
0.09687188181902773
0.08930673789719595
0.09644820431220166
0.1031585450172916
0.10386674956677971
0.11788310396837096
0.10955623917367244
0.11907814135131203
0.12305715881421467
0.12900028844808514
0.13740140847467425
0.02343203311604619
0.018725449252570473
0.02861087331141862
0.027488764719429327
0.03431360971822167
0.03198803527213523
0.026146204755103764
0.04053967806497276
0.03955927410702645
0.04530848667055215
0.038355732747387905
0.05284672408556758
0.051584136370278866
0.03695273160824325
0.047284576081762106
0.05454795227037928
0.05384251554064268
0.062330121891099266
0.06096502829161383
0.0424057406747754
0.035306364500562626
0.05008438942680048
0.04836994951774448
0.05840911210502828
0.05486824527043371
0.0463890407869417
0.07063111040772889
0.07032238957353734
0.07894026781420793
0.06966274639744208
0.08879765175187837
0.0882066448438677
0.06867500227490304
0.09814440894397497
0.08724946645594225
0.08594888578296969
0.07699532544672841
0.09555857133320056
0.08432721095423568
0.06738153263850619
0.10968025846085258
0.10877644935914504
0.12012567321064863
0.10749121868628031
0.13346242867555008
0.13221531842713474
0.10584727121380796
0.06580630271586765
0.07379859699090556
0.06397994501761495
0.08240888367275928
0.061923515143483765
0.07945089714338593
0.08878948164314487
0.08899956125710864
0.09864686514111112
0.09923487091806885
0.10902304834376733
0.10987399696728611
0.12184882603374304
0.11025192321830997
0.13402585452585591
0.13459453261716675
0.1101797152350659
0.11991804513811047
0.13133210182788743
0.13294600698679443
0.14326956951689016
0.1467878770443713
0.12185699967955
0.13467492962049327
0.1342899333550175
0.14813943649936576
0.1475073535300565
0.0695586464165838
0.05957734488018454
0.08022550116405897
0.07779652643394327
0.09166005152073557
0.0866600426483668
0.07505438722658167
0.10386686788579792
0.1015749903875797
0.11217661093400638
0.09900416099734546
0.12618407228118472
0.12348820365320418
0.09617208354929699
0.11683789396370328
0.1305715344321275
0.12855370679346823
0.14507473761809242
0.1410246048085545
0.10635555685843984
0.09300327338887975
0.12049950140822915
0.11723379366680833
0.1355398968002836
0.1288405569004447
0.11360612117500934
0.00027446690854306566
0.00024336699956597102
0.0002673550936877611
0.0009583418930295965
0.0002583712184168705
0.002067229186628588
0.0021020521071942336
0.0002492902318615294
0.0008963577409032378
0.0019288834966460868
0.0019989819595232403
0.0018586821831969764
0.003335129707313076
0.003580319417317827
0.00024020405075004291
0.0002311175878221282
0.0008322525292164576
0.00022203110948765554
0.0017884751576691632
0.005474874528047581
0.005632948751601471
0.00528449416720298
0.007728010768649372
0.005092321499893823
0.010316840319201177
0.010659180235271865
0.0002129446303070672
0.0007681408223539409
0.001648060454966575
0.001718267815112084
0.001577853093845478
0.0028406824953940385
0.003087909226245223
0.0043232159231320795
0.004515493862044664
0.006625180396357393
0.004707771783982934
0.008817247193730858
0.009192630290440599
0.004900049399929663
0.004130937983277888
0.006072777853924308
0.008066480393069272
0.008441863801592918
0.007691096983636804
0.010281435372714368
0.011261084009646979
0.007177576899507767
0.009568008060812361
0.009943289803584991
0.012240726818682789
0.01321847504995214
0.00020385815107991194
0.00019477167185017624
0.0007040290956731863
0.00018568519262029409
0.001507645732670414
0.00017659871339040885
0.0006399173689318271
0.0013672310103139988
0.0014374383714922919
0.0012970236491356949
0.00234622899515389
0.0025934557453035183
0.0001675122341604942
0.0001584257549305931
0.0005758056421902283
0.00014933927570070035
0.0012268162879573601
0.003938660043371658
0.0037463821034625228
0.005520375292909547
0.0035541041635532566
0.007315713574154337
0.016410026772245373
0.016997667744566635
0.01579227096218288
0.019868607303143593
0.015172844990558976
0.023571328459049336
0.024465305648598563
0.014553326394350374
0.01834147439290086
0.021723726842117642
0.02264833219886324
0.020799032263822848
0.025296714154615783
0.027495302056359555
0.013933802661446452
0.01331427864368286
0.016812514965586937
0.012694754610122535
0.019874332738477572
0.03161763991148253
0.032878988474469246
0.030328368044919264
0.0359154538408243
0.0290375481468019
0.04036585566079162
0.04205561075346342
0.00014025279647078223
0.0005116939154485222
0.0010864015656002358
0.0011566089267787982
0.0010161942044217137
0.0018517754948529715
0.0020990022450036528
0.0027849924039126464
0.002977270343823139
0.004415570170762561
0.0031695482837332672
0.005814179936212926
0.006189563345692864
0.003361826223643241
0.002592714464012244
0.0038631676097031324
0.005063413116975241
0.005438796526726138
0.004688029709215422
0.006362840756291701
0.00734248940798821
0.004967972731836901
0.006564946755180934
0.006940330164667691
0.008322138062937388
0.009301786717855032
0.007738562314423327
0.008358086374134002
0.010696654745794537
0.008977610403025358
0.012476734157836147
0.01340143405391462
0.0095971344376015
0.016495312480808287
0.014326133862431837
0.015250833676326559
0.012225619799179344
0.018695664252676797
0.016175533492599512
0.010216658472247429
0.018710267302805842
0.0200011782085819
0.023941919419288325
0.02129208896532584
0.02662226724853083
0.028340424295092717
0.02258299971189736
0.010836182506707662
0.013754584860634293
0.01145570654119744
0.017100233308312396
0.012075230575684706
0.0071190382241016585
0.00916768962977842
0.010627336348299845
0.011552034440478306
0.009702629624599121
0.012094600479863798
0.014294960854301663
0.01354659051525313
0.014837522640171907
0.017954284293822096
0.016128448468392086
0.019749609998803225
0.021467773657675243
0.017419357067135058
0.012255978663287124
0.014960824892402337
0.016313899506853476
0.018031888935914973
0.014589522438110205
0.017575783256933222
0.021492058586800394
0.020948111271545188
0.02318595650908372
0.024904111656024415
0.025400878973660605
0.02931024640456486
0.015283549921745214
0.01802493312398891
0.018949632938838695
0.02089601603329392
0.023096367796521453
0.02387391046590011
0.025164821218409607
0.029929537033769278
0.02645573195612292
0.03349489484518865
0.03521305142471981
0.02774664243016655
0.026935728237651897
0.03005858118037643
0.03177673801294198
0.03321958101839839
0.03712891720859174
0.03292334063507518
0.03693120343585603
0.038649273031592116
0.04103824836562907
0.044945957187777684
0.00013116631724082047
0.00012207983801086836
0.0004475821887066307
0.00011299335878092243
0.0009459868432427924
0.00010390687955091961
0.00038347046196446463
0.0008055721208896434
0.0008757794820644742
0.0007353647596529571
0.0013573219944511372
0.001604548744704998
9.482040032121283e-05
8.573392109135584e-05
0.00031935873521165723
7.664744184719731e-05
0.000665157398821988
0.0024004365240450722
0.002208158584167918
0.003310765049046013
0.002015880646437927
0.004312646298744215
6.756096276673638e-05
0.00025524700900946766
0.0005247426612773718
0.0005949500373382998
0.0004545354473590859
0.0008628688132616756
0.0011100952400747478
0.0012467651326751998
0.0014390473561519935
0.0022059605831168242
0.0016313247797614524
0.002811101488890067
0.0031864966165807383
0.0018236026890607643
0.0010544898169552832
0.0016535644941009595
0.0020606099183866256
0.0024357508239118766
0.00168393948560398
0.0024428368463289872
0.0034239377990116487
0.002758362453999379
0.0035618797569116666
0.003937262833141438
0.004403543488406275
0.005383192024564096
5.847448269537763e-05
4.938800402200409e-05
0.0001911353101983208
4.030157194729816e-05
0.0003843276027464022
3.121448245495117e-05
0.00012702130351197375
0.00024396169010993058
0.00031411647116574544
0.00017361488649637576
0.0003681854753862047
0.0006156373818990615
2.2132095587842503e-05
1.3047427043565863e-05
6.289710888934553e-05
0.0008623567700965767
0.0006695035199429944
0.0011004583293617266
0.006499515156573878
0.005879989235536065
0.007638721917608289
0.00526044529477725
0.008777905260283037
0.0046410141021454646
0.006109868168774662
0.006929020762869992
0.007853388240901291
0.006000925549516251
0.007690386912264733
0.009894462412001705
0.004021802625516218
0.0034000403602468636
0.0045784399670454725
0.010965354964611686
0.009669713773968906
0.01196179576659125
0.04963287023825452
0.05181206701682269
0.0474279416902265
0.05440370662852373
0.045221587239396656
0.05923557817313205
0.061965251795881506
0.043015153780094725
0.04945833188103606
0.05372559411500187
0.056481268558640885
0.05096984384508001
0.0580004854651187
0.06410559670489294
0.04080871595883612
0.03860227777137089
0.044511402725026156
0.03639583951660749
0.04821408962741894
0.06899087401540181
0.07233205963594415
0.06562614784740572
0.07386852154872128
0.062260118678866785
0.07871565294666627
0.08272938456154795
0.034189403696519974
0.03956447170663854
0.042702580150070224
0.04545833860473991
0.039946773353980544
0.04578722527431499
0.051893892545575485
0.04879575587150171
0.05216173460972978
0.059093189671408974
0.0555279057504009
0.06256719165992933
0.0666044785878099
0.058894021483938505
0.04543056212850667
0.05170600800833536
0.05449214772445426
0.058530773650872225
0.050441266113393446
0.05711981309260176
0.06592774678859378
0.06648160990795862
0.07064204313350725
0.07467948126535393
0.07471848619549715
0.08350938374695362
0.03198296541329712
0.029776488505138747
0.0346174905333273
0.02757007218760891
0.03719108501318015
0.025364221608015713
0.02967126574297088
0.03168000951272301
0.034436078723630664
0.028914664196135927
0.033563954877487506
0.039681548276725445
0.02315775136419948
0.0209434676170313
0.024715464843182055
0.04206377442821872
0.03868622603421597
0.0443043667628691
0.0882267862540847
0.09297413088590564
0.08345803933162116
0.09284494395060355
0.07868849484919938
0.09734152695032064
0.10288303670648458
0.07391981498570321
0.08252986268984075
0.08621512625176149
0.09178071934826451
0.08063422907831291
0.0897082524181366
0.10169424797449428
0.06914823187739785
0.06436289666684526
0.07219340575591998
0.10587477171318688
0.11227539732393771
0.09943831178703735
0.10984639850673072
0.12093873675540318
0.045428205181434964
0.07570988954166216
0.058662266033806504
0.10599134463920315
0.07098022686796387
0.13627281416513554
0.11731786421791504
0.12775898540093178
0.09936958161303669
0.15614839217373416
0.13733796267744033
0.08240553477176951
0.1665542880597487
0.19683576096811972
0.17597350674634188
0.22711723391963207
0.18453779917524496
0.09296109042859027
0.1195193581150899
0.10266978317750694
0.14607770533599074
0.1115545013254293
0.25739870689246946
0.2346291493089384
0.2413166132063014
0.21292720619102337
0.26970602022178125
0.24720296378736267
0.1922704630935308
0.2523111146101196
0.2257527622079892
0.20533252880565672
0.1991944098069225
0.21070770834685246
0.1859193755002345
0.1726360574237782
0.2788694670123091
0.25666395528880726
0.2602843740876818
0.2354960412165839
0.2850727069588799
0.2631952591948975
0.2153428366182677
0.15400110270773743
0.16113104304405157
0.13634271715755514
0.167490414532538
0.11963813304608403
0.28768017986068817
0.31796165282896593
0.2932847918722018
0.3482431257973837
0.29809542723727656
0.37852459876577815
0.351940434435643
0.35487424126827327
0.3264848342527602
0.3832636482836753
0.35706796517729933
0.30213546448234374
0.408806071734211
0.43908754470238476
0.41059607699896317
0.4693690176706051
0.4116530552987257
0.30542781941450836
0.33198617181669055
0.30799538177333474
0.3585445242184492
0.309861039829757
0.12694356652460878
0.15002276564735956
0.1334936899445492
0.17310210535694895
0.1393113914894865
0.19618145333771198
0.17798900370089077
0.18217399774795673
0.1607426090590498
0.203605396409563
0.18567997568174516
0.14441955934301795
0.21926080180373808
0.2423401502981829
0.2224844920868777
0.26541949879412585
0.2250367956512161
0.14884108168873678
0.1686853528613652
0.15259884671023632
0.18852982568584958
0.1557157425911183
0.49965049064569644
0.46925171956773915
0.46843186933050573
0.4400424623188015
0.4968212762509604
0.46693296648663496
0.41200046587537487
0.46477793387854205
0.4382195813584123
0.4106582346880068
0.4116612290276067
0.4090143712955894
0.3842260384007672
0.3851028766232666
0.4913362875260219
0.4619896623712425
0.45859103613006436
0.43380270517575253
0.48337935373063856
0.45460493478646646
0.40675252776890347
0.3593268082592954
0.3594377055778528
0.3346493727020923
0.3589001043189029
0.3110476817736129
0.4500542954252399
0.4269749251352374
0.400466436524341
0.4038955897809078
0.3964879885598033
0.3750565807065709
0.3808162419724008
0.3507224694438824
0.35362519182114704
0.3321937924875393
0.35597095960591774
0.30946185243408797
0.3107623926995929
0.35773689272756426
0.34728569940774157
0.3274412145107449
0.3051899276965063
0.30759673691252787
0.30226432190402597
0.2839457208061067
0.287752251261563
0.3346575442590892
0.3114754700377446
0.311578195791422
0.2893309934712939
0.28849884729055664
0.4731338110227395
0.4449621007195568
0.4393507841132453
0.41791953930622117
0.46078070844900776
0.43324232462638446
0.39198323900924303
0.4266626158709702
0.4068178436581088
0.3814843763451671
0.38697475179382435
0.37553726477207894
0.35721903311588366
0.3671303120989876
0.4465159418988457
0.4196408931613329
0.41218574095657806
0.3938644332911748
0.4304685175808398
0.40429094600709015
0.3691636728961184
0.3433378708734417
0.33890167241014524
0.3205830276342583
0.33399892396734565
0.29884289465464386
0.2669799810693377
0.2678995942072191
0.24646819492645167
0.26820122637618105
0.22694060068028488
0.2679077657333375
0.24806328056898672
0.22889426786848482
0.2282187953597874
0.22898990635613772
0.2106713001333686
0.2083743101843798
0.2670421007856243
0.26562711971002095
0.24730851282211228
0.26368570565857785
0.22852859918953905
0.19074643594375507
0.19235269463985782
0.17403410252302548
0.19337148995840847
0.15821465751497366
0.5299319635995148
0.5602134364578388
0.5279073620173959
0.5904949099026182
0.5252106835345178
0.620776384157997
0.5865630063377996
0.5819894929887066
0.5536000919349495
0.6103788848154414
0.5767979487086812
0.5218654686995019
0.6510578486449237
0.6813393102167145
0.6452186277592316
0.7116208823030816
0.6387683716024649
0.5178946362397391
0.544452972506076
0.5133210702218318
0.5710113835723425
0.5081677254581392
0.7419024543055173
0.703874485010721
0.6955466515230498
0.6671579190588035
0.7239349017424739
0.6866613143778973
0.6317306717083737
0.6772461033145887
0.650684733357989
0.6159822732992669
0.6241277036368542
0.6073217446421424
0.5825310464007201
0.5975698985390949
0.7038122970049971
0.6673245076247827
0.6568963297858572
0.6321184246060263
0.6816382616698569
0.645969514147368
0.5981711584348028
0.5646527138325035
0.5577441489023247
0.5329562296649544
0.5503081646537569
0.5024575580428643
0.772183148403986
0.8024637275198846
0.7625283385957752
0.8327493524338575
0.7523279388632539
0.8630369805559089
0.8211947357583054
0.8090972007140596
0.7807245494800975
0.8374358910330981
0.7964723173128436
0.7416046820454091
0.893298702873634
0.923529169297098
0.8797803508118719
0.9538743271809759
0.8658844284316244
0.7303570390923891
0.7568667771814269
0.7185963873368549
0.7834784037794891
0.706473966100406
0.49621287945063297
0.5192907399406304
0.4894558840114757
0.5423717708850608
0.48221309044419436
0.5654598195090959
0.5339615181515109
0.5250808253537325
0.5036533646213434
0.5464706846623497
0.5157305958729859
0.47451246913495626
0.5885319638041719
0.6115672590162664
0.5784086108607416
0.6346880086186162
0.5679374209424137
0.4663597937991981
0.4861654605048095
0.45775239524199596
0.5060390912062425
0.4488099054593182
0.1601184796653356
0.17697196351512082
0.1614500972275836
0.19382571005738447
0.16223239837390935
0.21067947175114954
0.19373824319078342
0.1931319779110029
0.1776820412857485
0.2085819290410616
0.19202980023959432
0.1624882712895206
0.22753323482866034
0.24438699408318731
0.22602669791621777
0.2612407494947505
0.2240318755442708
0.16224060446285132
0.1763474408978195
0.1615122851007943
0.1904545950340823
0.16032619720016336
0.2780945841401752
0.25831520818669595
0.2549319463585507
0.2394818787430185
0.270381093667321
0.2511130111594587
0.22157170759444056
0.24688120191651916
0.23277570598955571
0.21534628652949855
0.2186690986813679
0.21162558713553048
0.1988018622191886
0.20456180642907712
0.2609942819378498
0.24226709135092778
0.23729611152305308
0.22445541312086653
0.2501028206405571
0.23195220169106598
0.20753638036808097
0.18842928783683532
0.18597680257102195
0.17315128255429918
0.18311954543126852
0.1587052533538158
0.2949484383595776
0.31180115841598466
0.29060284547275816
0.3286539603169456
0.2858296302737672
0.34551572299912126
0.32289769529953427
0.31674599014490457
0.30128670255772116
0.3321672727517977
0.31018613966240616
0.28065985915952174
0.3623755265261579
0.37919680022234414
0.35516320143694974
0.3960667466915213
0.3476264932344014
0.2751139370540068
0.2891969307306308
0.2691767784865039
0.30330601600358686
0.2629221734670369
0.1566723890829654
0.16827647074820018
0.15425013446820407
0.1798796513927832
0.15146063850952118
0.19148713602313094
0.17628483530523892
0.17236950662978617
0.16190666270152793
0.18281196603866107
0.16812633779104075
0.14833018080589605
0.20310914836484895
0.21470207494185045
0.19832960458411902
0.2262918019448586
0.19323169711032004
0.1448940466415472
0.15424987381353
0.141159914395512
0.16355860596230437
0.1370898478362374
0.8943367417872093
0.836611218838548
0.8515241255168229
0.7808363677573554
0.8100972261383689
0.7270067749158188
0.7417172604931271
0.7039246580497636
0.7560651404707385
0.653666343977987
0.6674366437436704
0.7700358939123094
0.6750993149324368
0.6251117735963972
0.6395510597754347
0.5770472009325268
0.6052679844777137
0.7313173275438476
0.6808583732098507
0.693918640929305
0.6322303910680622
0.6578169444608548
0.5309056062612201
0.5449474888944581
0.5140518658057363
0.5587288497578129
0.4712367452388731
0.4843387230327073
0.5722284179420667
0.4557852454332264
0.4971967606153181
0.5097884686706147
0.5404095407335519
0.48034231398122873
0.5220888666760193
0.585420957430778
0.41617446494295707
0.4283685488075207
0.40206574497473724
0.4403338664193457
0.36553722528889154
0.3768539454887716
0.45204818879981146
0.5982830161172776
0.5655716315514805
0.6108091964639419
0.5340733498133896
0.622989348164471
0.486686516134817
0.4443899928475843
0.4579133151055648
0.40401609284894874
0.43028307216370354
0.3655648025681326
0.37844733417628984
0.3539604087952479
0.391190946464534
0.3185914439443904
0.33053388153099006
0.4037742673985628
0.32903611820187906
0.2944300412678226
0.3065497302048964
0.26174657184101313
0.2850840501638375
0.3783640906600953
0.34235424339496934
0.35402965826504296
0.30814494691393224
0.3307480823397696
0.589412961833232
0.5457345219561391
0.5570648950026256
0.5037652832951462
0.5259222569098463
0.4634869590117624
0.47462454432214035
0.4466282451166994
0.4854512618875455
0.4094321147100851
0.419753497748022
0.49596215644458524
0.42488320538937974
0.3879570704866714
0.39882447618005545
0.3527102618522555
0.37384911379977204
0.46716170208953
0.4297763347344686
0.43949800184808896
0.3939774140638379
0.41294816315603705
0.2309857098255395
0.24222048442673466
0.22365397964306888
0.25343822874476596
0.1957313027965611
0.2060257926266147
0.26461772807380146
0.18931312740285694
0.21632027674153392
0.22659187237607092
0.24512796321536143
0.208986567654456
0.23681769172606312
0.27573618691978174
0.16410651516531272
0.17349310102408283
0.15854282560392388
0.1828949456481264
0.13593020750727836
0.1444394129756726
0.19228916088261283
0.28677072146353233
0.26638831726197665
0.29769844351637453
0.24697484614057286
0.3084964747683371
0.13115997495670706
0.1529791360189361
0.16152648845540923
0.17647676387753403
0.14741544643243604
0.17005858216203917
0.2016528586210831
0.1785525288352212
0.19431914944531775
0.22019714715170158
0.21096315041286534
0.22933196513426643
0.2476925807639375
0.22850741991786827
0.16364040040227895
0.18698543946550478
0.1953344283242201
0.21188687705537307
0.17965173072649482
0.20357661788325354
0.23834472652838584
0.2570404466357391
0.26699161213303657
0.28725194741488913
0.27680546103145165
0.31914192571451716
0.11101928068822298
0.11868162336346141
0.10698147001158745
0.1263897424045184
0.08919062924324118
0.09603662670376989
0.13412074962481413
0.08582420501238909
0.10294365932034533
0.10988883890526857
0.12161950984806391
0.09890584837862965
0.11684927729696729
0.14185175688205165
0.07026114248873222
0.0763213124184134
0.06750498372417642
0.08245777629364197
0.05404606881456414
0.059350962821981955
0.08864764592803998
0.14955987596547504
0.13628806734230314
0.15722221803768704
0.1238020863376763
0.16481589604189945
0.3296118055335213
0.3075356879759503
0.3398832709982854
0.286459020610791
0.34993423110694033
0.2663589148756419
0.29592936504166545
0.3051943575713262
0.32705694122444284
0.28432359388821704
0.3142311233113505
0.3597412112208851
0.24721248223870101
0.2289968342285893
0.2559122475937401
0.21168908246801765
0.26442176424779584
0.3692771055970735
0.3456296834386512
0.3785266682055215
0.32301225806244893
0.3874892927727088
0.2021474552293312
0.17523180805576294
0.18545959806816162
0.15023876830405603
0.16967019821478613
0.1271683359742369
0.136267071084205
0.12313270584909505
0.1454706658991497
0.1026563180646704
0.11081457801921246
0.1547580759477174
0.10602051106634586
0.08679529357952424
0.09464290347527574
0.06949268351732024
0.08404150254592244
0.14070044003720295
0.11909490201873574
0.12747440779991714
0.09928990110960467
0.11505709136420067
0.05411268088685928
0.06058709524113886
0.05239658830374053
0.0672882592925364
0.039366489569583066
0.044900238392784564
0.07419529884066392
0.038075268228801515
0.050678121019889555
0.05667725570952464
0.06508151061849493
0.04895964599759381
0.06287475463598746
0.08128543730980697
0.02727294709082484
0.031898790869923144
0.026347828620993018
0.03678403404337363
0.017649397223593884
0.0213978947465785
0.04190578844576466
0.0885357927013197
0.07852936493660165
0.09592347717429003
0.06924772963551594
0.10342560256409794
0.04065528554998181
0.029120497959131957
0.03409964633441325
0.01950831970758745
0.028197962762797495
0.011818720167107295
0.015180551412341148
0.01144551333236164
0.018891002519838315
0.005859744590514521
0.008280735720495005
0.022929390509427567
0.006051674024986929
0.002206145815437683
0.0038277346710976325
0.018271064237621044
0.011067929448260445
0.014198446089935379
0.09255705321621285
0.07577329252560425
0.0824285551227169
0.060667998351522257
0.07301721984600454
0.04724116589498904
0.05276727820749165
0.04552259757897678
0.05846123719968044
0.03419978380031896
0.038909585034349256
0.06430015468796438
0.03549270821728957
0.025421050472897902
0.0296959762186308
0.05625439123753785
0.043802491737129357
0.048855615725066276
0.3630984966467235
0.3315192039159148
0.339752879747647
0.30140193908521373
0.31742954585615746
0.27271872421343046
0.2807758349351195
0.26111105239483046
0.2885709050302786
0.23502088920007896
0.24238469597125517
0.2961055972996526
0.24546598303731215
0.21964881023901683
0.22743336489247695
0.19526633870714533
0.2103010245537465
0.2757581346199865
0.24949876911127394
0.25636425615898817
0.22457386703350907
0.23790105755401214
0.17231803083144714
0.17970571484852357
0.16498432295176113
0.18695594016244738
0.14438586064251804
0.15107927519310682
0.1940460766042184
0.1379676836065053
0.15765052092070247
0.16407681266279486
0.17864563504379433
0.15031672011515368
0.17033648707048377
0.20095450454732933
0.11959699746755664
0.12562665674247564
0.11403324242628696
0.13154943343788617
0.09776696076014946
0.10316341515895534
0.13734246224788998
0.20765566265757673
0.1916071741538802
0.21411984999056288
0.1764054854220069
0.22034563116425993
0.15080403605044257
0.13072437737762121
0.13759326252825077
0.11207904454481199
0.1251606870612536
0.09486803314471198
0.10109604980372483
0.09083014334478673
0.10730880744868487
0.07572340851327274
0.08125718438566579
0.11348341766223222
0.07909126956914084
0.06474740956398371
0.07021252085608373
0.10253849877314819
0.08679096018760972
0.09230184726898089
0.20367506554643755
0.18225129263805645
0.1878664454256146
0.16202767175087177
0.17289685374247027
0.14298381238044827
0.14845079917580734
0.13565188677307904
0.15371035291773127
0.1187122778884184
0.12360703958477698
0.15874338106499908
0.12513108412104557
0.10846826574174775
0.11365861221915219
0.1453831473681489
0.12831279196214096
0.13279299238221587
4.530355430931187e-06
2.927246562006952e-07
1.2237236081041108e-05
1.5820807810848406e-05
2.373199869230326e-05
3.66709138538448e-05
1.2307671513208853e-05
3.906257829526567e-05
6.168924276096142e-05
0.00011679840249801486
7.107918498459114e-05
0.00017407153858870237
0.00019194244953571298
6.993588140904197e-05
5.821551279325325e-05
8.118311699815862e-05
0.0001381587828849744
0.00010796468658908482
0.0002428401444480072
0.00011847520287071561
5.846916264980626e-05
0.00019487880929574647
0.00018514800954722325
0.00028998960996711245
0.0002728134779903861
0.0001617395235911251
0.000138560786184823
0.0002451679684623198
0.00041471252465766434
0.0003230566755491414
0.0005178105762833369
0.0006195215759663673
0.00037516115836771206
0.0008624719197754126
0.0006907006821262312
0.0007342023944013341
0.000537993841981716
0.0009666490058015156
0.0007529674978471812
0.00040438595831998267
0.001053309895678521
0.0011464284308652572
0.0014742529463020741
0.0012071038252694333
0.0017680906707712228
0.0018488065436213191
0.0012381953681982485
0.00041380332388309615
0.000566245426933091
0.00040652800145915536
0.0007501771569065432
0.0003843310868397583
0.00017297162199694127
0.00021119718301408765
0.00038269103978571503
0.0002532374435257447
0.0006323527346685936
0.0002990923985089066
0.0005507320049650203
0.0008957698624871724
0.0007583392197874101
0.001044644586206284
0.0012913176736358263
0.0009249017468285037
0.00034876204978711114
0.00040224639843466914
0.0007492905439373157
0.00045954544449769517
0.0012049633902690027
0.0012632202046817193
0.0014922045156309247
0.0016501744301719206
0.0017402626420130883
0.0020886267820132516
0.0005225606222702618
0.00034503539353849817
0.0007289015736164041
0.0006903621161460116
0.0009684594908505823
0.0008905957856513555
0.0006312593844024377
0.0012427173180375758
0.0012239532736074937
0.001519519276295283
0.0011848756727349768
0.00189652977246732
0.0018580182276482686
0.0011261219875566813
0.0015517030512059151
0.001895160044589542
0.0019100335866643141
0.002272950124625901
0.0023160484826009516
0.0013998011854473198
0.0010433089773971668
0.0017973290314641306
0.0017144939262365337
0.002242310832780159
0.002073060823038643
0.0016040790602251547
0.0005206591878516877
0.0009783666571156094
0.0015599332710618764
0.001376726284280122
0.0017545843501583533
0.0022072552541494385
0.0017187689028859872
0.0029232300349928625
0.002598877973495145
0.0029323235781458495
0.0022935993978729554
0.003637804347495278
0.003210455333780008
0.0020073942930011928
0.0032666555848240575
0.003710727524698771
0.004572610913948382
0.004091856196204963
0.005080068515161023
0.005511741753913892
0.00441290318749747
0.0022454722664166614
0.0028098091722179976
0.002435866135868138
0.003436134783937509
0.0025814386213507032
0.006530981196124563
0.00587856509628084
0.006183399527493787
0.005260481231420997
0.007184519103492059
0.0064291059923644745
0.004676729562171066
0.006618546131659657
0.005715654863897706
0.005044166717652055
0.00488619657766257
0.00515350208015947
0.004414641783461104
0.004127310232348207
0.007597731420743261
0.00675458308636607
0.006840077446390251
0.005961026976220982
0.007793514460080103
0.006877873045443813
0.005217053533184872
0.003612223850800912
0.0037415851043699636
0.0031314710518654913
0.0038270748471954056
0.0026850496693391645
0.0072177295684884195
0.007633190294675039
0.0088212300797957
0.007981893799854343
0.009702528008445125
0.010097961575739885
0.00826670098267767
0.011466245805134018
0.010424730533717824
0.010685695742189381
0.009432806187807018
0.012028230669989377
0.010883718502728013
0.008490472890722446
0.01255735208338184
0.012928943790047463
0.014488916552276998
0.01322996347013042
0.015805089980526363
0.016149025113446888
0.013463271996310927
0.008656071770297884
0.009796428218472299
0.008766361191335139
0.011021661802012805
0.008824198982809384
0.0027495445655358634
0.0032814507556001207
0.002777757977228818
0.0038715296064442896
0.0027726092223864796
0.004522642053372458
0.003877786571619273
0.0038488140304141372
0.0032825772623453608
0.004474180925967769
0.003787909937760247
0.002737297034818365
0.005237649054271694
0.0060194115877438715
0.005218135175505158
0.006870790651007626
0.005161539320485882
0.0026752577851175538
0.003159719774210417
0.002589142348097238
0.003698557490895326
0.002478362542416803
0.0005855876284583015
0.000654330766323776
0.00123796034922015
0.0007268886014547991
0.001960679521067609
0.0008032611338523156
0.0015280716193622717
0.0024072021381262134
0.002178218783708709
0.002647629584343639
0.003367333432420784
0.0027567767651771055
0.0008834483635156789
0.0009674502904445886
0.0018487004676321008
0.0010552669146390533
0.002899501122361537
0.0036291546216647417
0.004010727144763663
0.00458068420810908
0.004411373154074381
0.005614228999834093
0.0011468982360991033
0.002199846894027769
0.0034375764737886155
0.0031628167521768214
0.0037237802871969957
0.004771552235552862
0.004038925255856127
0.006204692054534944
0.005727752099922061
0.006595255780712825
0.005269885631637836
0.008017899748131479
0.007376927739903991
0.004831092649687759
0.006700705495475143
0.007739870668447129
0.009379952407203084
0.008685574637234062
0.010101033058031296
0.011127799090791484
0.009540679286636338
0.0055421936273822425
0.006762658612521332
0.006175092365856208
0.008075629794973577
0.006732650615118211
0.0012423442548247688
0.0013416049708160414
0.0025815108985479942
0.0014446803840729165
0.004021428192402197
0.0015515704945953945
0.0029936924811930768
0.004651056278203087
0.004330520189404238
0.004983036458798766
0.0064199116636929
0.005565214371498048
0.0016622753023834724
0.0017767948074371683
0.0034363916419629928
0.001895129009756386
0.005326460731191148
0.007215792422743058
0.007749952836339027
0.008976038290556723
0.008303186736262945
0.010848816589717546
0.007938810221372678
0.00869422315194288
0.009235568876650606
0.009483968357942518
0.010625787612518301
0.01030804583899857
0.01099053536310642
0.01259819184275908
0.01159100889205467
0.01364733646297767
0.014309798822097174
0.012112327454144825
0.011166455595323085
0.012059197627046554
0.012898089739636045
0.012986271934181583
0.014738442752770104
0.013698049425159876
0.014888337840683545
0.015385814548819229
0.016128217324609336
0.017178483848273023
0.0029332597946985063
0.002336462944350997
0.003583197743342463
0.003440613326487339
0.004294631630701892
0.004003283914784148
0.0032633528880600254
0.00507125839499221
0.004950802896067866
0.005669931997739396
0.004802378388617277
0.006610231678965309
0.006454879655606651
0.004624132362306279
0.005913750558742882
0.0068216933548543085
0.006733675960287828
0.007794647257787276
0.007624176821061931
0.005306019493715484
0.004407640404316914
0.006269568251804299
0.006051806152544636
0.007308506599148834
0.006864353198669036
0.005792216456583399
0.00883242078795721
0.008793842436290791
0.009871237227328567
0.008711350764010872
0.011103584283107256
0.011029692682593194
0.008588114415050502
0.01227206986310745
0.010909997065256749
0.010747744798518494
0.00962834999590802
0.011949160040470107
0.010546607684292528
0.008427718609611553
0.013714251180663613
0.013601229837836872
0.015020033682458089
0.013440521881250143
0.01668730925429868
0.01653134247827135
0.013235456923433822
0.008233673567608322
0.009233241309977911
0.008007651918702466
0.010310070584860373
0.007746521506207155
0.009934991977462847
0.01110238918405708
0.011128754405383919
0.012334633555925668
0.012408347227310337
0.01363173109001436
0.013738204513223495
0.015235235704755571
0.013785555142211005
0.01675739892443423
0.016828588159108433
0.013776631404159342
0.014993680747201586
0.016420480780255528
0.016622317949611914
0.017912130495070976
0.018352044631329875
0.015236467897677065
0.016838747082155436
0.016790717670966557
0.018521122902566956
0.01844224168890897
0.008701171961763655
0.007439971590160676
0.010039514464214357
0.00973116546294794
0.011467022160242377
0.010839362917116416
0.009373796023927062
0.012989787168536628
0.012706956813212648
0.014032735329645652
0.012388041357147779
0.015780145160306333
0.015447218503866173
0.012028625240297961
0.014609496634442526
0.016325814768330324
0.016074140347071747
0.01813801731124398
0.017632249222525168
0.01330181335627053
0.011616579716534245
0.015076118388352131
0.014661788195763404
0.016953267138305052
0.01611141069576396
0.014191212415477916
0.0020172779093417196
0.00390960838085843
0.0060476415513688025
0.005681329095381538
0.006425398099152874
0.00831241171683602
0.007335644112138755
0.01070685719924679
0.010077329354008631
0.01172303173790435
0.009466874995098618
0.01410697952506441
0.013252384469938589
0.008875494122516743
0.01135545853081299
0.013233857563141741
0.015896278277894228
0.014988277461049625
0.016830981975598104
0.018696981432482867
0.01662158037830995
0.010303758647042
0.01242449229567216
0.011623303002265158
0.014668249636637126
0.012836989207464499
0.021638828305376792
0.020437095795110646
0.022054186151274177
0.019269695560235122
0.024977913188161886
0.023551113539003014
0.018136627600750257
0.024930738984753217
0.022166275559766205
0.020823399250451215
0.019536280212415755
0.02200084574110108
0.019522484611056885
0.017037891916656098
0.02783253151106879
0.026195923512287868
0.02734952814474129
0.024608906577957217
0.03022557146444243
0.028394413905114248
0.02307148070807842
0.01597348850795268
0.017170962164182013
0.01494341737463965
0.018263531641582065
0.013947678516715942
0.022874893091033455
0.02472467998075783
0.027957397496245425
0.026446674507242723
0.02951008215516989
0.031339841878303076
0.028043737697152897
0.03487487415072136
0.033039901894128365
0.03461312322580809
0.0312545207019885
0.03812240629160611
0.03606236689634111
0.029518730574302002
0.03675943747176736
0.03856535533665128
0.04241414645909005
0.04023966614585581
0.044645847231308475
0.046424108540998654
0.041785230922343014
0.03087451416184056
0.0340595479600602
0.03211394948276114
0.037390493928687374
0.03323989756001997
0.014958232006568692
0.017046540342031694
0.01587151071242429
0.01925405796619982
0.01669037566014527
0.02158364590266787
0.0201454021617532
0.020940425251309187
0.018756749485296875
0.023244263981154513
0.02164198825717451
0.01741768787304107
0.024038165174541763
0.026620476804809345
0.024903760163542836
0.029333441816430286
0.025671126697776867
0.018056308373386343
0.020096932991425467
0.018609098186232423
0.022252952201720987
0.01907891834662387
0.05059810260532935
0.048068855446391695
0.04958294897043833
0.04560445814097041
0.05372356443369644
0.05096925013608694
0.043204910689064874
0.05223061996628066
0.048287415086520874
0.04567805928499509
0.044501566468968246
0.04673725016011718
0.0431411827315239
0.0408702130906734
0.05633404213119707
0.053369919483964856
0.05439000971214464
0.050485905479340454
0.058452423881481044
0.05529375167390206
0.04768200011738975
0.038600365345792684
0.039694842170610325
0.036395367454425676
0.04067678542615516
0.034255219416598745
0.05608400639197532
0.05222281750340567
0.049239621369246145
0.04851517017975627
0.049858214706985274
0.046344163270430117
0.0449582033980874
0.04353644320837516
0.042976024004170416
0.039750935885251734
0.042314515321007815
0.0372674650908964
0.03666603789072659
0.04154905613545744
0.043998633969679124
0.04081646119171861
0.03818421723486966
0.03777257119049293
0.03850526424345388
0.035639711330737345
0.03486410294290843
0.038284867368922594
0.035965428559636886
0.03516277607553797
0.033718468997652656
0.032179921232356516
0.06010159786840455
0.05676363488782475
0.057335498182841935
0.05352103933679869
0.061304452268096374
0.0578024573071798
0.05037381121902407
0.05816737331052439
0.05440345919482675
0.05110745794135084
0.050789271948157355
0.051331230150751014
0.04791445349103424
0.047321950547464686
0.06208387531827993
0.058433107231601375
0.05860251996863622
0.05489296530260006
0.062462755170885856
0.05867847215256686
0.0514634492855138
0.044365457336522404
0.044639774301354886
0.041504331559565136
0.04482444565315249
0.03873857307950976
0.03016947290165141
0.030905368183092703
0.028223874424111742
0.03154398868245058
0.026343125799117025
0.0320881954258741
0.02944198761630477
0.027412465807644705
0.026922618491126704
0.027815528788856174
0.025455423265162536
0.024527227027279712
0.0325408494532276
0.03290481179905014
0.03029770462593836
0.033182943389866826
0.028134668410070056
0.02277617811359313
0.023214527032123154
0.021089979066912977
0.02357085996575877
0.019468629881585313
0.05319219961778074
0.054938989675029956
0.05944963077306017
0.056550357979350235
0.06242138281478017
0.06413288692232298
0.058029165553691725
0.06899161914597143
0.06570706192830442
0.06714676885567399
0.06250261335338464
0.07196449308373028
0.06845486872737466
0.059378273421000535
0.07235628500550981
0.07402868846606342
0.07924695590944014
0.07556185547642341
0.08301979436609072
0.0846492824820777
0.07695864705953709
0.06060054260421677
0.06503298240830152
0.06169883412629891
0.06963422256634563
0.06267600901029705
0.09023852928088147
0.08613762679923831
0.08748768834051743
0.08213209181024764
0.09302829775284704
0.08870232812885016
0.07822192423834361
0.08978440718719838
0.08447935539656373
0.08035937947489723
0.07935454803578865
0.08123927957880342
0.0763424003832888
0.07440712410153766
0.09527256451579044
0.09073678653864035
0.0915623272063068
0.08631163485247201
0.09699421775399841
0.09226389021262171
0.08199710937027464
0.0706876913955718
0.07161813623815236
0.067063626121557
0.07242841811705986
0.06353492827927767
0.0944347989382435
0.09601755700680276
0.10198922808371752
0.0974572639279021
0.10662418422030656
0.108156397443754
0.09875678072448235
0.11452195257351036
0.10954365217110693
0.11078880942530134
0.10467599977971756
0.1170980989497683
0.11189473022927807
0.09991896841947834
0.11961078770852429
0.12108863958765773
0.12785981815678094
0.12241962562206032
0.1334165431355453
0.13483618663865937
0.12360660683466403
0.10094668803588139
0.10680964037218524
0.10184280059682782
0.11286427560607279
0.10261016712537853
0.06427845295562742
0.06861743267659404
0.06490944406023216
0.07312139805417706
0.06543076261554971
0.07779321011158472
0.07369993706997133
0.07416689618904432
0.06971729024821774
0.07878244146133973
0.07452513645401365
0.0658452696573297
0.08263572987056664
0.08765181835919783
0.08315800210008803
0.09284433657815913
0.08356678708687332
0.06615582624109281
0.07038608710195174
0.06636529338854548
0.07477751892372558
0.0664765319313553
0.01978109371861026
0.02175877580551381
0.02001917064012499
0.023848037777283254
0.020185721820900053
0.026051740655516693
0.0240489212328907
0.024176371840902336
0.02212621054751074
0.026339066731253323
0.0242332534253342
0.020283610279893373
0.02837274546195457
0.030813913218518185
0.028532620749892323
0.03337810494734489
0.028617156249072916
0.020315700959130538
0.022215183350547674
0.020284852972967574
0.024222431096410986
0.02019390091849859
0.03606818167081527
0.03349315739082229
0.03353096329017662
0.03101350142509473
0.03617240287520709
0.03349438810687039
0.028629216619412527
0.03338629594672142
0.03091937662645875
0.028447358326590413
0.028571666719675017
0.028259109379054896
0.026078299583423774
0.026340305214254886
0.03597528569104537
0.0332095336046007
0.032966910207732014
0.030554359259524315
0.03549962320936377
0.03266121250907978
0.028009709903684427
0.024146760749950806
0.024009068892533455
0.022048556329077415
0.023812150582346762
0.020045646391764572
0.03888700441157554
0.04183743419255455
0.0389534193631791
0.044922332036974336
0.0389406812110181
0.048144558968355414
0.04493629488125486
0.04486919825756006
0.04183865932830559
0.04803515902900199
0.04472390885947346
0.03885165611636358
0.051506976010519664
0.055012444187585795
0.051464672164845564
0.05866382452396496
0.051339402672529025
0.03868920686862094
0.041530920487382744
0.0384561744820211
0.044503287554145565
0.03815535925285682
0.01984291927117832
0.0216489094509634
0.019588765202873858
0.02355884894595188
0.019286684410636773
0.025575598853399245
0.023252262575699893
0.022895978272648415
0.02104030705076596
0.02485655919715269
0.02249394848465818
0.018940569636138233
0.027702020271982902
0.02994097430138319
0.027339196191384793
0.03229532204192394
0.02692491093697888
0.018553742043160702
0.020251504036041597
0.01812663161545479
0.022049413941650962
0.017653541798920265
0.002143241506192932
0.00227301980030979
0.004413342697880213
0.002406612791692311
0.006814598738734875
0.0025440204803404563
0.0049475945930278434
0.007627332293289725
0.007215243470113819
0.008050865208262526
0.010449052394984854
0.009350214477784554
0.0026852428662542636
0.0028302799494337007
0.005512364066300622
0.0029791317298788
0.008485842215032298
0.01202313334870914
0.012709881652933526
0.014836236122756145
0.01341570344348618
0.01779238855416399
0.0031317982075895253
0.006107651117698561
0.009390128503962609
0.008932263313598969
0.009859437786123155
0.01282983369813637
0.01160892546843545
0.016429725468978904
0.01564760973311336
0.018315651445115794
0.014884567483576094
0.021905043677022784
0.020836825575018786
0.014140598720366996
0.01723091469117262
0.020192688207858814
0.02412158852360926
0.022999964659886213
0.02526991526819169
0.028219288774198437
0.02565560647001787
0.01653016741674824
0.019795310353874364
0.018780498013589383
0.023213994478337913
0.02089445279915856
0.0032882793825659146
0.003448575254807931
0.006733455747221661
0.0036126858243156123
0.01034019116008067
0.003780611091088916
0.007389777954869921
0.011336030183386477
0.01083238862583508
0.01185111583273473
0.015454755626289153
0.014111777084087613
0.003952351055127894
0.0041279057164324735
0.008076617740643329
0.004307275075002798
0.012377645573880113
0.018051177399694633
0.018890513594544765
0.022161277704977313
0.019748923275723376
0.026444944893633957
0.02414529015208422
0.02545001948852578
0.027547761700870078
0.026789081100358228
0.031104728484020593
0.028162474987581374
0.030523431311611955
0.034419906151488336
0.03274133648279333
0.036140437490105204
0.038481366646867965
0.0348190515282077
0.029570201150195444
0.031012259588200138
0.0336516888129796
0.032488650301596034
0.03790293049864461
0.038693591857271795
0.04067733730722945
0.04273121049437485
0.042710673821641
0.046934768462517915
0.004490459130838432
0.0087939751045416
0.013465037331562995
0.012915619406821757
0.014025899348090374
0.01832381817943532
0.016858769324740605
0.02337329686375602
0.022438593237218883
0.026373114902330845
0.021522963097066965
0.031412092204042716
0.03013025105510589
0.020626406443229342
0.024327073976387892
0.028616362602416737
0.03405588314511061
0.03272063623354857
0.035417832932606
0.03969472111239027
0.03664275756153673
0.02422141993647077
0.028875112787099096
0.02764667739993466
0.033712864320049524
0.030905041390879042
0.04553573793890631
0.043784689002420135
0.0476905977204706
0.04206797236611612
0.05351349470319498
0.05141530831164896
0.04038558799920901
0.054961681804081425
0.04935908361934785
0.04734482058990525
0.04395198866059104
0.05056694481506925
0.04537251923208573
0.038737535909141196
0.060762644279257504
0.05833257922192661
0.06153086158841624
0.055952105262899
0.06730607486060732
0.06455938992656551
0.053621222360192435
0.037123816094114276
0.040365967487578105
0.035544428554562704
0.04344217954377878
0.033999373290381454
0.04732111904830086
0.051581794606477806
0.05783575275738219
0.05565364264298632
0.06005982244937416
0.06430047073194792
0.059539524186154685
0.07097882160251803
0.06835038415081657
0.07221242372925443
0.06577154789148512
0.07886502657257097
0.07588945049028933
0.06324230026018873
0.07365680803328228
0.07787361254909411
0.08498794456683162
0.08189777485303043
0.0881344980626709
0.09232361178055133
0.08573215596799767
0.06676483188833193
0.07297110645273505
0.07010998009360256
0.07938432545688685
0.07328060589896607
0.0369325342049723
0.04155380152549257
0.039707385177104634
0.04635531329042504
0.042326787234278344
0.05133993052389257
0.049108229751576984
0.05170378995044314
0.04692612004382751
0.05666265797728323
0.054144854910033194
0.04479360140050427
0.05651051424849496
0.06186992548988559
0.05923768150298926
0.0674210252593391
0.061805585146639336
0.04711068869897923
0.051684272301894624
0.04928091015271022
0.05643428565331047
0.05130712678465993
0.004677457883941022
0.004868271334303948
0.009541850046560045
0.00506289948195424
0.014598205456458775
0.005261342326780936
0.010320242566619741
0.015777149948964064
0.015181955656443754
0.01638378833025652
0.02143702135536727
0.019849902190262204
0.005463599869241314
0.005669672107442018
0.011129152663379095
0.00587955904927649
0.017001870815749325
0.025299924576304138
0.026291848658637672
0.030951163034358957
0.027302846243272776
0.03680648562122246
0.006093260661498755
0.01196858031350419
0.01827236817000323
0.01763139734209438
0.01892478222297101
0.02479436454914749
0.02308517564395792
0.031537574167567625
0.03045027917558372
0.035895421316071055
0.029382062006142573
0.042628128815823604
0.041132660004427016
0.028332917249117087
0.0326439252388125
0.038504867646816515
0.04569922428553151
0.04415027699753146
0.04727448075402994
0.05312298817854247
0.04958301641553117
0.033377516158507106
0.039663899816291495
0.038221841107441146
0.04616485814217286
0.04286875492247047
0.006310777086288952
0.006532107701561731
0.012838525089876911
0.006757255327026595
0.01958864396456217
0.006986206534679162
0.013738978230891267
0.02095073202595893
0.020263934816487045
0.02164872740365289
0.02839571009399054
0.02656457996006089
0.007219034117294278
0.007455395300464009
0.014669684026591441
0.007704107743284549
0.022358803313157812
0.033769419149818514
0.0349137112022527
0.04120567532810368
0.03607820347593174
0.048878046210711026
0.04914083285647773
0.05099487719193586
0.055625578278838475
0.052883261015729446
0.062325862481539845
0.05480594737462344
0.05982193098065647
0.06698390438904867
0.06463382827358913
0.06937532713094866
0.07437124931458092
0.06924450028263693
0.05676308853155518
0.058754057685825284
0.06417055027949567
0.0607814328452128
0.07181125483999196
0.07638456034376528
0.07916117785223739
0.083747973761029
0.08199039912360709
0.09134175412069903
0.05585114648376303
0.058574943203227495
0.06056968858273427
0.061363589776348815
0.06546561410471016
0.06421708620239784
0.0664750456932148
0.07177151443012655
0.0685823246420396
0.07503318345492214
0.07725585699570245
0.07054178407182154
0.06713543248442078
0.07011862860968981
0.07265506100056769
0.07316667463137935
0.07836733177519689
0.07580105951059823
0.07932594264585785
0.0812463014283375
0.08293093447565522
0.08688037091634818
0.0762795703273754
0.07910973440178062
0.08525306659274592
0.08177395914513119
0.08880464981956654
0.09159952783792058
0.08427510558037629
0.09815199841615771
0.09422655917658718
0.0966886048585155
0.09038124453872726
0.1032000686205307
0.09898852590665483
0.08661603473046522
0.1021574795115292
0.10491325497463
0.11188652784616689
0.10749927640941048
0.11636023739593299
0.11907306327207567
0.1099184048388199
0.08879960761834721
0.09486473864681816
0.09082868526697141
0.10112918334395438
0.09270612869928702
0.07945731662528034
0.08269990965199908
0.0858390640985758
0.08600736557577135
0.09242872679576916
0.08937961691694013
0.09284301872281345
0.09989445056196394
0.09612522240856991
0.10373509966284541
0.10716318127629448
0.09922908899715888
0.0928169452450521
0.09631817593790228
0.1001210515576941
0.0998882079940093
0.10765264892767128
0.10624334870113525
0.11040815742099166
0.11347288911988797
0.11465796510552259
0.12092704471110208
0.0987264371006123
0.10311343819336324
0.10494415147783073
0.10759582559248201
0.1113621575156051
0.11217350128580747
0.11426742677332237
0.12114728188818333
0.11620304232431376
0.12619301673058197
0.12823636323660748
0.11798320896173103
0.11684687618065165
0.12161422777126529
0.12398659191645098
0.12648277592801005
0.13134804693983992
0.12481063315235552
0.13011949245747662
0.13184526541613906
0.13554574593018537
0.13909876108263974
0.019291042452987038
0.01712058369430963
0.02156246731963598
0.0210267736103942
0.023950332591452066
0.022863596227812893
0.020427582981411174
0.026463169531192342
0.025957120823378824
0.028072639481520292
0.025406511971354725
0.03087112055604172
0.030299749415843416
0.02480437126579595
0.02910389459728709
0.031872455270493746
0.03139637127630253
0.03476792459425122
0.03380520206582757
0.026851959688453213
0.024135099582621666
0.029681652202815073
0.02900922246316179
0.032641311481923285
0.03127902056030667
0.02826602269929683
0.03778954661580852
0.03736164305908986
0.04007933853699029
0.036874928953462366
0.0434176004946987
0.04292387212813921
0.036333248051736294
0.04589810493219164
0.042369506305329166
0.04175842992920262
0.03898337031442119
0.044661287966704294
0.04109476351517333
0.035740689308116774
0.04956826246098214
0.049004898048128506
0.05224711257413646
0.048379076320804015
0.05626442086634541
0.05562760960750647
0.04769480549319788
0.03510018654068664
0.03767923545816847
0.034410774785546584
0.0403813191052811
0.033664214953047764
0.04093697932933717
0.04421016885954836
0.04384734443258105
0.0476091690747224
0.04688931555891525
0.051134034530610786
0.05085142605407665
0.05423291949641254
0.05049440464536871
0.05810492130759117
0.05775651040529391
0.050065753707143015
0.05478479021765661
0.058561439437837676
0.058374182693508386
0.06246397804433987
0.062110441128755425
0.05337951987845699
0.05733176975871124
0.05683347507634819
0.06142505978374961
0.06043048030651503
0.03616766661711032
0.032843241442910856
0.03961676661200353
0.038792236530595624
0.04320929835759557
0.041540785673809734
0.037889644847000706
0.04695623089156223
0.04616603409513444
0.049254387202175745
0.04532251468029638
0.05334797914409802
0.05247721856706697
0.04441617502910811
0.050861843570919704
0.05492652792941105
0.05416526325836149
0.059149250244551546
0.05760792561054003
0.04742126558075463
0.04342812187703872
0.05155090608141656
0.050558918314791965
0.0558373890820513
0.05383199421892819
0.04948156143866985
0.06649240243209956
0.06641576577367941
0.07052204873722151
0.06624948492681729
0.07492812830413537
0.07478568796034682
0.06599642655159169
0.07920954446908224
0.07455169685971352
0.07422902247031984
0.07003499998974216
0.07858135502036151
0.07382053081361159
0.06565945735263931
0.08400853795064886
0.08379647928783651
0.088549353449073
0.08349096346395612
0.09375651954479935
0.09347102795149452
0.08309485866446178
0.06524142863436319
0.06920847795939375
0.06474515213234114
0.07332906876072608
0.0641733965767623
0.09856436394021936
0.0930901729539941
0.09261682332801405
0.08777239443493765
0.09763100649257206
0.09205384249641942
0.08261102982479093
0.0914040667481931
0.08664070004422841
0.08139152046786821
0.08204231879881502
0.08066139228262276
0.07630622173606094
0.07760606204052109
0.09633528004229454
0.09067028236041608
0.08985524270339153
0.08517677894271213
0.09469964472023251
0.08896178681670436
0.07985475864355927
0.07275743971421975
0.07210840627871123
0.06806508489694002
0.0713847805434367
0.06352896409212189
0.1041949610482876
0.10383222193012528
0.10927746515213316
0.10337221331826904
0.11534674644952644
0.11490294513904373
0.10281780441730322
0.12071156379706005
0.11435996838766341
0.1137206856359535
0.10818008043039024
0.11944252373483466
0.11298795594348923
0.10217185669464582
0.12723468602928562
0.1267060061796254
0.13288989062555465
0.12607624507274057
0.13988022501160208
0.1392628198832211
0.1253482721623766
0.10143720036929088
0.10671269113604262
0.10061661313178384
0.11216460300091027
0.0997128454319013
0.06281489558052947
0.0666274067096201
0.06203475000049068
0.07058964472473422
0.06119269167923568
0.07470447071810485
0.06972663134792673
0.0687999791584892
0.0649224225132552
0.07282822265876113
0.06781386909279194
0.06029289597651184
0.0789747457785628
0.08340333100311753
0.07802506073388821
0.08799308744705447
0.07701001405318841
0.05933775964309235
0.06298119114975538
0.05832482798846102
0.06677054450489164
0.05724335428241204
0.0706467112720559
0.0749269045924624
0.07497615421493657
0.07933298272961398
0.07946772178235648
0.08386494588119986
0.08405533954116068
0.08894745038695573
0.08414082902218815
0.09388758611235559
0.09401217626488664
0.08412427499497277
0.0885227940941195
0.09330652732384526
0.09365332348255481
0.09821614564671619
0.09896123637716411
0.08894867488096592
0.09402995484487311
0.0939437824362718
0.09925237830523273
0.09911245879623515
0.10325164864345066
0.10377010617100244
0.10950908097656327
0.10416840073032371
0.114983269402419
0.11543592329400668
0.1044493933604736
0.12155352781768136
0.1157665068699684
0.11597788117675412
0.11012065735855799
0.12202396131144694
0.11607290728457462
0.10461594512650746
0.12748157637353374
0.1278646101297512
0.13437265923863373
0.12812366622427268
0.14076825902914328
0.1410778256182903
0.12826160571182021
0.1046709170664687
0.11027065557469894
0.10461717002284524
0.1160544462094583
0.10445756449520242
0.10841303804555999
0.1137003065788573
0.11440568417053973
0.11911348482800188
0.12059099839271942
0.12465244424841035
0.12555999888640712
0.13220724212075122
0.12633213177186375
0.13821392207951805
0.1390556389470708
0.1269717039273855
0.13031772508499756
0.13610705694838798
0.13723201508767757
0.1420299805808048
0.14436229260820677
0.1335512574484353
0.1397600267134982
0.14032994640092872
0.14611858534867767
0.14732174698700679
0.10998196265938977
0.11592535872115212
0.11568850524274522
0.12202518726858005
0.12158009234514
0.1282812896647889
0.12818557906771244
0.1345391752834202
0.12797733460862526
0.1412626596117238
0.14108585244435407
0.1276594166478759
0.13469433572038753
0.14126150720195843
0.1413221648436231
0.14799466568877762
0.1481602296976458
0.13393006417074377
0.14079460393820706
0.1403917744225716
0.14784132746299378
0.14706084475301157
0.060795859496007854
0.05607285238465132
0.06566716764744698
0.06449237085159407
0.07070868061521146
0.06833574934339814
0.06322488352088437
0.07593378619899024
0.07479846038808546
0.0790427447445596
0.07360081236885439
0.08467553499124852
0.08344439456292435
0.07232885596233768
0.08134821438846121
0.08695292685944864
0.08584568466693956
0.09274687633844234
0.09050528607042557
0.07647455171958391
0.07096054361407791
0.08214864950917547
0.08077569754643366
0.08800627091963573
0.08523515471819287
0.07930272144092823
0.09872875324395919
0.09766755815589209
0.10275799659270182
0.09653311811848037
0.10917854141584937
0.10802104152168399
0.09532987900009604
0.11345960217103909
0.10678851799871433
0.10548548008363476
0.10032232719620944
0.11082224831471468
0.10411607243487594
0.09406200290179495
0.12033394809258717
0.11907633300414278
0.12487498066387004
0.11774192084511759
0.132216174570364
0.13085461790801511
0.11633528116008215
0.0927312340588172
0.09762214778972544
0.09133356624880784
0.10268186075214908
0.08985578305483616
0.10489770836726733
0.11125339602474695
0.11025708377552496
0.11779584144678742
0.11579387900482713
0.12452494363549416
0.12360907622876721
0.12960799055714106
0.12260343087270939
0.13680414256132484
0.13579191068684116
0.12151075594684896
0.13144158147385826
0.13854242786346438
0.13772191795515815
0.1458416697860963
0.14420673633854345
0.12741143157306406
0.134687975625129
0.13349508880490824
0.14217889464087363
0.13978038453169875
0.09464044857928647
0.08827430655668272
0.10117844551093755
0.0995919908139331
0.1079132861108894
0.10471336263803742
0.09789820266622346
0.11486053645864518
0.1133190625588891
0.11890300144486213
0.1117060818850909
0.1263165491870179
0.12466384264601843
0.11000703510992225
0.12202834113804428
0.1294145067326622
0.12790045932148764
0.13703426895630852
0.13397075475189285
0.11547748349984868
0.10819754413695101
0.12293717586512373
0.12112124152043803
0.13062280672064003
0.12696351769192413
0.11919598772065407
0.00010286484637048576
5.091947217760908e-05
9.318649714718533e-05
0.0002904787464222137
9.338626535349195e-05
0.0005831163567434233
0.0005448760773639693
9.145736157968116e-05
0.0002724794385593239
0.000555609229206404
0.0005622664108485967
0.0005456388977920935
0.0009449511589940423
0.0009855067382444687
9.000167922135994e-05
8.843857530320118e-05
0.0002629453016078341
8.69001200515606e-05
0.0005364403286916388
0.0014964440271156643
0.00147447639261057
0.0014608613943094197
0.002113220168002643
0.001438839104948087
0.0028329707467673396
0.002834582714210219
8.535597065881272e-05
0.0002538351386345804
0.0005177253192136165
0.000527061816130587
0.0005083789986372499
0.0008803378797443296
0.0009124200201140224
0.0013398945901012143
0.0013644994217856877
0.0019640207541615127
0.0013891462174455472
0.0026342440420974314
0.0026816043919615593
0.0014136148983987084
0.0013152798756055585
0.0018937877277023772
0.0025392155167667805
0.0025867092287395962
0.002491712121869537
0.003273330789460357
0.0033969693804936233
0.0020346901083479916
0.002729705327302795
0.0027746620608402996
0.0035210372974374413
0.0036528449848648213
8.381314262595405e-05
8.227000698817374e-05
0.0002447473813202176
8.072694312555693e-05
0.0004990349775900532
7.918386248593784e-05
0.00023566083242606694
0.0004803459842492877
0.0004896904177476222
0.00047100152110451997
0.0008162246221598798
0.000848280565659866
7.764078577311058e-05
7.609770814021697e-05
0.00022657434937717796
7.45546307230795e-05
0.00046165706492002744
0.0012906674880309855
0.0012660545526516351
0.0018235789416776475
0.001241441746228434
0.0024442110080687236
0.004569991486813474
0.004602889083077374
0.004481343837310466
0.0055815519892303805
0.004405828170873042
0.006684665460616818
0.006756468864403181
0.004327219356055048
0.0053812177966012335
0.006444345398139494
0.006558050488821673
0.006327599613501815
0.007592350006918236
0.007876470643412414
0.00424933908190756
0.004171287214207195
0.005188492904011322
0.004093275762136214
0.006211570008661849
0.009154106479232215
0.00927244577032359
0.008981894384080178
0.010514711969814716
0.008822370606120677
0.01195542610429809
0.012127930681555227
7.301155325530937e-05
0.0002174878699371708
0.0004429681496654896
0.0004523126071006859
0.0004336236921399921
0.0007521128907439028
0.0007841687543597443
0.0011429904175797798
0.0011676032484995574
0.0016831641358739367
0.0011922160798153373
0.0022542047305646384
0.0023017062779363646
0.0012168289094489386
0.0011183775865667724
0.0016129567744523204
0.002159201632902368
0.0022067031815386903
0.0021117000841742676
0.0027788758079301396
0.0029024891832441033
0.0017533715014379607
0.002349207832331201
0.0023967093569096554
0.0030261025626259225
0.00314971601532629
0.003469121040600884
0.003547140197129009
0.004419354893393961
0.003625159354039928
0.005282214935620753
0.0053983810652440956
0.00370317850932559
0.006487079779189503
0.005514547201648736
0.005630713309260562
0.004611632837536147
0.006763281134708479
0.005746879539123771
0.003781197671511634
0.007526369556153302
0.00768831203145303
0.00900493899482736
0.007850254626867191
0.010224473216148295
0.010439821070601013
0.00801219671227029
0.0038592168044008215
0.0048039108537478135
0.003937236061674586
0.005863045249922212
0.004015254790854805
0.0033911018839826003
0.004227076953249673
0.005049882673555961
0.0051660488044002785
0.00493371654262304
0.005934677213727286
0.0062108784944941604
0.006878599559018935
0.007040542057144352
0.008254172098108574
0.007202484555639271
0.009363080099420116
0.009578428358092524
0.007364427052565185
0.006716657060806499
0.007878788688396154
0.008932383579356364
0.009147731839206795
0.00871703531942046
0.010036523209054562
0.01052634753673374
0.008629555511679932
0.009793776623308048
0.01000912486073979
0.011016171868202355
0.011505996267999585
0.0049961901691313905
0.005979213164596976
0.00609537172197242
0.007039483767031817
0.00731570941694997
0.008174140963190114
0.008336076019336777
0.009755731085837136
0.00849805011622621
0.011085891303330844
0.011301107755596906
0.008659858448128607
0.009380323732390648
0.01065517105221224
0.01087051200153406
0.011995821899828386
0.012485669745876605
0.010131546172664964
0.011517015683979396
0.011729987549184077
0.012975918117533996
0.013473387860043286
7.146847579943773e-05
6.992539834076495e-05
0.00020840139069569404
6.838232088276114e-05
0.00042427923463576997
6.683924342459441e-05
0.00019931491146516677
0.00040559031961847106
0.0004149347771265326
0.00039624586211013636
0.0006880011639880364
0.0007200570273595563
6.529616596646527e-05
6.375308850832621e-05
0.00019022843223523883
6.221001105019064e-05
0.00038690140460185976
0.0010937647555757692
0.0010691519245795839
0.0015427494132605208
0.0010445390935846237
0.0020641985354678876
6.066693359206126e-05
0.00018114195300534966
0.00036821248958528077
0.0003775569470935696
0.0003588680320769945
0.0006238894372464345
0.0006559453006172212
0.0009460877696037342
0.0009707006005989459
0.001402334690903153
0.0009953134315941587
0.0018741923406249126
0.0019216938893354494
0.0010199262625893587
0.0009214749386085215
0.0013321273297248492
0.001779189243203808
0.0018266907919143567
0.0017316876944932593
0.0022844223076164457
0.00240803568269135
0.0014725420520814944
0.001969195438046048
0.0020166969867563703
0.0025316490577662926
0.0026552624328419283
5.9123856133909625e-05
5.758077867577002e-05
0.00017205547377544613
5.6037701217635375e-05
0.000349523574568683
5.449462375950054e-05
0.0001629689945455459
0.0003308346595520877
0.00034017911706038875
0.0003214902020437833
0.0005597777105048197
0.0005918335738756364
5.29515463013513e-05
5.140846884320612e-05
0.00015388251531564068
4.986539138508505e-05
0.0003121457445355116
0.000896862107613286
0.0008722492766180541
0.0012619199685465175
0.0008476364456228426
0.0016841861457826904
0.003313082727385638
0.003235063570783664
0.004034799013327258
0.003157044414182876
0.0048175504117111256
0.0030790252575818005
0.003842521073417232
0.004585218149878591
0.004701384280794273
0.004469052018962633
0.0053822746526418115
0.005658475933178429
0.0030010061009807954
0.0029229869443797743
0.0036502431335078854
0.002844967787778775
0.004352885888046753
0.006554714562614734
0.006392772064418144
0.007503405278897965
0.006230829566222694
0.008501687059504947
0.01506573621270367
0.015300035459536829
0.01477944179856585
0.01672961013893717
0.014505392450518994
0.01846214861587768
0.018765871928877
0.01422845935784478
0.01610257765998529
0.017764612722968462
0.018107368948090508
0.017419025071401726
0.019488636616515856
0.02026049062065117
0.013952205390558851
0.013675791489338639
0.015482637214438294
0.013399415252318225
0.017074104194567646
0.022121775130317663
0.022502551903802695
0.021690880814446676
0.02404314112192036
0.02127178831767961
0.026021727572506752
0.026487187201014187
0.013123030145487647
0.014863090086739587
0.016383985380144867
0.016729026299395995
0.01603893575356423
0.01795924010958523
0.018723745307997808
0.01958599325211155
0.02000732824812447
0.022186105842963523
0.02042869953177949
0.023993103218600695
0.024498246098121366
0.020849916712691048
0.01916464971124964
0.021261383784774615
0.022982550684625208
0.023487809151931154
0.022477283834950817
0.024746632928714166
0.025846830635741794
0.02311120680351139
0.025004031051062067
0.025507089214003235
0.026947400037382316
0.02805467345912776
0.01284664712745941
0.012570263617530077
0.014243564771585282
0.012293880223439954
0.015693888177429484
0.0120174968020707
0.01362404066607807
0.015003792173168926
0.015348840118448365
0.01465874420111496
0.016430273721763644
0.017194756322043155
0.011741113387125395
0.011464729970667338
0.013004516627652035
0.011188346554565527
0.014313696235365839
0.01874330818247716
0.018321966179913052
0.02033668273578231
0.017900624288913133
0.021972018959009493
0.030139117758834648
0.030696889636898497
0.02953310596316908
0.03227219944867832
0.02893845273952287
0.034451057505709516
0.035108771027860364
0.028341125044098588
0.030974328134534528
0.03305216519946809
0.033746042878350646
0.032355665367029184
0.03516910291137453
0.036672830906978995
0.02774442707143761
0.027147580827222406
0.029683031502739043
0.0265507694940924
0.03165978290669692
0.038934658629537613
0.039699943190306626
0.03812301177595444
0.04123367965043635
0.03732228024730451
0.04356703294672541
0.04444751794064404
4.8322313926948966e-05
0.0001447960360857416
0.0002934568295188619
0.0003028012870271886
0.00028411237201054373
0.0004956659837630699
0.0005277218471339787
0.0007491851216416286
0.0007737979526369297
0.0011215052461895146
0.0007984107836322349
0.0014941799509397943
0.0015416814996505146
0.0008230236146275423
0.0007245722906463381
0.0010512978850109667
0.0013991768535183842
0.0014466784022290884
0.0013516753048076011
0.0017899688073151304
0.0019135821823906504
0.0011917126073680822
0.0015891830483612413
0.0016366845970719694
0.002037195557465972
0.002160808932541336
0.002220814534967726
0.002298833691569333
0.0028811313738676837
0.0023768528481709385
0.003423556840715906
0.0035397229716316037
0.0024548720047722935
0.0042774695304935665
0.0036558891025484977
0.0037720552334651178
0.0030734093137782864
0.004553670811031502
0.0038882213643814615
0.002532891161373567
0.004935289580655186
0.005097232078847677
0.006001871640949919
0.005259174577044194
0.006778900980152687
0.006994249240063202
0.005421117075241155
0.002610910317974854
0.003265687253688242
0.0026889294745761592
0.004004387495297754
0.0027669486311774688
0.0021427953783677888
0.002688853433960547
0.0031912245788955663
0.003307390709804627
0.003075058447963212
0.0037250669693989972
0.004001268249966129
0.004287519587669375
0.004449462086012318
0.0052511048218823134
0.004611404584272467
0.005917507940154224
0.006132856200229648
0.004773347082469065
0.004125577089522268
0.004875721412451528
0.005486811422867797
0.005702159680715394
0.005271463165156436
0.006117928594214433
0.006607752917352288
0.005626488231481415
0.0063482044602932814
0.006563552720244312
0.007097577244070008
0.007587401571775862
0.0034579651935982506
0.004120553626214073
0.00423671975713041
0.004829872091568464
0.005106073372105368
0.005583059573437633
0.0057450020716338715
0.00675263845992435
0.005906944569830106
0.0076402940198235314
0.007855642279743778
0.006068887068026361
0.0063772550504371354
0.007209597499981629
0.0074249457599027254
0.008077225899212129
0.00856705022666714
0.007128021869411132
0.008070990539663935
0.008286338799583862
0.009056874554126303
0.00954669888158487
0.006766211883728399
0.0070425953167346286
0.00804832435545479
0.007318978732415745
0.00879292873425858
0.009137976733094345
0.007595362145351978
0.010314413472365388
0.00948302470431317
0.009828072667321053
0.00866784838768753
0.011078896007202962
0.010173120631687002
0.00787174556019947
0.011159153632949705
0.011580495595983193
0.01293908412667636
0.012001837521396004
0.01388777476393863
0.014393040087196534
0.012423179430270374
0.008148128976371807
0.009287372420094232
0.008424512392773918
0.010518168598196731
0.00870089580904036
0.015945224500327877
0.014898305366129915
0.015403570617633814
0.013863783959445397
0.017045400427724622
0.0159088358641715
0.012844521338417115
0.01641410111368532
0.014788483768416981
0.01368720516183046
0.013265863249392065
0.014108547074411754
0.012607861064727735
0.011843378533641109
0.01814557630816828
0.016919366365622895
0.01742463161814429
0.015713183584568205
0.019245752198089695
0.017929896870477004
0.014529888986785637
0.010863216565420095
0.011208264532568988
0.009906896454988823
0.011553312499556961
0.008977279225210334
0.017001680312992214
0.017598498388895108
0.019355722775771134
0.018195316420707472
0.02052375846755295
0.021219758683882768
0.01879213441258966
0.023193467136216034
0.021915758867187794
0.02261175899804852
0.020646633595084424
0.024690371644308873
0.023307759107510838
0.019388952392667774
0.02447689741662269
0.025279709155819098
0.02748134576580633
0.026082520887660617
0.02888398535052488
0.02980123798935203
0.026885332556674024
0.01998577037483733
0.02193754433666545
0.020582588360449322
0.02400375921661806
0.021179406347348412
0.009253662641364206
0.01052642048947313
0.009530046057528128
0.01189836046648924
0.009806429473698794
0.013372343595362069
0.012243408433426577
0.01258845640037553
0.011145944523951564
0.014136826125921629
0.012933504367329575
0.010082812889870483
0.014951230899040296
0.016637883400474077
0.01537257281128157
0.018435162122606395
0.015793914723533656
0.01035919630604116
0.011765468558443706
0.010635579722212473
0.013278552334278633
0.010911963138379093
0.006489828422825609
0.007428800245268843
0.00810283276374266
0.008447880709639496
0.007757785150084396
0.00878544881859142
0.009549930839664385
0.00947378756699865
0.009895128500764742
0.01108968521978685
0.010316469847082642
0.011866715813330788
0.012371979998306606
0.010737811659226694
0.009052445470615785
0.010164985883858946
0.01085617664966702
0.011361449543099499
0.010350895533213444
0.011544495307409981
0.012644697459375059
0.01201438419234965
0.012877244434690054
0.013382509463176552
0.013744873858434068
0.014845048495948625
0.012227103053828426
0.012823925656678128
0.014192047631017404
0.013420762135826662
0.014955723868336619
0.015651722281813885
0.014017590644284907
0.01720581066156581
0.016347743017405394
0.01704375686984281
0.015482990110098616
0.01870275193736934
0.017739760824005343
0.01461441085804228
0.01805437254004577
0.018857173823634443
0.0206086728220194
0.01966000749739763
0.021545937629355534
0.022463168711158065
0.02046283632740594
0.015211227821745704
0.01677390290929917
0.015808044723718315
0.01843576014165492
0.01640486231498074
0.011630351083346306
0.012901212637845896
0.013564055039625239
0.014259813592890452
0.012868371425504198
0.014212699545850754
0.015709015003033663
0.014843730574850039
0.015646673464474403
0.01717315408082522
0.016449149199452295
0.01787752513640256
0.018795002297923517
0.017251677918125957
0.01403928894576785
0.015453049992527883
0.016036405490302635
0.016958355605243884
0.015112290183581324
0.016591324891338827
0.018558066804008747
0.018890663383622754
0.019711905074684108
0.020628832440883045
0.020515079022366274
0.02246904612745465
0.018064811944637056
0.01913175890851027
0.01982775840930595
0.02019966053890427
0.02169656273337614
0.021265653829748196
0.022068465120701597
0.02404503490629966
0.022871275179668298
0.025214977992243703
0.026132230914587717
0.023674085941213403
0.022326871055591647
0.02338044380565142
0.024297717138499677
0.024423522545745778
0.026378235593647853
0.02576318905713871
0.027049481723468986
0.0279667331054081
0.02833291416413007
0.030287579110195577
0.012384992592945142
0.013623600301246212
0.013968648268131201
0.014901308656519289
0.01566579118731698
0.0162152566358139
0.016636598548014525
0.018487283032135593
0.017057940460556975
0.019950957879102886
0.020456223130056912
0.017479282371642223
0.01756258321618448
0.018940427374699212
0.019445692626725068
0.02034592808840849
0.021446103978518677
0.019411982851667058
0.020961488387076697
0.02146675361832995
0.02254627987219133
0.02364645582920801
0.021776224334216866
0.022373042320731798
0.024519365842929568
0.022969860307455243
0.02609175956175796
0.026787759676244107
0.02356667829277475
0.029181084850791635
0.027483759796348567
0.02817975989165796
0.025810276599759097
0.030677989320764154
0.028875760092141385
0.024163496284063106
0.030899390739819933
0.03170220235937986
0.034353973351657054
0.03250501408164268
0.0362220061074863
0.03713925831796955
0.033307825366233945
0.024760314250101077
0.027101187418721112
0.025357132323428826
0.029571759846015386
0.025953949941072738
0.023228455088893582
0.02469975933000742
0.02539575944558282
0.026187276037685614
0.02768418044076705
0.027688144192161777
0.028490955822741124
0.030917659595135052
0.02929376745819163
0.032552995830064685
0.033470248376188394
0.030096579095731317
0.029199502757969023
0.030718490664421397
0.031635743270899463
0.03224224684972224
0.03419691511863743
0.03263581644045445
0.03438750093182037
0.035304753468379635
0.03615158319572639
0.0381062513265265
0.028392099357808634
0.03026776149691355
0.030963755090402702
0.03217489488845718
0.03367182026035926
0.03411063850950266
0.034913443757870644
0.037790308725001207
0.035716282540776474
0.03989103779010497
0.04080817740936046
0.03651897888331666
0.03607213133712932
0.03805651234835605
0.038973758646111106
0.04006092051996597
0.04201560871316521
0.03950883618430505
0.0417259096994269
0.042641124472382386
0.04397063976972741
0.04593185749545074
4.6779236468790574e-05
4.52361590106455e-05
0.0001357095568557937
4.369308155249764e-05
0.0002747679145021799
4.2150004094350565e-05
0.00012662307762584398
0.00025607899948548523
0.00026542345699383414
0.0002467345419771414
0.0004315542570211435
0.00046361012039211743
4.0606926636203184e-05
3.906384917805631e-05
0.00011753659839589445
3.7520771719910516e-05
0.0002373900844687937
0.0006999594596509649
0.0006753466286556052
0.0009810905238323065
0.0006507337976601737
0.0013041737560964845
3.597769426176246e-05
0.00010845011916593749
0.00021870116945197008
0.00022804562696040505
0.0002093567119437254
0.00036744253027950005
0.0003994983936500394
0.0005522824736822371
0.000576895304675388
0.000840675801477723
0.0006015081356693674
0.0011141675612556228
0.0011616691099693378
0.0006261209666646365
0.0005276696426817248
0.0007704684402847753
0.0010191644637499216
0.0010666660125123292
0.0009716629151475004
0.0012955153071932792
0.0014191286820284944
0.000910883162653228
0.0012091706586763664
0.0012566722073855895
0.0015427420571712553
0.001666355432239678
3.443461680360448e-05
3.289153934544109e-05
9.93636399359232e-05
3.1348461887341036e-05
0.00020001225443620624
2.9805384429403055e-05
9.027716070691295e-05
0.0001813233394163093
0.0001906677969287822
0.0001719788818927705
0.00030333080350217374
0.0003353866669098262
2.8262306971323572e-05
2.671922951176727e-05
8.119068147025132e-05
2.5176152050323467e-05
0.00016263442438330385
0.0005030568116597715
0.0004784439806441767
0.0007002610790794697
0.000453831149794638
0.0009241613670328832
0.0020647762217712766
0.00198675706517185
0.0024965754940529635
0.0019087379085416997
0.002958892316963384
0.0018307187518621397
0.0023042975539961956
0.00272656005536466
0.002842726185957941
0.00261039392576733
0.0031726644105305206
0.0034488656886976473
0.0017526995952734546
0.0016746804392162918
0.0021120196151117616
0.0015966612837852007
0.0024942277959279597
0.003963634592339832
0.003801692096264447
0.004500338006787907
0.003639749597045795
0.005056114898612804
2.36330745961725e-05
7.21042022614516e-05
0.00014394550971392204
0.00015328996698460367
0.00013460105188709375
0.00023921907596517354
0.00027127494043411617
0.0003553798154616371
0.0003799926538437354
0.0005598463502511264
0.00040460548823229167
0.0007341551539150029
0.0007816567083867347
0.0004292183192606742
0.00033076699222075296
0.000489639006905162
0.0006391522915044543
0.0006866536626240305
0.0005916507874423121
0.0008010620269413583
0.0009246752688688518
0.0006300537188572426
0.0008291582674994401
0.0008766598189245678
0.001048288538114481
0.0011719019332103679
0.0009725055173926064
0.001050527267634821
0.0013429076695687834
0.0011285467706173722
0.0015648934885011123
0.001681064267949179
0.0012065656554613535
0.0020678580702839988
0.0017972316216776185
0.0019133975028628228
0.0015351860433250016
0.002344061066117658
0.002029563321214653
0.0012845846497933633
0.00234420061295926
0.0025061500808035812
0.0029988013067364675
0.0026680952468235474
0.0033333153235155814
0.0035486727599333603
0.0028300377542497535
0.0013626037860238593
0.0017274637010225862
0.0014406229600906087
0.002145729362440173
0.0015186421263374832
0.0008944817772310369
0.001150621118377274
0.0013325687751063564
0.0014487221897761114
0.0012164663380496363
0.0015155422543058268
0.001791646135078004
0.0016966727202346306
0.0018584897236064467
0.0022481696792054718
0.0020203381323144996
0.0024722308112727145
0.002687443035700116
0.002182254093239273
0.001534610615874307
0.0018727501885905879
0.0020400305192317322
0.0022566594832742932
0.0018219355810611812
0.0021949316274031024
0.002689199260129907
0.0026234072005775254
0.002902663681645524
0.003117966589894294
0.0031791706941096485
0.00366879338928701
0.0019197416737381748
0.0022618955079314485
0.00237806165930843
0.002620261808621162
0.0028964631205183984
0.0029919797828052404
0.0031539220681375737
0.003749571167283806
0.003315864554191225
0.004194722259018966
0.004410070131801596
0.0034778070836409144
0.0033741885843749106
0.003764025695790388
0.003979374571407486
0.004158625457205635
0.004648456728711002
0.004124954572317386
0.004625418315137131
0.004840766609654804
0.005138279987207764
0.005628104218749767
2.2089997170901445e-05
2.054691974811946e-05
6.301772317739333e-05
1.9003842107370578e-05
0.0001252565919078111
1.7460764003345725e-05
5.393124107235072e-05
0.00010656768664588738
0.00011591213149719863
9.722327976347453e-05
0.000175107464549828
0.00020716320690421816
1.5917686681044793e-05
1.4374614721234114e-05
4.4844785863608115e-05
1.2831547499689817e-05
8.787883691125127e-05
0.0003061542328578919
0.0002815415138619996
0.0004194318733215563
0.0002569284276885859
0.0005441481487731918
1.1288444820777981e-05
3.575821169881895e-05
6.918855827948493e-05
7.853400927911974e-05
5.984472693898703e-05
0.0001109959444725218
0.00014305072293103316
0.0001585089175356274
0.00018309283532532333
0.00027902417585107275
0.0002076995702620518
0.00035421121505023066
0.0004016582668051007
0.00023231415141245892
0.00013393052761369025
0.00020889383312162397
0.00025898735439458065
0.000306741839414669
0.00021054612291588964
0.0003052368735525983
0.00043033579636554025
0.0003492217007944298
0.00044914131359692595
0.0004966435328893069
0.0005538581070047644
0.0006774430019948898
9.745224215302807e-06
8.202066264866909e-06
2.66711541952144e-05
6.660185919894859e-06
5.051015726195263e-05
5.120794788201004e-06
1.7600275231149382e-05
3.18135645847956e-05
4.1186355368223084e-05
2.2207314790805333e-05
4.646318045028598e-05
7.898730721773474e-05
3.5740089229547492e-06
1.9754390149284278e-06
8.36197050424187e-06
0.00010920624928634903
8.402410025855066e-05
0.00013776309337263748
0.0008164664313651856
0.0007384852916824297
0.0009584010158873383
0.0006605479262646731
0.0011004067770116178
0.000582536186671629
0.0007662033901750726
0.0008673457394003186
0.0009841978405467976
0.0007493824095534595
0.0009603296548904028
0.0012393800521762893
0.0005040704839533474
0.00042469821196356827
0.0005717926330002635
0.0013717025018565488
0.00120749635659236
0.0014937443992050115
0.006213444985981522
0.005937061758791775
0.006809276471544703
0.005660678937577248
0.007412737988731075
0.005384296068468868
0.006189753601986129
0.0067226392048454695
0.007067690339965358
0.006377581253234793
0.00725646918835064
0.008020967292761787
0.005107910999479616
0.004831520420246564
0.005570218675381678
0.004555126151031612
0.00603252169676677
0.008631098386073361
0.00820974351879878
0.009240265285775248
0.0077883905983638126
0.009845621503941384
0.0042787487212084035
0.004950693701836517
0.005342538395934687
0.0056874894407107374
0.004997688363589242
0.00572784208844441
0.006491997040575098
0.00610351364597486
0.006524754527357995
0.007391286558009462
0.006945864445292498
0.007825097616167308
0.0083302990592947
0.007367077597376853
0.005681484470716068
0.006465884972721847
0.006810853648891952
0.00731894212148869
0.006300813795312108
0.007135264820379536
0.008243516873992315
0.00831559220037843
0.008835300562992865
0.009340401932350008
0.009344652912015469
0.010444367869817419
0.004002434252234947
0.003726213545778195
0.004331432475432721
0.0034499664465195987
0.004652765370491892
0.003173230319324867
0.003711613494949956
0.00396016003269002
0.004307209650011266
0.003611365316361857
0.004192196940062062
0.004962879672261805
0.0028952197119611143
0.0026155942008734842
0.003086784910033615
0.0052577413965652926
0.004832141264927967
0.005534059742450529
0.01103373478235032
0.010437208999403445
0.011610828207512247
0.009840403867360733
0.012172319195132468
0.009242470199190177
0.010318663076495666
0.010775229780244873
0.011474956494468402
0.010073413362089636
0.011207265811821198
0.012714211449685847
0.00864238655173779
0.008040274191284209
0.009018703260659223
0.013232272923906205
0.012423121910264463
0.013723842943324476
0.04832529227366769
0.04932860709527642
0.047277492784041225
0.05074447625843913
0.046240165372289824
0.05318654842685108
0.054320322470604754
0.04520037276167856
0.048531625484175736
0.0508421590822673
0.05200922852747003
0.04967267675597857
0.053168905143163595
0.05564864775593219
0.044161160471147036
0.04312181157114528
0.04632483204073065
0.04208249482865617
0.04850376239873272
0.05812791322245915
0.059399775883240045
0.05681344351798631
0.060621483803009246
0.055509002643950096
0.06312649847517979
0.06454407914801348
0.041043170516451524
0.04411837425240614
0.046165697772529074
0.047334714348740675
0.0449966737953494
0.04822160437033131
0.050695090523939806
0.05028323300882678
0.05158957881685629
0.05510349600259066
0.052895955398715666
0.05731485128970469
0.05876605796248313
0.05420220120915106
0.048976879908128934
0.052347722609127796
0.054412212086884765
0.05586351669071436
0.05296090041132677
0.056473840546916954
0.0595271601697414
0.057859590564419694
0.06021780788772793
0.06166724957430007
0.06258079359026475
0.06564009621996719
0.040003847988965766
0.038964525047804344
0.04191193507677418
0.0379252022073201
0.04382765155998133
0.03688587932237431
0.03970549691162517
0.041489606221280215
0.042658628880915726
0.04032058348422128
0.04327466912981848
0.04574813637182166
0.035846556380275243
0.034807233370141244
0.03749905857435201
0.033767910460597385
0.03915156093897339
0.04767052842308196
0.04636417650704066
0.049591966755610034
0.04505782498077014
0.05150959082892812
0.06815941602064715
0.06973034408449627
0.06654775853926728
0.07068159684827058
0.06494568661561798
0.07320377763404284
0.07493568254446523
0.06334135868502425
0.06730962586389241
0.06966975028707587
0.07143208202964596
0.06790521508298081
0.07202319915862032
0.0757230972731559
0.06173756157158285
0.06013363957997957
0.06394319467747647
0.05852974757093682
0.06614119919246955
0.07823669475730148
0.08013720608574287
0.07629733189455021
0.0807417094698987
0.07436711230270202
0.08323528133807936
0.08531202657150092
0.03272858809557273
0.03529262108551727
0.03681351835108598
0.03798253910377579
0.035644497541892625
0.03832773993699691
0.0408012031744094
0.03983241861359779
0.041138774662607874
0.0440804627365077
0.04244512478471689
0.045704348616143135
0.04715566517456031
0.04375147431943799
0.038526049131808154
0.041324683240448315
0.04280167265713993
0.04425301686957791
0.04135035044384973
0.044260565797581405
0.047313911044130214
0.046836213568693635
0.048606974193767846
0.05005828191839759
0.05036724300037754
0.053420540505122
0.0456986065495085
0.04730238857983651
0.05047867984209159
0.048906292245607844
0.052028328004772695
0.05379230063335906
0.05051022678798449
0.05724611200934527
0.05555641341323221
0.05732056708117095
0.05384482513334066
0.060940313767075246
0.05908471218186853
0.052114150408341386
0.058911184869684434
0.060842974993870216
0.06458575074070436
0.06277492453211142
0.06637006550053857
0.06847729985422774
0.064706925764804
0.053718057204883055
0.057210968916268035
0.055321954792614744
0.06084883868647358
0.05692584987514607
0.044095047260958864
0.04711306364399839
0.048501050581652244
0.05026459588567592
0.04673722720890573
0.04985919796927139
0.053552504995439815
0.05118335896032558
0.05311658932206814
0.05651226221735019
0.05504829537599654
0.0579401684148675
0.060049077605916365
0.05697965197970527
0.04924699084825884
0.05246878905358229
0.05371140308810449
0.05582790846157208
0.051592969879952794
0.05491052823642264
0.05932721012421595
0.06054889785092886
0.06215630380689252
0.06426310359010885
0.06372989644796159
0.06812513030470205
0.060577073052871445
0.0626129556174162
0.06437706265561888
0.0646345294871965
0.06832871499835025
0.06663892294047827
0.06857089413153838
0.0726608280789382
0.07050288024240217
0.07479968587744677
0.07690704777485169
0.07243474292664207
0.06862326600974936
0.07058471476282155
0.07269218752754164
0.07252048524045605
0.07691658493795839
0.07669862953718337
0.07901488843726584
0.08112062447445895
0.08131302103867699
0.08571455001963196
0.03168926672158884
0.030649945673208705
0.03308618645985567
0.02961062142929167
0.03447547226145738
0.028571287439503483
0.03087973369546776
0.03213738493896302
0.03330643538186967
0.030968342269835816
0.03338073843316587
0.035854253519945624
0.027531940195265656
0.026492595380580457
0.0286732482704137
0.02545330766235728
0.029799371130295925
0.0372196663256302
0.03591329781435797
0.03856888146692243
0.03460701649010989
0.03989913216567982
0.02441416547735019
0.02646705152129658
0.027461953052840517
0.028630565286987097
0.026293289358859107
0.02843488924913062
0.03090756779930831
0.029382081100350968
0.030689022232097164
0.03305854923484822
0.03199502064460637
0.03409428209253575
0.035546331187623126
0.033300920080555546
0.028072842563682865
0.030299068907574216
0.03118161754784654
0.032639728073431074
0.029721360617777415
0.03202809923466522
0.035097681104405004
0.035813483150634914
0.03699730094576904
0.038448118027251524
0.03815522902372107
0.04120768572608741
0.02337521044180116
0.022336245164311555
0.02426136163743028
0.021296590142731157
0.02512381297163134
0.020255044613173734
0.022052150060846397
0.022777496541611125
0.023952244178464942
0.021600566257693944
0.023470563224042118
0.025958188000413225
0.019210516909964594
0.01816380831557625
0.019832601694776034
0.026760233677377405
0.02544545380510986
0.02752809920432716
0.042491681682304015
0.04088810367940886
0.04374781609383002
0.03928330358712476
0.04497203328888566
0.03767578904524548
0.040376912942113
0.04143188213538065
0.043203913842411734
0.03965779010355147
0.04244704930290055
0.046159652794641744
0.03606453732676
0.03445117623774405
0.03699345280370796
0.047306541046499534
0.04536409156231732
0.04841177803758313
0.08817665235901723
0.09043726132094682
0.0858790622450206
0.09061871921511774
0.08359015395057084
0.09303787676745609
0.09549001106710985
0.08129917830809721
0.08584342017424754
0.0880699878431099
0.09054968971596819
0.08558838352616122
0.09026709306338959
0.0954312606130587
0.0790086870914272
0.07671816014272062
0.08107321834575673
0.07442785899541196
0.08310746789957571
0.09779604628502109
0.1004473095138586
0.09510978998954187
0.10012948013791204
0.09243203180560677
0.1024288625519581
0.10528646120819435
0.07213783856645942
0.07630409119036138
0.07814616350420309
0.08062674157519992
0.07566498300999597
0.07995042638409319
0.08510868262225676
0.08171237916631854
0.08439417203137911
0.08899911198117758
0.08707380499439515
0.09088001787878883
0.09376797696302237
0.08975264150107692
0.07902658887924616
0.08342706730010127
0.08509066261144743
0.08798774952833821
0.08219203445645896
0.0867035268808348
0.09271152682095213
0.09456204064792656
0.09665402046653518
0.09953738606387955
0.09870417373708511
0.10469141460030124
0.06984796366695922
0.06755757967633647
0.07153498835028282
0.06526534951307533
0.07318179019637244
0.06296955509241335
0.0667578044244129
0.06820329247319071
0.07069481915001122
0.06571001379980096
0.0696016496078706
0.07478346042039932
0.060669357246839736
0.05836731424984197
0.06196618905959421
0.07633609772188779
0.07364395758948025
0.0778397989666261
0.1069139881870807
0.10998559144066897
0.10380827792183636
0.10909270799707871
0.10070783018126758
0.11122279645305858
0.11452042559965367
0.0976011338040042
0.10265996002048079
0.10455688253436235
0.10788866201804795
0.10122207568490837
0.10639957328428332
0.11329927067447862
0.09448988877213904
0.09137713020061541
0.09621573574187822
0.11531830368156654
0.11885660595251707
0.111748553259799
0.11728380793334497
0.12295028530847808
0.02308299017608887
0.03846343359466187
0.030287402812802955
0.053845153777705726
0.03726013143808163
0.06922730428239846
0.060569102201651445
0.06706288537497004
0.05216152251514582
0.08196424635604951
0.07332614423628117
0.0439984571807968
0.08460946008656406
0.09999155695235529
0.09085061944110667
0.1153736305500696
0.09686561775337804
0.05050605614769331
0.06493427337784198
0.0567856876193127
0.07936259008370192
0.0628402604623148
0.13075570433544415
0.12113207742703222
0.126668375394424
0.11176699575807736
0.14156975480036632
0.13198177487932833
0.10265395380885513
0.13707599339911947
0.12264763960507996
0.11356428255760329
0.10821928614691637
0.11869184988352657
0.10472889225531584
0.09379093442419867
0.15150434725978784
0.1419536887199961
0.14661777029007284
0.13265480979421768
0.1605807309369342
0.15107108763946797
0.12360483836194691
0.08517488850347528
0.09076594366709884
0.0768030310277501
0.09613860519062961
0.06867262739474939
0.14613778194384558
0.1615198610847734
0.1514135513365388
0.1769019402379992
0.15647113388564932
0.19228401914822302
0.18169502452978997
0.18627389189663923
0.17137251288250277
0.20117527093373355
0.19063741738407466
0.16130959612008103
0.20766609795619548
0.22304817676190244
0.2119764974350877
0.2384302555838873
0.2160766499783195
0.16593270114852968
0.18036105505300165
0.17034309566892408
0.19478940896329466
0.17454369162121647
0.07428564963986153
0.08779060104538983
0.07968218759467241
0.10129573670678607
0.08486510246925819
0.11480091843663241
0.10624019873422294
0.11097485244873806
0.09791986413934067
0.12402989682454188
0.11550255883324095
0.08983725532020159
0.12830611165500155
0.14181130773059214
0.13279853015966825
0.15531650451394519
0.13708495504037077
0.09460150717791183
0.1072137085665788
0.0991607190586187
0.11982617891509167
0.10351775198376632
0.2538123344132444
0.24225797040694924
0.24587940806504804
0.23097802902243436
0.26078078710705127
0.24929305994974227
0.21996523866778178
0.2525028246047351
0.23807447069470328
0.2271219096986417
0.2236461167846438
0.23039553439733962
0.21643257370258168
0.20921776287425456
0.2669311785148245
0.25551131671402827
0.2583214557870449
0.24435849509218083
0.27228441648190993
0.2609360889611121
0.23346983861362014
0.1987325026832521
0.2024696130079961
0.18850665231379782
0.20600358826640947
0.17853733792297227
0.26335808055571636
0.2498528835410288
0.23903193840903536
0.23634768652634702
0.24152545546258397
0.22847039272575573
0.2228424895117016
0.21816538542574848
0.21541532998910684
0.20236026725319348
0.21247358600710953
0.19249967218879088
0.1893052045203037
0.20933729249721894
0.2207266133495807
0.20811405549663453
0.19831354191606462
0.19550149764712033
0.200938666019091
0.18876098367421718
0.18288893981169818
0.19583209548340963
0.18591523360957965
0.18232689847225625
0.1762501417997973
0.16882170147168493
0.27686327757040585
0.2655902908112131
0.2676355809363363
0.2545805181994556
0.2806906436732218
0.2694968119099328
0.2438310986676927
0.27117684476542603
0.2585642869113769
0.2478902076521045
0.24595172905734425
0.24964939547549247
0.23747171310979504
0.2333391712033609
0.2837894026194895
0.27267854052328183
0.2740047602070286
0.2618270778412537
0.28618244257273806
0.27515836483942946
0.2512321535503256
0.2231018747812773
0.2252940307443268
0.21311634837978854
0.2273059422615507
0.20337973097902762
0.15935688128479397
0.16319507912982834
0.1501400166658237
0.16683395903569154
0.14116824728426125
0.17027638203409895
0.15766382449349914
0.14873687797812749
0.14505126792311382
0.15222793847271932
0.14005026208639385
0.13243871531966633
0.17352520914589126
0.17658330139449308
0.1644056193827902
0.17945351980273883
0.15552731042969561
0.12394857371535012
0.12787260425780908
0.11569502247753033
0.1316011315654273
0.10767546697647423
0.26919441324298554
0.28457649207160945
0.2725394433767082
0.29995857089966693
0.27568216614902985
0.3153406497276693
0.30282091634477837
0.30548492423324325
0.29058354519111024
0.32038630327538253
0.3079487025130676
0.2786208812313413
0.33072272855574947
0.3461048073838753
0.3331023893131785
0.36148688621200664
0.33528768231751405
0.28135953242494227
0.29578788633506437
0.28390072372953135
0.3102162402451817
0.2862473771767657
0.37686896504013057
0.3633838622815805
0.3650904404017673
0.350189061359639
0.37999181944390614
0.3666043450765111
0.33727652379478534
0.3679296558856669
0.35350130197552987
0.3406795377605095
0.33907294806540833
0.34209921995620884
0.32813625926133405
0.32464459415529495
0.3823580097957856
0.3690689447760266
0.3700251413458599
0.356062180651078
0.3839881020404625
0.37080109035081643
0.3433348400036108
0.3122901307450183
0.314173298566474
0.3002103378716209
0.3158685896560903
0.2884023393086017
0.39225104386825693
0.4076331226963999
0.39366533524998937
0.42301520152455285
0.39489319848605897
0.43839728035263525
0.4239468082183826
0.42469595657013104
0.4097945775281734
0.43959733561191994
0.42525998763950035
0.3959321663582478
0.45377935918049883
0.46916143800820076
0.4542282811862437
0.4845435168365927
0.45449871465409747
0.39678636370578246
0.411214717615596
0.3974583517911404
0.42564307152560754
0.3979510627351185
0.29036847458508985
0.30387367159977907
0.2921486432134036
0.31737886861447817
0.2937457064101112
0.3308840656291838
0.31870699561562166
0.31985583188388067
0.30680076914701215
0.3329108946206164
0.32082823839434005
0.29516252515221264
0.3443892626438315
0.3578944596583187
0.34526534801761194
0.37139965667275743
0.3459659573572412
0.2964019604735374
0.30901451832748494
0.2974668733943907
0.32162707618129216
0.2983601249383019
0.11163672505999779
0.12338669405413834
0.11540438725732563
0.1351370166611603
0.1189813145913832
0.14688742530835236
0.13848312056792722
0.14164230430867608
0.1303116114804298
0.15297309316898317
0.1446174289063577
0.12237036808510683
0.15863785487202914
0.17038828951627732
0.1615624328226608
0.1821387253936101
0.1643039053045428
0.12557440876144582
0.13649266293991813
0.12859629764335084
0.14741135538392236
0.1314388957537717
0.19388916156999525
0.1846417791900466
0.18696554221499906
0.17563472307750388
0.19829636168257705
0.18911287549141598
0.16686513334062408
0.1910866400422466
0.1801678082500587
0.17145830016718117
0.1692489779538539
0.17349596100355497
0.16298149554063454
0.1583301538518791
0.2020054721955507
0.1928896968904416
0.19452490705895326
0.1840104332175349
0.20503938129252225
0.19599513157073017
0.17536482148592492
0.1500269447643191
0.15246705807049715
0.14195273661620342
0.15473455632540561
0.13410506411565754
0.20563959781885655
0.2173900340852709
0.20772112756151573
0.22914047035593382
0.2096271812299565
0.24089090662763246
0.23080047605041798
0.23228882036795498
0.2209580007966233
0.24361963994039432
0.2336083643314763
0.21136061984713045
0.2526413428995854
0.26439177917155976
0.2538798245461794
0.2761422154434212
0.25495045951300555
0.21292430443598975
0.22384313669743877
0.21432109601947652
0.23476196896388563
0.21555385562050722
0.13659766375195737
0.14671472069287939
0.1389195556856205
0.15683230055199357
0.14107360093959614
0.16695000641884222
0.15876315177321015
0.1605299710120055
0.1508015033535392
0.17025857467010314
0.16213561929133113
0.14306266053683325
0.17706774263724237
0.18718548616353797
0.1786075854804588
0.1973032314487025
0.17998721103851584
0.1448895955002811
0.15423597278177908
0.1465572668528901
0.16358295763413602
0.14806853561761119
0.49992559566751194
0.48450975415693853
0.48430147274463925
0.46940009369809377
0.49920285178931656
0.48391563021157113
0.45458780892277506
0.4833564871652338
0.46892813326441274
0.4542371658301117
0.4544997793509733
0.45380290551670466
0.439839944827466
0.4400714254370584
0.4977848410359227
0.48262657280266774
0.48172882681709184
0.4677658661796641
0.49569178750440746
0.480666091644379
0.4531998413679214
0.4258477588075723
0.4258769841288911
0.4119140234308659
0.4257335910529102
0.3982673406987761
0.4794412328667783
0.4659360356792904
0.4514987575308693
0.45243083868759204
0.4504064592817343
0.4373513964221898
0.4389256417252442
0.423491091272698
0.4242963337183845
0.41124127102786046
0.42494040520674525
0.3978253781100688
0.3981862083100206
0.4254204447356303
0.42252753900822215
0.40991498107269186
0.39662020479596305
0.39730242325748166
0.3957815838344724
0.3836039014201693
0.38468986544340134
0.41191524772369037
0.39838205282809735
0.39841005070520935
0.38513114557372674
0.3849048536879769
0.49294643043826375
0.47805711059341865
0.4765165859475798
0.4634615224901454
0.48957164860955604
0.4748225190342348
0.44915680504634176
0.4729777691884459
0.4603652137856439
0.44619687183921275
0.4477526557890832
0.4444923126819672
0.43231463217449495
0.43514009725296066
0.4855903200547971
0.470985196002049
0.46884766258105093
0.45666998891375155
0.48102534573482036
0.4665680399466059
0.44264183776345145
0.4214085380838317
0.4201369495098435
0.40795926651670666
0.4187156337700818
0.3947894215283627
0.37182370041992746
0.37207608283321697
0.3590210200943794
0.3721596648838966
0.34649395163648955
0.372077307603188
0.35946474974818987
0.34704353914074626
0.34685219189085903
0.3470708544070288
0.334893172039301
0.3342396340353947
0.3718318720019079
0.37142621909561524
0.35924853676336144
0.3708632099220881
0.3469369987046692
0.3222552062653287
0.3227154896707116
0.3105378073039945
0.3230107874207536
0.29908457612828954
0.4641492075925271
0.45239874396330637
0.43851459675323584
0.4406483093151041
0.4362435784585638
0.42491273728361867
0.4288978815254247
0.41159030452067
0.41358192121536913
0.4022511096858066
0.41543525917443247
0.3893425720354555
0.3909202945570872
0.4171474505288577
0.4094632860483986
0.3985444374297097
0.38577227497531197
0.3876256100314499
0.38378544218140687
0.3732709561214721
0.3767067851998639
0.40539701560474994
0.39235591665716585
0.39364657893058913
0.37958947590591924
0.38189614209574896
0.3610376198318096
0.3627564875202648
0.3522420198817222
0.3643408881560873
0.34040731935486696
0.3417275484849994
0.3657879565980299
0.33121307443192416
0.34290949261435955
0.3439502921521388
0.35486912490623446
0.33303145945977497
0.34484708690091115
0.3670948323294917
0.31977700933683273
0.3206985995891839
0.3101841248742422
0.32147809245860426
0.299146695683548
0.299669650416159
0.3221126270493677
0.3682586558717421
0.35692783580517534
0.3692765671957349
0.34559701604025594
0.3701457055736064
0.35918715863782114
0.34906940506979417
0.3373634507989921
0.33895166544965194
0.33564554715827255
0.32591689598332757
0.3288339255540661
0.3147268795873589
0.316188255601314
0.30645961404658645
0.31751897745823776
0.2956529742985121
0.29673096913029273
0.31871618205163466
0.3131377194470345
0.30379054057654353
0.293105017917497
0.2944433697724328
0.2916407871799723
0.28266745057821285
0.2850961971935023
0.3085984363068349
0.2976744943195373
0.29848068999922894
0.2870023223524196
0.28836294386339545
0.35839526927871723
0.3461972184670217
0.34664483304771354
0.33426619646398603
0.3348943968029373
0.3225993422466047
0.3229353769300817
0.3116045573786076
0.3231178700352271
0.30035159781014786
0.30027373780875005
0.3231439605367341
0.3111937947918768
0.3000466930768104
0.30027496255913
0.28915517607841434
0.28935613030691476
0.3113935242621949
0.30003852154067295
0.2996430879878804
0.2889429182332429
0.2878926517152963
0.4758997188132581
0.4615940412259003
0.4589053817720572
0.4475744660348062
0.4702362159188943
0.45608599797417065
0.4338381322499475
0.45313858677082364
0.442219973863502
0.4286352825722078
0.43130110688867085
0.42584336038969595
0.4153290630927795
0.4203821788803942
0.46405679031234637
0.45006587539786114
0.44687084811888544
0.4363572481964041
0.4573848902141262
0.4435569854317343
0.42292804752265967
0.40720374493391054
0.40481453700216286
0.3942999694165102
0.4022984544254274
0.38166799133199353
0.4401282276263655
0.4300094662252637
0.4167394717209558
0.41989227685236136
0.4134735743047576
0.40374414103578415
0.4097754121821694
0.3910206132745683
0.3940161638835117
0.3842883926801878
0.3968964809717571
0.3719482860891197
0.3745602328068001
0.39965820532754004
0.38791375932974015
0.37856602752659185
0.36637752286168324
0.3692196198344905
0.3634258981048669
0.3544522383256753
0.3598732999743869
0.38954059557858667
0.3770526255693578
0.37942278436255705
0.36483168342385497
0.369304949681467
0.45024954479876456
0.43658833781044704
0.43293966332370226
0.4232056016924852
0.44267215799131876
0.4291820038396774
0.41009847573979363
0.42531299013239104
0.4159683998714355
0.40302848436172495
0.4066167702121788
0.3993312317756792
0.39035939553578786
0.39726409929038203
0.43464589033661793
0.4213313213991524
0.4172428735832472
0.40829141295765314
0.42620383826908315
0.41306743639870647
0.39552330418668324
0.3846996117304181
0.3813810212326191
0.3724021524998006
0.377958271565658
0.36036886109828004
0.35720798346285343
0.3551029612565213
0.34537423167041015
0.3528749081774353
0.33380083329428034
0.35052655417459927
0.34117943887475577
0.3297424145696294
0.331832179987382
0.3275342809577114
0.318560974324612
0.3224849273200835
0.3480605731076933
0.3454797549250169
0.33650724425876366
0.3427873129352024
0.325210452198041
0.3114236527285915
0.30958755284707484
0.30061414849550017
0.30763225721028603
0.2900535535913512
0.2769591730420573
0.2776120986586914
0.2662812790856245
0.27810385331696036
0.25585610882306054
0.2784372980395837
0.2675184657688803
0.2571838945660705
0.2565996334995554
0.25761175304576445
0.24709727868564063
0.24568080123146846
0.27861529384597894
0.2786407017512905
0.268126227404411
0.27851638277370383
0.25788606995929686
0.23575249528813846
0.23658280432732154
0.2260683299711526
0.2372557571049001
0.2166254442620185
0.27824519795607927
0.26812745213969624
0.25798552315342255
0.258009706323038
0.2578163814847536
0.24808773479196894
0.2478919604877697
0.23843122603264755
0.23835908809137407
0.22863044137576438
0.23814103796717445
0.219357309695692
0.21890179466083765
0.237774214644284
0.23836031281840148
0.22901313585373506
0.21983060323765274
0.21966595888262366
0.2198541037830658
0.21088076718459714
0.21031878192587034
0.2276564688020059
0.2182965527587751
0.21753872296700144
0.2091731479727788
0.20742097715698626
0.27783000839067606
0.2772736751980419
0.26754502824230203
0.27657905938285565
0.25750514239521116
0.27574902155073255
0.26640184438813835
0.2564678163455225
0.2570546670012942
0.2557474511394279
0.24677411423229156
0.24770748982640334
0.27478642171103485
0.2736941197753344
0.26472078683047595
0.2724749775282451
0.2548964315310103
0.23814920951312138
0.2378007772253991
0.22882744043362235
0.23731787702598006
0.21973932157053383
0.19845206771580515
0.19944450139496622
0.189715855271619
0.20028339350936103
0.18120948033435863
0.20097160508244621
0.1916244287253659
0.18319339423113956
0.1822772543908821
0.1839607608784674
0.17498743602604494
0.172930088478012
0.20151199713726284
0.20190743069448464
0.19293409471044115
0.20216076677109818
0.1845822153561904
0.16487484706337852
0.16601414860194824
0.15704101716121785
0.1670037232728132
0.1494262628174149
0.5153076745014491
0.5306897533315047
0.5147912271316875
0.5460718321382124
0.5141042308176311
0.5614539109020344
0.545072700033165
0.5439069887916645
0.529005609812196
0.5588083678768831
0.5425712726863139
0.5132434514384592
0.5768359896563509
0.5922180685671703
0.5753541730047607
0.6076001479177258
0.5737097472974149
0.5122131948850608
0.5266415488095055
0.5110159797612646
0.5410699030205566
0.5096547484315622
0.6229822277631192
0.6056356472036684
0.6035125067644844
0.5886111271465271
0.618413884172785
0.6012269155959684
0.5718990950733491
0.5987833134624172
0.5843549650043011
0.5677947945233994
0.5699266122356035
0.5655065872223005
0.5515436311652329
0.5554982576581435
0.6132116577421594
0.5961841870818111
0.5934324929927043
0.5794695387591666
0.6073954690565335
0.5905310870520326
0.563064830587819
0.5394053877283052
0.5375806711850549
0.5236177097698583
0.5355985933451726
0.508132342793427
0.6383643071617036
0.6537463836038107
0.6359171187284516
0.6691284543359868
0.6333152569286599
0.6845105212777002
0.6661985754436579
0.6631180018366811
0.6482166260073554
0.6780194057706537
0.6598825608568253
0.6305547212194047
0.6998925979172868
0.7152747097736054
0.6964800740619759
0.7306568754867828
0.692920855544799
0.6276400066588623
0.6420683805813494
0.6245736059775311
0.6564967995436197
0.6213584888392247
0.5064516281887161
0.5199568248440041
0.5046154635186586
0.5334620180044402
0.5026267082261711
0.5469672064824165
0.5311738042599621
0.5287368176293243
0.5156817631620806
0.5417918875308152
0.5261539322276295
0.5004882220979592
0.5604723959469046
0.5739776040254999
0.5577321577670133
0.5874828538555554
0.5548469966335696
0.49820286926727425
0.510815430846971
0.4957735223584526
0.5234280285789326
0.49320306159488814
0.7460390646612652
0.7267617091411416
0.7227237302554348
0.7078223296402493
0.7376248967870289
0.7185381982415566
0.6892105452815191
0.71420964342065
0.6997818125834363
0.6813524565618689
0.6853536402736291
0.677209835187365
0.663247367697115
0.6709252491701214
0.7286372628257063
0.709740614991726
0.7051345537017499
0.6911720518054972
0.7190982695992092
0.7003951172161165
0.6729286886089958
0.6529631708438344
0.6492845574342776
0.635321544939204
0.6454636619107346
0.6179974881108685
0.6955258970482063
0.6820181253825279
0.66396443189187
0.6685123283598017
0.6592886521157246
0.6462311761645232
0.6550076698583579
0.6288154972442406
0.6331756686916616
0.6201212178222708
0.637406133188563
0.6031500626036972
0.607066899336381
0.6415032202494872
0.6243293336317843
0.6117145342681751
0.594925426356644
0.5991016862032723
0.5906250546945588
0.5784453126387001
0.5864898064575352
0.6279984835158352
0.6108489701967674
0.6144934061606016
0.5940122611880398
0.600988144584143
0.7090353414458755
0.6905295227962525
0.6854067584338095
0.6723479495881528
0.6984604683930915
0.6801563465065008
0.6544877607452861
0.6747765720456744
0.6621745578248397
0.644512241075719
0.6495626834127586
0.6393346089997005
0.6271665349762736
0.6369460952884274
0.6873672589263404
0.6692690482897474
0.6636441460074038
0.6514912717269985
0.6758157416283979
0.6579261534124727
0.634031068349286
0.6197200922246255
0.6149888700127419
0.6028068905744097
0.6101345782257596
0.5862036293667117
0.5842906521424225
0.5809572881217122
0.5679021500764019
0.5774854953641125
0.5518197773260409
0.5738779830687023
0.5612658116861489
0.5453503490980862
0.5486533146820962
0.5419135825690984
0.5297362465514304
0.5360406729146787
0.5701375882812598
0.5662674928879292
0.5540905469698073
0.5622713322458541
0.5383458214093298
0.5205619758474186
0.5175585977835524
0.5053808251346714
0.5144206430000065
0.4904943597864152
0.7614211578461331
0.7768029688755822
0.757042962915174
0.792184388911789
0.7525257250874087
0.8075656325876482
0.787323199698045
0.7823274722475233
0.7674263818355337
0.7972299097648213
0.7771932367221536
0.7478647558265711
0.822947419179028
0.8383308047638824
0.8176056084603851
0.8537164490884206
0.8121342896521755
0.7430652431658299
0.7574945064858772
0.7381304378479279
0.7719257268146354
0.7330639560529844
0.8691034446666707
0.8478941226971565
0.8419437469357763
0.8270398720492005
0.8568411029474096
0.8358549258581282
0.8065281948661556
0.8296286355888821
0.8152144413451278
0.7949162159293905
0.8007894612591396
0.7889072010004717
0.7749575135733464
0.7863583026692125
0.8440318951298822
0.8232671993945906
0.8167829220624218
0.8028458495730713
0.8307428033103629
0.8102019895519497
0.7827649544889363
0.766526876645904
0.7609972518793823
0.7470311594971648
0.755335445552836
0.7278682662352878
0.8844883592035656
0.8998655326300716
0.8781732424619975
0.9152296203004359
0.8717274383799606
0.9305804745602263
0.9084138994451979
0.9014777158657457
0.8866028628784882
0.9163770809336269
0.894442387634588
0.8651426727490948
0.9459302455531673
0.9613059297400881
0.938670508225326
0.9767707120982096
0.9313440904018204
0.8584341138729297
0.8728601202467554
0.8516278914637231
0.8873514052381979
0.8447665120398294
0.722543984589183
0.736047156805177
0.7170897847210123
0.7495399786833176
0.7115040655725646
0.7630216602095389
0.7436131042334403
0.737566118856069
0.7245364260035193
0.750616604026575
0.7314242903114182
0.7057887645297727
0.7765012231945936
0.7900025928894813
0.7701417512339314
0.8035663589188984
0.7637280480408856
0.699954721864261
0.7125619492427019
0.6940267199620366
0.7252286902787844
0.6880453969400762
0.4876502494517585
0.4994006774017682
0.48467348871899485
0.5111508089562093
0.4815667733270772
0.5229005504781896
0.5077518730462809
0.5042269213997517
0.4928969279747776
0.5155575823816441
0.5005795266646449
0.47833285411583093
0.5346502006801055
0.5464006243131448
0.5308303279783754
0.5581529286239129
0.5268900689581958
0.4749747667181332
0.4858932999698366
0.4714960414394235
0.4968135894807638
0.46790060424947744
0.5699074476415193
0.5539154844508924
0.5495604697417869
0.5382248788605579
0.5608925907853524
0.5450870180454236
0.5228327699515891
0.5404930091917453
0.5295808878536343
0.5143713387789524
0.5186601035187844
0.5099642732324547
0.4994555093623638
0.5077362968223109
0.5513935185316956
0.5357786759225895
0.5309523408550996
0.5204613804390072
0.5414576528769797
0.5260361977615038
0.5054387712384183
0.4929325985904247
0.4889384402350371
0.478418814395389
0.48483053811470544
0.46419208340107987
0.5816624286694418
0.59341350950576
0.5770004674784799
0.6051552871905141
0.5722157171614919
0.6168855772736352
0.6000519376226832
0.5948339143903054
0.5835272885248658
0.6061571214000556
0.5895244856668564
0.5673087691144747
0.6286115053799388
0.6403550944993497
0.623099704089453
0.652155279298476
0.6175354485586375
0.5622884878131448
0.573198936145773
0.5571776121149437
0.584163015842412
0.5520150921736331
0.4603725900968437
0.4704935635143339
0.45644172400462796
0.4806066188256144
0.45239715499940336
0.49070798748362965
0.4762661683423659
0.4718163492876187
0.46211045298667386
0.48153425091440827
0.4672782062342685
0.448237980592105
0.5008025892357235
0.51091038612802
0.49607735736916525
0.5210687884594265
0.4913012154669484
0.4439707380814232
0.4533063628451454
0.43961586031486605
0.46268948379415914
0.4352107038327287
0.1506333094751795
0.15923952467530195
0.15169253661385373
0.1678464320991333
0.15260680525647705
0.17645350549924887
0.16854513610432365
0.16910269631107283
0.16085438350843512
0.17735118507713699
0.16952197373936334
0.1533789764263489
0.18506061868612272
0.19366774140138998
0.18539883188668904
0.20227486638605602
0.18559971597526473
0.1540119111466599
0.16190848184353487
0.15450847043889102
0.16980582940643796
0.15487151532127783
0.21088199192522805
0.2022525905797114
0.2020968004356975
0.1938482569617837
0.21034534467314836
0.20181035705298184
0.1856661319828733
0.2013961213893698
0.19349852984466054
0.18540700406047117
0.18560094097811575
0.18508718224352122
0.17753292740153143
0.1777033629183054
0.20929371306044936
0.20085695399179523
0.20019571493617916
0.1926414480009706
0.2077499801214936
0.19941526467867232
0.1846443362010386
0.16995712433644233
0.16997871958301358
0.162424707840377
0.16987347623849364
0.15510390681363262
0.21948911769739238
0.22809624370519
0.2191063532532153
0.2367033697202401
0.21859388912580602
0.24531049479159342
0.2359601155911878
0.23509097458346628
0.22684243290955042
0.2433395138349687
0.23409880767159513
0.2179545857310048
0.2539176174347606
0.2625247377387947
0.25281387018282475
0.27113186201763007
0.2515880556229224
0.21719130306670903
0.22508889067143917
0.21630690181913403
0.23298647968134578
0.2153042459290081
0.1552085059558599
0.1624259498078055
0.15518817382722788
0.1696442553565043
0.15504577150559767
0.17686276671903964
0.16929391772835728
0.16882532366460212
0.16193509609962453
0.17571576506706899
0.1682413333552248
0.15478415988639813
0.1840813261138992
0.19129989499048616
0.18340101226972805
0.1985184663687488
0.18260625709682965
0.15440619942942735
0.16097503163584587
0.15391475030230925
0.16754480858323362
0.1533126737335224
0.2797390069815954
0.26966764762696727
0.2680852098427182
0.25983661448395234
0.27633383545163565
0.2663874016789708
0.2502430465056191
0.26457701304364656
0.25667938645645316
0.24720692886396511
0.24878171816077577
0.24552148242113564
0.23796716797223585
0.24088408264272487
0.27247440120594735
0.2626567445962781
0.26062927450002193
0.25307559655223555
0.26818255944351876
0.25849750600388766
0.24372809602593143
0.2317568618452281
0.2304128289011793
0.22285852306471116
0.22895724283913854
0.21418620526001184
0.2562649553596974
0.24904706032844914
0.23982836071239233
0.2418294421487186
0.23772824954261568
0.2308385453381801
0.23461138202207782
0.22207475227878762
0.22394894124213882
0.2170588698991443
0.22572259360412877
0.20861735010271026
0.21016843736919721
0.22739291941222073
0.22010330356311691
0.21353411951020707
0.20521378493930115
0.2069648805687738
0.20336722603400648
0.19711088646248776
0.20039517349356062
0.2201742925068818
0.21161545600301257
0.21295565377914477
0.20327787235648032
0.2057370474161932
0.2634848471831718
0.253935924950234
0.25151481810349874
0.24461971106108962
0.25841304453514663
0.24900425415010624
0.23553334623393574
0.24640300935877524
0.23982621972700532
0.23087607904274976
0.2332482425726794
0.2284161434801787
0.22215097011340687
0.22667397126536226
0.2529699397227998
0.2437066189648181
0.24091352195456767
0.234672177391876
0.2471511820130951
0.2380358190234342
0.22586375136071302
0.21803872698668098
0.21588574488444412
0.20962475419697635
0.21364803133885846
0.2014291935676607
0.19750818862064717
0.19638730461518278
0.18949676838441065
0.19515868067527053
0.18169992801444307
0.19382514983997212
0.1872550204825985
0.1795640331522703
0.18068489742727945
0.17834017439639605
0.1720828680372652
0.17411481648609667
0.19238947950404586
0.19085437059271007
0.1845974080494103
0.18922256210886257
0.17701610098946607
0.1667386155769469
0.1658256258825504
0.15956864742413107
0.16480870866389585
0.1526028347425441
0.2883461920802114
0.29695340230414125
0.28652154868913493
0.3055605249239788
0.2845823981443244
0.3141673356999559
0.3033750335469645
0.30107850107473955
0.29283068453415495
0.30932608123515626
0.2986739817850307
0.28253142747469095
0.3227736789169483
0.3313798856717367
0.3202270954749532
0.33998710637358875
0.3175745001576308
0.2803713301612716
0.28826793589067334
0.2781050822420985
0.29616519562438626
0.2757363088416136
0.34859687709209486
0.3370833401212376
0.33407939935757025
0.32582538990705134
0.34233406964351143
0.3309761856401796
0.3148201662602975
0.3277714533576024
0.3198719564463647
0.30901851985627915
0.31196774995603854
0.30597036992161997
0.2984130135985703
0.30406480908938527
0.3356596257723071
0.32446223695808285
0.32105128630364954
0.3135166215183751
0.3285897407103605
0.31755534062106117
0.3028199183647854
0.29355645840849354
0.29085169245776454
0.28329225434512606
0.28805257534060114
0.27326933714641555
0.35720952717378973
0.3658222505668165
0.35394847059506296
0.3744289864180329
0.3505833591729509
0.383024134254184
0.3707910423174464
0.3670488623104483
0.35882116751776383
0.37528334991845136
0.3632208272971178
0.3471116489736845
0.3916098748547717
0.4002037944684189
0.3876100523268834
0.4088419857204403
0.3835604392793923
0.3435369580514178
0.35141962464304277
0.3398768822822634
0.3593431739347254
0.3361672986062577
0.2707083423496787
0.2779343426967117
0.2680554532421652
0.2851572066668392
0.265309057177475
0.2923692663089139
0.2821618040307622
0.2790671515538452
0.272194670037338
0.28593999994705144
0.27588797808944865
0.2624650026081239
0.29956897399916693
0.3067708229410613
0.29623332887274684
0.3140099215618709
0.29284815021613675
0.25952295391352964
0.26607440570316
0.25649642577519827
0.27265909084967543
0.2534198482134651
0.1517881037992777
0.15773888474006426
0.15087135115771513
0.16369070868441402
0.14985542713336117
0.16964270846264823
0.16247441608548463
0.16116255869065907
0.15550856139542596
0.16681643772329685
0.15975787362717403
0.1487431318878607
0.1755945286353771
0.18154595048332578
0.1740781924191941
0.18749712064618124
0.1724700895173742
0.14753720304775236
0.15289984603228818
0.14624037768951437
0.15826331679782213
0.14485558516185792
0.1934491855215818
0.1856818701296778
0.18378154491388163
0.17812438724067298
0.18944363055104171
0.18180077312131537
0.17077387779116676
0.17974127488604213
0.1743657946093347
0.16713584609364285
0.1689941555071411
0.1652017194266071
0.1601080917433675
0.1636274903515869
0.18511153901085026
0.17759898625421683
0.17536657749280576
0.17029234839974564
0.18042543712406922
0.17304657319883981
0.16318873765164638
0.15668241020072105
0.1550195517809676
0.1499359846870899
0.15327973956623836
0.1433862595879014
0.19940446276566226
0.2053644017055902
0.19729722106926995
0.21132552970591612
0.19510822550236262
0.2172784762885615
0.20891348632658369
0.20640755948780104
0.2007659139116319
0.2120404798072707
0.20381611419263373
0.1928328891532345
0.22321600430536448
0.22914748254819928
0.22048331978233704
0.2351075249694854
0.2176992209190579
0.19046535753849192
0.195807377845614
0.18801143022850875
0.2011720320582518
0.18550305005251805
0.1418366094978094
0.14664816954899718
0.14021147527477845
0.15146671222572367
0.13851514847298496
0.1562852662184075
0.14957907483040633
0.14760794943449984
0.14306745771099222
0.15212472058431353
0.14554644397429178
0.13674839216485835
0.16108838968626998
0.16587202564925618
0.1588989990357097
0.1706693657069353
0.156648096074053
0.1349037631717342
0.13916146102271354
0.13296728568829896
0.14341652814185177
0.13095082583526585
0.9463342397744808
0.9162922402866674
0.9238954339419009
0.8867097001932541
0.9018456201475661
0.8576125608790903
0.8652336976189475
0.8441227759431132
0.8727575398326595
0.8159653326850931
0.8233551106696252
0.8801428252042902
0.8290119078441646
0.800907314559175
0.8084787037155121
0.7732939417342336
0.7882945865799431
0.8587923211091585
0.830638609504673
0.8377896502954455
0.802931339386102
0.8171322559628958
0.7461670094379187
0.75368037546974
0.7344085887323316
0.7611103625976123
0.708185233687251
0.7154657292462085
0.7684472479198989
0.6968514280427193
0.7226565039682394
0.729757575797844
0.7489360450378202
0.7109091128155798
0.7367699151350886
0.7756941840298145
0.6715168773480902
0.6785622131718322
0.6605953714276519
0.6855190030829784
0.6361343657929794
0.642948006203814
0.6923877624459951
0.7828479145953443
0.7631021200266572
0.7898972863448238
0.7436910621461117
0.7968172190399433
0.7195238232433557
0.6933637602984077
0.7008132749737905
0.6676873177933704
0.6824380501571677
0.6424951674313355
0.649865293789531
0.6323712118637763
0.6571665579919855
0.6080525870231299
0.6151905563425547
0.6643839259274352
0.6177876763275478
0.5935648789125999
0.6008390657497252
0.5698266557150126
0.5842109808877315
0.6466507556596803
0.6222527067497953
0.6292350318137949
0.5983232386194279
0.6121340471385038
0.7768416895748037
0.7505101952981954
0.7572028040734663
0.7246118875267447
0.7378977017965632
0.6991693894875811
0.7058617333153684
0.6874377389191911
0.7124544298605797
0.6628697066577167
0.6693370432019689
0.7189235213973685
0.6741906718559166
0.6496747273830579
0.6563149782848534
0.6256172648980343
0.6387578213846435
0.7002774016492506
0.6757070995451672
0.681956481279717
0.6515567851609658
0.6639578990076673
0.5465728964466123
0.5537360787643321
0.5379587526453091
0.5608464059683014
0.5155479280842326
0.5224794473529708
0.5678886307054393
0.507298258859987
0.5293504940981515
0.5361575687975813
0.5518720078778818
0.5207426156924688
0.542898081408566
0.5748629178898368
0.4857152143928274
0.4924116195523361
0.4778168371552294
0.4990489090204998
0.4570463186083402
0.46351101031866837
0.505624248539208
0.5817657367484149
0.5655153475918026
0.5885941875962611
0.5495691724752443
0.5953449038612493
0.4494912876179644
0.4699184562730745
0.4762658537979536
0.4907996156534121
0.4620201024917744
0.4825504520056598
0.5121348943090287
0.4887694720422465
0.5035273699887632
0.5249507095431514
0.5185780454405367
0.5312495985772432
0.546819957893171
0.5339243594595893
0.47430149069686367
0.49491995714860115
0.5009986473709784
0.5159767821127184
0.486312333232943
0.5070020881626656
0.5374712816462313
0.5561678233657303
0.5626907211544284
0.5788647496025343
0.5691344658287005
0.6020145304070409
0.42951803577258674
0.43575480570800496
0.4222987040890343
0.44193623000472476
0.4031074595782337
0.4091201215819913
0.44805950059185273
0.3962161971700494
0.41507934081871445
0.42098230101272616
0.4343811871090145
0.40785998127726164
0.4268262481272548
0.45412186585586667
0.3777917007651627
0.38358406979803605
0.3712208784205848
0.38932490021861205
0.35354787106676566
0.3591237619909703
0.39501136687023464
0.46012056501768167
0.4462238340841681
0.46605267818916774
0.43260843697948115
0.4719149785792964
0.6086002843784521
0.5918942040160851
0.6151007743317937
0.5754961625733572
0.6215163402400539
0.5594032989454878
0.5817742555077123
0.5879689621336333
0.6045876740853708
0.5716573436183007
0.5940813202054263
0.6278479790924765
0.5436127519823437
0.5281216605296741
0.5496722833032541
0.5129271634178427
0.5556499577841765
0.6340941037641123
0.616946137989667
0.6402453144234816
0.6001100268173627
0.646278793532942
0.5238035602074437
0.5015186573366435
0.5085557491003936
0.4797182110949989
0.49361390186657383
0.4584022353260275
0.46529792689439975
0.4511762999892319
0.4721566857690793
0.43067275539360306
0.4373372799201634
0.4789623670566925
0.4375707321914884
0.4172236986683325
0.42396271568264055
0.3973611319745217
0.4106460530150586
0.46460133773920176
0.4439566443504239
0.4505272237277749
0.4237811541952409
0.43673733807446835
0.37798303114569387
0.38455012206515626
0.3720231643322518
0.3910961900677864
0.35342697515862587
0.35976340013255864
0.39760429063071223
0.34777130795019606
0.36606995588161706
0.37234298029966384
0.3848378114283353
0.36011712091453263
0.3785798023257063
0.4040748765553799
0.3299418671965869
0.3360432301232139
0.3245764956461089
0.3421160192498496
0.30749854985593883
0.31336819817719663
0.34815732818587986
0.4105043102579602
0.39750406645853464
0.416889914244345
0.38477751897168355
0.4232287782079802
0.3590893963521038
0.34068022796761177
0.3470601345122012
0.3227555261782637
0.33530762275243475
0.30531529100141785
0.31149275378336105
0.30049942928092366
0.3176651074162318
0.283810588349494
0.28975788503076605
0.32381459788519573
0.28835952240198337
0.2718882203557873
0.2778479806266769
0.25590138485719205
0.26759858459261543
0.3125816338813089
0.2956906082782452
0.3016050505387656
0.27926879048599085
0.29088218217316575
0.40999869302792163
0.39093328067637423
0.39704421915
0.37232181699140127
0.38436249612268425
0.35416430786974185
0.3601340970602137
0.348211498738599
0.3660638369071403
0.33080548582214064
0.336551160866548
0.37195066279573435
0.3364607515999186
0.3192111452741846
0.32502452762503686
0.30241548750107716
0.31384579583456407
0.3598058581867213
0.34225869375054496
0.34792522127421777
0.32515022245534086
0.33630589104706454
0.6289163035369418
0.6060461844007647
0.6118675676806169
0.5835829092312024
0.5951297246026861
0.5615468437017237
0.5673619242196639
0.5514442107765412
0.5730868191455025
0.530221663582942
0.5358269079018416
0.5786999129176218
0.5399439438904929
0.5187719701295197
0.5245364412112149
0.49802639946292776
0.5094245890359397
0.5625752712134182
0.5413443280496155
0.5467529380490921
0.5205071546028455
0.5312300519518867
0.47770399557596555
0.4834165074648089
0.4690946262056974
0.4890504283486673
0.44955411392165245
0.45505789444843714
0.4946055266707503
0.44130345093466516
0.46048477023986245
0.4658343286827996
0.48007639343911557
0.45187647176278606
0.47110765033596647
0.5000828942023208
0.42252955306072915
0.4278284343827917
0.4146299834857965
0.4330521079561399
0.39660742267390914
0.401705236908829
0.4381999620602003
0.5054820898953256
0.49074885280496816
0.5107958201832914
0.47630458236903134
0.5160037514141365
0.4578037222937162
0.4383259848506064
0.4439757032632284
0.41927151279303976
0.43042806037930914
0.4006407111258658
0.40621020061991364
0.3934216395607907
0.41171698947534463
0.375542367130298
0.380902968721746
0.41715793253905165
0.38243359675486865
0.3646500197218462
0.37012380988905214
0.34728985946410507
0.3580791452250847
0.40416245864653133
0.3862028045884264
0.3914387776143614
0.3686513272139246
0.3789840283654759
0.5010711748897383
0.4814184042408881
0.4864294607901743
0.462146417638282
0.4720757474800104
0.4432730472716737
0.44827149767926544
0.4346769615769678
0.45318918847540535
0.4165562009201804
0.421359948437951
0.45800717327178964
0.42480193897721363
0.40672955346587913
0.41167954193790524
0.3890513332865989
0.39882991038905136
0.4442208764202177
0.42608528061863765
0.430713995115522
0.4083175973940526
0.41748366747583676
0.24039901590834467
0.2461258149066492
0.2366050885473331
0.25186341799290246
0.22182359625800008
0.22732072914694534
0.2575932621636331
0.2182735971358311
0.23281858382876386
0.2383134076619839
0.24783277828177636
0.22903249526241942
0.24380254940264476
0.26331618049632055
0.20419781820512167
0.20945994468722196
0.20087712208065678
0.21472401948850545
0.18749180304093754
0.19252221794957192
0.2199871309727235
0.2690284429033002
0.2590341819194689
0.2747273928376931
0.2492830986803037
0.28041012118663877
0.1843923832645662
0.19755644987972268
0.20259163493511395
0.21117446546694524
0.19423577901828532
0.20762491276814432
0.22524643002564065
0.2126534222010446
0.22146036610001657
0.23574213903204022
0.2304990528283345
0.24097282747395837
0.25047023158655723
0.2397723435632606
0.20407536014519928
0.21767430226075696
0.22268469193127943
0.23171193459935835
0.21388823844880483
0.22768173018428378
0.24618825714996845
0.2547522061013566
0.2602070079242397
0.27018601766028877
0.26564464373757796
0.28607377819448065
0.1716822656233683
0.17648475414566195
0.16879647025043953
0.18129296484533686
0.15674629523525796
0.16132467039386678
0.18610403653533047
0.15406649359159585
0.16591067495428835
0.17050144788332167
0.17819354650098274
0.16302487966153933
0.17509412815917252
0.19091510823021723
0.14266100241431
0.14701907881148668
0.14017956503278034
0.15138669195220644
0.12940349890439037
0.13354509123200559
0.1557609808121791
0.19572331890074984
0.18759443744681303
0.2005258075362359
0.1796858547599233
0.20531971312848285
0.2917155000179582
0.28126537531965834
0.29733242603295784
0.2710622522370696
0.30292169506133326
0.26110326978250953
0.276456972216957
0.2818259425629476
0.29224936431494963
0.27164856878301713
0.28716630282669103
0.3084804468950346
0.25138556692507874
0.24190628264419656
0.2565618955776159
0.23266255591682442
0.2617143819505895
0.31400582247473663
0.3031150999038861
0.3194949630181011
0.29247519371902486
0.32494500649245683
0.12711279638633782
0.1376981276514991
0.14185974713927593
0.14870689031241696
0.1352166902698167
0.14602708867132236
0.16013908436748164
0.15019729122462439
0.1572532890725437
0.16889529148009153
0.16451814159576028
0.17326767301017326
0.1809530959112846
0.1719947098172362
0.14334728702904453
0.1543674937805145
0.15853483532697532
0.16579587315639777
0.1514816984989239
0.1626964548513875
0.17763242517139285
0.18427376667071688
0.18885500288271592
0.19697625494745652
0.19342670237798826
0.21010217465458442
0.16684949131384263
0.17431175442718283
0.18632759710684374
0.1819866869127465
0.19065229456727972
0.19874398266646626
0.1898771497933311
0.21156091106045538
0.20705596952652444
0.21559111617021354
0.20253004687315856
0.22906035772999778
0.22435228362043744
0.19798600409169848
0.216042011183123
0.22477838317462723
0.23839640149310554
0.2337426833498018
0.24301865292087313
0.252414968498463
0.24293777273501937
0.20631611083056867
0.2196213210869314
0.2148703310326215
0.23334233290025747
0.223651525720505
0.15959703654988988
0.17099108360789778
0.17511837056102073
0.1827780442063175
0.16767041260887855
0.17922849108039268
0.1949579182414219
0.18331858452634459
0.19117185404658277
0.20350050328451208
0.19924160764541948
0.20773174614915474
0.2162144415429192
0.2075307063488514
0.17567893805905258
0.1873857911473823
0.19142725184800538
0.1994703032578114
0.18359973089701492
0.19544010598712208
0.21193247488125844
0.22049641066335035
0.2249212504581657
0.23385503391223111
0.2293136682006519
0.24760657397181074
0.23762430792821987
0.24256412503291302
0.25202052104182493
0.24747914644695945
0.2668401654117103
0.2523665123564962
0.2620317632401957
0.27700018627462075
0.27193638641175877
0.2820287047725166
0.29238441674975013
0.28208324289643494
0.25722336396986845
0.26204684165820596
0.27191713341236745
0.2668340802188802
0.287019074978214
0.29774975657325353
0.3029871303549213
0.31383970659884075
0.30818444630878306
0.33035308229846627
0.11695089651777894
0.12087981947279204
0.11484329946840457
0.12482209386835227
0.10528030707045873
0.10900037535012555
0.12877485868108424
0.10334818609459473
0.11273570241899154
0.11648342725385505
0.1225313913501109
0.11062810536896558
0.12024068883097014
0.13273525288707572
0.09436884237549423
0.09788387067712528
0.09260456806744075
0.10141606511657991
0.08419361419021418
0.08750741721171153
0.10496256467079483
0.13670041546284215
0.13025381550303666
0.1406674853881985
0.12400462612657884
0.1446336016492638
0.0825895569568153
0.09084029371963881
0.09418938269103069
0.09948394412921716
0.08907601920575914
0.09755182310254931
0.108520508316226
0.10092475393040054
0.10641291125331331
0.11565928378672122
0.11208703502902254
0.11923439357154754
0.12529094074012045
0.11794998631011508
0.09561970191244518
0.10430531415141653
0.1076906427459913
0.11336858125749891
0.10219771689180573
0.11107787870028804
0.1228095033711161
0.12777237811922165
0.13154108379307078
0.13798768375499948
0.13530788213649952
0.14859590323436428
0.07473173328127822
0.07784812573111344
0.07328026019890882
0.08098549901597693
0.06596029281290791
0.06888308958919495
0.08414099211295936
0.06465371179270049
0.07182877454911091
0.07479448666976472
0.07938143812435061
0.07037723649069269
0.07777736492814352
0.08731174399890773
0.05785607321547212
0.06058909261935863
0.056685641215001234
0.06334690755548167
0.050390299287543815
0.05293742068517786
0.06612665700094275
0.09049489365018973
0.08554746590276263
0.09368758004323252
0.08077454830083217
0.09688694215684913
0.15255152911245923
0.14571010797864437
0.15649761819571162
0.13906991212545877
0.1604313093273971
0.13262808052962044
0.14282431268872947
0.1465682226862104
0.15339819969405266
0.1399385172808929
0.15029878098456506
0.16434974138947817
0.12638175216662617
0.12032806600684319
0.1299482789017889
0.1144641609989942
0.13350622245385335
0.16825005361946338
0.16102907018278662
0.17212938603388062
0.1540131267246458
0.17598487938033866
0.3357163097962078
0.32440025194537436
0.34103181081248857
0.3133388248717651
0.3462967417092827
0.30252916753801906
0.3184473849450423
0.3235072738763589
0.33477373828182433
0.3124944874198585
0.3285157069850776
0.3515083283673396
0.2919684189096231
0.2816537179552649
0.2968738535548726
0.27158220364718744
0.30173251783252053
0.3566638541530347
0.34493768865887076
0.3617605429288243
0.33346996985437527
0.36679534983511874
0.26175101496149833
0.27628832807374437
0.2809495849123739
0.29121850402776345
0.2709228993868119
0.2855631643613076
0.30654161502045774
0.2901263440392122
0.3005888848329993
0.3160002415181814
0.31129842881574976
0.3206441221764545
0.33179712814461293
0.3222578368646617
0.2799079455523666
0.2946364286117329
0.29909054632944876
0.3097428818813607
0.28868425462704184
0.30348539359853477
0.32522670856810254
0.33836731748299786
0.34320476074728334
0.3548698809732994
0.34797889116169833
0.3717648322627106
0.2521572908784465
0.2427981703826239
0.2566679199511561
0.23367079246307765
0.2611355863457216
0.22477229611331417
0.23798974068148426
0.24226763327128867
0.2515847846786923
0.23318127100641897
0.24650163351150345
0.26555746670426283
0.21609982033114739
0.20765050411838756
0.22023090183607527
0.19942148648031882
0.22432283676604586
0.2699308284829187
0.2601921319306607
0.2742529926703686
0.2506889949810731
0.2785211459217428
0.37666541122050223
0.36454460927571386
0.3814942184729469
0.3526860659777609
0.38625018380075216
0.34108691980908445
0.35732321430780056
0.36188900350619435
0.3739375016670805
0.3501018288603204
0.36638424599344854
0.3909342279554995
0.32974430920533304
0.3186553725515052
0.3341936517782771
0.3078172481779641
0.3385731172952068
0.39554704760671733
0.3830454382723417
0.40008378778320164
0.37080990862831986
0.40452703153839165
0.2253811135117394
0.21084767766823487
0.21632625659955207
0.19679870837774022
0.2075189411266477
0.18323420564004322
0.1884493057147914
0.1803401423393615
0.19369112315380854
0.16746599868314777
0.17245193263076475
0.1989402859666603
0.17015416945505601
0.15755859982278375
0.1624949622521828
0.14544749674325258
0.1550686921851166
0.19059124703804153
0.17745388363492337
0.18246805397233234
0.16478572799561853
0.17456806237044098
0.13382086021647704
0.13846322621140034
0.13170459066363574
0.1431482228452736
0.12073779564021508
0.12515149549054694
0.14785566913880177
0.11880518307507795
0.1295965076597128
0.13406898934092232
0.14085704000802257
0.1274888833811561
0.13856631057475705
0.1525867801199945
0.10848306625412432
0.11266181542367562
0.10671876410136769
0.11687303455669032
0.09702607201519192
0.10097311271676429
0.12111380699353855
0.15733773552376346
0.1501053161374818
0.1621059000693421
0.14308555595779382
0.16688835960959303
0.12267869024244009
0.11202098682104869
0.11635409759257154
0.10184774995217849
0.1102478377750242
0.09215897963599856
0.09616757639537565
0.09069843351914819
0.10023471706803969
0.08163898712818071
0.08541941772532945
0.10433941168608626
0.08295467587358174
0.0742348386666268
0.07790366261941935
0.06599946801354067
0.07305637789531225
0.09863015719686033
0.08924645590327629
0.09311621377208765
0.08033196237330256
0.08779495829816744
0.1594260969569385
0.14762387726533382
0.15217841046248864
0.1362756065483996
0.14514243980035135
0.12538128480606137
0.1296726038893049
0.1232736876711433
0.13398490394569285
0.11300879097665614
0.11707599670107754
0.1383153237815885
0.11494091203831916
0.10495448824518533
0.10896733442549947
0.09542201342666132
0.10319021386223592
0.1316942014227741
0.12116609061691
0.12527621169154876
0.11107666999659954
0.1190584935672005
0.05824856390132054
0.06156235627540857
0.057321670910127825
0.06495060582186105
0.05016957315874282
0.05325569933757321
0.06839151360778623
0.0493660658914452
0.056403728365106987
0.059609727265052266
0.06391059860387707
0.055486287120039245
0.06287108736159751
0.07188667660682128
0.04279761118035065
0.045648842407962416
0.04210142172951534
0.0485630652451604
0.03610135653758063
0.03872088240433755
0.05153735800678551
0.0754321843861189
0.07071746597150391
0.07902542295029183
0.06618488822555138
0.08266347312750078
0.03550437762387626
0.0414052609056625
0.04415162758454258
0.047760092963369735
0.04070910149489876
0.04695712222491383
0.054568873948810506
0.04981888361354078
0.05365146233896774
0.060792121987026826
0.05765474868600036
0.06397813264269506
0.0683791012043537
0.061831603897704215
0.0461541513848753
0.052734050772393626
0.055699762668020056
0.05975264015299374
0.05181663902388928
0.058713158279946956
0.06720991967392065
0.06954828281855599
0.07295840682577409
0.07771891071340878
0.07641239999922791
0.08634348758274314
0.03005744247006436
0.03244904230979179
0.029552013559921146
0.034907399511107065
0.024642932093982058
0.02681041880319541
0.03742965285505195
0.024221349170217038
0.02904657007348086
0.03134852486961712
0.034310418042484636
0.028541065274413024
0.03371342217097044
0.04001294136379174
0.01983454986282053
0.021781741629024638
0.01948788319799407
0.023799505295911738
0.015602543448445864
0.01733331963104744
0.025884979839093675
0.04265440400368041
0.03931677785229157
0.04535117975439891
0.0361384009540871
0.048100407592418015
0.09006260207104941
0.08489201837358756
0.09381795632788795
0.07990740113353129
0.09760668915178511
0.07510588936977083
0.0834405492486726
0.08700898331159457
0.09221389931253679
0.081989080127914
0.09060984230172825
0.10142593956181348
0.07048462204741843
0.06604073813800465
0.07379937874266732
0.06177137658463358
0.07715132873614683
0.1052728465251282
0.09966166526598053
0.10914454902110125
0.09424026519556153
0.11303818602624202
0.05098212630684327
0.0442001552444609
0.047143657322989155
0.03790265087611394
0.04349431255166647
0.032089613517150936
0.03464756564082011
0.03157430266277074
0.037295889054779624
0.026329553519359727
0.02866034015439453
0.04001197490398736
0.02676104302187899
0.021916937183633585
0.024074082977792836
0.017557291188123887
0.021561641899589347
0.03669836421451875
0.03106832493878308
0.03354952974581063
0.025907493197515577
0.030562869510747465
0.013682105547691913
0.015423202429329557
0.013456324670859481
0.01727056724236907
0.010118896490725577
0.011633313890028252
0.019200794372433567
0.009956130921583886
0.01324021983434721
0.014935594661113067
0.01699344800514785
0.01302459295173972
0.016716852999864952
0.02121586842303981
0.007140957589208406
0.008420539952000618
0.007023040027979408
0.009793628833236787
0.004708909914725844
0.0057568556009261074
0.011257304903033831
0.023311787943633644
0.02087062511064937
0.02548595997582484
0.018581068988342886
0.02773546018872675
0.010291409742142186
0.007385273281889216
0.008694869699130546
0.004963662279550916
0.007258227478033257
0.0030258180896328545
0.0038890729537428845
0.0029656248629455987
0.004874111546502939
0.001528570537791448
0.0021658500480013472
0.005957472993503687
0.001568727539778568
0.0005841729299351968
0.0009979221470023236
0.004793760730270921
0.0029105678715934643
0.0037591779246695543
0.025064452681692932
0.020525396501503743
0.02254697092296112
0.016440223927071305
0.020180105975939812
0.012808722286807985
0.014445016146570597
0.012591702966239526
0.016163326127117197
0.00946145161667904
0.010873700610708442
0.017960791019028505
0.009629986829169246
0.0069001681731024524
0.008135987004526845
0.01588529784813615
0.012369872922763321
0.013947107538368163
0.10721242804582576
0.09789739097027039
0.10157835860287354
0.08900578529062184
0.09613311667402122
0.08053761100504339
0.08395536452637475
0.07908614187225849
0.08740172827719413
0.07118635742649271
0.07439525627319249
0.09087384123454556
0.07249286810570926
0.06487155655926724
0.0680108371808672
0.057673676223752676
0.06370237480058222
0.08579767125402496
0.0776346726980146
0.08090174567800393
0.06987984657077347
0.07618320335072075
0.05089922649492077
0.05374477543892044
0.04998181070480509
0.05663419340147548
0.04374521596565445
0.04638191044705092
0.05956461935963547
0.042942169153350467
0.04906438129563449
0.051789767488456206
0.0555947073800996
0.04814689502315772
0.054555208002567135
0.0625331922904522
0.03722787989821591
0.03965953821814694
0.036530365722265826
0.04213888025389801
0.03131795457113613
0.03354845609574567
0.04466304498252012
0.06553705117097658
0.061364006643285327
0.06857333497825807
0.05735784181501839
0.07163918268934277
0.04454820480099402
0.038620600196221475
0.04115715887439348
0.033116366095382224
0.03792436344955723
0.028035304235698857
0.030247617462840597
0.027528472604792985
0.03251905849761047
0.022949079576225828
0.024952606613519397
0.03484676631705367
0.023376570845873596
0.01913657506209359
0.021009448718124706
0.03192070029145738
0.027017168807071883
0.029139905133928397
0.06726682031076459
0.06019480790286061
0.06306324524314183
0.053515652875387246
0.05902555452644507
0.04722917138106413
0.04983439842658101
0.04631045708192767
0.05247586509612184
0.04052606296449586
0.04293776260922248
0.05515071036673658
0.04133458071362017
0.035828548684808226
0.038155371315374706
0.05143510664359573
0.04538760922660562
0.04787274179369627
0.3918412252495724
0.3751618163417859
0.3794233864528803
0.3588375979605546
0.3672706528754144
0.3428833738202073
0.3471256456122167
0.33567119099460996
0.3512964717768612
0.3204087316869957
0.3244713736001215
0.3553801621117565
0.3273000083990058
0.31208264096471017
0.3162796417801299
0.2972270743564819
0.30550915706423293
0.3437490516050442
0.32846485849290463
0.3323744586245424
0.313523333018042
0.32125352023890563
0.28273205538739277
0.2868819892962229
0.2767791311402775
0.2909672909378812
0.2629438032476626
0.26691563796261697
0.2949856938894987
0.25728864776607385
0.270824709369917
0.27466839073602634
0.28470639189994607
0.26486883002159944
0.27844662828715316
0.29893744169322445
0.24409774692464822
0.24789529848187625
0.23873272797152773
0.2516320019973701
0.22617099698469045
0.22979807403214253
0.25530484934606157
0.30282420895392614
0.29237114125342323
0.3066440795808936
0.2821612699317908
0.31038337328408716
0.2685983594079887
0.25482704792869304
0.25891303433281476
0.2414185567012192
0.24946231000212582
0.22837277597245992
0.23237795613498277
0.22356433229807282
0.23633570891047984
0.2111480049810095
0.21497482417252098
0.24024332578690014
0.21568946943333067
0.20336851509748027
0.2072783078950271
0.19140990642499955
0.1990864910444698
0.23125322112924634
0.21875609032813653
0.22248913554784622
0.20660657070103844
0.21394820864216008
0.2997611543245481
0.28581123652181417
0.2893839996059975
0.2721917352106964
0.2792490449973176
0.2589134189218545
0.26245967756444444
0.252962237778509
0.2659434288149245
0.24031494491246258
0.24369655702430681
0.26935342591852685
0.24597358823995774
0.23336627188301806
0.23687218614180938
0.2210884744067757
0.22799778235304924
0.25969427725048666
0.2470177535182976
0.2502687332204101
0.23465977695564127
0.24107392725479165
0.1798136734717028
0.18361290296219268
0.1760276151022614
0.1873796922898452
0.1650302892501715
0.16865118185469916
0.1911111577847462
0.16148074222640513
0.17224154539564301
0.1757984977194278
0.18334944703211567
0.1684554487991472
0.17931916485403537
0.19480443114528273
0.15106706518343732
0.1545134352192813
0.1477463998252207
0.15793118654268484
0.13790111303171887
0.1411767750099286
0.1613174392451125
0.19845671078148536
0.19052238326188947
0.20206530688536956
0.18280072693662797
0.20562758009449672
0.13480169964893796
0.14442572790813302
0.14764509421278593
0.15438160805049178
0.1411050366692716
0.15083199632374272
0.16466931642579755
0.15398358754605657
0.16088317224409449
0.17125870197539556
0.16798398276967785
0.17449084579106544
0.1819588825991013
0.17528888054454278
0.14728236716009102
0.15709710586960784
0.1601699052097859
0.1672288067097859
0.15331128093308588
0.16319934050320328
0.17767771734783383
0.18624047293881196
0.18963577720359454
0.19752438966868469
0.19298386634091186
0.20914066539315
0.1255095436851284
0.12861831226081627
0.12262374988409355
0.1317022808526231
0.11386945328866488
0.11681514334573032
0.13475857403092717
0.11118959733290151
0.11973794222636999
0.1226349761279695
0.12860284347715112
0.11685207759715488
0.12550336872160417
0.13778431475066527
0.10295767669347622
0.10574410647870208
0.10047520205335927
0.10850955377347551
0.09274641573400674
0.09537746449902304
0.11125114616846646
0.14077664925231786
0.13446357063923298
0.14373279341653789
0.12834026233124846
0.14665007296055654
0.21260106680187343
0.20433298891475854
0.21600461841406654
0.19628137847510035
0.21934751597677693
0.18844337330559557
0.19952413598553886
0.20270795035185052
0.2109185258343957
0.19471292740386187
0.20583075440073118
0.2226283425390605
0.1808161114084119
0.1733967310843362
0.1839019124030401
0.1661823710870321
0.18693059409972893
0.22584903983444038
0.21726148869664302
0.2290113047036509
0.2088942675739628
0.23210699178769528
0.1685798362718855
0.15770839972316233
0.1613817405441022
0.14719936222088292
0.1543877311682338
0.13705272168119248
0.14058491564652342
0.13416692597202623
0.1440999439960592
0.1245886752462124
0.1279425321473508
0.14759494711388094
0.12726847717577355
0.11784662859906708
0.12122242039604461
0.10878717600061907
0.11536519097484382
0.1410005273458515
0.13128113059560062
0.13460161080925906
0.12190887303534056
0.12839533636503947
0.1000901189752785
0.10329424948489366
0.09798251830583887
0.10649647265376351
0.08982331887741099
0.0928491124958615
0.10969392739656345
0.08789113334878038
0.09587490612762402
0.09889783870638488
0.10420576656264545
0.09376724597247306
0.10191504910499818
0.11288375257431968
0.0802542860611305
0.08310556109006025
0.07848886593055415
0.08595874348275875
0.07135473384473703
0.07403536965129826
0.08881097219043002
0.11606308713155622
0.11040231138464857
0.11922907042597827
0.10492367622828938
0.12237884251676791
0.09175545534765024
0.08378317576414535
0.08680038629565576
0.07617324043666976
0.08201883544383715
0.06892547993283335
0.07174051532793974
0.06747281265298266
0.07456890216263545
0.060727558071608
0.06336432485511331
0.07740777941371454
0.06203917261261731
0.05551124496368426
0.05810891110012628
0.07296367314984212
0.06601635042723258
0.06868077376438247
0.11654926625892092
0.10792085930446896
0.11090373822593258
0.09962428465720172
0.10543936226432044
0.09165938610378349
0.09450112410386254
0.08955069531099485
0.09733332530279273
0.08208872114924126
0.08476744939770892
0.10015312941190117
0.08402550283760271
0.07671982016908813
0.07940522436418686
0.0950415556785518
0.0874385481246627
0.09009915685011727
0.22336505800662554
0.21190117288084143
0.21484525550904873
0.20074452179472513
0.20654471182738393
0.18989933085507765
0.19280939839854352
0.18508604671740292
0.19566444462585125
0.17481123072054416
0.17757161920144948
0.1984605517536766
0.17935808648689655
0.16911502733990424
0.1719925391352719
0.15917017078927648
0.1648310845335314
0.19058989634588613
0.18027820325294158
0.18292986139927908
0.1702632725957008
0.17547755495027362
0.1495258626840874
0.15235727022637952
0.14574080941641548
0.15514055170177432
0.13663440196403903
0.13931792442548213
0.15787085212428625
0.13308572960241322
0.141955541806374
0.14454254169603448
0.1511089663934317
0.1381686640897336
0.14707362870208895
0.16054361754369229
0.12450183866872049
0.12704124176230513
0.12118106094182156
0.1295368487743213
0.11310086113556381
0.11550002904508827
0.1319843187559005
0.1631581695565068
0.15625348049082466
0.16571953348134644
0.14954638370410372
0.16823007284960165
0.1401834186500234
0.1311428571475172
0.13390844912936334
0.12240383063504866
0.12782227076066982
0.11396600760775169
0.11665127747033771
0.11107916489423862
0.11930414612574558
0.10314467879488487
0.10568220322322493
0.12192188752817831
0.10582872839572681
0.09798943935209484
0.10057946942630698
0.11620387459452983
0.10818922465749822
0.1106630041573202
0.16118448997783336
0.15196553822715542
0.15433784018340452
0.1430340540781676
0.147687063074103
0.13437808264063555
0.1367135963011436
0.1305817345915016
0.13899332398964975
0.1224294950899085
0.12463347815207854
0.14122884367365213
0.1259860866220726
0.11785735060907522
0.12016886162900406
0.1349590878911166
0.12677801793462076
0.12887116292070622
