0 0 0
1 0 0
0 1 0
1 1 0
0 0.984375000000014 0
0 0.968750000000016 0
0 0.953125000000024 0
0 0.937500000000032 0
0 0.921875000000042 0
0 0.90625000000004 0
0 0.890625000000033 0
0 0.875000000000025 0
0 0.859375000000083 0
0 0.843750000000129 0
0 0.828125000000193 0
0 0.812500000000258 0
0 0.796875000000287 0
0 0.781250000000338 0
0 0.765625000000375 0
0 0.750000000000413 0
0 0.734375000000471 0
0 0.718750000000536 0
0 0.703125000000619 0
0 0.687500000000704 0
0 0.67187500000077 0
0 0.656250000000837 0
0 0.640625000000903 0
0 0.625000000000951 0
0 0.609375000000979 0
0 0.593750000001007 0
0 0.578125000001051 0
0 0.562500000001097 0
0 0.546875000001129 0
0 0.531250000001162 0
0 0.515625000001243 0
0 0.50000000000133 0
0 0.484375000001289 0
0 0.468750000001247 0
0 0.453125000001206 0
0 0.437500000001164 0
0 0.421875000001123 0
0 0.406250000001081 0
0 0.390625000001039 0
0 0.375000000000998 0
0 0.359375000000956 0
0 0.343750000000915 0
0 0.328125000000873 0
0 0.312500000000832 0
0 0.29687500000079 0
0 0.281250000000748 0
0 0.265625000000707 0
0 0.250000000000665 0
0 0.234375000000624 0
0 0.218750000000582 0
0 0.203125000000541 0
0 0.187500000000499 0
0 0.171875000000457 0
0 0.156250000000416 0
0 0.140625000000374 0
0 0.125000000000333 0
0 0.109375000000291 0
0 0.0937500000002495 0
0 0.0781250000002078 0
0 0.0625000000001663 0
0 0.0468750000001248 0
0 0.0312500000000832 0
0 0.0156250000000415 0
0.0156249999999703 0 0
0.0312499999999407 0 0
0.0468749999999056 0 0
0.0624999999998706 0 0
0.0781249999998464 0 0
0.0937499999998222 0 0
0.109374999999798 0 0
0.124999999999774 0 0
0.140624999999728 0 0
0.156249999999682 0 0
0.171874999999637 0 0
0.187499999999591 0 0
0.203124999999545 0 0
0.2187499999995 0 0
0.234374999999454 0 0
0.249999999999408 0 0
0.265624999999362 0 0
0.281249999999316 0 0
0.29687499999927 0 0
0.312499999999224 0 0
0.328124999999178 0 0
0.343749999999132 0 0
0.359374999999086 0 0
0.37499999999904 0 0
0.390624999998994 0 0
0.406249999998948 0 0
0.421874999998902 0 0
0.437499999998856 0 0
0.45312499999881 0 0
0.468749999998764 0 0
0.484374999998718 0 0
0.499999999998672 0 0
0.515624999998713 0 0
0.531249999998755 0 0
0.546874999998796 0 0
0.562499999998838 0 0
0.578124999998879 0 0
0.593749999998921 0 0
0.609374999998962 0 0
0.624999999999004 0 0
0.640624999999045 0 0
0.656249999999087 0 0
0.671874999999128 0 0
0.68749999999917 0 0
0.703124999999211 0 0
0.718749999999253 0 0
0.734374999999294 0 0
0.749999999999336 0 0
0.765624999999377 0 0
0.781249999999419 0 0
0.79687499999946 0 0
0.812499999999502 0 0
0.828124999999543 0 0
0.843749999999585 0 0
0.859374999999627 0 0
0.874999999999668 0 0
0.890624999999709 0 0
0.906249999999751 0 0
0.921874999999792 0 0
0.937499999999834 0 0
0.953124999999876 0 0
0.968749999999917 0 0
0.984374999999959 0 0
1 0.0156249999999703 0
1 0.0312499999999407 0
1 0.0468749999999056 0
1 0.0624999999998706 0
1 0.0781249999998464 0
1 0.0937499999998222 0
1 0.109374999999798 0
1 0.124999999999774 0
1 0.140624999999728 0
1 0.156249999999682 0
1 0.171874999999637 0
1 0.187499999999591 0
1 0.203124999999545 0
1 0.2187499999995 0
1 0.234374999999454 0
1 0.249999999999408 0
1 0.265624999999362 0
1 0.281249999999316 0
1 0.29687499999927 0
1 0.312499999999224 0
1 0.328124999999178 0
1 0.343749999999132 0
1 0.359374999999086 0
1 0.37499999999904 0
1 0.390624999998994 0
1 0.406249999998948 0
1 0.421874999998902 0
1 0.437499999998856 0
1 0.45312499999881 0
1 0.468749999998764 0
1 0.484374999998718 0
1 0.499999999998672 0
1 0.515624999998713 0
1 0.531249999998755 0
1 0.546874999998796 0
1 0.562499999998838 0
1 0.578124999998879 0
1 0.593749999998921 0
1 0.609374999998962 0
1 0.624999999999004 0
1 0.640624999999045 0
1 0.656249999999087 0
1 0.671874999999128 0
1 0.68749999999917 0
1 0.703124999999211 0
1 0.718749999999253 0
1 0.734374999999294 0
1 0.749999999999336 0
1 0.765624999999377 0
1 0.781249999999419 0
1 0.79687499999946 0
1 0.812499999999502 0
1 0.828124999999543 0
1 0.843749999999585 0
1 0.859374999999627 0
1 0.874999999999668 0
1 0.890624999999709 0
1 0.906249999999751 0
1 0.921874999999792 0
1 0.937499999999834 0
1 0.953124999999876 0
1 0.968749999999917 0
1 0.984374999999959 0
0.984375000000014 1 0
0.968750000000016 1 0
0.953125000000024 1 0
0.937500000000032 1 0
0.921875000000042 1 0
0.90625000000004 1 0
0.890625000000033 1 0
0.875000000000025 1 0
0.859375000000083 1 0
0.843750000000129 1 0
0.828125000000193 1 0
0.812500000000258 1 0
0.796875000000287 1 0
0.781250000000338 1 0
0.765625000000375 1 0
0.750000000000413 1 0
0.734375000000471 1 0
0.718750000000536 1 0
0.703125000000619 1 0
0.687500000000704 1 0
0.67187500000077 1 0
0.656250000000837 1 0
0.640625000000903 1 0
0.625000000000951 1 0
0.609375000000979 1 0
0.593750000001007 1 0
0.578125000001051 1 0
0.562500000001097 1 0
0.546875000001129 1 0
0.531250000001162 1 0
0.515625000001243 1 0
0.50000000000133 1 0
0.484375000001289 1 0
0.468750000001247 1 0
0.453125000001206 1 0
0.437500000001164 1 0
0.421875000001123 1 0
0.406250000001081 1 0
0.390625000001039 1 0
0.375000000000998 1 0
0.359375000000956 1 0
0.343750000000915 1 0
0.328125000000873 1 0
0.312500000000832 1 0
0.29687500000079 1 0
0.281250000000748 1 0
0.265625000000707 1 0
0.250000000000665 1 0
0.234375000000624 1 0
0.218750000000582 1 0
0.203125000000541 1 0
0.187500000000499 1 0
0.171875000000457 1 0
0.156250000000416 1 0
0.140625000000374 1 0
0.125000000000333 1 0
0.109375000000291 1 0
0.0937500000002495 1 0
0.0781250000002078 1 0
0.0625000000001663 1 0
0.0468750000001248 1 0
0.0312500000000832 1 0
0.0156250000000415 1 0
0.5 0.5 0
0.75 0.25 0
0.25 0.25 0
0.25 0.75 0
0.75 0.75 0
0.374999999999336 0.125 0
0.125 0.125 0
0.624999999999336 0.125 0
0.5 0.25 0
0.875 0.125 0
0.625 0.375 0
0.375 0.375 0
0.125 0.625000000000665 0
0.125 0.875 0
0.125 0.375000000000665 0
0.25 0.5 0
0.375 0.625 0
0.875 0.374999999999336 0
0.875 0.624999999999336 0
0.75 0.5 0
0.875 0.875 0
0.625 0.625 0
0.625000000000665 0.875 0
0.375000000000665 0.875 0
0.5 0.75 0
0.187499999999704 0.0625 0
0.0625 0.0625 0
0.312499999999372 0.0625 0
0.249999999999668 0.125 0
0.437499999999004 0.0625 0
0.312499999999668 0.1875 0
0.1875 0.1875 0
0.562499999999004 0.0625 0
0.499999999999336 0.125 0
0.562499999999668 0.1875 0
0.437499999999668 0.1875 0
0.687499999999668 0.1875 0
0.625 0.25 0
0.375 0.25 0
0.687499999999336 0.0625 0
0.812499999999668 0.0625 0
0.749999999999668 0.125 0
0.9375 0.0625 0
0.8125 0.1875 0
0.4375 0.3125 0
0.3125 0.3125 0
0.5625 0.3125 0
0.5 0.375 0
0.6875 0.3125 0
0.5625 0.4375 0
0.4375 0.4375 0
0.0625 0.812500000000206 0
0.0625 0.9375 0
0.0625 0.687500000000539 0
0.125 0.750000000000333 0
0.0625 0.562500000000998 0
0.1875 0.687500000000333 0
0.1875 0.8125 0
0.0625 0.437500000000998 0
0.125 0.500000000000665 0
0.1875 0.437500000000333 0
0.1875 0.562500000000333 0
0.1875 0.312500000000333 0
0.25 0.375 0
0.25 0.625 0
0.0625 0.312500000000665 0
0.0625 0.187500000000333 0
0.125 0.250000000000333 0
0.3125 0.5625 0
0.3125 0.6875 0
0.3125 0.4375 0
0.375 0.5 0
0.4375 0.5625 0
0.9375 0.187499999999704 0
0.9375 0.312499999999372 0
0.875 0.249999999999668 0
0.9375 0.437499999999004 0
0.8125 0.312499999999668 0
0.9375 0.562499999999004 0
0.875 0.499999999999336 0
0.8125 0.562499999999668 0
0.8125 0.437499999999668 0
0.8125 0.687499999999668 0
0.75 0.625 0
0.75 0.375 0
0.9375 0.687499999999336 0
0.9375 0.812499999999668 0
0.875 0.749999999999668 0
0.9375 0.9375 0
0.8125 0.8125 0
0.6875 0.4375 0
0.6875 0.5625 0
0.625 0.5 0
0.6875 0.6875 0
0.5625 0.5625 0
0.812500000000206 0.9375 0
0.687500000000539 0.9375 0
0.750000000000333 0.875 0
0.562500000000998 0.9375 0
0.687500000000333 0.8125 0
0.437500000000998 0.9375 0
0.500000000000665 0.875 0
0.437500000000333 0.8125 0
0.562500000000333 0.8125 0
0.312500000000333 0.8125 0
0.375 0.75 0
0.625 0.75 0
0.312500000000665 0.9375 0
0.187500000000333 0.9375 0
0.250000000000333 0.875 0
0.5625 0.6875 0
0.4375 0.6875 0
0.5 0.625 0
0.0937499999998869 0.03125 0
0.03125 0.03125 0
0.156249999999739 0.03125 0
0.124999999999852 0.0625 0
0.218749999999556 0.03125 0
0.156249999999852 0.09375 0
0.09375 0.09375 0
0.28124999999939 0.03125 0
0.249999999999538 0.0625 0
0.28124999999952 0.09375 0
0.218749999999686 0.09375 0
0.343749999999354 0.09375 0
0.312499999999502 0.125 0
0.187499999999834 0.125 0
0.343749999999206 0.03125 0
0.406249999999022 0.03125 0
0.374999999999188 0.0625 0
0.468749999998838 0.03125 0
0.40624999999917 0.09375 0
0.218749999999834 0.15625 0
0.15625 0.15625 0
0.281249999999668 0.15625 0
0.249999999999834 0.1875 0
0.343749999999502 0.15625 0
0.281249999999834 0.21875 0
0.21875 0.21875 0
0.531249999998838 0.03125 0
0.499999999999004 0.0625 0
0.53124999999917 0.09375 0
0.46874999999917 0.09375 0
0.59374999999917 0.09375 0
0.562499999999336 0.125 0
0.437499999999336 0.125 0
0.593749999999502 0.15625 0
0.531249999999502 0.15625 0
0.499999999999668 0.1875 0
0.468749999999502 0.15625 0
0.531249999999834 0.21875 0
0.468749999999834 0.21875 0
0.406249999999502 0.15625 0
0.656249999999502 0.15625 0
0.624999999999668 0.1875 0
0.656249999999834 0.21875 0
0.593749999999834 0.21875 0
0.718749999999834 0.21875 0
0.6875 0.25 0
0.5625 0.25 0
0.374999999999668 0.1875 0
0.406249999999834 0.21875 0
0.343749999999834 0.21875 0
0.4375 0.25 0
0.3125 0.25 0
0.593749999999004 0.03125 0
0.65624999999917 0.03125 0
0.62499999999917 0.0625 0
0.718749999999336 0.03125 0
0.656249999999336 0.09375 0
0.781249999999502 0.03125 0
0.749999999999502 0.0625 0
0.781249999999668 0.09375 0
0.718749999999502 0.09375 0
0.843749999999834 0.09375 0
0.812499999999834 0.125 0
0.687499999999502 0.125 0
0.843749999999668 0.03125 0
0.906249999999834 0.03125 0
0.874999999999834 0.0625 0
0.96875 0.03125 0
0.90625 0.09375 0
0.718749999999668 0.15625 0
0.781249999999834 0.15625 0
0.749999999999834 0.1875 0
0.84375 0.15625 0
0.78125 0.21875 0
0.34375 0.28125 0
0.28125 0.28125 0
0.40625 0.28125 0
0.375 0.3125 0
0.46875 0.28125 0
0.40625 0.34375 0
0.34375 0.34375 0
0.53125 0.28125 0
0.5 0.3125 0
0.53125 0.34375 0
0.46875 0.34375 0
0.59375 0.34375 0
0.5625 0.375 0
0.4375 0.375 0
0.59375 0.28125 0
0.65625 0.28125 0
0.625 0.3125 0
0.71875 0.28125 0
0.65625 0.34375 0
0.46875 0.40625 0
0.40625 0.40625 0
0.53125 0.40625 0
0.5 0.4375 0
0.59375 0.40625 0
0.53125 0.46875 0
0.46875 0.46875 0
0.03125 0.906250000000013 0
0.03125 0.96875 0
0.03125 0.843750000000116 0
0.0625 0.875000000000103 0
0.03125 0.78125000000031 0
0.09375 0.843750000000103 0
0.09375 0.90625 0
0.03125 0.718750000000476 0
0.0625 0.750000000000373 0
0.09375 0.718750000000436 0
0.09375 0.78125000000027 0
0.09375 0.656250000000602 0
0.125 0.687500000000499 0
0.125 0.812500000000166 0
0.03125 0.656250000000745 0
0.03125 0.593750000000974 0
0.0625 0.625000000000768 0
0.03125 0.531250000001164 0
0.09375 0.593750000000832 0
0.15625 0.781250000000166 0
0.15625 0.84375 0
0.15625 0.718750000000333 0
0.1875 0.750000000000166 0
0.15625 0.656250000000499 0
0.21875 0.718750000000166 0
0.21875 0.78125 0
0.03125 0.468750000001164 0
0.0625 0.500000000000998 0
0.09375 0.468750000000832 0
0.09375 0.531250000000832 0
0.09375 0.406250000000832 0
0.125 0.437500000000665 0
0.125 0.562500000000665 0
0.15625 0.406250000000499 0
0.15625 0.468750000000499 0
0.1875 0.500000000000333 0
0.15625 0.531250000000499 0
0.21875 0.468750000000166 0
0.21875 0.531250000000166 0
0.15625 0.593750000000499 0
0.15625 0.343750000000499 0
0.1875 0.375000000000333 0
0.21875 0.343750000000166 0
0.21875 0.406250000000166 0
0.21875 0.281250000000166 0
0.25 0.3125 0
0.25 0.4375 0
0.1875 0.625000000000333 0
0.21875 0.593750000000166 0
0.21875 0.656250000000166 0
0.25 0.5625 0
0.25 0.6875 0
0.03125 0.406250000000998 0
0.03125 0.343750000000832 0
0.0625 0.375000000000832 0
0.03125 0.281250000000665 0
0.09375 0.343750000000665 0
0.03125 0.218750000000499 0
0.0625 0.250000000000499 0
0.09375 0.218750000000333 0
0.09375 0.281250000000499 0
0.09375 0.156250000000166 0
0.125 0.187500000000166 0
0.125 0.312500000000499 0
0.03125 0.156250000000333 0
0.03125 0.0937500000001663 0
0.0625 0.125000000000166 0
0.15625 0.281250000000333 0
0.15625 0.218750000000166 0
0.1875 0.250000000000166 0
0.28125 0.65625 0
0.28125 0.71875 0
0.28125 0.59375 0
0.3125 0.625 0
0.28125 0.53125 0
0.34375 0.59375 0
0.34375 0.65625 0
0.28125 0.46875 0
0.3125 0.5 0
0.34375 0.46875 0
0.34375 0.53125 0
0.34375 0.40625 0
0.375 0.4375 0
0.375 0.5625 0
0.28125 0.40625 0
0.28125 0.34375 0
0.3125 0.375 0
0.40625 0.53125 0
0.40625 0.59375 0
0.40625 0.46875 0
0.4375 0.5 0
0.46875 0.53125 0
0.96875 0.0937499999998869 0
0.96875 0.156249999999739 0
0.9375 0.124999999999852 0
0.96875 0.218749999999556 0
0.90625 0.156249999999852 0
0.96875 0.28124999999939 0
0.9375 0.249999999999538 0
0.90625 0.28124999999952 0
0.90625 0.218749999999686 0
0.90625 0.343749999999354 0
0.875 0.312499999999502 0
0.875 0.187499999999834 0
0.96875 0.343749999999206 0
0.96875 0.406249999999022 0
0.9375 0.374999999999188 0
0.96875 0.468749999998838 0
0.90625 0.40624999999917 0
0.84375 0.218749999999834 0
0.84375 0.281249999999668 0
0.8125 0.249999999999834 0
0.84375 0.343749999999502 0
0.78125 0.281249999999834 0
0.96875 0.531249999998838 0
0.9375 0.499999999999004 0
0.90625 0.53124999999917 0
0.90625 0.46874999999917 0
0.90625 0.59374999999917 0
0.875 0.562499999999336 0
0.875 0.437499999999336 0
0.84375 0.593749999999502 0
0.84375 0.531249999999502 0
0.8125 0.499999999999668 0
0.84375 0.468749999999502 0
0.78125 0.531249999999834 0
0.78125 0.468749999999834 0
0.84375 0.406249999999502 0
0.84375 0.656249999999502 0
0.8125 0.624999999999668 0
0.78125 0.656249999999834 0
0.78125 0.593749999999834 0
0.78125 0.718749999999834 0
0.75 0.6875 0
0.75 0.5625 0
0.8125 0.374999999999668 0
0.78125 0.406249999999834 0
0.78125 0.343749999999834 0
0.75 0.4375 0
0.75 0.3125 0
0.96875 0.593749999999004 0
0.96875 0.65624999999917 0
0.9375 0.62499999999917 0
0.96875 0.718749999999336 0
0.90625 0.656249999999336 0
0.96875 0.781249999999502 0
0.9375 0.749999999999502 0
0.90625 0.781249999999668 0
0.90625 0.718749999999502 0
0.90625 0.843749999999834 0
0.875 0.812499999999834 0
0.875 0.687499999999502 0
0.96875 0.843749999999668 0
0.96875 0.906249999999834 0
0.9375 0.874999999999834 0
0.96875 0.96875 0
0.90625 0.90625 0
0.84375 0.718749999999668 0
0.84375 0.781249999999834 0
0.8125 0.749999999999834 0
0.84375 0.84375 0
0.78125 0.78125 0
0.71875 0.34375 0
0.71875 0.40625 0
0.6875 0.375 0
0.71875 0.46875 0
0.65625 0.40625 0
0.71875 0.53125 0
0.6875 0.5 0
0.65625 0.53125 0
0.65625 0.46875 0
0.65625 0.59375 0
0.625 0.5625 0
0.625 0.4375 0
0.71875 0.59375 0
0.71875 0.65625 0
0.6875 0.625 0
0.71875 0.71875 0
0.65625 0.65625 0
0.59375 0.46875 0
0.59375 0.53125 0
0.5625 0.5 0
0.59375 0.59375 0
0.53125 0.53125 0
0.906250000000013 0.96875 0
0.843750000000116 0.96875 0
0.875000000000103 0.9375 0
0.78125000000031 0.96875 0
0.843750000000103 0.90625 0
0.718750000000476 0.96875 0
0.750000000000373 0.9375 0
0.718750000000436 0.90625 0
0.78125000000027 0.90625 0
0.656250000000602 0.90625 0
0.687500000000499 0.875 0
0.812500000000166 0.875 0
0.656250000000745 0.96875 0
0.593750000000974 0.96875 0
0.625000000000768 0.9375 0
0.531250000001164 0.96875 0
0.593750000000832 0.90625 0
0.781250000000166 0.84375 0
0.718750000000333 0.84375 0
0.750000000000166 0.8125 0
0.656250000000499 0.84375 0
0.718750000000166 0.78125 0
0.468750000001164 0.96875 0
0.500000000000998 0.9375 0
0.468750000000832 0.90625 0
0.531250000000832 0.90625 0
0.406250000000832 0.90625 0
0.437500000000665 0.875 0
0.562500000000665 0.875 0
0.406250000000499 0.84375 0
0.468750000000499 0.84375 0
0.500000000000333 0.8125 0
0.531250000000499 0.84375 0
0.468750000000166 0.78125 0
0.531250000000166 0.78125 0
0.593750000000499 0.84375 0
0.343750000000499 0.84375 0
0.375000000000333 0.8125 0
0.343750000000166 0.78125 0
0.406250000000166 0.78125 0
0.281250000000166 0.78125 0
0.3125 0.75 0
0.4375 0.75 0
0.625000000000333 0.8125 0
0.593750000000166 0.78125 0
0.656250000000166 0.78125 0
0.5625 0.75 0
0.6875 0.75 0
0.406250000000998 0.96875 0
0.343750000000832 0.96875 0
0.375000000000832 0.9375 0
0.281250000000665 0.96875 0
0.343750000000665 0.90625 0
0.218750000000499 0.96875 0
0.250000000000499 0.9375 0
0.218750000000333 0.90625 0
0.281250000000499 0.90625 0
0.156250000000166 0.90625 0
0.187500000000166 0.875 0
0.312500000000499 0.875 0
0.156250000000333 0.96875 0
0.0937500000001663 0.96875 0
0.125000000000166 0.9375 0
0.281250000000333 0.84375 0
0.218750000000166 0.84375 0
0.250000000000166 0.8125 0
0.65625 0.71875 0
0.59375 0.71875 0
0.625 0.6875 0
0.53125 0.71875 0
0.59375 0.65625 0
0.46875 0.71875 0
0.5 0.6875 0
0.46875 0.65625 0
0.53125 0.65625 0
0.40625 0.65625 0
0.4375 0.625 0
0.5625 0.625 0
0.40625 0.71875 0
0.34375 0.71875 0
0.375 0.6875 0
0.53125 0.59375 0
0.46875 0.59375 0
0.5 0.5625 0
0.0468749999999353 0.015625 0
0.015625 0.015625 0
0.0781249999998788 0.015625 0
0.0624999999999435 0.03125 0
0.10937499999983 0.015625 0
0.0781249999999435 0.046875 0
0.046875 0.046875 0
0.140624999999756 0.015625 0
0.124999999999813 0.03125 0
0.140624999999795 0.046875 0
0.109374999999869 0.046875 0
0.171874999999722 0.046875 0
0.156249999999778 0.0625 0
0.093749999999926 0.0625 0
0.171874999999665 0.015625 0
0.203124999999574 0.015625 0
0.187499999999648 0.03125 0
0.234374999999482 0.015625 0
0.20312499999963 0.046875 0
0.109374999999926 0.078125 0
0.078125 0.078125 0
0.140624999999852 0.078125 0
0.124999999999926 0.09375 0
0.171874999999778 0.078125 0
0.140624999999926 0.109375 0
0.109375 0.109375 0
0.265624999999399 0.015625 0
0.249999999999473 0.03125 0
0.265624999999464 0.046875 0
0.234374999999547 0.046875 0
0.296874999999381 0.046875 0
0.281249999999455 0.0625 0
0.218749999999621 0.0625 0
0.296874999999446 0.078125 0
0.265624999999529 0.078125 0
0.249999999999603 0.09375 0
0.234374999999612 0.078125 0
0.265624999999594 0.109375 0
0.234374999999677 0.109375 0
0.203124999999695 0.078125 0
0.328124999999363 0.078125 0
0.312499999999437 0.09375 0
0.328124999999428 0.109375 0
0.296874999999511 0.109375 0
0.359374999999345 0.109375 0
0.343749999999419 0.125 0
0.281249999999585 0.125 0
0.187499999999769 0.09375 0
0.20312499999976 0.109375 0
0.171874999999843 0.109375 0
0.218749999999751 0.125 0
0.156249999999917 0.125 0
0.296874999999307 0.015625 0
0.328124999999215 0.015625 0
0.312499999999298 0.03125 0
0.359374999999123 0.015625 0
0.328124999999289 0.046875 0
0.390624999999031 0.015625 0
0.374999999999114 0.03125 0
0.390624999999105 0.046875 0
0.359374999999197 0.046875 0
0.421874999999013 0.046875 0
0.406249999999096 0.0625 0
0.34374999999928 0.0625 0
0.421874999998939 0.015625 0
0.453124999998847 0.015625 0
0.43749999999893 0.03125 0
0.484374999998755 0.015625 0
0.453124999998921 0.046875 0
0.359374999999271 0.078125 0
0.390624999999179 0.078125 0
0.374999999999262 0.09375 0
0.421874999999087 0.078125 0
0.390624999999253 0.109375 0
0.171874999999917 0.140625 0
0.140625 0.140625 0
0.203124999999834 0.140625 0
0.187499999999917 0.15625 0
0.234374999999751 0.140625 0
0.203124999999917 0.171875 0
0.171875 0.171875 0
0.265624999999668 0.140625 0
0.249999999999751 0.15625 0
0.265624999999751 0.171875 0
0.234374999999834 0.171875 0
0.296874999999668 0.171875 0
0.281249999999751 0.1875 0
0.218749999999917 0.1875 0
0.296874999999585 0.140625 0
0.328124999999502 0.140625 0
0.312499999999585 0.15625 0
0.359374999999419 0.140625 0
0.328124999999585 0.171875 0
0.234374999999917 0.203125 0
0.203125 0.203125 0
0.265624999999834 0.203125 0
0.249999999999917 0.21875 0
0.296874999999751 0.203125 0
0.265624999999917 0.234375 0
0.234375 0.234375 0
0.515624999998755 0.015625 0
0.499999999998838 0.03125 0
0.515624999998921 0.046875 0
0.484374999998921 0.046875 0
0.546874999998921 0.046875 0
0.531249999999004 0.0625 0
0.468749999999004 0.0625 0
0.546874999999087 0.078125 0
0.515624999999087 0.078125 0
0.49999999999917 0.09375 0
0.484374999999087 0.078125 0
0.515624999999253 0.109375 0
0.484374999999253 0.109375 0
0.453124999999087 0.078125 0
0.578124999999087 0.078125 0
0.56249999999917 0.09375 0
0.578124999999253 0.109375 0
0.546874999999253 0.109375 0
0.609374999999253 0.109375 0
0.593749999999336 0.125 0
0.531249999999336 0.125 0
0.43749999999917 0.09375 0
0.453124999999253 0.109375 0
0.421874999999253 0.109375 0
0.468749999999336 0.125 0
0.406249999999336 0.125 0
0.609374999999419 0.140625 0
0.578124999999419 0.140625 0
0.562499999999502 0.15625 0
0.546874999999419 0.140625 0
0.578124999999585 0.171875 0
0.546874999999585 0.171875 0
0.515624999999419 0.140625 0
0.531249999999668 0.1875 0
0.515624999999585 0.171875 0
0.484374999999585 0.171875 0
0.499999999999502 0.15625 0
0.468749999999668 0.1875 0
0.453124999999585 0.171875 0
0.484374999999419 0.140625 0
0.546874999999751 0.203125 0
0.515624999999751 0.203125 0
0.499999999999834 0.21875 0
0.484374999999751 0.203125 0
0.515624999999917 0.234375 0
0.484374999999917 0.234375 0
0.453124999999751 0.203125 0
0.453124999999419 0.140625 0
0.437499999999502 0.15625 0
0.421874999999419 0.140625 0
0.421874999999585 0.171875 0
0.390624999999419 0.140625 0
0.640624999999419 0.140625 0
0.624999999999502 0.15625 0
0.640624999999585 0.171875 0
0.609374999999585 0.171875 0
0.671874999999585 0.171875 0
0.656249999999668 0.1875 0
0.593749999999668 0.1875 0
0.671874999999751 0.203125 0
0.640624999999751 0.203125 0
0.624999999999834 0.21875 0
0.609374999999751 0.203125 0
0.640624999999917 0.234375 0
0.609374999999917 0.234375 0
0.578124999999751 0.203125 0
0.703124999999751 0.203125 0
0.687499999999834 0.21875 0
0.703124999999917 0.234375 0
0.671874999999917 0.234375 0
0.734374999999917 0.234375 0
0.71875 0.25 0
0.65625 0.25 0
0.562499999999834 0.21875 0
0.578124999999917 0.234375 0
0.546874999999917 0.234375 0
0.59375 0.25 0
0.53125 0.25 0
0.374999999999502 0.15625 0
0.390624999999585 0.171875 0
0.359374999999585 0.171875 0
0.406249999999668 0.1875 0
0.343749999999668 0.1875 0
0.421874999999751 0.203125 0
0.390624999999751 0.203125 0
0.374999999999834 0.21875 0
0.359374999999751 0.203125 0
0.390624999999917 0.234375 0
0.359374999999917 0.234375 0
0.328124999999751 0.203125 0
0.437499999999834 0.21875 0
0.453124999999917 0.234375 0
0.421874999999917 0.234375 0
0.46875 0.25 0
0.40625 0.25 0
0.312499999999834 0.21875 0
0.328124999999917 0.234375 0
0.296874999999917 0.234375 0
0.34375 0.25 0
0.28125 0.25 0
0.546874999998838 0.015625 0
0.578124999998921 0.015625 0
0.562499999998921 0.03125 0
0.609374999999004 0.015625 0
0.578124999999004 0.046875 0
0.640624999999087 0.015625 0
0.624999999999087 0.03125 0
0.64062499999917 0.046875 0
0.609374999999087 0.046875 0
0.671874999999253 0.046875 0
0.656249999999253 0.0625 0
0.593749999999087 0.0625 0
0.67187499999917 0.015625 0
0.703124999999253 0.015625 0
0.687499999999253 0.03125 0
0.734374999999336 0.015625 0
0.703124999999336 0.046875 0
0.60937499999917 0.078125 0
0.640624999999253 0.078125 0
0.624999999999253 0.09375 0
0.671874999999336 0.078125 0
0.640624999999336 0.109375 0
0.765624999999419 0.015625 0
0.749999999999419 0.03125 0
0.765624999999502 0.046875 0
0.734374999999419 0.046875 0
0.796874999999585 0.046875 0
0.781249999999585 0.0625 0
0.718749999999419 0.0625 0
0.796874999999668 0.078125 0
0.765624999999585 0.078125 0
0.749999999999585 0.09375 0
0.734374999999502 0.078125 0
0.765624999999668 0.109375 0
0.734374999999585 0.109375 0
0.703124999999419 0.078125 0
0.828124999999751 0.078125 0
0.812499999999751 0.09375 0
0.828124999999834 0.109375 0
0.796874999999751 0.109375 0
0.859374999999917 0.109375 0
0.843749999999917 0.125 0
0.781249999999751 0.125 0
0.687499999999419 0.09375 0
0.703124999999502 0.109375 0
0.671874999999419 0.109375 0
0.718749999999585 0.125 0
0.656249999999419 0.125 0
0.796874999999502 0.015625 0
0.828124999999585 0.015625 0
0.812499999999585 0.03125 0
0.859374999999668 0.015625 0
0.828124999999668 0.046875 0
0.890624999999751 0.015625 0
0.874999999999751 0.03125 0
0.890624999999834 0.046875 0
0.859374999999751 0.046875 0
0.921874999999917 0.046875 0
0.906249999999917 0.0625 0
0.843749999999751 0.0625 0
0.921874999999834 0.015625 0
0.953124999999917 0.015625 0
0.937499999999917 0.03125 0
0.984375 0.015625 0
0.953125 0.046875 0
0.859374999999834 0.078125 0
0.890624999999917 0.078125 0
0.874999999999917 0.09375 0
0.921875 0.078125 0
0.890625 0.109375 0
0.671874999999502 0.140625 0
0.703124999999585 0.140625 0
0.687499999999585 0.15625 0
0.734374999999668 0.140625 0
0.703124999999668 0.171875 0
0.765624999999751 0.140625 0
0.749999999999751 0.15625 0
0.765624999999834 0.171875 0
0.734374999999751 0.171875 0
0.796874999999917 0.171875 0
0.781249999999917 0.1875 0
0.718749999999751 0.1875 0
0.796874999999834 0.140625 0
0.828124999999917 0.140625 0
0.812499999999917 0.15625 0
0.859375 0.140625 0
0.828125 0.171875 0
0.734374999999834 0.203125 0
0.765624999999917 0.203125 0
0.749999999999917 0.21875 0
0.796875 0.203125 0
0.765625 0.234375 0
0.296875 0.265625 0
0.265625 0.265625 0
0.328125 0.265625 0
0.3125 0.28125 0
0.359375 0.265625 0
0.328125 0.296875 0
0.296875 0.296875 0
0.390625 0.265625 0
0.375 0.28125 0
0.390625 0.296875 0
0.359375 0.296875 0
0.421875 0.296875 0
0.40625 0.3125 0
0.34375 0.3125 0
0.421875 0.265625 0
0.453125 0.265625 0
0.4375 0.28125 0
0.484375 0.265625 0
0.453125 0.296875 0
0.359375 0.328125 0
0.328125 0.328125 0
0.390625 0.328125 0
0.375 0.34375 0
0.421875 0.328125 0
0.390625 0.359375 0
0.359375 0.359375 0
0.515625 0.265625 0
0.5 0.28125 0
0.515625 0.296875 0
0.484375 0.296875 0
0.546875 0.296875 0
0.53125 0.3125 0
0.46875 0.3125 0
0.546875 0.328125 0
0.515625 0.328125 0
0.5 0.34375 0
0.484375 0.328125 0
0.515625 0.359375 0
0.484375 0.359375 0
0.453125 0.328125 0
0.578125 0.328125 0
0.5625 0.34375 0
0.578125 0.359375 0
0.546875 0.359375 0
0.609375 0.359375 0
0.59375 0.375 0
0.53125 0.375 0
0.4375 0.34375 0
0.453125 0.359375 0
0.421875 0.359375 0
0.46875 0.375 0
0.40625 0.375 0
0.546875 0.265625 0
0.578125 0.265625 0
0.5625 0.28125 0
0.609375 0.265625 0
0.578125 0.296875 0
0.640625 0.265625 0
0.625 0.28125 0
0.640625 0.296875 0
0.609375 0.296875 0
0.671875 0.296875 0
0.65625 0.3125 0
0.59375 0.3125 0
0.671875 0.265625 0
0.703125 0.265625 0
0.6875 0.28125 0
0.734375 0.265625 0
0.703125 0.296875 0
0.609375 0.328125 0
0.640625 0.328125 0
0.625 0.34375 0
0.671875 0.328125 0
0.640625 0.359375 0
0.421875 0.390625 0
0.390625 0.390625 0
0.453125 0.390625 0
0.4375 0.40625 0
0.484375 0.390625 0
0.453125 0.421875 0
0.421875 0.421875 0
0.515625 0.390625 0
0.5 0.40625 0
0.515625 0.421875 0
0.484375 0.421875 0
0.546875 0.421875 0
0.53125 0.4375 0
0.46875 0.4375 0
0.546875 0.390625 0
0.578125 0.390625 0
0.5625 0.40625 0
0.609375 0.390625 0
0.578125 0.421875 0
0.484375 0.453125 0
0.453125 0.453125 0
0.515625 0.453125 0
0.5 0.46875 0
0.546875 0.453125 0
0.515625 0.484375 0
0.484375 0.484375 0
0.015625 0.953125000000016 0
0.015625 0.984375 0
0.015625 0.921875000000022 0
0.03125 0.937500000000006 0
0.015625 0.890625000000019 0
0.046875 0.921875000000006 0
0.046875 0.953125 0
0.015625 0.859375000000071 0
0.03125 0.875000000000064 0
0.046875 0.85937500000011 0
0.046875 0.890625000000058 0
0.046875 0.828125000000161 0
0.0625 0.843750000000155 0
0.0625 0.906250000000052 0
0.015625 0.828125000000187 0
0.015625 0.796875000000284 0
0.03125 0.812500000000213 0
0.015625 0.765625000000361 0
0.046875 0.796875000000258 0
0.078125 0.890625000000052 0
0.078125 0.921875 0
0.078125 0.859375000000103 0
0.09375 0.875000000000052 0
0.078125 0.828125000000155 0
0.109375 0.859375000000052 0
0.109375 0.890625 0
0.015625 0.734375000000444 0
0.03125 0.750000000000393 0
0.046875 0.734375000000424 0
0.046875 0.765625000000341 0
0.046875 0.703125000000507 0
0.0625 0.718750000000456 0
0.0625 0.78125000000029 0
0.078125 0.703125000000487 0
0.078125 0.734375000000404 0
0.09375 0.750000000000353 0
0.078125 0.765625000000321 0
0.109375 0.734375000000384 0
0.109375 0.765625000000301 0
0.078125 0.796875000000238 0
0.078125 0.671875000000571 0
0.09375 0.687500000000519 0
0.109375 0.671875000000551 0
0.109375 0.703125000000467 0
0.109375 0.640625000000634 0
0.125 0.656250000000582 0
0.125 0.718750000000416 0
0.09375 0.812500000000186 0
0.109375 0.796875000000218 0
0.109375 0.828125000000135 0
0.125 0.781250000000249 0
0.125 0.843750000000083 0
0.015625 0.70312500000059 0
0.015625 0.671875000000725 0
0.03125 0.68750000000061 0
0.015625 0.640625000000848 0
0.046875 0.671875000000642 0
0.015625 0.609375000000963 0
0.03125 0.62500000000086 0
0.046875 0.609375000000871 0
0.046875 0.640625000000757 0
0.046875 0.578125000000986 0
0.0625 0.593750000000883 0
0.0625 0.656250000000654 0
0.015625 0.578125000001036 0
0.015625 0.546875000001131 0
0.03125 0.562500000001069 0
0.015625 0.515625000001247 0
0.046875 0.546875000001081 0
0.078125 0.640625000000685 0
0.078125 0.6093750000008 0
0.09375 0.625000000000717 0
0.078125 0.578125000000915 0
0.109375 0.609375000000748 0
0.140625 0.828125000000083 0
0.140625 0.859375 0
0.140625 0.796875000000166 0
0.15625 0.812500000000083 0
0.140625 0.765625000000249 0
0.171875 0.796875000000083 0
0.171875 0.828125 0
0.140625 0.734375000000333 0
0.15625 0.750000000000249 0
0.171875 0.734375000000249 0
0.171875 0.765625000000166 0
0.171875 0.703125000000333 0
0.1875 0.718750000000249 0
0.1875 0.781250000000083 0
0.140625 0.703125000000416 0
0.140625 0.671875000000499 0
0.15625 0.687500000000416 0
0.140625 0.640625000000582 0
0.171875 0.671875000000416 0
0.203125 0.765625000000083 0
0.203125 0.796875 0
0.203125 0.734375000000166 0
0.21875 0.750000000000083 0
0.203125 0.703125000000249 0
0.234375 0.734375000000083 0
0.234375 0.765625 0
0.015625 0.484375000001247 0
0.03125 0.500000000001164 0
0.046875 0.484375000001081 0
0.046875 0.515625000001081 0
0.046875 0.453125000001081 0
0.0625 0.468750000000998 0
0.0625 0.531250000000998 0
0.078125 0.453125000000915 0
0.078125 0.484375000000915 0
0.09375 0.500000000000832 0
0.078125 0.515625000000915 0
0.109375 0.484375000000748 0
0.109375 0.515625000000748 0
0.078125 0.546875000000915 0
0.078125 0.421875000000915 0
0.09375 0.437500000000832 0
0.109375 0.421875000000748 0
0.109375 0.453125000000748 0
0.109375 0.390625000000748 0
0.125 0.406250000000665 0
0.125 0.468750000000665 0
0.09375 0.562500000000832 0
0.109375 0.546875000000748 0
0.109375 0.578125000000748 0
0.125 0.531250000000665 0
0.125 0.593750000000665 0
0.140625 0.390625000000582 0
0.140625 0.421875000000582 0
0.15625 0.437500000000499 0
0.140625 0.453125000000582 0
0.171875 0.421875000000416 0
0.171875 0.453125000000416 0
0.140625 0.484375000000582 0
0.1875 0.468750000000333 0
0.171875 0.484375000000416 0
0.171875 0.515625000000416 0
0.15625 0.500000000000499 0
0.1875 0.531250000000333 0
0.171875 0.546875000000416 0
0.140625 0.515625000000582 0
0.203125 0.45312500000025 0
0.203125 0.48437500000025 0
0.21875 0.500000000000166 0
0.203125 0.515625000000249 0
0.234375 0.484375000000083 0
0.234375 0.515625000000083 0
0.203125 0.546875000000249 0
0.140625 0.546875000000582 0
0.15625 0.562500000000499 0
0.140625 0.578125000000582 0
0.171875 0.578125000000416 0
0.140625 0.609375000000582 0
0.140625 0.359375000000582 0
0.15625 0.375000000000499 0
0.171875 0.359375000000416 0
0.171875 0.390625000000416 0
0.171875 0.328125000000416 0
0.1875 0.343750000000333 0
0.1875 0.406250000000333 0
0.203125 0.32812500000025 0
0.203125 0.35937500000025 0
0.21875 0.375000000000166 0
0.203125 0.39062500000025 0
0.234375 0.359375000000083 0
0.234375 0.390625000000083 0
0.203125 0.42187500000025 0
0.203125 0.29687500000025 0
0.21875 0.312500000000166 0
0.234375 0.296875000000083 0
0.234375 0.328125000000083 0
0.234375 0.265625000000083 0
0.25 0.28125 0
0.25 0.34375 0
0.21875 0.437500000000166 0
0.234375 0.421875000000083 0
0.234375 0.453125000000083 0
0.25 0.40625 0
0.25 0.46875 0
0.15625 0.625000000000499 0
0.171875 0.609375000000416 0
0.171875 0.640625000000416 0
0.1875 0.593750000000333 0
0.1875 0.656250000000333 0
0.203125 0.578125000000249 0
0.203125 0.609375000000249 0
0.21875 0.625000000000166 0
0.203125 0.640625000000249 0
0.234375 0.609375000000083 0
0.234375 0.640625000000083 0
0.203125 0.671875000000249 0
0.21875 0.562500000000166 0
0.234375 0.546875000000083 0
0.234375 0.578125000000083 0
0.25 0.53125 0
0.25 0.59375 0
0.21875 0.687500000000166 0
0.234375 0.671875000000083 0
0.234375 0.703125000000083 0
0.25 0.65625 0
0.25 0.71875 0
0.015625 0.453125000001164 0
0.015625 0.421875000001081 0
0.03125 0.437500000001081 0
0.015625 0.390625000000998 0
0.046875 0.421875000000998 0
0.015625 0.359375000000915 0
0.03125 0.375000000000915 0
0.046875 0.359375000000832 0
0.046875 0.390625000000915 0
0.046875 0.328125000000748 0
0.0625 0.343750000000748 0
0.0625 0.406250000000915 0
0.015625 0.328125000000832 0
0.015625 0.296875000000748 0
0.03125 0.312500000000748 0
0.015625 0.265625000000665 0
0.046875 0.296875000000665 0
0.078125 0.390625000000832 0
0.078125 0.359375000000748 0
0.09375 0.375000000000748 0
0.078125 0.328125000000665 0
0.109375 0.359375000000665 0
0.015625 0.234375000000582 0
0.03125 0.250000000000582 0
0.046875 0.234375000000499 0
0.046875 0.265625000000582 0
0.046875 0.203125000000416 0
0.0625 0.218750000000416 0
0.0625 0.281250000000582 0
0.078125 0.203125000000333 0
0.078125 0.234375000000416 0
0.09375 0.250000000000416 0
0.078125 0.265625000000499 0
0.109375 0.234375000000333 0
0.109375 0.265625000000416 0
0.078125 0.296875000000582 0
0.078125 0.171875000000249 0
0.09375 0.187500000000249 0
0.109375 0.171875000000166 0
0.109375 0.203125000000249 0
0.109375 0.140625000000083 0
0.125 0.156250000000083 0
0.125 0.218750000000249 0
0.09375 0.312500000000582 0
0.109375 0.296875000000499 0
0.109375 0.328125000000582 0
0.125 0.281250000000416 0
0.125 0.343750000000582 0
0.015625 0.203125000000499 0
0.015625 0.171875000000416 0
0.03125 0.187500000000416 0
0.015625 0.140625000000333 0
0.046875 0.171875000000333 0
0.015625 0.109375000000249 0
0.03125 0.125000000000249 0
0.046875 0.109375000000166 0
0.046875 0.140625000000249 0
0.046875 0.0781250000000832 0
0.0625 0.0937500000000832 0
0.0625 0.156250000000249 0
0.015625 0.0781250000001663 0
0.015625 0.0468750000000832 0
0.03125 0.0625000000000832 0
0.078125 0.140625000000166 0
0.078125 0.109375000000083 0
0.09375 0.125000000000083 0
0.140625 0.328125000000499 0
0.140625 0.296875000000416 0
0.15625 0.312500000000416 0
0.140625 0.265625000000333 0
0.171875 0.296875000000333 0
0.140625 0.234375000000249 0
0.15625 0.25000000000025 0
0.171875 0.234375000000166 0
0.171875 0.26562500000025 0
0.171875 0.203125000000083 0
0.1875 0.218750000000083 0
0.1875 0.28125000000025 0
0.140625 0.203125000000166 0
0.140625 0.171875000000083 0
0.15625 0.187500000000083 0
0.203125 0.265625000000166 0
0.203125 0.234375000000083 0
0.21875 0.250000000000083 0
0.265625 0.703125 0
0.265625 0.734375 0
0.265625 0.671875 0
0.28125 0.6875 0
0.265625 0.640625 0
0.296875 0.671875 0
0.296875 0.703125 0
0.265625 0.609375 0
0.28125 0.625 0
0.296875 0.609375 0
0.296875 0.640625 0
0.296875 0.578125 0
0.3125 0.59375 0
0.3125 0.65625 0
0.265625 0.578125 0
0.265625 0.546875 0
0.28125 0.5625 0
0.265625 0.515625 0
0.296875 0.546875 0
0.328125 0.640625 0
0.328125 0.671875 0
0.328125 0.609375 0
0.34375 0.625 0
0.328125 0.578125 0
0.359375 0.609375 0
0.359375 0.640625 0
0.265625 0.484375 0
0.28125 0.5 0
0.296875 0.484375 0
0.296875 0.515625 0
0.296875 0.453125 0
0.3125 0.46875 0
0.3125 0.53125 0
0.328125 0.453125 0
0.328125 0.484375 0
0.34375 0.5 0
0.328125 0.515625 0
0.359375 0.484375 0
0.359375 0.515625 0
0.328125 0.546875 0
0.328125 0.421875 0
0.34375 0.4375 0
0.359375 0.421875 0
0.359375 0.453125 0
0.359375 0.390625 0
0.375 0.40625 0
0.375 0.46875 0
0.34375 0.5625 0
0.359375 0.546875 0
0.359375 0.578125 0
0.375 0.53125 0
0.375 0.59375 0
0.265625 0.453125 0
0.265625 0.421875 0
0.28125 0.4375 0
0.265625 0.390625 0
0.296875 0.421875 0
0.265625 0.359375 0
0.28125 0.375 0
0.296875 0.359375 0
0.296875 0.390625 0
0.296875 0.328125 0
0.3125 0.34375 0
0.3125 0.40625 0
0.265625 0.328125 0
0.265625 0.296875 0
0.28125 0.3125 0
0.328125 0.390625 0
0.328125 0.359375 0
0.34375 0.375 0
0.390625 0.578125 0
0.390625 0.609375 0
0.390625 0.546875 0
0.40625 0.5625 0
0.390625 0.515625 0
0.421875 0.546875 0
0.421875 0.578125 0
0.390625 0.484375 0
0.40625 0.5 0
0.421875 0.484375 0
0.421875 0.515625 0
0.421875 0.453125 0
0.4375 0.46875 0
0.4375 0.53125 0
0.390625 0.453125 0
0.390625 0.421875 0
0.40625 0.4375 0
0.453125 0.515625 0
0.453125 0.546875 0
0.453125 0.484375 0
0.46875 0.5 0
0.484375 0.515625 0
0.984375 0.0468749999999353 0
0.984375 0.0781249999998788 0
0.96875 0.0624999999999435 0
0.984375 0.10937499999983 0
0.953125 0.0781249999999435 0
0.984375 0.140624999999756 0
0.96875 0.124999999999813 0
0.953125 0.140624999999795 0
0.953125 0.109374999999869 0
0.953125 0.171874999999722 0
0.9375 0.156249999999778 0
0.9375 0.093749999999926 0
0.984375 0.171874999999665 0
0.984375 0.203124999999574 0
0.96875 0.187499999999648 0
0.984375 0.234374999999482 0
0.953125 0.20312499999963 0
0.921875 0.109374999999926 0
0.921875 0.140624999999852 0
0.90625 0.124999999999926 0
0.921875 0.171874999999778 0
0.890625 0.140624999999926 0
0.984375 0.265624999999399 0
0.96875 0.249999999999473 0
0.953125 0.265624999999464 0
0.953125 0.234374999999547 0
0.953125 0.296874999999381 0
0.9375 0.281249999999455 0
0.9375 0.218749999999621 0
0.921875 0.296874999999446 0
0.921875 0.265624999999529 0
0.90625 0.249999999999603 0
0.921875 0.234374999999612 0
0.890625 0.265624999999594 0
0.890625 0.234374999999677 0
0.921875 0.203124999999695 0
0.921875 0.328124999999363 0
0.90625 0.312499999999437 0
0.890625 0.328124999999428 0
0.890625 0.296874999999511 0
0.890625 0.359374999999345 0
0.875 0.343749999999419 0
0.875 0.281249999999585 0
0.90625 0.187499999999769 0
0.890625 0.20312499999976 0
0.890625 0.171874999999843 0
0.875 0.218749999999751 0
0.875 0.156249999999917 0
0.984375 0.296874999999307 0
0.984375 0.328124999999215 0
0.96875 0.312499999999298 0
0.984375 0.359374999999123 0
0.953125 0.328124999999289 0
0.984375 0.390624999999031 0
0.96875 0.374999999999114 0
0.953125 0.390624999999105 0
0.953125 0.359374999999197 0
0.953125 0.421874999999013 0
0.9375 0.406249999999096 0
0.9375 0.34374999999928 0
0.984375 0.421874999998939 0
0.984375 0.453124999998847 0
0.96875 0.43749999999893 0
0.984375 0.484374999998755 0
0.953125 0.453124999998921 0
0.921875 0.359374999999271 0
0.921875 0.390624999999179 0
0.90625 0.374999999999262 0
0.921875 0.421874999999087 0
0.890625 0.390624999999253 0
0.859375 0.171874999999917 0
0.859375 0.203124999999834 0
0.84375 0.187499999999917 0
0.859375 0.234374999999751 0
0.828125 0.203124999999917 0
0.859375 0.265624999999668 0
0.84375 0.249999999999751 0
0.828125 0.265624999999751 0
0.828125 0.234374999999834 0
0.828125 0.296874999999668 0
0.8125 0.281249999999751 0
0.8125 0.218749999999917 0
0.859375 0.296874999999585 0
0.859375 0.328124999999502 0
0.84375 0.312499999999585 0
0.859375 0.359374999999419 0
0.828125 0.328124999999585 0
0.796875 0.234374999999917 0
0.796875 0.265624999999834 0
0.78125 0.249999999999917 0
0.796875 0.296874999999751 0
0.765625 0.265624999999917 0
0.984375 0.515624999998755 0
0.96875 0.499999999998838 0
0.953125 0.515624999998921 0
0.953125 0.484374999998921 0
0.953125 0.546874999998921 0
0.9375 0.531249999999004 0
0.9375 0.468749999999004 0
0.921875 0.546874999999087 0
0.921875 0.515624999999087 0
0.90625 0.49999999999917 0
0.921875 0.484374999999087 0
0.890625 0.515624999999253 0
0.890625 0.484374999999253 0
0.921875 0.453124999999087 0
0.921875 0.578124999999087 0
0.90625 0.56249999999917 0
0.890625 0.578124999999253 0
0.890625 0.546874999999253 0
0.890625 0.609374999999253 0
0.875 0.593749999999336 0
0.875 0.531249999999336 0
0.90625 0.43749999999917 0
0.890625 0.453124999999253 0
0.890625 0.421874999999253 0
0.875 0.468749999999336 0
0.875 0.406249999999336 0
0.859375 0.609374999999419 0
0.859375 0.578124999999419 0
0.84375 0.562499999999502 0
0.859375 0.546874999999419 0
0.828125 0.578124999999585 0
0.828125 0.546874999999585 0
0.859375 0.515624999999419 0
0.8125 0.531249999999668 0
0.828125 0.515624999999585 0
0.828125 0.484374999999585 0
0.84375 0.499999999999502 0
0.8125 0.468749999999668 0
0.828125 0.453124999999585 0
0.859375 0.484374999999419 0
0.796875 0.546874999999751 0
0.796875 0.515624999999751 0
0.78125 0.499999999999834 0
0.796875 0.484374999999751 0
0.765625 0.515624999999917 0
0.765625 0.484374999999917 0
0.796875 0.453124999999751 0
0.859375 0.453124999999419 0
0.84375 0.437499999999502 0
0.859375 0.421874999999419 0
0.828125 0.421874999999585 0
0.859375 0.390624999999419 0
0.859375 0.640624999999419 0
0.84375 0.624999999999502 0
0.828125 0.640624999999585 0
0.828125 0.609374999999585 0
0.828125 0.671874999999585 0
0.8125 0.656249999999668 0
0.8125 0.593749999999668 0
0.796875 0.671874999999751 0
0.796875 0.640624999999751 0
0.78125 0.624999999999834 0
0.796875 0.609374999999751 0
0.765625 0.640624999999917 0
0.765625 0.609374999999917 0
0.796875 0.578124999999751 0
0.796875 0.703124999999751 0
0.78125 0.687499999999834 0
0.765625 0.703124999999917 0
0.765625 0.671874999999917 0
0.765625 0.734374999999917 0
0.75 0.71875 0
0.75 0.65625 0
0.78125 0.562499999999834 0
0.765625 0.578124999999917 0
0.765625 0.546874999999917 0
0.75 0.59375 0
0.75 0.53125 0
0.84375 0.374999999999502 0
0.828125 0.390624999999585 0
0.828125 0.359374999999585 0
0.8125 0.406249999999668 0
0.8125 0.343749999999668 0
0.796875 0.421874999999751 0
0.796875 0.390624999999751 0
0.78125 0.374999999999834 0
0.796875 0.359374999999751 0
0.765625 0.390624999999917 0
0.765625 0.359374999999917 0
0.796875 0.328124999999751 0
0.78125 0.437499999999834 0
0.765625 0.453124999999917 0
0.765625 0.421874999999917 0
0.75 0.46875 0
0.75 0.40625 0
0.78125 0.312499999999834 0
0.765625 0.328124999999917 0
0.765625 0.296874999999917 0
0.75 0.34375 0
0.75 0.28125 0
0.984375 0.546874999998838 0
0.984375 0.578124999998921 0
0.96875 0.562499999998921 0
0.984375 0.609374999999004 0
0.953125 0.578124999999004 0
0.984375 0.640624999999087 0
0.96875 0.624999999999087 0
0.953125 0.64062499999917 0
0.953125 0.609374999999087 0
0.953125 0.671874999999253 0
0.9375 0.656249999999253 0
0.9375 0.593749999999087 0
0.984375 0.67187499999917 0
0.984375 0.703124999999253 0
0.96875 0.687499999999253 0
0.984375 0.734374999999336 0
0.953125 0.703124999999336 0
0.921875 0.60937499999917 0
0.921875 0.640624999999253 0
0.90625 0.624999999999253 0
0.921875 0.671874999999336 0
0.890625 0.640624999999336 0
0.984375 0.765624999999419 0
0.96875 0.749999999999419 0
0.953125 0.765624999999502 0
0.953125 0.734374999999419 0
0.953125 0.796874999999585 0
0.9375 0.781249999999585 0
0.9375 0.718749999999419 0
0.921875 0.796874999999668 0
0.921875 0.765624999999585 0
0.90625 0.749999999999585 0
0.921875 0.734374999999502 0
0.890625 0.765624999999668 0
0.890625 0.734374999999585 0
0.921875 0.703124999999419 0
0.921875 0.828124999999751 0
0.90625 0.812499999999751 0
0.890625 0.828124999999834 0
0.890625 0.796874999999751 0
0.890625 0.859374999999917 0
0.875 0.843749999999917 0
0.875 0.781249999999751 0
0.90625 0.687499999999419 0
0.890625 0.703124999999502 0
0.890625 0.671874999999419 0
0.875 0.718749999999585 0
0.875 0.656249999999419 0
0.984375 0.796874999999502 0
0.984375 0.828124999999585 0
0.96875 0.812499999999585 0
0.984375 0.859374999999668 0
0.953125 0.828124999999668 0
0.984375 0.890624999999751 0
0.96875 0.874999999999751 0
0.953125 0.890624999999834 0
0.953125 0.859374999999751 0
0.953125 0.921874999999917 0
0.9375 0.906249999999917 0
0.9375 0.843749999999751 0
0.984375 0.921874999999834 0
0.984375 0.953124999999917 0
0.96875 0.937499999999917 0
0.984375 0.984375 0
0.953125 0.953125 0
0.921875 0.859374999999834 0
0.921875 0.890624999999917 0
0.90625 0.874999999999917 0
0.921875 0.921875 0
0.890625 0.890625 0
0.859375 0.671874999999502 0
0.859375 0.703124999999585 0
0.84375 0.687499999999585 0
0.859375 0.734374999999668 0
0.828125 0.703124999999668 0
0.859375 0.765624999999751 0
0.84375 0.749999999999751 0
0.828125 0.765624999999834 0
0.828125 0.734374999999751 0
0.828125 0.796874999999917 0
0.8125 0.781249999999917 0
0.8125 0.718749999999751 0
0.859375 0.796874999999834 0
0.859375 0.828124999999917 0
0.84375 0.812499999999917 0
0.859375 0.859375 0
0.828125 0.828125 0
0.796875 0.734374999999834 0
0.796875 0.765624999999917 0
0.78125 0.749999999999917 0
0.796875 0.796875 0
0.765625 0.765625 0
0.734375 0.296875 0
0.734375 0.328125 0
0.71875 0.3125 0
0.734375 0.359375 0
0.703125 0.328125 0
0.734375 0.390625 0
0.71875 0.375 0
0.703125 0.390625 0
0.703125 0.359375 0
0.703125 0.421875 0
0.6875 0.40625 0
0.6875 0.34375 0
0.734375 0.421875 0
0.734375 0.453125 0
0.71875 0.4375 0
0.734375 0.484375 0
0.703125 0.453125 0
0.671875 0.359375 0
0.671875 0.390625 0
0.65625 0.375 0
0.671875 0.421875 0
0.640625 0.390625 0
0.734375 0.515625 0
0.71875 0.5 0
0.703125 0.515625 0
0.703125 0.484375 0
0.703125 0.546875 0
0.6875 0.53125 0
0.6875 0.46875 0
0.671875 0.546875 0
0.671875 0.515625 0
0.65625 0.5 0
0.671875 0.484375 0
0.640625 0.515625 0
0.640625 0.484375 0
0.671875 0.453125 0
0.671875 0.578125 0
0.65625 0.5625 0
0.640625 0.578125 0
0.640625 0.546875 0
0.640625 0.609375 0
0.625 0.59375 0
0.625 0.53125 0
0.65625 0.4375 0
0.640625 0.453125 0
0.640625 0.421875 0
0.625 0.46875 0
0.625 0.40625 0
0.734375 0.546875 0
0.734375 0.578125 0
0.71875 0.5625 0
0.734375 0.609375 0
0.703125 0.578125 0
0.734375 0.640625 0
0.71875 0.625 0
0.703125 0.640625 0
0.703125 0.609375 0
0.703125 0.671875 0
0.6875 0.65625 0
0.6875 0.59375 0
0.734375 0.671875 0
0.734375 0.703125 0
0.71875 0.6875 0
0.734375 0.734375 0
0.703125 0.703125 0
0.671875 0.609375 0
0.671875 0.640625 0
0.65625 0.625 0
0.671875 0.671875 0
0.640625 0.640625 0
0.609375 0.421875 0
0.609375 0.453125 0
0.59375 0.4375 0
0.609375 0.484375 0
0.578125 0.453125 0
0.609375 0.515625 0
0.59375 0.5 0
0.578125 0.515625 0
0.578125 0.484375 0
0.578125 0.546875 0
0.5625 0.53125 0
0.5625 0.46875 0
0.609375 0.546875 0
0.609375 0.578125 0
0.59375 0.5625 0
0.609375 0.609375 0
0.578125 0.578125 0
0.546875 0.484375 0
0.546875 0.515625 0
0.53125 0.5 0
0.546875 0.546875 0
0.515625 0.515625 0
0.953125000000016 0.984375 0
0.921875000000022 0.984375 0
0.937500000000006 0.96875 0
0.890625000000019 0.984375 0
0.921875000000006 0.953125 0
0.859375000000071 0.984375 0
0.875000000000064 0.96875 0
0.85937500000011 0.953125 0
0.890625000000058 0.953125 0
0.828125000000161 0.953125 0
0.843750000000155 0.9375 0
0.906250000000052 0.9375 0
0.828125000000187 0.984375 0
0.796875000000284 0.984375 0
0.812500000000213 0.96875 0
0.765625000000361 0.984375 0
0.796875000000258 0.953125 0
0.890625000000052 0.921875 0
0.859375000000103 0.921875 0
0.875000000000052 0.90625 0
0.828125000000155 0.921875 0
0.859375000000052 0.890625 0
0.734375000000444 0.984375 0
0.750000000000393 0.96875 0
0.734375000000424 0.953125 0
0.765625000000341 0.953125 0
0.703125000000507 0.953125 0
0.718750000000456 0.9375 0
0.78125000000029 0.9375 0
0.703125000000487 0.921875 0
0.734375000000404 0.921875 0
0.750000000000353 0.90625 0
0.765625000000321 0.921875 0
0.734375000000384 0.890625 0
0.765625000000301 0.890625 0
0.796875000000238 0.921875 0
0.671875000000571 0.921875 0
0.687500000000519 0.90625 0
0.671875000000551 0.890625 0
0.703125000000467 0.890625 0
0.640625000000634 0.890625 0
0.656250000000582 0.875 0
0.718750000000416 0.875 0
0.812500000000186 0.90625 0
0.796875000000218 0.890625 0
0.828125000000135 0.890625 0
0.781250000000249 0.875 0
0.843750000000083 0.875 0
0.70312500000059 0.984375 0
0.671875000000725 0.984375 0
0.68750000000061 0.96875 0
0.640625000000848 0.984375 0
0.671875000000642 0.953125 0
0.609375000000963 0.984375 0
0.62500000000086 0.96875 0
0.609375000000871 0.953125 0
0.640625000000757 0.953125 0
0.578125000000986 0.953125 0
0.593750000000883 0.9375 0
0.656250000000654 0.9375 0
0.578125000001036 0.984375 0
0.546875000001131 0.984375 0
0.562500000001069 0.96875 0
0.515625000001247 0.984375 0
0.546875000001081 0.953125 0
0.640625000000685 0.921875 0
0.6093750000008 0.921875 0
0.625000000000717 0.90625 0
0.578125000000915 0.921875 0
0.609375000000748 0.890625 0
0.828125000000083 0.859375 0
0.796875000000166 0.859375 0
0.812500000000083 0.84375 0
0.765625000000249 0.859375 0
0.796875000000083 0.828125 0
0.734375000000333 0.859375 0
0.750000000000249 0.84375 0
0.734375000000249 0.828125 0
0.765625000000166 0.828125 0
0.703125000000333 0.828125 0
0.718750000000249 0.8125 0
0.781250000000083 0.8125 0
0.703125000000416 0.859375 0
0.671875000000499 0.859375 0
0.687500000000416 0.84375 0
0.640625000000582 0.859375 0
0.671875000000416 0.828125 0
0.765625000000083 0.796875 0
0.734375000000166 0.796875 0
0.750000000000083 0.78125 0
0.703125000000249 0.796875 0
0.734375000000083 0.765625 0
0.484375000001247 0.984375 0
0.500000000001164 0.96875 0
0.484375000001081 0.953125 0
0.515625000001081 0.953125 0
0.453125000001081 0.953125 0
0.468750000000998 0.9375 0
0.531250000000998 0.9375 0
0.453125000000915 0.921875 0
0.484375000000915 0.921875 0
0.500000000000832 0.90625 0
0.515625000000915 0.921875 0
0.484375000000748 0.890625 0
0.515625000000748 0.890625 0
0.546875000000915 0.921875 0
0.421875000000915 0.921875 0
0.437500000000832 0.90625 0
0.421875000000748 0.890625 0
0.453125000000748 0.890625 0
0.390625000000748 0.890625 0
0.406250000000665 0.875 0
0.468750000000665 0.875 0
0.562500000000832 0.90625 0
0.546875000000748 0.890625 0
0.578125000000748 0.890625 0
0.531250000000665 0.875 0
0.593750000000665 0.875 0
0.390625000000582 0.859375 0
0.421875000000582 0.859375 0
0.437500000000499 0.84375 0
0.453125000000582 0.859375 0
0.421875000000416 0.828125 0
0.453125000000416 0.828125 0
0.484375000000582 0.859375 0
0.468750000000333 0.8125 0
0.484375000000416 0.828125 0
0.515625000000416 0.828125 0
0.500000000000499 0.84375 0
0.531250000000333 0.8125 0
0.546875000000416 0.828125 0
0.515625000000582 0.859375 0
0.45312500000025 0.796875 0
0.48437500000025 0.796875 0
0.500000000000166 0.78125 0
0.515625000000249 0.796875 0
0.484375000000083 0.765625 0
0.515625000000083 0.765625 0
0.546875000000249 0.796875 0
0.546875000000582 0.859375 0
0.562500000000499 0.84375 0
0.578125000000582 0.859375 0
0.578125000000416 0.828125 0
0.609375000000582 0.859375 0
0.359375000000582 0.859375 0
0.375000000000499 0.84375 0
0.359375000000416 0.828125 0
0.390625000000416 0.828125 0
0.328125000000416 0.828125 0
0.343750000000333 0.8125 0
0.406250000000333 0.8125 0
0.32812500000025 0.796875 0
0.35937500000025 0.796875 0
0.375000000000166 0.78125 0
0.39062500000025 0.796875 0
0.359375000000083 0.765625 0
0.390625000000083 0.765625 0
0.42187500000025 0.796875 0
0.29687500000025 0.796875 0
0.312500000000166 0.78125 0
0.296875000000083 0.765625 0
0.328125000000083 0.765625 0
0.265625000000083 0.765625 0
0.28125 0.75 0
0.34375 0.75 0
0.437500000000166 0.78125 0
0.421875000000083 0.765625 0
0.453125000000083 0.765625 0
0.40625 0.75 0
0.46875 0.75 0
0.625000000000499 0.84375 0
0.609375000000416 0.828125 0
0.640625000000416 0.828125 0
0.593750000000333 0.8125 0
0.656250000000333 0.8125 0
0.578125000000249 0.796875 0
0.609375000000249 0.796875 0
0.625000000000166 0.78125 0
0.640625000000249 0.796875 0
0.609375000000083 0.765625 0
0.640625000000083 0.765625 0
0.671875000000249 0.796875 0
0.562500000000166 0.78125 0
0.546875000000083 0.765625 0
0.578125000000083 0.765625 0
0.53125 0.75 0
0.59375 0.75 0
0.687500000000166 0.78125 0
0.671875000000083 0.765625 0
0.703125000000083 0.765625 0
0.65625 0.75 0
0.71875 0.75 0
0.453125000001164 0.984375 0
0.421875000001081 0.984375 0
0.437500000001081 0.96875 0
0.390625000000998 0.984375 0
0.421875000000998 0.953125 0
0.359375000000915 0.984375 0
0.375000000000915 0.96875 0
0.359375000000832 0.953125 0
0.390625000000915 0.953125 0
0.328125000000748 0.953125 0
0.343750000000748 0.9375 0
0.406250000000915 0.9375 0
0.328125000000832 0.984375 0
0.296875000000748 0.984375 0
0.312500000000748 0.96875 0
0.265625000000665 0.984375 0
0.296875000000665 0.953125 0
0.390625000000832 0.921875 0
0.359375000000748 0.921875 0
0.375000000000748 0.90625 0
0.328125000000665 0.921875 0
0.359375000000665 0.890625 0
0.234375000000582 0.984375 0
0.250000000000582 0.96875 0
0.234375000000499 0.953125 0
0.265625000000582 0.953125 0
0.203125000000416 0.953125 0
0.218750000000416 0.9375 0
0.281250000000582 0.9375 0
0.203125000000333 0.921875 0
0.234375000000416 0.921875 0
0.250000000000416 0.90625 0
0.265625000000499 0.921875 0
0.234375000000333 0.890625 0
0.265625000000416 0.890625 0
0.296875000000582 0.921875 0
0.171875000000249 0.921875 0
0.187500000000249 0.90625 0
0.171875000000166 0.890625 0
0.203125000000249 0.890625 0
0.140625000000083 0.890625 0
0.156250000000083 0.875 0
0.218750000000249 0.875 0
0.312500000000582 0.90625 0
0.296875000000499 0.890625 0
0.328125000000582 0.890625 0
0.281250000000416 0.875 0
0.343750000000582 0.875 0
0.203125000000499 0.984375 0
0.171875000000416 0.984375 0
0.187500000000416 0.96875 0
0.140625000000333 0.984375 0
0.171875000000333 0.953125 0
0.109375000000249 0.984375 0
0.125000000000249 0.96875 0
0.109375000000166 0.953125 0
0.140625000000249 0.953125 0
0.0781250000000832 0.953125 0
0.0937500000000832 0.9375 0
0.156250000000249 0.9375 0
0.0781250000001663 0.984375 0
0.0468750000000832 0.984375 0
0.0625000000000832 0.96875 0
0.140625000000166 0.921875 0
0.109375000000083 0.921875 0
0.125000000000083 0.90625 0
0.328125000000499 0.859375 0
0.296875000000416 0.859375 0
0.312500000000416 0.84375 0
0.265625000000333 0.859375 0
0.296875000000333 0.828125 0
0.234375000000249 0.859375 0
0.25000000000025 0.84375 0
0.234375000000166 0.828125 0
0.26562500000025 0.828125 0
0.203125000000083 0.828125 0
0.218750000000083 0.8125 0
0.28125000000025 0.8125 0
0.203125000000166 0.859375 0
0.171875000000083 0.859375 0
0.187500000000083 0.84375 0
0.265625000000166 0.796875 0
0.234375000000083 0.796875 0
0.250000000000083 0.78125 0
0.703125 0.734375 0
0.671875 0.734375 0
0.6875 0.71875 0
0.640625 0.734375 0
0.671875 0.703125 0
0.609375 0.734375 0
0.625 0.71875 0
0.609375 0.703125 0
0.640625 0.703125 0
0.578125 0.703125 0
0.59375 0.6875 0
0.65625 0.6875 0
0.578125 0.734375 0
0.546875 0.734375 0
0.5625 0.71875 0
0.515625 0.734375 0
0.546875 0.703125 0
0.640625 0.671875 0
0.609375 0.671875 0
0.625 0.65625 0
0.578125 0.671875 0
0.609375 0.640625 0
0.484375 0.734375 0
0.5 0.71875 0
0.484375 0.703125 0
0.515625 0.703125 0
0.453125 0.703125 0
0.46875 0.6875 0
0.53125 0.6875 0
0.453125 0.671875 0
0.484375 0.671875 0
0.5 0.65625 0
0.515625 0.671875 0
0.484375 0.640625 0
0.515625 0.640625 0
0.546875 0.671875 0
0.421875 0.671875 0
0.4375 0.65625 0
0.421875 0.640625 0
0.453125 0.640625 0
0.390625 0.640625 0
0.40625 0.625 0
0.46875 0.625 0
0.5625 0.65625 0
0.546875 0.640625 0
0.578125 0.640625 0
0.53125 0.625 0
0.59375 0.625 0
0.453125 0.734375 0
0.421875 0.734375 0
0.4375 0.71875 0
0.390625 0.734375 0
0.421875 0.703125 0
0.359375 0.734375 0
0.375 0.71875 0
0.359375 0.703125 0
0.390625 0.703125 0
0.328125 0.703125 0
0.34375 0.6875 0
0.40625 0.6875 0
0.328125 0.734375 0
0.296875 0.734375 0
0.3125 0.71875 0
0.390625 0.671875 0
0.359375 0.671875 0
0.375 0.65625 0
0.578125 0.609375 0
0.546875 0.609375 0
0.5625 0.59375 0
0.515625 0.609375 0
0.546875 0.578125 0
0.484375 0.609375 0
0.5 0.59375 0
0.484375 0.578125 0
0.515625 0.578125 0
0.453125 0.578125 0
0.46875 0.5625 0
0.53125 0.5625 0
0.453125 0.609375 0
0.421875 0.609375 0
0.4375 0.59375 0
0.515625 0.546875 0
0.484375 0.546875 0
0.5 0.53125 0
0.0234374999999703 0.0078125 0
0.0078125 0.0078125 0
0.039062499999938 0.0078125 0
0.0312499999999677 0.015625 0
0.054687499999903 0.0078125 0
0.0390624999999677 0.0234375 0
0.0234375 0.0234375 0
0.0703124999998747 0.0078125 0
0.062499999999907 0.015625 0
0.0703124999999111 0.0234375 0
0.0546874999999394 0.0234375 0
0.0859374999998828 0.0234375 0
0.0781249999999152 0.03125 0
0.0468749999999717 0.03125 0
0.0859374999998505 0.0078125 0
0.101562499999826 0.0078125 0
0.0937499999998546 0.015625 0
0.117187499999802 0.0078125 0
0.101562499999859 0.0234375 0
0.0546874999999717 0.0390625 0
0.0390625 0.0390625 0
0.0703124999999435 0.0390625 0
0.0624999999999717 0.046875 0
0.0859374999999152 0.0390625 0
0.0703124999999717 0.0546875 0
0.0546875 0.0546875 0
0.132812499999765 0.0078125 0
0.124999999999793 0.015625 0
0.132812499999785 0.0234375 0
0.117187499999822 0.0234375 0
0.148437499999748 0.0234375 0
0.140624999999776 0.03125 0
0.10937499999985 0.03125 0
0.148437499999767 0.0390625 0
0.132812499999804 0.0390625 0
0.124999999999832 0.046875 0
0.117187499999841 0.0390625 0
0.132812499999824 0.0546875 0
0.117187499999861 0.0546875 0
0.101562499999878 0.0390625 0
0.16406249999973 0.0390625 0
0.156249999999758 0.046875 0
0.16406249999975 0.0546875 0
0.148437499999787 0.0546875 0
0.179687499999713 0.0546875 0
0.171874999999741 0.0625 0
0.140624999999815 0.0625 0
0.0937499999999065 0.046875 0
0.101562499999898 0.0546875 0
0.0859374999999347 0.0546875 0
0.109374999999889 0.0625 0
0.078124999999963 0.0625 0
0.148437499999719 0.0078125 0
0.164062499999674 0.0078125 0
0.156249999999711 0.015625 0
0.179687499999628 0.0078125 0
0.164062499999702 0.0234375 0
0.195312499999582 0.0078125 0
0.187499999999619 0.015625 0
0.195312499999611 0.0234375 0
0.179687499999656 0.0234375 0
0.210937499999565 0.0234375 0
0.203124999999602 0.03125 0
0.171874999999693 0.03125 0
0.210937499999537 0.0078125 0
0.226562499999491 0.0078125 0
0.218749999999528 0.015625 0
0.242187499999445 0.0078125 0
0.226562499999519 0.0234375 0
0.179687499999685 0.0390625 0
0.195312499999639 0.0390625 0
0.187499999999676 0.046875 0
0.210937499999593 0.0390625 0
0.195312499999667 0.0546875 0
0.085937499999963 0.0703125 0
0.0703125 0.0703125 0
0.101562499999926 0.0703125 0
0.093749999999963 0.078125 0
0.117187499999889 0.0703125 0
0.101562499999963 0.0859375 0
0.0859375 0.0859375 0
0.132812499999852 0.0703125 0
0.124999999999889 0.078125 0
0.132812499999889 0.0859375 0
0.117187499999926 0.0859375 0
0.148437499999852 0.0859375 0
0.140624999999889 0.09375 0
0.109374999999963 0.09375 0
0.148437499999815 0.0703125 0
0.164062499999778 0.0703125 0
0.156249999999815 0.078125 0
0.179687499999741 0.0703125 0
0.164062499999815 0.0859375 0
0.117187499999963 0.1015625 0
0.1015625 0.1015625 0
0.132812499999926 0.1015625 0
0.124999999999963 0.109375 0
0.148437499999889 0.1015625 0
0.132812499999963 0.1171875 0
0.1171875 0.1171875 0
0.257812499999404 0.0078125 0
0.249999999999441 0.015625 0
0.257812499999436 0.0234375 0
0.242187499999478 0.0234375 0
0.273437499999395 0.0234375 0
0.265624999999432 0.03125 0
0.234374999999515 0.03125 0
0.273437499999427 0.0390625 0
0.257812499999469 0.0390625 0
0.249999999999506 0.046875 0
0.24218749999951 0.0390625 0
0.257812499999501 0.0546875 0
0.242187499999543 0.0546875 0
0.226562499999552 0.0390625 0
0.289062499999386 0.0390625 0
0.281249999999423 0.046875 0
0.289062499999418 0.0546875 0
0.27343749999946 0.0546875 0
0.304687499999377 0.0546875 0
0.296874999999414 0.0625 0
0.265624999999497 0.0625 0
0.218749999999589 0.046875 0
0.226562499999584 0.0546875 0
0.210937499999626 0.0546875 0
0.23437499999958 0.0625 0
0.203124999999663 0.0625 0
0.304687499999409 0.0703125 0
0.289062499999451 0.0703125 0
0.281249999999488 0.078125 0
0.273437499999492 0.0703125 0
0.289062499999483 0.0859375 0
0.273437499999524 0.0859375 0
0.257812499999534 0.0703125 0
0.265624999999562 0.09375 0
0.257812499999566 0.0859375 0
0.242187499999608 0.0859375 0
0.249999999999571 0.078125 0
0.234374999999645 0.09375 0
0.226562499999649 0.0859375 0
0.242187499999575 0.0703125 0
0.273437499999557 0.1015625 0
0.257812499999598 0.1015625 0
0.249999999999636 0.109375 0
0.24218749999964 0.1015625 0
0.257812499999631 0.1171875 0
0.242187499999673 0.1171875 0
0.226562499999682 0.1015625 0
0.226562499999617 0.0703125 0
0.218749999999654 0.078125 0
0.210937499999658 0.0703125 0
0.210937499999691 0.0859375 0
0.1953124999997 0.0703125 0
0.320312499999368 0.0703125 0
0.312499999999404 0.078125 0
0.3203124999994 0.0859375 0
0.304687499999442 0.0859375 0
0.335937499999359 0.0859375 0
0.328124999999395 0.09375 0
0.296874999999478 0.09375 0
0.335937499999391 0.1015625 0
0.320312499999433 0.1015625 0
0.312499999999469 0.109375 0
0.304687499999474 0.1015625 0
0.320312499999465 0.1171875 0
0.304687499999506 0.1171875 0
0.289062499999515 0.1015625 0
0.351562499999349 0.1015625 0
0.343749999999386 0.109375 0
0.351562499999382 0.1171875 0
0.335937499999423 0.1171875 0
0.36718749999934 0.1171875 0
0.359374999999377 0.125 0
0.32812499999946 0.125 0
0.281249999999553 0.109375 0
0.289062499999548 0.1171875 0
0.273437499999589 0.1171875 0
0.296874999999543 0.125 0
0.265624999999626 0.125 0
0.187499999999737 0.078125 0
0.195312499999732 0.0859375 0
0.179687499999774 0.0859375 0
0.203124999999728 0.09375 0
0.171874999999811 0.09375 0
0.210937499999723 0.1015625 0
0.195312499999764 0.1015625 0
0.187499999999801 0.109375 0
0.179687499999806 0.1015625 0
0.195312499999797 0.1171875 0
0.179687499999838 0.1171875 0
0.164062499999848 0.1015625 0
0.218749999999719 0.109375 0
0.226562499999714 0.1171875 0
0.210937499999756 0.1171875 0
0.23437499999971 0.125 0
0.203124999999792 0.125 0
0.156249999999885 0.109375 0
0.16406249999988 0.1171875 0
0.148437499999922 0.1171875 0
0.171874999999875 0.125 0
0.140624999999959 0.125 0
0.273437499999358 0.0078125 0
0.289062499999312 0.0078125 0
0.281249999999353 0.015625 0
0.304687499999266 0.0078125 0
0.289062499999349 0.0234375 0
0.32031249999922 0.0078125 0
0.312499999999261 0.015625 0
0.320312499999257 0.0234375 0
0.304687499999303 0.0234375 0
0.335937499999211 0.0234375 0
0.328124999999252 0.03125 0
0.296874999999344 0.03125 0
0.335937499999174 0.0078125 0
0.351562499999128 0.0078125 0
0.343749999999169 0.015625 0
0.367187499999082 0.0078125 0
0.351562499999165 0.0234375 0
0.30468749999934 0.0390625 0
0.320312499999294 0.0390625 0
0.312499999999335 0.046875 0
0.335937499999248 0.0390625 0
0.32031249999933 0.0546875 0
0.382812499999035 0.0078125 0
0.374999999999077 0.015625 0
0.382812499999073 0.0234375 0
0.367187499999118 0.0234375 0
0.398437499999026 0.0234375 0
0.390624999999068 0.03125 0
0.35937499999916 0.03125 0
0.398437499999063 0.0390625 0
0.382812499999109 0.0390625 0
0.374999999999151 0.046875 0
0.367187499999156 0.0390625 0
0.382812499999147 0.0546875 0
0.367187499999192 0.0546875 0
0.351562499999202 0.0390625 0
0.414062499999017 0.0390625 0
0.406249999999059 0.046875 0
0.414062499999054 0.0546875 0
0.3984374999991 0.0546875 0
0.429687499999008 0.0546875 0
0.42187499999905 0.0625 0
0.390624999999142 0.0625 0
0.343749999999243 0.046875 0
0.351562499999238 0.0546875 0
0.335937499999285 0.0546875 0
0.359374999999234 0.0625 0
0.328124999999326 0.0625 0
0.398437499998989 0.0078125 0
0.414062499998943 0.0078125 0
0.406249999998985 0.015625 0
0.429687499998897 0.0078125 0
0.41406249999898 0.0234375 0
0.445312499998851 0.0078125 0
0.437499999998893 0.015625 0
0.445312499998888 0.0234375 0
0.429687499998934 0.0234375 0
0.460937499998842 0.0234375 0
0.453124999998884 0.03125 0
0.421874999998976 0.03125 0
0.460937499998805 0.0078125 0
0.476562499998759 0.0078125 0
0.468749999998801 0.015625 0
0.492187499998713 0.0078125 0
0.476562499998796 0.0234375 0
0.429687499998971 0.0390625 0
0.445312499998925 0.0390625 0
0.437499999998967 0.046875 0
0.460937499998879 0.0390625 0
0.445312499998962 0.0546875 0
0.335937499999321 0.0703125 0
0.351562499999276 0.0703125 0
0.343749999999317 0.078125 0
0.367187499999229 0.0703125 0
0.351562499999312 0.0859375 0
0.382812499999183 0.0703125 0
0.374999999999225 0.078125 0
0.38281249999922 0.0859375 0
0.367187499999266 0.0859375 0
0.398437499999174 0.0859375 0
0.390624999999216 0.09375 0
0.359374999999308 0.09375 0
0.398437499999137 0.0703125 0
0.414062499999091 0.0703125 0
0.406249999999133 0.078125 0
0.429687499999045 0.0703125 0
0.414062499999128 0.0859375 0
0.367187499999303 0.1015625 0
0.382812499999257 0.1015625 0
0.374999999999299 0.109375 0
0.398437499999211 0.1015625 0
0.382812499999294 0.1171875 0
0.148437499999959 0.1328125 0
0.1328125 0.1328125 0
0.164062499999917 0.1328125 0
0.156249999999959 0.140625 0
0.179687499999875 0.1328125 0
0.164062499999959 0.1484375 0
0.1484375 0.1484375 0
0.195312499999834 0.1328125 0
0.187499999999875 0.140625 0
0.195312499999875 0.1484375 0
0.179687499999917 0.1484375 0
0.210937499999834 0.1484375 0
0.203124999999875 0.15625 0
0.171874999999959 0.15625 0
0.210937499999792 0.1328125 0
0.226562499999751 0.1328125 0
0.218749999999792 0.140625 0
0.24218749999971 0.1328125 0
0.226562499999792 0.1484375 0
0.179687499999959 0.1640625 0
0.1640625 0.1640625 0
0.195312499999917 0.1640625 0
0.187499999999959 0.171875 0
0.210937499999875 0.1640625 0
0.195312499999959 0.1796875 0
0.1796875 0.1796875 0
0.257812499999668 0.1328125 0
0.24999999999971 0.140625 0
0.25781249999971 0.1484375 0
0.242187499999751 0.1484375 0
0.273437499999668 0.1484375 0
0.26562499999971 0.15625 0
0.234374999999792 0.15625 0
0.27343749999971 0.1640625 0
0.257812499999751 0.1640625 0
0.249999999999792 0.171875 0
0.242187499999792 0.1640625 0
0.257812499999792 0.1796875 0
0.242187499999834 0.1796875 0
0.226562499999834 0.1640625 0
0.289062499999668 0.1640625 0
0.28124999999971 0.171875 0
0.28906249999971 0.1796875 0
0.273437499999751 0.1796875 0
0.304687499999668 0.1796875 0
0.29687499999971 0.1875 0
0.265624999999792 0.1875 0
0.218749999999875 0.171875 0
0.226562499999875 0.1796875 0
0.210937499999917 0.1796875 0
0.234374999999875 0.1875 0
0.203124999999959 0.1875 0
0.273437499999626 0.1328125 0
0.289062499999585 0.1328125 0
0.281249999999626 0.140625 0
0.304687499999543 0.1328125 0
0.289062499999626 0.1484375 0
0.320312499999502 0.1328125 0
0.312499999999543 0.140625 0
0.320312499999543 0.1484375 0
0.304687499999585 0.1484375 0
0.335937499999502 0.1484375 0
0.328124999999543 0.15625 0
0.296874999999626 0.15625 0
0.33593749999946 0.1328125 0
0.351562499999419 0.1328125 0
0.34374999999946 0.140625 0
0.367187499999377 0.1328125 0
0.35156249999946 0.1484375 0
0.304687499999626 0.1640625 0
0.320312499999585 0.1640625 0
0.312499999999626 0.171875 0
0.335937499999543 0.1640625 0
0.320312499999626 0.1796875 0
0.210937499999959 0.1953125 0
0.1953125 0.1953125 0
0.226562499999917 0.1953125 0
0.218749999999959 0.203125 0
0.242187499999875 0.1953125 0
0.226562499999959 0.2109375 0
0.2109375 0.2109375 0
0.257812499999834 0.1953125 0
0.249999999999875 0.203125 0
0.257812499999875 0.2109375 0
0.242187499999917 0.2109375 0
0.273437499999834 0.2109375 0
0.265624999999875 0.21875 0
0.234374999999959 0.21875 0
0.273437499999792 0.1953125 0
0.289062499999751 0.1953125 0
0.281249999999792 0.203125 0
0.30468749999971 0.1953125 0
0.289062499999792 0.2109375 0
0.242187499999959 0.2265625 0
0.2265625 0.2265625 0
0.257812499999917 0.2265625 0
0.249999999999959 0.234375 0
0.273437499999875 0.2265625 0
0.257812499999958 0.2421875 0
0.2421875 0.2421875 0
0.507812499998713 0.0078125 0
0.499999999998755 0.015625 0
0.507812499998796 0.0234375 0
0.492187499998796 0.0234375 0
0.523437499998796 0.0234375 0
0.515624999998838 0.03125 0
0.484374999998838 0.03125 0
0.523437499998879 0.0390625 0
0.507812499998879 0.0390625 0
0.499999999998921 0.046875 0
0.492187499998879 0.0390625 0
0.507812499998962 0.0546875 0
0.492187499998962 0.0546875 0
0.476562499998879 0.0390625 0
0.539062499998879 0.0390625 0
0.531249999998921 0.046875 0
0.539062499998962 0.0546875 0
0.523437499998962 0.0546875 0
0.554687499998962 0.0546875 0
0.546874999999004 0.0625 0
0.515624999999004 0.0625 0
0.468749999998921 0.046875 0
0.476562499998962 0.0546875 0
0.460937499998962 0.0546875 0
0.484374999999004 0.0625 0
0.453124999999004 0.0625 0
0.554687499999045 0.0703125 0
0.539062499999045 0.0703125 0
0.531249999999087 0.078125 0
0.523437499999045 0.0703125 0
0.539062499999128 0.0859375 0
0.523437499999128 0.0859375 0
0.507812499999045 0.0703125 0
0.51562499999917 0.09375 0
0.507812499999128 0.0859375 0
0.492187499999128 0.0859375 0
0.499999999999087 0.078125 0
0.48437499999917 0.09375 0
0.476562499999128 0.0859375 0
0.492187499999045 0.0703125 0
0.523437499999211 0.1015625 0
0.507812499999211 0.1015625 0
0.499999999999253 0.109375 0
0.492187499999211 0.1015625 0
0.507812499999294 0.1171875 0
0.492187499999294 0.1171875 0
0.476562499999211 0.1015625 0
0.476562499999045 0.0703125 0
0.468749999999087 0.078125 0
0.460937499999045 0.0703125 0
0.460937499999128 0.0859375 0
0.445312499999045 0.0703125 0
0.570312499999045 0.0703125 0
0.562499999999087 0.078125 0
0.570312499999128 0.0859375 0
0.554687499999128 0.0859375 0
0.585937499999128 0.0859375 0
0.57812499999917 0.09375 0
0.54687499999917 0.09375 0
0.585937499999211 0.1015625 0
0.570312499999211 0.1015625 0
0.562499999999253 0.109375 0
0.554687499999211 0.1015625 0
0.570312499999294 0.1171875 0
0.554687499999294 0.1171875 0
0.539062499999211 0.1015625 0
0.601562499999211 0.1015625 0
0.593749999999253 0.109375 0
0.601562499999294 0.1171875 0
0.585937499999294 0.1171875 0
0.617187499999294 0.1171875 0
0.609374999999336 0.125 0
0.578124999999336 0.125 0
0.531249999999253 0.109375 0
0.539062499999294 0.1171875 0
0.523437499999294 0.1171875 0
0.546874999999336 0.125 0
0.515624999999336 0.125 0
0.437499999999087 0.078125 0
0.445312499999128 0.0859375 0
0.429687499999128 0.0859375 0
0.45312499999917 0.09375 0
0.42187499999917 0.09375 0
0.460937499999211 0.1015625 0
0.445312499999211 0.1015625 0
0.437499999999253 0.109375 0
0.429687499999211 0.1015625 0
0.445312499999294 0.1171875 0
0.429687499999294 0.1171875 0
0.414062499999211 0.1015625 0
0.468749999999253 0.109375 0
0.476562499999294 0.1171875 0
0.460937499999294 0.1171875 0
0.484374999999336 0.125 0
0.453124999999336 0.125 0
0.406249999999253 0.109375 0
0.414062499999294 0.1171875 0
0.398437499999294 0.1171875 0
0.421874999999336 0.125 0
0.390624999999336 0.125 0
0.617187499999377 0.1328125 0
0.601562499999377 0.1328125 0
0.593749999999419 0.140625 0
0.585937499999377 0.1328125 0
0.60156249999946 0.1484375 0
0.58593749999946 0.1484375 0
0.570312499999377 0.1328125 0
0.578124999999502 0.15625 0
0.57031249999946 0.1484375 0
0.55468749999946 0.1484375 0
0.562499999999419 0.140625 0
0.546874999999502 0.15625 0
0.53906249999946 0.1484375 0
0.554687499999377 0.1328125 0
0.585937499999543 0.1640625 0
0.570312499999543 0.1640625 0
0.562499999999585 0.171875 0
0.554687499999543 0.1640625 0
0.570312499999627 0.1796875 0
0.554687499999627 0.1796875 0
0.539062499999543 0.1640625 0
0.539062499999377 0.1328125 0
0.531249999999419 0.140625 0
0.523437499999377 0.1328125 0
0.52343749999946 0.1484375 0
0.507812499999377 0.1328125 0
0.546874999999668 0.1875 0
0.539062499999627 0.1796875 0
0.523437499999627 0.1796875 0
0.531249999999585 0.171875 0
0.515624999999668 0.1875 0
0.507812499999627 0.1796875 0
0.523437499999543 0.1640625 0
0.492187499999626 0.1796875 0
0.499999999999585 0.171875 0
0.492187499999543 0.1640625 0
0.507812499999543 0.1640625 0
0.476562499999543 0.1640625 0
0.484374999999502 0.15625 0
0.515624999999502 0.15625 0
0.484374999999668 0.1875 0
0.476562499999626 0.1796875 0
0.460937499999626 0.1796875 0
0.468749999999585 0.171875 0
0.453124999999668 0.1875 0
0.445312499999626 0.1796875 0
0.460937499999543 0.1640625 0
0.50781249999946 0.1484375 0
0.49218749999946 0.1484375 0
0.499999999999419 0.140625 0
0.47656249999946 0.1484375 0
0.492187499999377 0.1328125 0
0.554687499999709 0.1953125 0
0.539062499999709 0.1953125 0
0.531249999999751 0.203125 0
0.523437499999709 0.1953125 0
0.539062499999792 0.2109375 0
0.523437499999792 0.2109375 0
0.507812499999709 0.1953125 0
0.515624999999834 0.21875 0
0.507812499999792 0.2109375 0
0.492187499999792 0.2109375 0
0.499999999999751 0.203125 0
0.484374999999834 0.21875 0
0.476562499999792 0.2109375 0
0.49218749999971 0.1953125 0
0.523437499999875 0.2265625 0
0.507812499999875 0.2265625 0
0.499999999999917 0.234375 0
0.492187499999875 0.2265625 0
0.507812499999958 0.2421875 0
0.492187499999958 0.2421875 0
0.476562499999875 0.2265625 0
0.47656249999971 0.1953125 0
0.468749999999751 0.203125 0
0.46093749999971 0.1953125 0
0.460937499999792 0.2109375 0
0.44531249999971 0.1953125 0
0.476562499999377 0.1328125 0
0.468749999999419 0.140625 0
0.460937499999377 0.1328125 0
0.46093749999946 0.1484375 0
0.445312499999377 0.1328125 0
0.453124999999502 0.15625 0
0.44531249999946 0.1484375 0
0.42968749999946 0.1484375 0
0.437499999999419 0.140625 0
0.421874999999502 0.15625 0
0.41406249999946 0.1484375 0
0.429687499999377 0.1328125 0
0.445312499999543 0.1640625 0
0.437499999999585 0.171875 0
0.429687499999543 0.1640625 0
0.429687499999626 0.1796875 0
0.414062499999543 0.1640625 0
0.414062499999377 0.1328125 0
0.406249999999419 0.140625 0
0.398437499999377 0.1328125 0
0.39843749999946 0.1484375 0
0.382812499999377 0.1328125 0
0.632812499999377 0.1328125 0
0.624999999999419 0.140625 0
0.63281249999946 0.1484375 0
0.61718749999946 0.1484375 0
0.64843749999946 0.1484375 0
0.640624999999502 0.15625 0
0.609374999999502 0.15625 0
0.648437499999543 0.1640625 0
0.632812499999543 0.1640625 0
0.624999999999585 0.171875 0
0.617187499999543 0.1640625 0
0.632812499999627 0.1796875 0
0.617187499999627 0.1796875 0
0.601562499999543 0.1640625 0
0.664062499999543 0.1640625 0
0.656249999999585 0.171875 0
0.664062499999627 0.1796875 0
0.648437499999627 0.1796875 0
0.679687499999627 0.1796875 0
0.671874999999668 0.1875 0
0.640624999999668 0.1875 0
0.593749999999585 0.171875 0
0.601562499999627 0.1796875 0
0.585937499999627 0.1796875 0
0.609374999999668 0.1875 0
0.578124999999668 0.1875 0
0.679687499999709 0.1953125 0
0.664062499999709 0.1953125 0
0.656249999999751 0.203125 0
0.648437499999709 0.1953125 0
0.664062499999792 0.2109375 0
0.648437499999792 0.2109375 0
0.632812499999709 0.1953125 0
0.640624999999834 0.21875 0
0.632812499999792 0.2109375 0
0.617187499999792 0.2109375 0
0.624999999999751 0.203125 0
0.609374999999834 0.21875 0
0.601562499999792 0.2109375 0
0.617187499999709 0.1953125 0
0.648437499999875 0.2265625 0
0.632812499999875 0.2265625 0
0.624999999999917 0.234375 0
0.617187499999875 0.2265625 0
0.632812499999958 0.2421875 0
0.617187499999958 0.2421875 0
0.601562499999875 0.2265625 0
0.601562499999709 0.1953125 0
0.593749999999751 0.203125 0
0.585937499999709 0.1953125 0
0.585937499999792 0.2109375 0
0.570312499999709 0.1953125 0
0.695312499999709 0.1953125 0
0.687499999999751 0.203125 0
0.695312499999792 0.2109375 0
0.679687499999792 0.2109375 0
0.710937499999792 0.2109375 0
0.703124999999834 0.21875 0
0.671874999999834 0.21875 0
0.710937499999875 0.2265625 0
0.695312499999875 0.2265625 0
0.687499999999917 0.234375 0
0.679687499999875 0.2265625 0
0.695312499999958 0.2421875 0
0.679687499999958 0.2421875 0
0.664062499999875 0.2265625 0
0.726562499999875 0.2265625 0
0.718749999999917 0.234375 0
0.726562499999958 0.2421875 0
0.710937499999958 0.2421875 0
0.742187499999958 0.2421875 0
0.734375 0.25 0
0.703125 0.25 0
0.656249999999917 0.234375 0
0.664062499999958 0.2421875 0
0.648437499999958 0.2421875 0
0.671875 0.25 0
0.640625 0.25 0
0.562499999999751 0.203125 0
0.570312499999792 0.2109375 0
0.554687499999792 0.2109375 0
0.578124999999834 0.21875 0
0.546874999999834 0.21875 0
0.585937499999875 0.2265625 0
0.570312499999875 0.2265625 0
0.562499999999917 0.234375 0
0.554687499999875 0.2265625 0
0.570312499999958 0.2421875 0
0.554687499999958 0.2421875 0
0.539062499999875 0.2265625 0
0.593749999999917 0.234375 0
0.601562499999958 0.2421875 0
0.585937499999958 0.2421875 0
0.609375 0.25 0
0.578125 0.25 0
0.531249999999917 0.234375 0
0.539062499999958 0.2421875 0
0.523437499999958 0.2421875 0
0.546875 0.25 0
0.515625 0.25 0
0.374999999999419 0.140625 0
0.38281249999946 0.1484375 0
0.36718749999946 0.1484375 0
0.390624999999502 0.15625 0
0.359374999999502 0.15625 0
0.398437499999543 0.1640625 0
0.382812499999543 0.1640625 0
0.374999999999585 0.171875 0
0.367187499999543 0.1640625 0
0.382812499999626 0.1796875 0
0.367187499999626 0.1796875 0
0.351562499999543 0.1640625 0
0.406249999999585 0.171875 0
0.414062499999626 0.1796875 0
0.398437499999626 0.1796875 0
0.421874999999668 0.1875 0
0.390624999999668 0.1875 0
0.343749999999585 0.171875 0
0.351562499999626 0.1796875 0
0.335937499999626 0.1796875 0
0.359374999999668 0.1875 0
0.328124999999668 0.1875 0
0.42968749999971 0.1953125 0
0.41406249999971 0.1953125 0
0.406249999999751 0.203125 0
0.39843749999971 0.1953125 0
0.414062499999792 0.2109375 0
0.398437499999792 0.2109375 0
0.38281249999971 0.1953125 0
0.390624999999834 0.21875 0
0.382812499999792 0.2109375 0
0.367187499999792 0.2109375 0
0.374999999999751 0.203125 0
0.359374999999834 0.21875 0
0.351562499999792 0.2109375 0
0.36718749999971 0.1953125 0
0.398437499999875 0.2265625 0
0.382812499999875 0.2265625 0
0.374999999999917 0.234375 0
0.367187499999875 0.2265625 0
0.382812499999958 0.2421875 0
0.367187499999958 0.2421875 0
0.351562499999875 0.2265625 0
0.35156249999971 0.1953125 0
0.343749999999751 0.203125 0
0.33593749999971 0.1953125 0
0.335937499999792 0.2109375 0
0.32031249999971 0.1953125 0
0.437499999999751 0.203125 0
0.445312499999792 0.2109375 0
0.429687499999792 0.2109375 0
0.453124999999834 0.21875 0
0.421874999999834 0.21875 0
0.460937499999875 0.2265625 0
0.445312499999875 0.2265625 0
0.437499999999917 0.234375 0
0.429687499999875 0.2265625 0
0.445312499999958 0.2421875 0
0.429687499999958 0.2421875 0
0.414062499999875 0.2265625 0
0.468749999999917 0.234375 0
0.476562499999958 0.2421875 0
0.460937499999958 0.2421875 0
0.484375 0.25 0
0.453125 0.25 0
0.406249999999917 0.234375 0
0.414062499999958 0.2421875 0
0.398437499999958 0.2421875 0
0.421875 0.25 0
0.390625 0.25 0
0.312499999999751 0.203125 0
0.320312499999792 0.2109375 0
0.304687499999792 0.2109375 0
0.328124999999834 0.21875 0
0.296874999999834 0.21875 0
0.335937499999875 0.2265625 0
0.320312499999875 0.2265625 0
0.312499999999917 0.234375 0
0.304687499999875 0.2265625 0
0.320312499999958 0.2421875 0
0.304687499999958 0.2421875 0
0.289062499999875 0.2265625 0
0.343749999999917 0.234375 0
0.351562499999958 0.2421875 0
0.335937499999958 0.2421875 0
0.359375 0.25 0
0.328125 0.25 0
0.281249999999917 0.234375 0
0.289062499999958 0.2421875 0
0.273437499999958 0.2421875 0
0.296875 0.25 0
0.265625 0.25 0
0.523437499998755 0.0078125 0
0.539062499998796 0.0078125 0
0.531249999998796 0.015625 0
0.554687499998838 0.0078125 0
0.539062499998838 0.0234375 0
0.570312499998879 0.0078125 0
0.562499999998879 0.015625 0
0.570312499998921 0.0234375 0
0.554687499998879 0.0234375 0
0.585937499998962 0.0234375 0
0.578124999998962 0.03125 0
0.546874999998879 0.03125 0
0.585937499998921 0.0078125 0
0.601562499998962 0.0078125 0
0.593749999998962 0.015625 0
0.617187499999004 0.0078125 0
0.601562499999004 0.0234375 0
0.554687499998921 0.0390625 0
0.570312499998962 0.0390625 0
0.562499999998962 0.046875 0
0.585937499999004 0.0390625 0
0.570312499999004 0.0546875 0
0.632812499999045 0.0078125 0
0.624999999999045 0.015625 0
0.632812499999087 0.0234375 0
0.617187499999045 0.0234375 0
0.648437499999128 0.0234375 0
0.640624999999128 0.03125 0
0.609374999999045 0.03125 0
0.64843749999917 0.0390625 0
0.632812499999128 0.0390625 0
0.624999999999128 0.046875 0
0.617187499999087 0.0390625 0
0.63281249999917 0.0546875 0
0.617187499999128 0.0546875 0
0.601562499999045 0.0390625 0
0.664062499999211 0.0390625 0
0.656249999999211 0.046875 0
0.664062499999253 0.0546875 0
0.648437499999211 0.0546875 0
0.679687499999294 0.0546875 0
0.671874999999294 0.0625 0
0.640624999999211 0.0625 0
0.593749999999045 0.046875 0
0.601562499999087 0.0546875 0
0.585937499999045 0.0546875 0
0.609374999999128 0.0625 0
0.578124999999045 0.0625 0
0.648437499999087 0.0078125 0
0.664062499999128 0.0078125 0
0.656249999999128 0.015625 0
0.67968749999917 0.0078125 0
0.66406249999917 0.0234375 0
0.695312499999211 0.0078125 0
0.687499999999211 0.015625 0
0.695312499999253 0.0234375 0
0.679687499999211 0.0234375 0
0.710937499999294 0.0234375 0
0.703124999999294 0.03125 0
0.671874999999211 0.03125 0
0.710937499999253 0.0078125 0
0.726562499999294 0.0078125 0
0.718749999999294 0.015625 0
0.742187499999336 0.0078125 0
0.726562499999336 0.0234375 0
0.679687499999253 0.0390625 0
0.695312499999294 0.0390625 0
0.687499999999294 0.046875 0
0.710937499999336 0.0390625 0
0.695312499999336 0.0546875 0
0.585937499999087 0.0703125 0
0.601562499999128 0.0703125 0
0.593749999999128 0.078125 0
0.61718749999917 0.0703125 0
0.60156249999917 0.0859375 0
0.632812499999211 0.0703125 0
0.624999999999211 0.078125 0
0.632812499999253 0.0859375 0
0.617187499999211 0.0859375 0
0.648437499999294 0.0859375 0
0.640624999999294 0.09375 0
0.609374999999211 0.09375 0
0.648437499999253 0.0703125 0
0.664062499999294 0.0703125 0
0.656249999999294 0.078125 0
0.679687499999336 0.0703125 0
0.664062499999336 0.0859375 0
0.617187499999253 0.1015625 0
0.632812499999294 0.1015625 0
0.624999999999294 0.109375 0
0.648437499999336 0.1015625 0
0.632812499999336 0.1171875 0
0.757812499999377 0.0078125 0
0.749999999999377 0.015625 0
0.757812499999419 0.0234375 0
0.742187499999377 0.0234375 0
0.77343749999946 0.0234375 0
0.76562499999946 0.03125 0
0.734374999999377 0.03125 0
0.773437499999502 0.0390625 0
0.75781249999946 0.0390625 0
0.74999999999946 0.046875 0
0.742187499999419 0.0390625 0
0.757812499999502 0.0546875 0
0.74218749999946 0.0546875 0
0.726562499999377 0.0390625 0
0.789062499999543 0.0390625 0
0.781249999999543 0.046875 0
0.789062499999585 0.0546875 0
0.773437499999543 0.0546875 0
0.804687499999627 0.0546875 0
0.796874999999627 0.0625 0
0.765624999999543 0.0625 0
0.718749999999377 0.046875 0
0.726562499999419 0.0546875 0
0.710937499999377 0.0546875 0
0.73437499999946 0.0625 0
0.703124999999377 0.0625 0
0.804687499999668 0.0703125 0
0.789062499999627 0.0703125 0
0.781249999999627 0.078125 0
0.773437499999585 0.0703125 0
0.789062499999668 0.0859375 0
0.773437499999627 0.0859375 0
0.757812499999543 0.0703125 0
0.765624999999627 0.09375 0
0.757812499999585 0.0859375 0
0.742187499999543 0.0859375 0
0.749999999999543 0.078125 0
0.734374999999543 0.09375 0
0.726562499999502 0.0859375 0
0.742187499999502 0.0703125 0
0.773437499999668 0.1015625 0
0.757812499999627 0.1015625 0
0.749999999999627 0.109375 0
0.742187499999585 0.1015625 0
0.757812499999668 0.1171875 0
0.742187499999627 0.1171875 0
0.726562499999543 0.1015625 0
0.72656249999946 0.0703125 0
0.71874999999946 0.078125 0
0.710937499999419 0.0703125 0
0.71093749999946 0.0859375 0
0.695312499999377 0.0703125 0
0.820312499999709 0.0703125 0
0.812499999999709 0.078125 0
0.820312499999751 0.0859375 0
0.804687499999709 0.0859375 0
0.835937499999792 0.0859375 0
0.828124999999792 0.09375 0
0.796874999999709 0.09375 0
0.835937499999834 0.1015625 0
0.820312499999792 0.1015625 0
0.812499999999792 0.109375 0
0.804687499999751 0.1015625 0
0.820312499999834 0.1171875 0
0.804687499999792 0.1171875 0
0.789062499999709 0.1015625 0
0.851562499999875 0.1015625 0
0.843749999999875 0.109375 0
0.851562499999917 0.1171875 0
0.835937499999875 0.1171875 0
0.867187499999958 0.1171875 0
0.859374999999958 0.125 0
0.828124999999875 0.125 0
0.781249999999709 0.109375 0
0.789062499999751 0.1171875 0
0.773437499999709 0.1171875 0
0.796874999999792 0.125 0
0.765624999999709 0.125 0
0.687499999999377 0.078125 0
0.695312499999419 0.0859375 0
0.679687499999377 0.0859375 0
0.70312499999946 0.09375 0
0.671874999999377 0.09375 0
0.710937499999502 0.1015625 0
0.69531249999946 0.1015625 0
0.68749999999946 0.109375 0
0.679687499999419 0.1015625 0
0.695312499999502 0.1171875 0
0.67968749999946 0.1171875 0
0.664062499999377 0.1015625 0
0.718749999999543 0.109375 0
0.726562499999585 0.1171875 0
0.710937499999543 0.1171875 0
0.734374999999627 0.125 0
0.703124999999543 0.125 0
0.656249999999377 0.109375 0
0.664062499999419 0.1171875 0
0.648437499999377 0.1171875 0
0.67187499999946 0.125 0
0.640624999999377 0.125 0
0.773437499999419 0.0078125 0
0.78906249999946 0.0078125 0
0.78124999999946 0.015625 0
0.804687499999502 0.0078125 0
0.789062499999502 0.0234375 0
0.820312499999543 0.0078125 0
0.812499999999543 0.015625 0
0.820312499999585 0.0234375 0
0.804687499999543 0.0234375 0
0.835937499999627 0.0234375 0
0.828124999999627 0.03125 0
0.796874999999543 0.03125 0
0.835937499999585 0.0078125 0
0.851562499999627 0.0078125 0
0.843749999999627 0.015625 0
0.867187499999668 0.0078125 0
0.851562499999668 0.0234375 0
0.804687499999585 0.0390625 0
0.820312499999627 0.0390625 0
0.812499999999627 0.046875 0
0.835937499999668 0.0390625 0
0.820312499999668 0.0546875 0
0.882812499999709 0.0078125 0
0.874999999999709 0.015625 0
0.882812499999751 0.0234375 0
0.867187499999709 0.0234375 0
0.898437499999792 0.0234375 0
0.890624999999792 0.03125 0
0.859374999999709 0.03125 0
0.898437499999834 0.0390625 0
0.882812499999792 0.0390625 0
0.874999999999792 0.046875 0
0.867187499999751 0.0390625 0
0.882812499999834 0.0546875 0
0.867187499999792 0.0546875 0
0.851562499999709 0.0390625 0
0.914062499999875 0.0390625 0
0.906249999999875 0.046875 0
0.914062499999917 0.0546875 0
0.898437499999875 0.0546875 0
0.929687499999958 0.0546875 0
0.921874999999958 0.0625 0
0.890624999999875 0.0625 0
0.843749999999709 0.046875 0
0.851562499999751 0.0546875 0
0.835937499999709 0.0546875 0
0.859374999999792 0.0625 0
0.828124999999709 0.0625 0
0.898437499999751 0.0078125 0
0.914062499999792 0.0078125 0
0.906249999999792 0.015625 0
0.929687499999834 0.0078125 0
0.914062499999834 0.0234375 0
0.945312499999875 0.0078125 0
0.937499999999875 0.015625 0
0.945312499999917 0.0234375 0
0.929687499999875 0.0234375 0
0.960937499999958 0.0234375 0
0.953124999999958 0.03125 0
0.921874999999875 0.03125 0
0.960937499999917 0.0078125 0
0.976562499999958 0.0078125 0
0.968749999999958 0.015625 0
0.9921875 0.0078125 0
0.9765625 0.0234375 0
0.929687499999917 0.0390625 0
0.945312499999958 0.0390625 0
0.937499999999958 0.046875 0
0.9609375 0.0390625 0
0.9453125 0.0546875 0
0.835937499999751 0.0703125 0
0.851562499999792 0.0703125 0
0.843749999999792 0.078125 0
0.867187499999834 0.0703125 0
0.851562499999834 0.0859375 0
0.882812499999875 0.0703125 0
0.874999999999875 0.078125 0
0.882812499999917 0.0859375 0
0.867187499999875 0.0859375 0
0.898437499999958 0.0859375 0
0.890624999999958 0.09375 0
0.859374999999875 0.09375 0
0.898437499999917 0.0703125 0
0.914062499999958 0.0703125 0
0.906249999999958 0.078125 0
0.9296875 0.0703125 0
0.9140625 0.0859375 0
0.867187499999917 0.1015625 0
0.882812499999958 0.1015625 0
0.874999999999958 0.109375 0
0.8984375 0.1015625 0
0.8828125 0.1171875 0
0.648437499999419 0.1328125 0
0.66406249999946 0.1328125 0
0.65624999999946 0.140625 0
0.679687499999502 0.1328125 0
0.664062499999502 0.1484375 0
0.695312499999543 0.1328125 0
0.687499999999543 0.140625 0
0.695312499999585 0.1484375 0
0.679687499999543 0.1484375 0
0.710937499999627 0.1484375 0
0.703124999999627 0.15625 0
0.671874999999543 0.15625 0
0.710937499999585 0.1328125 0
0.726562499999627 0.1328125 0
0.718749999999627 0.140625 0
0.742187499999668 0.1328125 0
0.726562499999668 0.1484375 0
0.679687499999585 0.1640625 0
0.695312499999627 0.1640625 0
0.687499999999627 0.171875 0
0.710937499999668 0.1640625 0
0.695312499999668 0.1796875 0
0.757812499999709 0.1328125 0
0.749999999999709 0.140625 0
0.757812499999751 0.1484375 0
0.742187499999709 0.1484375 0
0.773437499999792 0.1484375 0
0.765624999999792 0.15625 0
0.734374999999709 0.15625 0
0.773437499999834 0.1640625 0
0.757812499999792 0.1640625 0
0.749999999999792 0.171875 0
0.742187499999751 0.1640625 0
0.757812499999834 0.1796875 0
0.742187499999792 0.1796875 0
0.726562499999709 0.1640625 0
0.789062499999875 0.1640625 0
0.781249999999875 0.171875 0
0.789062499999917 0.1796875 0
0.773437499999875 0.1796875 0
0.804687499999958 0.1796875 0
0.796874999999958 0.1875 0
0.765624999999875 0.1875 0
0.718749999999709 0.171875 0
0.726562499999751 0.1796875 0
0.710937499999709 0.1796875 0
0.734374999999792 0.1875 0
0.703124999999709 0.1875 0
0.773437499999751 0.1328125 0
0.789062499999792 0.1328125 0
0.781249999999792 0.140625 0
0.804687499999834 0.1328125 0
0.789062499999834 0.1484375 0
0.820312499999875 0.1328125 0
0.812499999999875 0.140625 0
0.820312499999917 0.1484375 0
0.804687499999875 0.1484375 0
0.835937499999958 0.1484375 0
0.828124999999958 0.15625 0
0.796874999999875 0.15625 0
0.835937499999917 0.1328125 0
0.851562499999958 0.1328125 0
0.843749999999958 0.140625 0
0.8671875 0.1328125 0
0.8515625 0.1484375 0
0.804687499999917 0.1640625 0
0.820312499999958 0.1640625 0
0.812499999999958 0.171875 0
0.8359375 0.1640625 0
0.8203125 0.1796875 0
0.710937499999751 0.1953125 0
0.726562499999792 0.1953125 0
0.718749999999792 0.203125 0
0.742187499999834 0.1953125 0
0.726562499999834 0.2109375 0
0.757812499999875 0.1953125 0
0.749999999999875 0.203125 0
0.757812499999917 0.2109375 0
0.742187499999875 0.2109375 0
0.773437499999958 0.2109375 0
0.765624999999958 0.21875 0
0.734374999999875 0.21875 0
0.773437499999917 0.1953125 0
0.789062499999958 0.1953125 0
0.781249999999958 0.203125 0
0.8046875 0.1953125 0
0.7890625 0.2109375 0
0.742187499999917 0.2265625 0
0.757812499999958 0.2265625 0
0.749999999999958 0.234375 0
0.7734375 0.2265625 0
0.7578125 0.2421875 0
0.2734375 0.2578125 0
0.2578125 0.2578125 0
0.2890625 0.2578125 0
0.28125 0.265625 0
0.3046875 0.2578125 0
0.2890625 0.2734375 0
0.2734375 0.2734375 0
0.3203125 0.2578125 0
0.3125 0.265625 0
0.3203125 0.2734375 0
0.3046875 0.2734375 0
0.3359375 0.2734375 0
0.328125 0.28125 0
0.296875 0.28125 0
0.3359375 0.2578125 0
0.3515625 0.2578125 0
0.34375 0.265625 0
0.3671875 0.2578125 0
0.3515625 0.2734375 0
0.3046875 0.2890625 0
0.2890625 0.2890625 0
0.3203125 0.2890625 0
0.3125 0.296875 0
0.3359375 0.2890625 0
0.3203125 0.3046875 0
0.3046875 0.3046875 0
0.3828125 0.2578125 0
0.375 0.265625 0
0.3828125 0.2734375 0
0.3671875 0.2734375 0
0.3984375 0.2734375 0
0.390625 0.28125 0
0.359375 0.28125 0
0.3984375 0.2890625 0
0.3828125 0.2890625 0
0.375 0.296875 0
0.3671875 0.2890625 0
0.3828125 0.3046875 0
0.3671875 0.3046875 0
0.3515625 0.2890625 0
0.4140625 0.2890625 0
0.40625 0.296875 0
0.4140625 0.3046875 0
0.3984375 0.3046875 0
0.4296875 0.3046875 0
0.421875 0.3125 0
0.390625 0.3125 0
0.34375 0.296875 0
0.3515625 0.3046875 0
0.3359375 0.3046875 0
0.359375 0.3125 0
0.328125 0.3125 0
0.3984375 0.2578125 0
0.4140625 0.2578125 0
0.40625 0.265625 0
0.4296875 0.2578125 0
0.4140625 0.2734375 0
0.4453125 0.2578125 0
0.4375 0.265625 0
0.4453125 0.2734375 0
0.4296875 0.2734375 0
0.4609375 0.2734375 0
0.453125 0.28125 0
0.421875 0.28125 0
0.4609375 0.2578125 0
0.4765625 0.2578125 0
0.46875 0.265625 0
0.4921875 0.2578125 0
0.4765625 0.2734375 0
0.4296875 0.2890625 0
0.4453125 0.2890625 0
0.4375 0.296875 0
0.4609375 0.2890625 0
0.4453125 0.3046875 0
0.3359375 0.3203125 0
0.3203125 0.3203125 0
0.3515625 0.3203125 0
0.34375 0.328125 0
0.3671875 0.3203125 0
0.3515625 0.3359375 0
0.3359375 0.3359375 0
0.3828125 0.3203125 0
0.375 0.328125 0
0.3828125 0.3359375 0
0.3671875 0.3359375 0
0.3984375 0.3359375 0
0.390625 0.34375 0
0.359375 0.34375 0
0.3984375 0.3203125 0
0.4140625 0.3203125 0
0.40625 0.328125 0
0.4296875 0.3203125 0
0.4140625 0.3359375 0
0.3671875 0.3515625 0
0.3515625 0.3515625 0
0.3828125 0.3515625 0
0.375 0.359375 0
0.3984375 0.3515625 0
0.3828125 0.3671875 0
0.3671875 0.3671875 0
0.5078125 0.2578125 0
0.5 0.265625 0
0.5078125 0.2734375 0
0.4921875 0.2734375 0
0.5234375 0.2734375 0
0.515625 0.28125 0
0.484375 0.28125 0
0.5234375 0.2890625 0
0.5078125 0.2890625 0
0.5 0.296875 0
0.4921875 0.2890625 0
0.5078125 0.3046875 0
0.4921875 0.3046875 0
0.4765625 0.2890625 0
0.5390625 0.2890625 0
0.53125 0.296875 0
0.5390625 0.3046875 0
0.5234375 0.3046875 0
0.5546875 0.3046875 0
0.546875 0.3125 0
0.515625 0.3125 0
0.46875 0.296875 0
0.4765625 0.3046875 0
0.4609375 0.3046875 0
0.484375 0.3125 0
0.453125 0.3125 0
0.5546875 0.3203125 0
0.5390625 0.3203125 0
0.53125 0.328125 0
0.5234375 0.3203125 0
0.5390625 0.3359375 0
0.5234375 0.3359375 0
0.5078125 0.3203125 0
0.515625 0.34375 0
0.5078125 0.3359375 0
0.4921875 0.3359375 0
0.5 0.328125 0
0.484375 0.34375 0
0.4765625 0.3359375 0
0.4921875 0.3203125 0
0.5234375 0.3515625 0
0.5078125 0.3515625 0
0.5 0.359375 0
0.4921875 0.3515625 0
0.5078125 0.3671875 0
0.4921875 0.3671875 0
0.4765625 0.3515625 0
0.4765625 0.3203125 0
0.46875 0.328125 0
0.4609375 0.3203125 0
0.4609375 0.3359375 0
0.4453125 0.3203125 0
0.5703125 0.3203125 0
0.5625 0.328125 0
0.5703125 0.3359375 0
0.5546875 0.3359375 0
0.5859375 0.3359375 0
0.578125 0.34375 0
0.546875 0.34375 0
0.5859375 0.3515625 0
0.5703125 0.3515625 0
0.5625 0.359375 0
0.5546875 0.3515625 0
0.5703125 0.3671875 0
0.5546875 0.3671875 0
0.5390625 0.3515625 0
0.6015625 0.3515625 0
0.59375 0.359375 0
0.6015625 0.3671875 0
0.5859375 0.3671875 0
0.6171875 0.3671875 0
0.609375 0.375 0
0.578125 0.375 0
0.53125 0.359375 0
0.5390625 0.3671875 0
0.5234375 0.3671875 0
0.546875 0.375 0
0.515625 0.375 0
0.4375 0.328125 0
0.4453125 0.3359375 0
0.4296875 0.3359375 0
0.453125 0.34375 0
0.421875 0.34375 0
0.4609375 0.3515625 0
0.4453125 0.3515625 0
0.4375 0.359375 0
0.4296875 0.3515625 0
0.4453125 0.3671875 0
0.4296875 0.3671875 0
0.4140625 0.3515625 0
0.46875 0.359375 0
0.4765625 0.3671875 0
0.4609375 0.3671875 0
0.484375 0.375 0
0.453125 0.375 0
0.40625 0.359375 0
0.4140625 0.3671875 0
0.3984375 0.3671875 0
0.421875 0.375 0
0.390625 0.375 0
0.5234375 0.2578125 0
0.5390625 0.2578125 0
0.53125 0.265625 0
0.5546875 0.2578125 0
0.5390625 0.2734375 0
0.5703125 0.2578125 0
0.5625 0.265625 0
0.5703125 0.2734375 0
0.5546875 0.2734375 0
0.5859375 0.2734375 0
0.578125 0.28125 0
0.546875 0.28125 0
0.5859375 0.2578125 0
0.6015625 0.2578125 0
0.59375 0.265625 0
0.6171875 0.2578125 0
0.6015625 0.2734375 0
0.5546875 0.2890625 0
0.5703125 0.2890625 0
0.5625 0.296875 0
0.5859375 0.2890625 0
0.5703125 0.3046875 0
0.6328125 0.2578125 0
0.625 0.265625 0
0.6328125 0.2734375 0
0.6171875 0.2734375 0
0.6484375 0.2734375 0
0.640625 0.28125 0
0.609375 0.28125 0
0.6484375 0.2890625 0
0.6328125 0.2890625 0
0.625 0.296875 0
0.6171875 0.2890625 0
0.6328125 0.3046875 0
0.6171875 0.3046875 0
0.6015625 0.2890625 0
0.6640625 0.2890625 0
0.65625 0.296875 0
0.6640625 0.3046875 0
0.6484375 0.3046875 0
0.6796875 0.3046875 0
0.671875 0.3125 0
0.640625 0.3125 0
0.59375 0.296875 0
0.6015625 0.3046875 0
0.5859375 0.3046875 0
0.609375 0.3125 0
0.578125 0.3125 0
0.6484375 0.2578125 0
0.6640625 0.2578125 0
0.65625 0.265625 0
0.6796875 0.2578125 0
0.6640625 0.2734375 0
0.6953125 0.2578125 0
0.6875 0.265625 0
0.6953125 0.2734375 0
0.6796875 0.2734375 0
0.7109375 0.2734375 0
0.703125 0.28125 0
0.671875 0.28125 0
0.7109375 0.2578125 0
0.7265625 0.2578125 0
0.71875 0.265625 0
0.7421875 0.2578125 0
0.7265625 0.2734375 0
0.6796875 0.2890625 0
0.6953125 0.2890625 0
0.6875 0.296875 0
0.7109375 0.2890625 0
0.6953125 0.3046875 0
0.5859375 0.3203125 0
0.6015625 0.3203125 0
0.59375 0.328125 0
0.6171875 0.3203125 0
0.6015625 0.3359375 0
0.6328125 0.3203125 0
0.625 0.328125 0
0.6328125 0.3359375 0
0.6171875 0.3359375 0
0.6484375 0.3359375 0
0.640625 0.34375 0
0.609375 0.34375 0
0.6484375 0.3203125 0
0.6640625 0.3203125 0
0.65625 0.328125 0
0.6796875 0.3203125 0
0.6640625 0.3359375 0
0.6171875 0.3515625 0
0.6328125 0.3515625 0
0.625 0.359375 0
0.6484375 0.3515625 0
0.6328125 0.3671875 0
0.3984375 0.3828125 0
0.3828125 0.3828125 0
0.4140625 0.3828125 0
0.40625 0.390625 0
0.4296875 0.3828125 0
0.4140625 0.3984375 0
0.3984375 0.3984375 0
0.4453125 0.3828125 0
0.4375 0.390625 0
0.4453125 0.3984375 0
0.4296875 0.3984375 0
0.4609375 0.3984375 0
0.453125 0.40625 0
0.421875 0.40625 0
0.4609375 0.3828125 0
0.4765625 0.3828125 0
0.46875 0.390625 0
0.4921875 0.3828125 0
0.4765625 0.3984375 0
0.4296875 0.4140625 0
0.4140625 0.4140625 0
0.4453125 0.4140625 0
0.4375 0.421875 0
0.4609375 0.4140625 0
0.4453125 0.4296875 0
0.4296875 0.4296875 0
0.5078125 0.3828125 0
0.5 0.390625 0
0.5078125 0.3984375 0
0.4921875 0.3984375 0
0.5234375 0.3984375 0
0.515625 0.40625 0
0.484375 0.40625 0
0.5234375 0.4140625 0
0.5078125 0.4140625 0
0.5 0.421875 0
0.4921875 0.4140625 0
0.5078125 0.4296875 0
0.4921875 0.4296875 0
0.4765625 0.4140625 0
0.5390625 0.4140625 0
0.53125 0.421875 0
0.5390625 0.4296875 0
0.5234375 0.4296875 0
0.5546875 0.4296875 0
0.546875 0.4375 0
0.515625 0.4375 0
0.46875 0.421875 0
0.4765625 0.4296875 0
0.4609375 0.4296875 0
0.484375 0.4375 0
0.453125 0.4375 0
0.5234375 0.3828125 0
0.5390625 0.3828125 0
0.53125 0.390625 0
0.5546875 0.3828125 0
0.5390625 0.3984375 0
0.5703125 0.3828125 0
0.5625 0.390625 0
0.5703125 0.3984375 0
0.5546875 0.3984375 0
0.5859375 0.3984375 0
0.578125 0.40625 0
0.546875 0.40625 0
0.5859375 0.3828125 0
0.6015625 0.3828125 0
0.59375 0.390625 0
0.6171875 0.3828125 0
0.6015625 0.3984375 0
0.5546875 0.4140625 0
0.5703125 0.4140625 0
0.5625 0.421875 0
0.5859375 0.4140625 0
0.5703125 0.4296875 0
0.4609375 0.4453125 0
0.4453125 0.4453125 0
0.4765625 0.4453125 0
0.46875 0.453125 0
0.4921875 0.4453125 0
0.4765625 0.4609375 0
0.4609375 0.4609375 0
0.5078125 0.4453125 0
0.5 0.453125 0
0.5078125 0.4609375 0
0.4921875 0.4609375 0
0.5234375 0.4609375 0
0.515625 0.46875 0
0.484375 0.46875 0
0.5234375 0.4453125 0
0.5390625 0.4453125 0
0.53125 0.453125 0
0.5546875 0.4453125 0
0.5390625 0.4609375 0
0.4921875 0.4765625 0
0.4765625 0.4765625 0
0.5078125 0.4765625 0
0.5 0.484375 0
0.5234375 0.4765625 0
0.5078125 0.4921875 0
0.4921875 0.4921875 0
0.0078125 0.976562500000008 0
0.0078125 0.9921875 0
0.0078125 0.960937500000016 0
0.015625 0.968750000000008 0
0.0078125 0.945312500000024 0
0.0234375 0.960937500000008 0
0.0234375 0.9765625 0
0.0078125 0.929687500000027 0
0.015625 0.937500000000019 0
0.0234375 0.929687500000014 0
0.0234375 0.945312500000011 0
0.0234375 0.914062500000018 0
0.03125 0.92187500000001 0
0.03125 0.953125000000003 0
0.0078125 0.914062500000031 0
0.0078125 0.898437500000029 0
0.015625 0.906250000000021 0
0.0078125 0.882812500000022 0
0.0234375 0.898437500000016 0
0.0390625 0.945312500000003 0
0.0390625 0.9609375 0
0.0390625 0.929687500000006 0
0.046875 0.937500000000003 0
0.0390625 0.91406250000001 0
0.0546875 0.929687500000003 0
0.0546875 0.9453125 0
0.0078125 0.867187500000048 0
0.015625 0.875000000000045 0
0.0234375 0.867187500000068 0
0.0234375 0.882812500000042 0
0.0234375 0.851562500000093 0
0.03125 0.85937500000009 0
0.03125 0.890625000000038 0
0.0390625 0.851562500000113 0
0.0390625 0.867187500000087 0
0.046875 0.875000000000084 0
0.0390625 0.882812500000061 0
0.0546875 0.867187500000106 0
0.0546875 0.882812500000081 0
0.0390625 0.898437500000035 0
0.0390625 0.835937500000139 0
0.046875 0.843750000000135 0
0.0546875 0.835937500000158 0
0.0546875 0.851562500000132 0
0.0546875 0.820312500000184 0
0.0625 0.828125000000181 0
0.0625 0.859375000000129 0
0.046875 0.906250000000032 0
0.0546875 0.898437500000055 0
0.0546875 0.914062500000029 0
0.0625 0.890625000000077 0
0.0625 0.921875000000026 0
0.0078125 0.8515625000001 0
0.0078125 0.835937500000158 0
0.015625 0.843750000000129 0
0.0078125 0.820312500000222 0
0.0234375 0.835937500000151 0
0.0078125 0.804687500000271 0
0.015625 0.812500000000235 0
0.0234375 0.804687500000248 0
0.0234375 0.8203125000002 0
0.0234375 0.789062500000297 0
0.03125 0.796875000000261 0
0.03125 0.828125000000164 0
0.0078125 0.789062500000311 0
0.0078125 0.77343750000035 0
0.015625 0.781250000000322 0
0.0078125 0.757812500000387 0
0.0234375 0.773437500000335 0
0.0390625 0.820312500000187 0
0.0390625 0.804687500000235 0
0.046875 0.81250000000021 0
0.0390625 0.789062500000284 0
0.0546875 0.804687500000232 0
0.0703125 0.914062500000026 0
0.0703125 0.9296875 0
0.0703125 0.898437500000052 0
0.078125 0.906250000000026 0
0.0703125 0.882812500000077 0
0.0859375 0.898437500000026 0
0.0859375 0.9140625 0
0.0703125 0.867187500000103 0
0.078125 0.875000000000077 0
0.0859375 0.867187500000077 0
0.0859375 0.882812500000052 0
0.0859375 0.851562500000103 0
0.09375 0.859375000000077 0
0.09375 0.890625000000026 0
0.0703125 0.851562500000129 0
0.0703125 0.835937500000155 0
0.078125 0.843750000000129 0
0.0703125 0.820312500000181 0
0.0859375 0.835937500000129 0
0.1015625 0.882812500000026 0
0.1015625 0.8984375 0
0.1015625 0.867187500000052 0
0.109375 0.875000000000026 0
0.1015625 0.851562500000077 0
0.1171875 0.867187500000026 0
0.1171875 0.8828125 0
0.0078125 0.742187500000429 0
0.015625 0.750000000000403 0
0.0234375 0.742187500000419 0
0.0234375 0.757812500000377 0
0.0234375 0.72656250000046 0
0.03125 0.734375000000434 0
0.03125 0.765625000000351 0
0.0390625 0.72656250000045 0
0.0390625 0.742187500000409 0
0.046875 0.750000000000383 0
0.0390625 0.757812500000367 0
0.0546875 0.742187500000399 0
0.0546875 0.757812500000357 0
0.0390625 0.773437500000325 0
0.0390625 0.710937500000492 0
0.046875 0.718750000000466 0
0.0546875 0.710937500000482 0
0.0546875 0.72656250000044 0
0.0546875 0.695312500000523 0
0.0625 0.703125000000497 0
0.0625 0.734375000000414 0
0.046875 0.7812500000003 0
0.0546875 0.773437500000315 0
0.0546875 0.789062500000274 0
0.0625 0.765625000000331 0
0.0625 0.796875000000248 0
0.0703125 0.695312500000513 0
0.0703125 0.710937500000472 0
0.078125 0.718750000000446 0
0.0703125 0.72656250000043 0
0.0859375 0.710937500000462 0
0.0859375 0.72656250000042 0
0.0703125 0.742187500000389 0
0.09375 0.734375000000394 0
0.0859375 0.742187500000379 0
0.0859375 0.757812500000337 0
0.078125 0.750000000000363 0
0.09375 0.765625000000311 0
0.0859375 0.773437500000295 0
0.0703125 0.757812500000347 0
0.1015625 0.72656250000041 0
0.1015625 0.742187500000368 0
0.109375 0.750000000000343 0
0.1015625 0.757812500000327 0
0.1171875 0.742187500000358 0
0.1171875 0.757812500000317 0
0.1015625 0.773437500000285 0
0.0703125 0.773437500000305 0
0.078125 0.78125000000028 0
0.0703125 0.789062500000264 0
0.0859375 0.789062500000254 0
0.0703125 0.804687500000222 0
0.0703125 0.679687500000555 0
0.078125 0.687500000000529 0
0.0859375 0.679687500000545 0
0.0859375 0.695312500000503 0
0.0859375 0.664062500000586 0
0.09375 0.671875000000561 0
0.09375 0.703125000000477 0
0.1015625 0.664062500000576 0
0.1015625 0.679687500000535 0
0.109375 0.687500000000509 0
0.1015625 0.695312500000493 0
0.1171875 0.679687500000525 0
0.1171875 0.695312500000483 0
0.1015625 0.710937500000452 0
0.1015625 0.648437500000618 0
0.109375 0.656250000000592 0
0.1171875 0.648437500000608 0
0.1171875 0.664062500000566 0
0.1171875 0.632812500000649 0
0.125 0.640625000000624 0
0.125 0.67187500000054 0
0.109375 0.718750000000426 0
0.1171875 0.710937500000442 0
0.1171875 0.7265625000004 0
0.125 0.703125000000457 0
0.125 0.734375000000374 0
0.078125 0.812500000000196 0
0.0859375 0.804687500000212 0
0.0859375 0.820312500000171 0
0.09375 0.796875000000228 0
0.09375 0.828125000000145 0
0.1015625 0.789062500000244 0
0.1015625 0.804687500000202 0
0.109375 0.812500000000176 0
0.1015625 0.820312500000161 0
0.1171875 0.804687500000192 0
0.1171875 0.820312500000151 0
0.1015625 0.835937500000119 0
0.109375 0.78125000000026 0
0.1171875 0.773437500000275 0
0.1171875 0.789062500000234 0
0.125 0.765625000000291 0
0.125 0.796875000000208 0
0.109375 0.843750000000093 0
0.1171875 0.835937500000109 0
0.1171875 0.851562500000067 0
0.125 0.828125000000125 0
0.125 0.859375000000042 0
0.0078125 0.72656250000049 0
0.0078125 0.710937500000563 0
0.015625 0.718750000000517 0
0.0078125 0.695312500000647 0
0.0234375 0.710937500000533 0
0.0078125 0.679687500000714 0
0.015625 0.687500000000657 0
0.0234375 0.679687500000667 0
0.0234375 0.6953125000006 0
0.0234375 0.664062500000735 0
0.03125 0.671875000000678 0
0.03125 0.703125000000543 0
0.0078125 0.664062500000781 0
0.0078125 0.648437500000843 0
0.015625 0.656250000000786 0
0.0078125 0.6328125000009 0
0.0234375 0.648437500000796 0
0.0390625 0.695312500000559 0
0.0390625 0.679687500000626 0
0.046875 0.687500000000575 0
0.0390625 0.664062500000693 0
0.0546875 0.67968750000059 0
0.0078125 0.617187500000957 0
0.015625 0.625000000000905 0
0.0234375 0.617187500000911 0
0.0234375 0.632812500000854 0
0.0234375 0.601562500000968 0
0.03125 0.609375000000917 0
0.03125 0.640625000000802 0
0.0390625 0.601562500000923 0
0.0390625 0.617187500000866 0
0.046875 0.625000000000814 0
0.0390625 0.632812500000808 0
0.0546875 0.61718750000082 0
0.0546875 0.632812500000763 0
0.0390625 0.648437500000751 0
0.0390625 0.58593750000098 0
0.046875 0.593750000000929 0
0.0546875 0.585937500000935 0
0.0546875 0.601562500000877 0
0.0546875 0.570312500000992 0
0.0625 0.578125000000941 0
0.0625 0.609375000000826 0
0.046875 0.656250000000699 0
0.0546875 0.648437500000705 0
0.0546875 0.664062500000648 0
0.0625 0.640625000000711 0
0.0625 0.671875000000596 0
0.0078125 0.601562500000985 0
0.0078125 0.585937500001021 0
0.015625 0.593750000000999 0
0.0078125 0.570312500001067 0
0.0234375 0.585937500001005 0
0.0078125 0.554687500001114 0
0.015625 0.562500000001083 0
0.0234375 0.5546875000011 0
0.0234375 0.570312500001052 0
0.0234375 0.539062500001148 0
0.03125 0.546875000001117 0
0.03125 0.578125000001022 0
0.0078125 0.539062500001147 0
0.0078125 0.523437500001205 0
0.015625 0.531250000001189 0
0.0078125 0.507812500001289 0
0.0234375 0.523437500001206 0
0.0390625 0.570312500001028 0
0.0390625 0.554687500001075 0
0.046875 0.562500000001034 0
0.0390625 0.539062500001123 0
0.0546875 0.554687500001039 0
0.0703125 0.664062500000612 0
0.0703125 0.648437500000669 0
0.078125 0.656250000000628 0
0.0703125 0.632812500000727 0
0.0859375 0.648437500000644 0
0.0703125 0.617187500000784 0
0.078125 0.625000000000743 0
0.0859375 0.617187500000759 0
0.0859375 0.632812500000701 0
0.0859375 0.601562500000816 0
0.09375 0.609375000000774 0
0.09375 0.640625000000659 0
0.0703125 0.601562500000842 0
0.0703125 0.585937500000899 0
0.078125 0.593750000000857 0
0.0703125 0.570312500000956 0
0.0859375 0.585937500000873 0
0.1015625 0.632812500000675 0
0.1015625 0.617187500000733 0
0.109375 0.625000000000691 0
0.1015625 0.60156250000079 0
0.1171875 0.617187500000707 0
0.1328125 0.851562500000042 0
0.1328125 0.8671875 0
0.1328125 0.835937500000083 0
0.140625 0.843750000000042 0
0.1328125 0.820312500000125 0
0.1484375 0.835937500000042 0
0.1484375 0.8515625 0
0.1328125 0.804687500000166 0
0.140625 0.812500000000125 0
0.1484375 0.804687500000125 0
0.1484375 0.820312500000083 0
0.1484375 0.789062500000166 0
0.15625 0.796875000000125 0
0.15625 0.828125000000042 0
0.1328125 0.789062500000208 0
0.1328125 0.773437500000249 0
0.140625 0.781250000000208 0
0.1328125 0.757812500000291 0
0.1484375 0.773437500000208 0
0.1640625 0.820312500000042 0
0.1640625 0.8359375 0
0.1640625 0.804687500000083 0
0.171875 0.812500000000042 0
0.1640625 0.789062500000125 0
0.1796875 0.804687500000042 0
0.1796875 0.8203125 0
0.1328125 0.742187500000333 0
0.140625 0.750000000000291 0
0.1484375 0.742187500000291 0
0.1484375 0.757812500000249 0
0.1484375 0.726562500000333 0
0.15625 0.734375000000291 0
0.15625 0.765625000000208 0
0.1640625 0.726562500000291 0
0.1640625 0.742187500000249 0
0.171875 0.750000000000208 0
0.1640625 0.757812500000208 0
0.1796875 0.742187500000208 0
0.1796875 0.757812500000166 0
0.1640625 0.773437500000166 0
0.1640625 0.710937500000333 0
0.171875 0.718750000000291 0
0.1796875 0.710937500000291 0
0.1796875 0.726562500000249 0
0.1796875 0.695312500000333 0
0.1875 0.703125000000291 0
0.1875 0.734375000000208 0
0.171875 0.781250000000125 0
0.1796875 0.773437500000125 0
0.1796875 0.789062500000083 0
0.1875 0.765625000000125 0
0.1875 0.796875000000042 0
0.1328125 0.726562500000374 0
0.1328125 0.710937500000416 0
0.140625 0.718750000000374 0
0.1328125 0.695312500000457 0
0.1484375 0.710937500000374 0
0.1328125 0.679687500000499 0
0.140625 0.687500000000457 0
0.1484375 0.679687500000457 0
0.1484375 0.695312500000416 0
0.1484375 0.664062500000499 0
0.15625 0.671875000000457 0
0.15625 0.703125000000374 0
0.1328125 0.66406250000054 0
0.1328125 0.648437500000582 0
0.140625 0.65625000000054 0
0.1328125 0.632812500000624 0
0.1484375 0.64843750000054 0
0.1640625 0.695312500000374 0
0.1640625 0.679687500000416 0
0.171875 0.687500000000374 0
0.1640625 0.664062500000457 0
0.1796875 0.679687500000374 0
0.1953125 0.789062500000042 0
0.1953125 0.8046875 0
0.1953125 0.773437500000083 0
0.203125 0.781250000000042 0
0.1953125 0.757812500000125 0
0.2109375 0.773437500000042 0
0.2109375 0.7890625 0
0.1953125 0.742187500000166 0
0.203125 0.750000000000125 0
0.2109375 0.742187500000125 0
0.2109375 0.757812500000083 0
0.2109375 0.726562500000166 0
0.21875 0.734375000000125 0
0.21875 0.765625000000042 0
0.1953125 0.726562500000208 0
0.1953125 0.710937500000249 0
0.203125 0.718750000000208 0
0.1953125 0.695312500000291 0
0.2109375 0.710937500000208 0
0.2265625 0.757812500000042 0
0.2265625 0.7734375 0
0.2265625 0.742187500000083 0
0.234375 0.750000000000042 0
0.2265625 0.726562500000125 0
0.2421875 0.742187500000042 0
0.2421875 0.7578125 0
0.0078125 0.492187500001289 0
0.015625 0.500000000001247 0
0.0234375 0.492187500001206 0
0.0234375 0.507812500001206 0
0.0234375 0.476562500001206 0
0.03125 0.484375000001164 0
0.03125 0.515625000001164 0
0.0390625 0.476562500001123 0
0.0390625 0.492187500001123 0
0.046875 0.500000000001081 0
0.0390625 0.507812500001123 0
0.0546875 0.492187500001039 0
0.0546875 0.507812500001039 0
0.0390625 0.523437500001123 0
0.0390625 0.460937500001123 0
0.046875 0.468750000001081 0
0.0546875 0.460937500001039 0
0.0546875 0.476562500001039 0
0.0546875 0.445312500001039 0
0.0625 0.453125000000998 0
0.0625 0.484375000000998 0
0.046875 0.531250000001081 0
0.0546875 0.523437500001039 0
0.0546875 0.539062500001039 0
0.0625 0.515625000000998 0
0.0625 0.546875000000998 0
0.0703125 0.445312500000956 0
0.0703125 0.460937500000956 0
0.078125 0.468750000000915 0
0.0703125 0.476562500000956 0
0.0859375 0.460937500000873 0
0.0859375 0.476562500000873 0
0.0703125 0.492187500000956 0
0.09375 0.484375000000832 0
0.0859375 0.492187500000873 0
0.0859375 0.507812500000873 0
0.078125 0.500000000000915 0
0.09375 0.515625000000832 0
0.0859375 0.523437500000873 0
0.0703125 0.507812500000956 0
0.1015625 0.47656250000079 0
0.1015625 0.49218750000079 0
0.109375 0.500000000000748 0
0.1015625 0.50781250000079 0
0.1171875 0.492187500000707 0
0.1171875 0.507812500000707 0
0.1015625 0.52343750000079 0
0.0703125 0.523437500000956 0
0.078125 0.531250000000915 0
0.0703125 0.539062500000956 0
0.0859375 0.539062500000873 0
0.0703125 0.554687500000956 0
0.0703125 0.429687500000956 0
0.078125 0.437500000000915 0
0.0859375 0.429687500000873 0
0.0859375 0.445312500000873 0
0.0859375 0.414062500000873 0
0.09375 0.421875000000832 0
0.09375 0.453125000000832 0
0.1015625 0.41406250000079 0
0.1015625 0.42968750000079 0
0.109375 0.437500000000748 0
0.1015625 0.44531250000079 0
0.1171875 0.429687500000707 0
0.1171875 0.445312500000707 0
0.1015625 0.46093750000079 0
0.1015625 0.39843750000079 0
0.109375 0.406250000000748 0
0.1171875 0.398437500000707 0
0.1171875 0.414062500000707 0
0.1171875 0.382812500000707 0
0.125 0.390625000000665 0
0.125 0.421875000000665 0
0.109375 0.468750000000748 0
0.1171875 0.460937500000707 0
0.1171875 0.476562500000707 0
0.125 0.453125000000665 0
0.125 0.484375000000665 0
0.078125 0.562500000000915 0
0.0859375 0.554687500000873 0
0.0859375 0.570312500000873 0
0.09375 0.546875000000832 0
0.09375 0.578125000000832 0
0.1015625 0.53906250000079 0
0.1015625 0.55468750000079 0
0.109375 0.562500000000748 0
0.1015625 0.57031250000079 0
0.1171875 0.554687500000707 0
0.1171875 0.570312500000707 0
0.1015625 0.58593750000079 0
0.109375 0.531250000000748 0
0.1171875 0.523437500000707 0
0.1171875 0.539062500000707 0
0.125 0.515625000000665 0
0.125 0.546875000000665 0
0.109375 0.593750000000748 0
0.1171875 0.585937500000707 0
0.1171875 0.601562500000707 0
0.125 0.578125000000665 0
0.125 0.609375000000665 0
0.1328125 0.382812500000624 0
0.1328125 0.398437500000624 0
0.140625 0.406250000000582 0
0.1328125 0.414062500000624 0
0.1484375 0.398437500000541 0
0.1484375 0.414062500000541 0
0.1328125 0.429687500000624 0
0.15625 0.421875000000499 0
0.1484375 0.429687500000541 0
0.1484375 0.445312500000541 0
0.140625 0.437500000000582 0
0.15625 0.453125000000499 0
0.1484375 0.460937500000541 0
0.1328125 0.445312500000624 0
0.1640625 0.414062500000457 0
0.1640625 0.429687500000457 0
0.171875 0.437500000000416 0
0.1640625 0.445312500000457 0
0.1796875 0.429687500000374 0
0.1796875 0.445312500000374 0
0.1640625 0.460937500000457 0
0.1328125 0.460937500000624 0
0.140625 0.468750000000582 0
0.1328125 0.476562500000624 0
0.1484375 0.476562500000541 0
0.1328125 0.492187500000624 0
0.1875 0.453125000000333 0
0.1796875 0.460937500000374 0
0.1796875 0.476562500000374 0
0.171875 0.468750000000416 0
0.1875 0.484375000000333 0
0.1796875 0.492187500000374 0
0.1640625 0.476562500000457 0
0.1796875 0.507812500000374 0
0.171875 0.500000000000416 0
0.1640625 0.507812500000457 0
0.1640625 0.492187500000457 0
0.1640625 0.523437500000457 0
0.15625 0.515625000000499 0
0.15625 0.484375000000499 0
0.1875 0.515625000000333 0
0.1796875 0.523437500000374 0
0.1796875 0.539062500000374 0
0.171875 0.531250000000416 0
0.1875 0.546875000000333 0
0.1796875 0.554687500000374 0
0.1640625 0.539062500000457 0
0.1484375 0.492187500000541 0
0.1484375 0.50781250000054 0
0.140625 0.500000000000582 0
0.1484375 0.52343750000054 0
0.1328125 0.507812500000624 0
0.1953125 0.445312500000291 0
0.1953125 0.460937500000291 0
0.203125 0.46875000000025 0
0.1953125 0.476562500000291 0
0.2109375 0.460937500000208 0
0.2109375 0.476562500000208 0
0.1953125 0.492187500000291 0
0.21875 0.484375000000166 0
0.2109375 0.492187500000208 0
0.2109375 0.507812500000208 0
0.203125 0.500000000000249 0
0.21875 0.515625000000166 0
0.2109375 0.523437500000208 0
0.1953125 0.507812500000291 0
0.2265625 0.476562500000125 0
0.2265625 0.492187500000125 0
0.234375 0.500000000000083 0
0.2265625 0.507812500000125 0
0.2421875 0.492187500000042 0
0.2421875 0.507812500000042 0
0.2265625 0.523437500000125 0
0.1953125 0.523437500000291 0
0.203125 0.531250000000249 0
0.1953125 0.539062500000291 0
0.2109375 0.539062500000208 0
0.1953125 0.554687500000291 0
0.1328125 0.523437500000624 0
0.140625 0.531250000000582 0
0.1328125 0.539062500000624 0
0.1484375 0.53906250000054 0
0.1328125 0.554687500000624 0
0.15625 0.546875000000499 0
0.1484375 0.55468750000054 0
0.1484375 0.57031250000054 0
0.140625 0.562500000000582 0
0.15625 0.578125000000499 0
0.1484375 0.58593750000054 0
0.1328125 0.570312500000624 0
0.1640625 0.554687500000457 0
0.171875 0.562500000000416 0
0.1640625 0.570312500000457 0
0.1796875 0.570312500000374 0
0.1640625 0.585937500000457 0
0.1328125 0.585937500000624 0
0.140625 0.593750000000582 0
0.1328125 0.601562500000624 0
0.1484375 0.60156250000054 0
0.1328125 0.617187500000624 0
0.1328125 0.367187500000624 0
0.140625 0.375000000000582 0
0.1484375 0.367187500000541 0
0.1484375 0.382812500000541 0
0.1484375 0.351562500000541 0
0.15625 0.359375000000499 0
0.15625 0.390625000000499 0
0.1640625 0.351562500000457 0
0.1640625 0.367187500000457 0
0.171875 0.375000000000416 0
0.1640625 0.382812500000457 0
0.1796875 0.367187500000374 0
0.1796875 0.382812500000374 0
0.1640625 0.398437500000457 0
0.1640625 0.335937500000457 0
0.171875 0.343750000000416 0
0.1796875 0.335937500000374 0
0.1796875 0.351562500000374 0
0.1796875 0.320312500000374 0
0.1875 0.328125000000333 0
0.1875 0.359375000000333 0
0.171875 0.406250000000416 0
0.1796875 0.398437500000374 0
0.1796875 0.414062500000374 0
0.1875 0.390625000000333 0
0.1875 0.421875000000333 0
0.1953125 0.320312500000291 0
0.1953125 0.335937500000291 0
0.203125 0.34375000000025 0
0.1953125 0.351562500000291 0
0.2109375 0.335937500000208 0
0.2109375 0.351562500000208 0
0.1953125 0.367187500000291 0
0.21875 0.359375000000166 0
0.2109375 0.367187500000208 0
0.2109375 0.382812500000208 0
0.203125 0.37500000000025 0
0.21875 0.390625000000166 0
0.2109375 0.398437500000208 0
0.1953125 0.382812500000291 0
0.2265625 0.351562500000125 0
0.2265625 0.367187500000125 0
0.234375 0.375000000000083 0
0.2265625 0.382812500000125 0
0.2421875 0.367187500000042 0
0.2421875 0.382812500000042 0
0.2265625 0.398437500000125 0
0.1953125 0.398437500000291 0
0.203125 0.40625000000025 0
0.1953125 0.414062500000291 0
0.2109375 0.414062500000208 0
0.1953125 0.429687500000291 0
0.1953125 0.304687500000291 0
0.203125 0.31250000000025 0
0.2109375 0.304687500000208 0
0.2109375 0.320312500000208 0
0.2109375 0.289062500000208 0
0.21875 0.296875000000166 0
0.21875 0.328125000000166 0
0.2265625 0.289062500000125 0
0.2265625 0.304687500000125 0
0.234375 0.312500000000083 0
0.2265625 0.320312500000125 0
0.2421875 0.304687500000042 0
0.2421875 0.320312500000042 0
0.2265625 0.335937500000125 0
0.2265625 0.273437500000125 0
0.234375 0.281250000000083 0
0.2421875 0.273437500000042 0
0.2421875 0.289062500000042 0
0.2421875 0.257812500000042 0
0.25 0.265625 0
0.25 0.296875 0
0.234375 0.343750000000083 0
0.2421875 0.335937500000042 0
0.2421875 0.351562500000042 0
0.25 0.328125 0
0.25 0.359375 0
0.203125 0.43750000000025 0
0.2109375 0.429687500000208 0
0.2109375 0.445312500000208 0
0.21875 0.421875000000166 0
0.21875 0.453125000000166 0
0.2265625 0.414062500000125 0
0.2265625 0.429687500000125 0
0.234375 0.437500000000083 0
0.2265625 0.445312500000125 0
0.2421875 0.429687500000042 0
0.2421875 0.445312500000042 0
0.2265625 0.460937500000125 0
0.234375 0.406250000000083 0
0.2421875 0.398437500000042 0
0.2421875 0.414062500000042 0
0.25 0.390625 0
0.25 0.421875 0
0.234375 0.468750000000083 0
0.2421875 0.460937500000042 0
0.2421875 0.476562500000042 0
0.25 0.453125 0
0.25 0.484375 0
0.140625 0.625000000000582 0
0.1484375 0.61718750000054 0
0.1484375 0.63281250000054 0
0.15625 0.609375000000499 0
0.15625 0.640625000000499 0
0.1640625 0.601562500000457 0
0.1640625 0.617187500000457 0
0.171875 0.625000000000416 0
0.1640625 0.632812500000457 0
0.1796875 0.617187500000374 0
0.1796875 0.632812500000374 0
0.1640625 0.648437500000457 0
0.171875 0.593750000000416 0
0.1796875 0.585937500000374 0
0.1796875 0.601562500000374 0
0.1875 0.578125000000333 0
0.1875 0.609375000000333 0
0.171875 0.656250000000416 0
0.1796875 0.648437500000374 0
0.1796875 0.664062500000374 0
0.1875 0.640625000000333 0
0.1875 0.671875000000333 0
0.1953125 0.570312500000291 0
0.1953125 0.585937500000291 0
0.203125 0.593750000000249 0
0.1953125 0.601562500000291 0
0.2109375 0.585937500000208 0
0.2109375 0.601562500000208 0
0.1953125 0.617187500000291 0
0.21875 0.609375000000166 0
0.2109375 0.617187500000208 0
0.2109375 0.632812500000208 0
0.203125 0.625000000000249 0
0.21875 0.640625000000166 0
0.2109375 0.648437500000208 0
0.1953125 0.632812500000291 0
0.2265625 0.601562500000125 0
0.2265625 0.617187500000125 0
0.234375 0.625000000000083 0
0.2265625 0.632812500000125 0
0.2421875 0.617187500000042 0
0.2421875 0.632812500000042 0
0.2265625 0.648437500000125 0
0.1953125 0.648437500000291 0
0.203125 0.656250000000249 0
0.1953125 0.664062500000291 0
0.2109375 0.664062500000208 0
0.1953125 0.679687500000291 0
0.203125 0.562500000000249 0
0.2109375 0.554687500000208 0
0.2109375 0.570312500000208 0
0.21875 0.546875000000166 0
0.21875 0.578125000000166 0
0.2265625 0.539062500000125 0
0.2265625 0.554687500000125 0
0.234375 0.562500000000083 0
0.2265625 0.570312500000125 0
0.2421875 0.554687500000042 0
0.2421875 0.570312500000042 0
0.2265625 0.585937500000125 0
0.234375 0.531250000000083 0
0.2421875 0.523437500000042 0
0.2421875 0.539062500000042 0
0.25 0.515625 0
0.25 0.546875 0
0.234375 0.593750000000083 0
0.2421875 0.585937500000042 0
0.2421875 0.601562500000042 0
0.25 0.578125 0
0.25 0.609375 0
0.203125 0.687500000000249 0
0.2109375 0.679687500000208 0
0.2109375 0.695312500000208 0
0.21875 0.671875000000166 0
0.21875 0.703125000000166 0
0.2265625 0.664062500000125 0
0.2265625 0.679687500000125 0
0.234375 0.687500000000083 0
0.2265625 0.695312500000125 0
0.2421875 0.679687500000042 0
0.2421875 0.695312500000042 0
0.2265625 0.710937500000125 0
0.234375 0.656250000000083 0
0.2421875 0.648437500000042 0
0.2421875 0.664062500000042 0
0.25 0.640625 0
0.25 0.671875 0
0.234375 0.718750000000083 0
0.2421875 0.710937500000042 0
0.2421875 0.726562500000042 0
0.25 0.703125 0
0.25 0.734375 0
0.0078125 0.476562500001247 0
0.0078125 0.460937500001206 0
0.015625 0.468750000001206 0
0.0078125 0.445312500001164 0
0.0234375 0.460937500001164 0
0.0078125 0.429687500001123 0
0.015625 0.437500000001123 0
0.0234375 0.429687500001081 0
0.0234375 0.445312500001123 0
0.0234375 0.414062500001039 0
0.03125 0.421875000001039 0
0.03125 0.453125000001123 0
0.0078125 0.414062500001081 0
0.0078125 0.398437500001039 0
0.015625 0.406250000001039 0
0.0078125 0.382812500000998 0
0.0234375 0.398437500000998 0
0.0390625 0.445312500001081 0
0.0390625 0.429687500001039 0
0.046875 0.437500000001039 0
0.0390625 0.414062500000998 0
0.0546875 0.429687500000998 0
0.0078125 0.367187500000956 0
0.015625 0.375000000000956 0
0.0234375 0.367187500000915 0
0.0234375 0.382812500000956 0
0.0234375 0.351562500000873 0
0.03125 0.359375000000873 0
0.03125 0.390625000000956 0
0.0390625 0.351562500000832 0
0.0390625 0.367187500000873 0
0.046875 0.375000000000873 0
0.0390625 0.382812500000915 0
0.0546875 0.367187500000832 0
0.0546875 0.382812500000873 0
0.0390625 0.398437500000956 0
0.0390625 0.33593750000079 0
0.046875 0.34375000000079 0
0.0546875 0.335937500000748 0
0.0546875 0.35156250000079 0
0.0546875 0.320312500000707 0
0.0625 0.328125000000707 0
0.0625 0.35937500000079 0
0.046875 0.406250000000956 0
0.0546875 0.398437500000915 0
0.0546875 0.414062500000956 0
0.0625 0.390625000000873 0
0.0625 0.421875000000956 0
0.0078125 0.351562500000915 0
0.0078125 0.335937500000873 0
0.015625 0.343750000000873 0
0.0078125 0.320312500000832 0
0.0234375 0.335937500000832 0
0.0078125 0.30468750000079 0
0.015625 0.31250000000079 0
0.0234375 0.304687500000748 0
0.0234375 0.32031250000079 0
0.0234375 0.289062500000707 0
0.03125 0.296875000000707 0
0.03125 0.32812500000079 0
0.0078125 0.289062500000748 0
0.0078125 0.273437500000707 0
0.015625 0.281250000000707 0
0.0078125 0.257812500000665 0
0.0234375 0.273437500000665 0
0.0390625 0.320312500000748 0
0.0390625 0.304687500000707 0
0.046875 0.312500000000707 0
0.0390625 0.289062500000665 0
0.0546875 0.304687500000665 0
0.0703125 0.414062500000915 0
0.0703125 0.398437500000873 0
0.078125 0.406250000000873 0
0.0703125 0.382812500000832 0
0.0859375 0.398437500000832 0
0.0703125 0.36718750000079 0
0.078125 0.37500000000079 0
0.0859375 0.367187500000748 0
0.0859375 0.38281250000079 0
0.0859375 0.351562500000707 0
0.09375 0.359375000000707 0
0.09375 0.39062500000079 0
0.0703125 0.351562500000748 0
0.0703125 0.335937500000707 0
0.078125 0.343750000000707 0
0.0703125 0.320312500000665 0
0.0859375 0.335937500000665 0
0.1015625 0.382812500000748 0
0.1015625 0.367187500000707 0
0.109375 0.375000000000707 0
0.1015625 0.351562500000665 0
0.1171875 0.367187500000665 0
0.0078125 0.242187500000624 0
0.015625 0.250000000000624 0
0.0234375 0.242187500000582 0
0.0234375 0.257812500000624 0
0.0234375 0.226562500000541 0
0.03125 0.234375000000541 0
0.03125 0.265625000000624 0
0.0390625 0.226562500000499 0
0.0390625 0.242187500000541 0
0.046875 0.250000000000541 0
0.0390625 0.257812500000582 0
0.0546875 0.242187500000499 0
0.0546875 0.257812500000541 0
0.0390625 0.273437500000624 0
0.0390625 0.210937500000457 0
0.046875 0.218750000000457 0
0.0546875 0.210937500000416 0
0.0546875 0.226562500000457 0
0.0546875 0.195312500000374 0
0.0625 0.203125000000374 0
0.0625 0.234375000000457 0
0.046875 0.281250000000624 0
0.0546875 0.273437500000582 0
0.0546875 0.289062500000624 0
0.0625 0.265625000000541 0
0.0625 0.296875000000624 0
0.0703125 0.195312500000333 0
0.0703125 0.210937500000374 0
0.078125 0.218750000000374 0
0.0703125 0.226562500000416 0
0.0859375 0.210937500000333 0
0.0859375 0.226562500000374 0
0.0703125 0.242187500000457 0
0.09375 0.234375000000374 0
0.0859375 0.242187500000416 0
0.0859375 0.257812500000457 0
0.078125 0.250000000000457 0
0.09375 0.265625000000457 0
0.0859375 0.273437500000499 0
0.0703125 0.257812500000499 0
0.1015625 0.226562500000333 0
0.1015625 0.242187500000374 0
0.109375 0.250000000000374 0
0.1015625 0.257812500000416 0
0.1171875 0.242187500000333 0
0.1171875 0.257812500000374 0
0.1015625 0.273437500000457 0
0.0703125 0.273437500000541 0
0.078125 0.281250000000541 0
0.0703125 0.289062500000582 0
0.0859375 0.289062500000541 0
0.0703125 0.304687500000624 0
0.0703125 0.179687500000291 0
0.078125 0.187500000000291 0
0.0859375 0.179687500000249 0
0.0859375 0.195312500000291 0
0.0859375 0.164062500000208 0
0.09375 0.171875000000208 0
0.09375 0.203125000000291 0
0.1015625 0.164062500000166 0
0.1015625 0.179687500000208 0
0.109375 0.187500000000208 0
0.1015625 0.195312500000249 0
0.1171875 0.179687500000166 0
0.1171875 0.195312500000208 0
0.1015625 0.210937500000291 0
0.1015625 0.148437500000125 0
0.109375 0.156250000000125 0
0.1171875 0.148437500000083 0
0.1171875 0.164062500000125 0
0.1171875 0.132812500000042 0
0.125 0.140625000000042 0
0.125 0.171875000000125 0
0.109375 0.218750000000291 0
0.1171875 0.210937500000249 0
0.1171875 0.226562500000291 0
0.125 0.203125000000208 0
0.125 0.234375000000291 0
0.078125 0.312500000000624 0
0.0859375 0.304687500000582 0
0.0859375 0.320312500000624 0
0.09375 0.296875000000541 0
0.09375 0.328125000000624 0
0.1015625 0.289062500000499 0
0.1015625 0.304687500000541 0
0.109375 0.312500000000541 0
0.1015625 0.320312500000582 0
0.1171875 0.304687500000499 0
0.1171875 0.320312500000541 0
0.1015625 0.335937500000624 0
0.109375 0.281250000000457 0
0.1171875 0.273437500000416 0
0.1171875 0.289062500000457 0
0.125 0.265625000000374 0
0.125 0.296875000000457 0
0.109375 0.343750000000624 0
0.1171875 0.335937500000582 0
0.1171875 0.351562500000624 0
0.125 0.328125000000541 0
0.125 0.359375000000624 0
0.0078125 0.226562500000582 0
0.0078125 0.210937500000541 0
0.015625 0.218750000000541 0
0.0078125 0.195312500000499 0
0.0234375 0.210937500000499 0
0.0078125 0.179687500000457 0
0.015625 0.187500000000457 0
0.0234375 0.179687500000416 0
0.0234375 0.195312500000457 0
0.0234375 0.164062500000374 0
0.03125 0.171875000000374 0
0.03125 0.203125000000457 0
0.0078125 0.164062500000416 0
0.0078125 0.148437500000374 0
0.015625 0.156250000000374 0
0.0078125 0.132812500000333 0
0.0234375 0.148437500000333 0
0.0390625 0.195312500000416 0
0.0390625 0.179687500000374 0
0.046875 0.187500000000374 0
0.0390625 0.164062500000333 0
0.0546875 0.179687500000333 0
0.0078125 0.117187500000291 0
0.015625 0.125000000000291 0
0.0234375 0.117187500000249 0
0.0234375 0.132812500000291 0
0.0234375 0.101562500000208 0
0.03125 0.109375000000208 0
0.03125 0.140625000000291 0
0.0390625 0.101562500000166 0
0.0390625 0.117187500000208 0
0.046875 0.125000000000208 0
0.0390625 0.132812500000249 0
0.0546875 0.117187500000166 0
0.0546875 0.132812500000208 0
0.0390625 0.148437500000291 0
0.0390625 0.0859375000001247 0
0.046875 0.0937500000001247 0
0.0546875 0.0859375000000832 0
0.0546875 0.101562500000125 0
0.0546875 0.0703125000000416 0
0.0625 0.0781250000000416 0
0.0625 0.109375000000125 0
0.046875 0.156250000000291 0
0.0546875 0.148437500000249 0
0.0546875 0.164062500000291 0
0.0625 0.140625000000208 0
0.0625 0.171875000000291 0
0.0078125 0.101562500000249 0
0.0078125 0.0859375000002079 0
0.015625 0.0937500000002079 0
0.0078125 0.0703125000001663 0
0.0234375 0.0859375000001663 0
0.0078125 0.0546875000001247 0
0.015625 0.0625000000001247 0
0.0234375 0.0546875000000832 0
0.0234375 0.0703125000001247 0
0.0234375 0.0390625000000416 0
0.03125 0.0468750000000416 0
0.03125 0.0781250000001247 0
0.0078125 0.0390625000000832 0
0.0078125 0.0234375000000416 0
0.015625 0.0312500000000416 0
0.0390625 0.0703125000000832 0
0.0390625 0.0546875000000416 0
0.046875 0.0625000000000416 0
0.0703125 0.164062500000249 0
0.0703125 0.148437500000208 0
0.078125 0.156250000000208 0
0.0703125 0.132812500000166 0
0.0859375 0.148437500000166 0
0.0703125 0.117187500000125 0
0.078125 0.125000000000125 0
0.0859375 0.117187500000083 0
0.0859375 0.132812500000125 0
0.0859375 0.101562500000042 0
0.09375 0.109375000000042 0
0.09375 0.140625000000125 0
0.0703125 0.101562500000083 0
0.0703125 0.0859375000000416 0
0.078125 0.0937500000000416 0
0.1015625 0.132812500000083 0
0.1015625 0.117187500000042 0
0.109375 0.125000000000042 0
0.1328125 0.351562500000582 0
0.1328125 0.335937500000541 0
0.140625 0.343750000000541 0
0.1328125 0.320312500000499 0
0.1484375 0.335937500000499 0
0.1328125 0.304687500000457 0
0.140625 0.312500000000457 0
0.1484375 0.304687500000416 0
0.1484375 0.320312500000457 0
0.1484375 0.289062500000374 0
0.15625 0.296875000000374 0
0.15625 0.328125000000457 0
0.1328125 0.289062500000416 0
0.1328125 0.273437500000374 0
0.140625 0.281250000000374 0
0.1328125 0.257812500000333 0
0.1484375 0.273437500000333 0
0.1640625 0.320312500000416 0
0.1640625 0.304687500000374 0
0.171875 0.312500000000374 0
0.1640625 0.289062500000333 0
0.1796875 0.304687500000333 0
0.1328125 0.242187500000291 0
0.140625 0.250000000000291 0
0.1484375 0.242187500000249 0
0.1484375 0.257812500000291 0
0.1484375 0.226562500000208 0
0.15625 0.234375000000208 0
0.15625 0.265625000000291 0
0.1640625 0.226562500000166 0
0.1640625 0.242187500000208 0
0.171875 0.250000000000208 0
0.1640625 0.25781250000025 0
0.1796875 0.242187500000166 0
0.1796875 0.257812500000208 0
0.1640625 0.273437500000291 0
0.1640625 0.210937500000125 0
0.171875 0.218750000000125 0
0.1796875 0.210937500000083 0
0.1796875 0.226562500000125 0
0.1796875 0.195312500000042 0
0.1875 0.203125000000042 0
0.1875 0.234375000000125 0
0.171875 0.281250000000291 0
0.1796875 0.27343750000025 0
0.1796875 0.289062500000291 0
0.1875 0.265625000000208 0
0.1875 0.296875000000291 0
0.1328125 0.226562500000249 0
0.1328125 0.210937500000208 0
0.140625 0.218750000000208 0
0.1328125 0.195312500000166 0
0.1484375 0.210937500000166 0
0.1328125 0.179687500000125 0
0.140625 0.187500000000125 0
0.1484375 0.179687500000083 0
0.1484375 0.195312500000125 0
0.1484375 0.164062500000042 0
0.15625 0.171875000000042 0
0.15625 0.203125000000125 0
0.1328125 0.164062500000083 0
0.1328125 0.148437500000042 0
0.140625 0.156250000000042 0
0.1640625 0.195312500000083 0
0.1640625 0.179687500000042 0
0.171875 0.187500000000042 0
0.1953125 0.28906250000025 0
0.1953125 0.273437500000208 0
0.203125 0.281250000000208 0
0.1953125 0.257812500000166 0
0.2109375 0.273437500000166 0
0.1953125 0.242187500000125 0
0.203125 0.250000000000125 0
0.2109375 0.242187500000083 0
0.2109375 0.257812500000125 0
0.2109375 0.226562500000042 0
0.21875 0.234375000000042 0
0.21875 0.265625000000125 0
0.1953125 0.226562500000083 0
0.1953125 0.210937500000042 0
0.203125 0.218750000000042 0
0.2265625 0.257812500000083 0
0.2265625 0.242187500000042 0
0.234375 0.250000000000042 0
0.2578125 0.7265625 0
0.2578125 0.7421875 0
0.2578125 0.7109375 0
0.265625 0.71875 0
0.2578125 0.6953125 0
0.2734375 0.7109375 0
0.2734375 0.7265625 0
0.2578125 0.6796875 0
0.265625 0.6875 0
0.2734375 0.6796875 0
0.2734375 0.6953125 0
0.2734375 0.6640625 0
0.28125 0.671875 0
0.28125 0.703125 0
0.2578125 0.6640625 0
0.2578125 0.6484375 0
0.265625 0.65625 0
0.2578125 0.6328125 0
0.2734375 0.6484375 0
0.2890625 0.6953125 0
0.2890625 0.7109375 0
0.2890625 0.6796875 0
0.296875 0.6875 0
0.2890625 0.6640625 0
0.3046875 0.6796875 0
0.3046875 0.6953125 0
0.2578125 0.6171875 0
0.265625 0.625 0
0.2734375 0.6171875 0
0.2734375 0.6328125 0
0.2734375 0.6015625 0
0.28125 0.609375 0
0.28125 0.640625 0
0.2890625 0.6015625 0
0.2890625 0.6171875 0
0.296875 0.625 0
0.2890625 0.6328125 0
0.3046875 0.6171875 0
0.3046875 0.6328125 0
0.2890625 0.6484375 0
0.2890625 0.5859375 0
0.296875 0.59375 0
0.3046875 0.5859375 0
0.3046875 0.6015625 0
0.3046875 0.5703125 0
0.3125 0.578125 0
0.3125 0.609375 0
0.296875 0.65625 0
0.3046875 0.6484375 0
0.3046875 0.6640625 0
0.3125 0.640625 0
0.3125 0.671875 0
0.2578125 0.6015625 0
0.2578125 0.5859375 0
0.265625 0.59375 0
0.2578125 0.5703125 0
0.2734375 0.5859375 0
0.2578125 0.5546875 0
0.265625 0.5625 0
0.2734375 0.5546875 0
0.2734375 0.5703125 0
0.2734375 0.5390625 0
0.28125 0.546875 0
0.28125 0.578125 0
0.2578125 0.5390625 0
0.2578125 0.5234375 0
0.265625 0.53125 0
0.2578125 0.5078125 0
0.2734375 0.5234375 0
0.2890625 0.5703125 0
0.2890625 0.5546875 0
0.296875 0.5625 0
0.2890625 0.5390625 0
0.3046875 0.5546875 0
0.3203125 0.6640625 0
0.3203125 0.6796875 0
0.3203125 0.6484375 0
0.328125 0.65625 0
0.3203125 0.6328125 0
0.3359375 0.6484375 0
0.3359375 0.6640625 0
0.3203125 0.6171875 0
0.328125 0.625 0
0.3359375 0.6171875 0
0.3359375 0.6328125 0
0.3359375 0.6015625 0
0.34375 0.609375 0
0.34375 0.640625 0
0.3203125 0.6015625 0
0.3203125 0.5859375 0
0.328125 0.59375 0
0.3203125 0.5703125 0
0.3359375 0.5859375 0
0.3515625 0.6328125 0
0.3515625 0.6484375 0
0.3515625 0.6171875 0
0.359375 0.625 0
0.3515625 0.6015625 0
0.3671875 0.6171875 0
0.3671875 0.6328125 0
0.2578125 0.4921875 0
0.265625 0.5 0
0.2734375 0.4921875 0
0.2734375 0.5078125 0
0.2734375 0.4765625 0
0.28125 0.484375 0
0.28125 0.515625 0
0.2890625 0.4765625 0
0.2890625 0.4921875 0
0.296875 0.5 0
0.2890625 0.5078125 0
0.3046875 0.4921875 0
0.3046875 0.5078125 0
0.2890625 0.5234375 0
0.2890625 0.4609375 0
0.296875 0.46875 0
0.3046875 0.4609375 0
0.3046875 0.4765625 0
0.3046875 0.4453125 0
0.3125 0.453125 0
0.3125 0.484375 0
0.296875 0.53125 0
0.3046875 0.5234375 0
0.3046875 0.5390625 0
0.3125 0.515625 0
0.3125 0.546875 0
0.3203125 0.4453125 0
0.3203125 0.4609375 0
0.328125 0.46875 0
0.3203125 0.4765625 0
0.3359375 0.4609375 0
0.3359375 0.4765625 0
0.3203125 0.4921875 0
0.34375 0.484375 0
0.3359375 0.4921875 0
0.3359375 0.5078125 0
0.328125 0.5 0
0.34375 0.515625 0
0.3359375 0.5234375 0
0.3203125 0.5078125 0
0.3515625 0.4765625 0
0.3515625 0.4921875 0
0.359375 0.5 0
0.3515625 0.5078125 0
0.3671875 0.4921875 0
0.3671875 0.5078125 0
0.3515625 0.5234375 0
0.3203125 0.5234375 0
0.328125 0.53125 0
0.3203125 0.5390625 0
0.3359375 0.5390625 0
0.3203125 0.5546875 0
0.3203125 0.4296875 0
0.328125 0.4375 0
0.3359375 0.4296875 0
0.3359375 0.4453125 0
0.3359375 0.4140625 0
0.34375 0.421875 0
0.34375 0.453125 0
0.3515625 0.4140625 0
0.3515625 0.4296875 0
0.359375 0.4375 0
0.3515625 0.4453125 0
0.3671875 0.4296875 0
0.3671875 0.4453125 0
0.3515625 0.4609375 0
0.3515625 0.3984375 0
0.359375 0.40625 0
0.3671875 0.3984375 0
0.3671875 0.4140625 0
0.3671875 0.3828125 0
0.375 0.390625 0
0.375 0.421875 0
0.359375 0.46875 0
0.3671875 0.4609375 0
0.3671875 0.4765625 0
0.375 0.453125 0
0.375 0.484375 0
0.328125 0.5625 0
0.3359375 0.5546875 0
0.3359375 0.5703125 0
0.34375 0.546875 0
0.34375 0.578125 0
0.3515625 0.5390625 0
0.3515625 0.5546875 0
0.359375 0.5625 0
0.3515625 0.5703125 0
0.3671875 0.5546875 0
0.3671875 0.5703125 0
0.3515625 0.5859375 0
0.359375 0.53125 0
0.3671875 0.5234375 0
0.3671875 0.5390625 0
0.375 0.515625 0
0.375 0.546875 0
0.359375 0.59375 0
0.3671875 0.5859375 0
0.3671875 0.6015625 0
0.375 0.578125 0
0.375 0.609375 0
0.2578125 0.4765625 0
0.2578125 0.4609375 0
0.265625 0.46875 0
0.2578125 0.4453125 0
0.2734375 0.4609375 0
0.2578125 0.4296875 0
0.265625 0.4375 0
0.2734375 0.4296875 0
0.2734375 0.4453125 0
0.2734375 0.4140625 0
0.28125 0.421875 0
0.28125 0.453125 0
0.2578125 0.4140625 0
0.2578125 0.3984375 0
0.265625 0.40625 0
0.2578125 0.3828125 0
0.2734375 0.3984375 0
0.2890625 0.4453125 0
0.2890625 0.4296875 0
0.296875 0.4375 0
0.2890625 0.4140625 0
0.3046875 0.4296875 0
0.2578125 0.3671875 0
0.265625 0.375 0
0.2734375 0.3671875 0
0.2734375 0.3828125 0
0.2734375 0.3515625 0
0.28125 0.359375 0
0.28125 0.390625 0
0.2890625 0.3515625 0
0.2890625 0.3671875 0
0.296875 0.375 0
0.2890625 0.3828125 0
0.3046875 0.3671875 0
0.3046875 0.3828125 0
0.2890625 0.3984375 0
0.2890625 0.3359375 0
0.296875 0.34375 0
0.3046875 0.3359375 0
0.3046875 0.3515625 0
0.3046875 0.3203125 0
0.3125 0.328125 0
0.3125 0.359375 0
0.296875 0.40625 0
0.3046875 0.3984375 0
0.3046875 0.4140625 0
0.3125 0.390625 0
0.3125 0.421875 0
0.2578125 0.3515625 0
0.2578125 0.3359375 0
0.265625 0.34375 0
0.2578125 0.3203125 0
0.2734375 0.3359375 0
0.2578125 0.3046875 0
0.265625 0.3125 0
0.2734375 0.3046875 0
0.2734375 0.3203125 0
0.2734375 0.2890625 0
0.28125 0.296875 0
0.28125 0.328125 0
0.2578125 0.2890625 0
0.2578125 0.2734375 0
0.265625 0.28125 0
0.2890625 0.3203125 0
0.2890625 0.3046875 0
0.296875 0.3125 0
0.3203125 0.4140625 0
0.3203125 0.3984375 0
0.328125 0.40625 0
0.3203125 0.3828125 0
0.3359375 0.3984375 0
0.3203125 0.3671875 0
0.328125 0.375 0
0.3359375 0.3671875 0
0.3359375 0.3828125 0
0.3359375 0.3515625 0
0.34375 0.359375 0
0.34375 0.390625 0
0.3203125 0.3515625 0
0.3203125 0.3359375 0
0.328125 0.34375 0
0.3515625 0.3828125 0
0.3515625 0.3671875 0
0.359375 0.375 0
0.3828125 0.6015625 0
0.3828125 0.6171875 0
0.3828125 0.5859375 0
0.390625 0.59375 0
0.3828125 0.5703125 0
0.3984375 0.5859375 0
0.3984375 0.6015625 0
0.3828125 0.5546875 0
0.390625 0.5625 0
0.3984375 0.5546875 0
0.3984375 0.5703125 0
0.3984375 0.5390625 0
0.40625 0.546875 0
0.40625 0.578125 0
0.3828125 0.5390625 0
0.3828125 0.5234375 0
0.390625 0.53125 0
0.3828125 0.5078125 0
0.3984375 0.5234375 0
0.4140625 0.5703125 0
0.4140625 0.5859375 0
0.4140625 0.5546875 0
0.421875 0.5625 0
0.4140625 0.5390625 0
0.4296875 0.5546875 0
0.4296875 0.5703125 0
0.3828125 0.4921875 0
0.390625 0.5 0
0.3984375 0.4921875 0
0.3984375 0.5078125 0
0.3984375 0.4765625 0
0.40625 0.484375 0
0.40625 0.515625 0
0.4140625 0.4765625 0
0.4140625 0.4921875 0
0.421875 0.5 0
0.4140625 0.5078125 0
0.4296875 0.4921875 0
0.4296875 0.5078125 0
0.4140625 0.5234375 0
0.4140625 0.4609375 0
0.421875 0.46875 0
0.4296875 0.4609375 0
0.4296875 0.4765625 0
0.4296875 0.4453125 0
0.4375 0.453125 0
0.4375 0.484375 0
0.421875 0.53125 0
0.4296875 0.5234375 0
0.4296875 0.5390625 0
0.4375 0.515625 0
0.4375 0.546875 0
0.3828125 0.4765625 0
0.3828125 0.4609375 0
0.390625 0.46875 0
0.3828125 0.4453125 0
0.3984375 0.4609375 0
0.3828125 0.4296875 0
0.390625 0.4375 0
0.3984375 0.4296875 0
0.3984375 0.4453125 0
0.3984375 0.4140625 0
0.40625 0.421875 0
0.40625 0.453125 0
0.3828125 0.4140625 0
0.3828125 0.3984375 0
0.390625 0.40625 0
0.4140625 0.4453125 0
0.4140625 0.4296875 0
0.421875 0.4375 0
0.4453125 0.5390625 0
0.4453125 0.5546875 0
0.4453125 0.5234375 0
0.453125 0.53125 0
0.4453125 0.5078125 0
0.4609375 0.5234375 0
0.4609375 0.5390625 0
0.4453125 0.4921875 0
0.453125 0.5 0
0.4609375 0.4921875 0
0.4609375 0.5078125 0
0.4609375 0.4765625 0
0.46875 0.484375 0
0.46875 0.515625 0
0.4453125 0.4765625 0
0.4453125 0.4609375 0
0.453125 0.46875 0
0.4765625 0.5078125 0
0.4765625 0.5234375 0
0.4765625 0.4921875 0
0.484375 0.5 0
0.4921875 0.5078125 0
0.9921875 0.0234374999999703 0
0.9921875 0.039062499999938 0
0.984375 0.0312499999999677 0
0.9921875 0.054687499999903 0
0.9765625 0.0390624999999677 0
0.9921875 0.0703124999998747 0
0.984375 0.062499999999907 0
0.9765625 0.0703124999999111 0
0.9765625 0.0546874999999394 0
0.9765625 0.0859374999998828 0
0.96875 0.0781249999999152 0
0.96875 0.0468749999999717 0
0.9921875 0.0859374999998505 0
0.9921875 0.101562499999826 0
0.984375 0.0937499999998546 0
0.9921875 0.117187499999802 0
0.9765625 0.101562499999859 0
0.9609375 0.0546874999999717 0
0.9609375 0.0703124999999435 0
0.953125 0.0624999999999717 0
0.9609375 0.0859374999999152 0
0.9453125 0.0703124999999717 0
0.9921875 0.132812499999765 0
0.984375 0.124999999999793 0
0.9765625 0.132812499999785 0
0.9765625 0.117187499999822 0
0.9765625 0.148437499999748 0
0.96875 0.140624999999776 0
0.96875 0.10937499999985 0
0.9609375 0.148437499999767 0
0.9609375 0.132812499999804 0
0.953125 0.124999999999832 0
0.9609375 0.117187499999841 0
0.9453125 0.132812499999824 0
0.9453125 0.117187499999861 0
0.9609375 0.101562499999878 0
0.9609375 0.16406249999973 0
0.953125 0.156249999999758 0
0.9453125 0.16406249999975 0
0.9453125 0.148437499999787 0
0.9453125 0.179687499999713 0
0.9375 0.171874999999741 0
0.9375 0.140624999999815 0
0.953125 0.0937499999999065 0
0.9453125 0.101562499999898 0
0.9453125 0.0859374999999347 0
0.9375 0.109374999999889 0
0.9375 0.078124999999963 0
0.9921875 0.148437499999719 0
0.9921875 0.164062499999674 0
0.984375 0.156249999999711 0
0.9921875 0.179687499999628 0
0.9765625 0.164062499999702 0
0.9921875 0.195312499999582 0
0.984375 0.187499999999619 0
0.9765625 0.195312499999611 0
0.9765625 0.179687499999656 0
0.9765625 0.210937499999565 0
0.96875 0.203124999999602 0
0.96875 0.171874999999693 0
0.9921875 0.210937499999537 0
0.9921875 0.226562499999491 0
0.984375 0.218749999999528 0
0.9921875 0.242187499999445 0
0.9765625 0.226562499999519 0
0.9609375 0.179687499999685 0
0.9609375 0.195312499999639 0
0.953125 0.187499999999676 0
0.9609375 0.210937499999593 0
0.9453125 0.195312499999667 0
0.9296875 0.085937499999963 0
0.9296875 0.101562499999926 0
0.921875 0.093749999999963 0
0.9296875 0.117187499999889 0
0.9140625 0.101562499999963 0
0.9296875 0.132812499999852 0
0.921875 0.124999999999889 0
0.9140625 0.132812499999889 0
0.9140625 0.117187499999926 0
0.9140625 0.148437499999852 0
0.90625 0.140624999999889 0
0.90625 0.109374999999963 0
0.9296875 0.148437499999815 0
0.9296875 0.164062499999778 0
0.921875 0.156249999999815 0
0.9296875 0.179687499999741 0
0.9140625 0.164062499999815 0
0.8984375 0.117187499999963 0
0.8984375 0.132812499999926 0
0.890625 0.124999999999963 0
0.8984375 0.148437499999889 0
0.8828125 0.132812499999963 0
0.9921875 0.257812499999404 0
0.984375 0.249999999999441 0
0.9765625 0.257812499999436 0
0.9765625 0.242187499999478 0
0.9765625 0.273437499999395 0
0.96875 0.265624999999432 0
0.96875 0.234374999999515 0
0.9609375 0.273437499999427 0
0.9609375 0.257812499999469 0
0.953125 0.249999999999506 0
0.9609375 0.24218749999951 0
0.9453125 0.257812499999501 0
0.9453125 0.242187499999543 0
0.9609375 0.226562499999552 0
0.9609375 0.289062499999386 0
0.953125 0.281249999999423 0
0.9453125 0.289062499999418 0
0.9453125 0.27343749999946 0
0.9453125 0.304687499999377 0
0.9375 0.296874999999414 0
0.9375 0.265624999999497 0
0.953125 0.218749999999589 0
0.9453125 0.226562499999584 0
0.9453125 0.210937499999626 0
0.9375 0.23437499999958 0
0.9375 0.203124999999663 0
0.9296875 0.304687499999409 0
0.9296875 0.289062499999451 0
0.921875 0.281249999999488 0
0.9296875 0.273437499999492 0
0.9140625 0.289062499999483 0
0.9140625 0.273437499999524 0
0.9296875 0.257812499999534 0
0.90625 0.265624999999562 0
0.9140625 0.257812499999566 0
0.9140625 0.242187499999608 0
0.921875 0.249999999999571 0
0.90625 0.234374999999645 0
0.9140625 0.226562499999649 0
0.9296875 0.242187499999575 0
0.8984375 0.273437499999557 0
0.8984375 0.257812499999598 0
0.890625 0.249999999999636 0
0.8984375 0.24218749999964 0
0.8828125 0.257812499999631 0
0.8828125 0.242187499999673 0
0.8984375 0.226562499999682 0
0.9296875 0.226562499999617 0
0.921875 0.218749999999654 0
0.9296875 0.210937499999658 0
0.9140625 0.210937499999691 0
0.9296875 0.1953124999997 0
0.9296875 0.320312499999368 0
0.921875 0.312499999999404 0
0.9140625 0.3203124999994 0
0.9140625 0.304687499999442 0
0.9140625 0.335937499999359 0
0.90625 0.328124999999395 0
0.90625 0.296874999999478 0
0.8984375 0.335937499999391 0
0.8984375 0.320312499999433 0
0.890625 0.312499999999469 0
0.8984375 0.304687499999474 0
0.8828125 0.320312499999465 0
0.8828125 0.304687499999506 0
0.8984375 0.289062499999515 0
0.8984375 0.351562499999349 0
0.890625 0.343749999999386 0
0.8828125 0.351562499999382 0
0.8828125 0.335937499999423 0
0.8828125 0.36718749999934 0
0.875 0.359374999999377 0
0.875 0.32812499999946 0
0.890625 0.281249999999553 0
0.8828125 0.289062499999548 0
0.8828125 0.273437499999589 0
0.875 0.296874999999543 0
0.875 0.265624999999626 0
0.921875 0.187499999999737 0
0.9140625 0.195312499999732 0
0.9140625 0.179687499999774 0
0.90625 0.203124999999728 0
0.90625 0.171874999999811 0
0.8984375 0.210937499999723 0
0.8984375 0.195312499999764 0
0.890625 0.187499999999801 0
0.8984375 0.179687499999806 0
0.8828125 0.195312499999797 0
0.8828125 0.179687499999838 0
0.8984375 0.164062499999848 0
0.890625 0.218749999999719 0
0.8828125 0.226562499999714 0
0.8828125 0.210937499999756 0
0.875 0.23437499999971 0
0.875 0.203124999999792 0
0.890625 0.156249999999885 0
0.8828125 0.16406249999988 0
0.8828125 0.148437499999922 0
0.875 0.171874999999875 0
0.875 0.140624999999959 0
0.9921875 0.273437499999358 0
0.9921875 0.289062499999312 0
0.984375 0.281249999999353 0
0.9921875 0.304687499999266 0
0.9765625 0.289062499999349 0
0.9921875 0.32031249999922 0
0.984375 0.312499999999261 0
0.9765625 0.320312499999257 0
0.9765625 0.304687499999303 0
0.9765625 0.335937499999211 0
0.96875 0.328124999999252 0
0.96875 0.296874999999344 0
0.9921875 0.335937499999174 0
0.9921875 0.351562499999128 0
0.984375 0.343749999999169 0
0.9921875 0.367187499999082 0
0.9765625 0.351562499999165 0
0.9609375 0.30468749999934 0
0.9609375 0.320312499999294 0
0.953125 0.312499999999335 0
0.9609375 0.335937499999248 0
0.9453125 0.32031249999933 0
0.9921875 0.382812499999035 0
0.984375 0.374999999999077 0
0.9765625 0.382812499999073 0
0.9765625 0.367187499999118 0
0.9765625 0.398437499999026 0
0.96875 0.390624999999068 0
0.96875 0.35937499999916 0
0.9609375 0.398437499999063 0
0.9609375 0.382812499999109 0
0.953125 0.374999999999151 0
0.9609375 0.367187499999156 0
0.9453125 0.382812499999147 0
0.9453125 0.367187499999192 0
0.9609375 0.351562499999202 0
0.9609375 0.414062499999017 0
0.953125 0.406249999999059 0
0.9453125 0.414062499999054 0
0.9453125 0.3984374999991 0
0.9453125 0.429687499999008 0
0.9375 0.42187499999905 0
0.9375 0.390624999999142 0
0.953125 0.343749999999243 0
0.9453125 0.351562499999238 0
0.9453125 0.335937499999285 0
0.9375 0.359374999999234 0
0.9375 0.328124999999326 0
0.9921875 0.398437499998989 0
0.9921875 0.414062499998943 0
0.984375 0.406249999998985 0
0.9921875 0.429687499998897 0
0.9765625 0.41406249999898 0
0.9921875 0.445312499998851 0
0.984375 0.437499999998893 0
0.9765625 0.445312499998888 0
0.9765625 0.429687499998934 0
0.9765625 0.460937499998842 0
0.96875 0.453124999998884 0
0.96875 0.421874999998976 0
0.9921875 0.460937499998805 0
0.9921875 0.476562499998759 0
0.984375 0.468749999998801 0
0.9921875 0.492187499998713 0
0.9765625 0.476562499998796 0
0.9609375 0.429687499998971 0
0.9609375 0.445312499998925 0
0.953125 0.437499999998967 0
0.9609375 0.460937499998879 0
0.9453125 0.445312499998962 0
0.9296875 0.335937499999321 0
0.9296875 0.351562499999276 0
0.921875 0.343749999999317 0
0.9296875 0.367187499999229 0
0.9140625 0.351562499999312 0
0.9296875 0.382812499999183 0
0.921875 0.374999999999225 0
0.9140625 0.38281249999922 0
0.9140625 0.367187499999266 0
0.9140625 0.398437499999174 0
0.90625 0.390624999999216 0
0.90625 0.359374999999308 0
0.9296875 0.398437499999137 0
0.9296875 0.414062499999091 0
0.921875 0.406249999999133 0
0.9296875 0.429687499999045 0
0.9140625 0.414062499999128 0
0.8984375 0.367187499999303 0
0.8984375 0.382812499999257 0
0.890625 0.374999999999299 0
0.8984375 0.398437499999211 0
0.8828125 0.382812499999294 0
0.8671875 0.148437499999959 0
0.8671875 0.164062499999917 0
0.859375 0.156249999999959 0
0.8671875 0.179687499999875 0
0.8515625 0.164062499999959 0
0.8671875 0.195312499999834 0
0.859375 0.187499999999875 0
0.8515625 0.195312499999875 0
0.8515625 0.179687499999917 0
0.8515625 0.210937499999834 0
0.84375 0.203124999999875 0
0.84375 0.171874999999959 0
0.8671875 0.210937499999792 0
0.8671875 0.226562499999751 0
0.859375 0.218749999999792 0
0.8671875 0.24218749999971 0
0.8515625 0.226562499999792 0
0.8359375 0.179687499999959 0
0.8359375 0.195312499999917 0
0.828125 0.187499999999959 0
0.8359375 0.210937499999875 0
0.8203125 0.195312499999959 0
0.8671875 0.257812499999668 0
0.859375 0.24999999999971 0
0.8515625 0.25781249999971 0
0.8515625 0.242187499999751 0
0.8515625 0.273437499999668 0
0.84375 0.26562499999971 0
0.84375 0.234374999999792 0
0.8359375 0.27343749999971 0
0.8359375 0.257812499999751 0
0.828125 0.249999999999792 0
0.8359375 0.242187499999792 0
0.8203125 0.257812499999792 0
0.8203125 0.242187499999834 0
0.8359375 0.226562499999834 0
0.8359375 0.289062499999668 0
0.828125 0.28124999999971 0
0.8203125 0.28906249999971 0
0.8203125 0.273437499999751 0
0.8203125 0.304687499999668 0
0.8125 0.29687499999971 0
0.8125 0.265624999999792 0
0.828125 0.218749999999875 0
0.8203125 0.226562499999875 0
0.8203125 0.210937499999917 0
0.8125 0.234374999999875 0
0.8125 0.203124999999959 0
0.8671875 0.273437499999626 0
0.8671875 0.289062499999585 0
0.859375 0.281249999999626 0
0.8671875 0.304687499999543 0
0.8515625 0.289062499999626 0
0.8671875 0.320312499999502 0
0.859375 0.312499999999543 0
0.8515625 0.320312499999543 0
0.8515625 0.304687499999585 0
0.8515625 0.335937499999502 0
0.84375 0.328124999999543 0
0.84375 0.296874999999626 0
0.8671875 0.33593749999946 0
0.8671875 0.351562499999419 0
0.859375 0.34374999999946 0
0.8671875 0.367187499999377 0
0.8515625 0.35156249999946 0
0.8359375 0.304687499999626 0
0.8359375 0.320312499999585 0
0.828125 0.312499999999626 0
0.8359375 0.335937499999543 0
0.8203125 0.320312499999626 0
0.8046875 0.210937499999959 0
0.8046875 0.226562499999917 0
0.796875 0.218749999999959 0
0.8046875 0.242187499999875 0
0.7890625 0.226562499999959 0
0.8046875 0.257812499999834 0
0.796875 0.249999999999875 0
0.7890625 0.257812499999875 0
0.7890625 0.242187499999917 0
0.7890625 0.273437499999834 0
0.78125 0.265624999999875 0
0.78125 0.234374999999959 0
0.8046875 0.273437499999792 0
0.8046875 0.289062499999751 0
0.796875 0.281249999999792 0
0.8046875 0.30468749999971 0
0.7890625 0.289062499999792 0
0.7734375 0.242187499999959 0
0.7734375 0.257812499999917 0
0.765625 0.249999999999959 0
0.7734375 0.273437499999875 0
0.7578125 0.257812499999958 0
0.9921875 0.507812499998713 0
0.984375 0.499999999998755 0
0.9765625 0.507812499998796 0
0.9765625 0.492187499998796 0
0.9765625 0.523437499998796 0
0.96875 0.515624999998838 0
0.96875 0.484374999998838 0
0.9609375 0.523437499998879 0
0.9609375 0.507812499998879 0
0.953125 0.499999999998921 0
0.9609375 0.492187499998879 0
0.9453125 0.507812499998962 0
0.9453125 0.492187499998962 0
0.9609375 0.476562499998879 0
0.9609375 0.539062499998879 0
0.953125 0.531249999998921 0
0.9453125 0.539062499998962 0
0.9453125 0.523437499998962 0
0.9453125 0.554687499998962 0
0.9375 0.546874999999004 0
0.9375 0.515624999999004 0
0.953125 0.468749999998921 0
0.9453125 0.476562499998962 0
0.9453125 0.460937499998962 0
0.9375 0.484374999999004 0
0.9375 0.453124999999004 0
0.9296875 0.554687499999045 0
0.9296875 0.539062499999045 0
0.921875 0.531249999999087 0
0.9296875 0.523437499999045 0
0.9140625 0.539062499999128 0
0.9140625 0.523437499999128 0
0.9296875 0.507812499999045 0
0.90625 0.51562499999917 0
0.9140625 0.507812499999128 0
0.9140625 0.492187499999128 0
0.921875 0.499999999999087 0
0.90625 0.48437499999917 0
0.9140625 0.476562499999128 0
0.9296875 0.492187499999045 0
0.8984375 0.523437499999211 0
0.8984375 0.507812499999211 0
0.890625 0.499999999999253 0
0.8984375 0.492187499999211 0
0.8828125 0.507812499999294 0
0.8828125 0.492187499999294 0
0.8984375 0.476562499999211 0
0.9296875 0.476562499999045 0
0.921875 0.468749999999087 0
0.9296875 0.460937499999045 0
0.9140625 0.460937499999128 0
0.9296875 0.445312499999045 0
0.9296875 0.570312499999045 0
0.921875 0.562499999999087 0
0.9140625 0.570312499999128 0
0.9140625 0.554687499999128 0
0.9140625 0.585937499999128 0
0.90625 0.57812499999917 0
0.90625 0.54687499999917 0
0.8984375 0.585937499999211 0
0.8984375 0.570312499999211 0
0.890625 0.562499999999253 0
0.8984375 0.554687499999211 0
0.8828125 0.570312499999294 0
0.8828125 0.554687499999294 0
0.8984375 0.539062499999211 0
0.8984375 0.601562499999211 0
0.890625 0.593749999999253 0
0.8828125 0.601562499999294 0
0.8828125 0.585937499999294 0
0.8828125 0.617187499999294 0
0.875 0.609374999999336 0
0.875 0.578124999999336 0
0.890625 0.531249999999253 0
0.8828125 0.539062499999294 0
0.8828125 0.523437499999294 0
0.875 0.546874999999336 0
0.875 0.515624999999336 0
0.921875 0.437499999999087 0
0.9140625 0.445312499999128 0
0.9140625 0.429687499999128 0
0.90625 0.45312499999917 0
0.90625 0.42187499999917 0
0.8984375 0.460937499999211 0
0.8984375 0.445312499999211 0
0.890625 0.437499999999253 0
0.8984375 0.429687499999211 0
0.8828125 0.445312499999294 0
0.8828125 0.429687499999294 0
0.8984375 0.414062499999211 0
0.890625 0.468749999999253 0
0.8828125 0.476562499999294 0
0.8828125 0.460937499999294 0
0.875 0.484374999999336 0
0.875 0.453124999999336 0
0.890625 0.406249999999253 0
0.8828125 0.414062499999294 0
0.8828125 0.398437499999294 0
0.875 0.421874999999336 0
0.875 0.390624999999336 0
0.8671875 0.617187499999377 0
0.8671875 0.601562499999377 0
0.859375 0.593749999999419 0
0.8671875 0.585937499999377 0
0.8515625 0.60156249999946 0
0.8515625 0.58593749999946 0
0.8671875 0.570312499999377 0
0.84375 0.578124999999502 0
0.8515625 0.57031249999946 0
0.8515625 0.55468749999946 0
0.859375 0.562499999999419 0
0.84375 0.546874999999502 0
0.8515625 0.53906249999946 0
0.8671875 0.554687499999377 0
0.8359375 0.585937499999543 0
0.8359375 0.570312499999543 0
0.828125 0.562499999999585 0
0.8359375 0.554687499999543 0
0.8203125 0.570312499999627 0
0.8203125 0.554687499999627 0
0.8359375 0.539062499999543 0
0.8671875 0.539062499999377 0
0.859375 0.531249999999419 0
0.8671875 0.523437499999377 0
0.8515625 0.52343749999946 0
0.8671875 0.507812499999377 0
0.8125 0.546874999999668 0
0.8203125 0.539062499999627 0
0.8203125 0.523437499999627 0
0.828125 0.531249999999585 0
0.8125 0.515624999999668 0
0.8203125 0.507812499999627 0
0.8359375 0.523437499999543 0
0.8203125 0.492187499999626 0
0.828125 0.499999999999585 0
0.8359375 0.492187499999543 0
0.8359375 0.507812499999543 0
0.8359375 0.476562499999543 0
0.84375 0.484374999999502 0
0.84375 0.515624999999502 0
0.8125 0.484374999999668 0
0.8203125 0.476562499999626 0
0.8203125 0.460937499999626 0
0.828125 0.468749999999585 0
0.8125 0.453124999999668 0
0.8203125 0.445312499999626 0
0.8359375 0.460937499999543 0
0.8515625 0.50781249999946 0
0.8515625 0.49218749999946 0
0.859375 0.499999999999419 0
0.8515625 0.47656249999946 0
0.8671875 0.492187499999377 0
0.8046875 0.554687499999709 0
0.8046875 0.539062499999709 0
0.796875 0.531249999999751 0
0.8046875 0.523437499999709 0
0.7890625 0.539062499999792 0
0.7890625 0.523437499999792 0
0.8046875 0.507812499999709 0
0.78125 0.515624999999834 0
0.7890625 0.507812499999792 0
0.7890625 0.492187499999792 0
0.796875 0.499999999999751 0
0.78125 0.484374999999834 0
0.7890625 0.476562499999792 0
0.8046875 0.49218749999971 0
0.7734375 0.523437499999875 0
0.7734375 0.507812499999875 0
0.765625 0.499999999999917 0
0.7734375 0.492187499999875 0
0.7578125 0.507812499999958 0
0.7578125 0.492187499999958 0
0.7734375 0.476562499999875 0
0.8046875 0.47656249999971 0
0.796875 0.468749999999751 0
0.8046875 0.46093749999971 0
0.7890625 0.460937499999792 0
0.8046875 0.44531249999971 0
0.8671875 0.476562499999377 0
0.859375 0.468749999999419 0
0.8671875 0.460937499999377 0
0.8515625 0.46093749999946 0
0.8671875 0.445312499999377 0
0.84375 0.453124999999502 0
0.8515625 0.44531249999946 0
0.8515625 0.42968749999946 0
0.859375 0.437499999999419 0
0.84375 0.421874999999502 0
0.8515625 0.41406249999946 0
0.8671875 0.429687499999377 0
0.8359375 0.445312499999543 0
0.828125 0.437499999999585 0
0.8359375 0.429687499999543 0
0.8203125 0.429687499999626 0
0.8359375 0.414062499999543 0
0.8671875 0.414062499999377 0
0.859375 0.406249999999419 0
0.8671875 0.398437499999377 0
0.8515625 0.39843749999946 0
0.8671875 0.382812499999377 0
0.8671875 0.632812499999377 0
0.859375 0.624999999999419 0
0.8515625 0.63281249999946 0
0.8515625 0.61718749999946 0
0.8515625 0.64843749999946 0
0.84375 0.640624999999502 0
0.84375 0.609374999999502 0
0.8359375 0.648437499999543 0
0.8359375 0.632812499999543 0
0.828125 0.624999999999585 0
0.8359375 0.617187499999543 0
0.8203125 0.632812499999627 0
0.8203125 0.617187499999627 0
0.8359375 0.601562499999543 0
0.8359375 0.664062499999543 0
0.828125 0.656249999999585 0
0.8203125 0.664062499999627 0
0.8203125 0.648437499999627 0
0.8203125 0.679687499999627 0
0.8125 0.671874999999668 0
0.8125 0.640624999999668 0
0.828125 0.593749999999585 0
0.8203125 0.601562499999627 0
0.8203125 0.585937499999627 0
0.8125 0.609374999999668 0
0.8125 0.578124999999668 0
0.8046875 0.679687499999709 0
0.8046875 0.664062499999709 0
0.796875 0.656249999999751 0
0.8046875 0.648437499999709 0
0.7890625 0.664062499999792 0
0.7890625 0.648437499999792 0
0.8046875 0.632812499999709 0
0.78125 0.640624999999834 0
0.7890625 0.632812499999792 0
0.7890625 0.617187499999792 0
0.796875 0.624999999999751 0
0.78125 0.609374999999834 0
0.7890625 0.601562499999792 0
0.8046875 0.617187499999709 0
0.7734375 0.648437499999875 0
0.7734375 0.632812499999875 0
0.765625 0.624999999999917 0
0.7734375 0.617187499999875 0
0.7578125 0.632812499999958 0
0.7578125 0.617187499999958 0
0.7734375 0.601562499999875 0
0.8046875 0.601562499999709 0
0.796875 0.593749999999751 0
0.8046875 0.585937499999709 0
0.7890625 0.585937499999792 0
0.8046875 0.570312499999709 0
0.8046875 0.695312499999709 0
0.796875 0.687499999999751 0
0.7890625 0.695312499999792 0
0.7890625 0.679687499999792 0
0.7890625 0.710937499999792 0
0.78125 0.703124999999834 0
0.78125 0.671874999999834 0
0.7734375 0.710937499999875 0
0.7734375 0.695312499999875 0
0.765625 0.687499999999917 0
0.7734375 0.679687499999875 0
0.7578125 0.695312499999958 0
0.7578125 0.679687499999958 0
0.7734375 0.664062499999875 0
0.7734375 0.726562499999875 0
0.765625 0.718749999999917 0
0.7578125 0.726562499999958 0
0.7578125 0.710937499999958 0
0.7578125 0.742187499999958 0
0.75 0.734375 0
0.75 0.703125 0
0.765625 0.656249999999917 0
0.7578125 0.664062499999958 0
0.7578125 0.648437499999958 0
0.75 0.671875 0
0.75 0.640625 0
0.796875 0.562499999999751 0
0.7890625 0.570312499999792 0
0.7890625 0.554687499999792 0
0.78125 0.578124999999834 0
0.78125 0.546874999999834 0
0.7734375 0.585937499999875 0
0.7734375 0.570312499999875 0
0.765625 0.562499999999917 0
0.7734375 0.554687499999875 0
0.7578125 0.570312499999958 0
0.7578125 0.554687499999958 0
0.7734375 0.539062499999875 0
0.765625 0.593749999999917 0
0.7578125 0.601562499999958 0
0.7578125 0.585937499999958 0
0.75 0.609375 0
0.75 0.578125 0
0.765625 0.531249999999917 0
0.7578125 0.539062499999958 0
0.7578125 0.523437499999958 0
0.75 0.546875 0
0.75 0.515625 0
0.859375 0.374999999999419 0
0.8515625 0.38281249999946 0
0.8515625 0.36718749999946 0
0.84375 0.390624999999502 0
0.84375 0.359374999999502 0
0.8359375 0.398437499999543 0
0.8359375 0.382812499999543 0
0.828125 0.374999999999585 0
0.8359375 0.367187499999543 0
0.8203125 0.382812499999626 0
0.8203125 0.367187499999626 0
0.8359375 0.351562499999543 0
0.828125 0.406249999999585 0
0.8203125 0.414062499999626 0
0.8203125 0.398437499999626 0
0.8125 0.421874999999668 0
0.8125 0.390624999999668 0
0.828125 0.343749999999585 0
0.8203125 0.351562499999626 0
0.8203125 0.335937499999626 0
0.8125 0.359374999999668 0
0.8125 0.328124999999668 0
0.8046875 0.42968749999971 0
0.8046875 0.41406249999971 0
0.796875 0.406249999999751 0
0.8046875 0.39843749999971 0
0.7890625 0.414062499999792 0
0.7890625 0.398437499999792 0
0.8046875 0.38281249999971 0
0.78125 0.390624999999834 0
0.7890625 0.382812499999792 0
0.7890625 0.367187499999792 0
0.796875 0.374999999999751 0
0.78125 0.359374999999834 0
0.7890625 0.351562499999792 0
0.8046875 0.36718749999971 0
0.7734375 0.398437499999875 0
0.7734375 0.382812499999875 0
0.765625 0.374999999999917 0
0.7734375 0.367187499999875 0
0.7578125 0.382812499999958 0
0.7578125 0.367187499999958 0
0.7734375 0.351562499999875 0
0.8046875 0.35156249999971 0
0.796875 0.343749999999751 0
0.8046875 0.33593749999971 0
0.7890625 0.335937499999792 0
0.8046875 0.32031249999971 0
0.796875 0.437499999999751 0
0.7890625 0.445312499999792 0
0.7890625 0.429687499999792 0
0.78125 0.453124999999834 0
0.78125 0.421874999999834 0
0.7734375 0.460937499999875 0
0.7734375 0.445312499999875 0
0.765625 0.437499999999917 0
0.7734375 0.429687499999875 0
0.7578125 0.445312499999958 0
0.7578125 0.429687499999958 0
0.7734375 0.414062499999875 0
0.765625 0.468749999999917 0
0.7578125 0.476562499999958 0
0.7578125 0.460937499999958 0
0.75 0.484375 0
0.75 0.453125 0
0.765625 0.406249999999917 0
0.7578125 0.414062499999958 0
0.7578125 0.398437499999958 0
0.75 0.421875 0
0.75 0.390625 0
0.796875 0.312499999999751 0
0.7890625 0.320312499999792 0
0.7890625 0.304687499999792 0
0.78125 0.328124999999834 0
0.78125 0.296874999999834 0
0.7734375 0.335937499999875 0
0.7734375 0.320312499999875 0
0.765625 0.312499999999917 0
0.7734375 0.304687499999875 0
0.7578125 0.320312499999958 0
0.7578125 0.304687499999958 0
0.7734375 0.289062499999875 0
0.765625 0.343749999999917 0
0.7578125 0.351562499999958 0
0.7578125 0.335937499999958 0
0.75 0.359375 0
0.75 0.328125 0
0.765625 0.281249999999917 0
0.7578125 0.289062499999958 0
0.7578125 0.273437499999958 0
0.75 0.296875 0
0.75 0.265625 0
0.9921875 0.523437499998755 0
0.9921875 0.539062499998796 0
0.984375 0.531249999998796 0
0.9921875 0.554687499998838 0
0.9765625 0.539062499998838 0
0.9921875 0.570312499998879 0
0.984375 0.562499999998879 0
0.9765625 0.570312499998921 0
0.9765625 0.554687499998879 0
0.9765625 0.585937499998962 0
0.96875 0.578124999998962 0
0.96875 0.546874999998879 0
0.9921875 0.585937499998921 0
0.9921875 0.601562499998962 0
0.984375 0.593749999998962 0
0.9921875 0.617187499999004 0
0.9765625 0.601562499999004 0
0.9609375 0.554687499998921 0
0.9609375 0.570312499998962 0
0.953125 0.562499999998962 0
0.9609375 0.585937499999004 0
0.9453125 0.570312499999004 0
0.9921875 0.632812499999045 0
0.984375 0.624999999999045 0
0.9765625 0.632812499999087 0
0.9765625 0.617187499999045 0
0.9765625 0.648437499999128 0
0.96875 0.640624999999128 0
0.96875 0.609374999999045 0
0.9609375 0.64843749999917 0
0.9609375 0.632812499999128 0
0.953125 0.624999999999128 0
0.9609375 0.617187499999087 0
0.9453125 0.63281249999917 0
0.9453125 0.617187499999128 0
0.9609375 0.601562499999045 0
0.9609375 0.664062499999211 0
0.953125 0.656249999999211 0
0.9453125 0.664062499999253 0
0.9453125 0.648437499999211 0
0.9453125 0.679687499999294 0
0.9375 0.671874999999294 0
0.9375 0.640624999999211 0
0.953125 0.593749999999045 0
0.9453125 0.601562499999087 0
0.9453125 0.585937499999045 0
0.9375 0.609374999999128 0
0.9375 0.578124999999045 0
0.9921875 0.648437499999087 0
0.9921875 0.664062499999128 0
0.984375 0.656249999999128 0
0.9921875 0.67968749999917 0
0.9765625 0.66406249999917 0
0.9921875 0.695312499999211 0
0.984375 0.687499999999211 0
0.9765625 0.695312499999253 0
0.9765625 0.679687499999211 0
0.9765625 0.710937499999294 0
0.96875 0.703124999999294 0
0.96875 0.671874999999211 0
0.9921875 0.710937499999253 0
0.9921875 0.726562499999294 0
0.984375 0.718749999999294 0
0.9921875 0.742187499999336 0
0.9765625 0.726562499999336 0
0.9609375 0.679687499999253 0
0.9609375 0.695312499999294 0
0.953125 0.687499999999294 0
0.9609375 0.710937499999336 0
0.9453125 0.695312499999336 0
0.9296875 0.585937499999087 0
0.9296875 0.601562499999128 0
0.921875 0.593749999999128 0
0.9296875 0.61718749999917 0
0.9140625 0.60156249999917 0
0.9296875 0.632812499999211 0
0.921875 0.624999999999211 0
0.9140625 0.632812499999253 0
0.9140625 0.617187499999211 0
0.9140625 0.648437499999294 0
0.90625 0.640624999999294 0
0.90625 0.609374999999211 0
0.9296875 0.648437499999253 0
0.9296875 0.664062499999294 0
0.921875 0.656249999999294 0
0.9296875 0.679687499999336 0
0.9140625 0.664062499999336 0
0.8984375 0.617187499999253 0
0.8984375 0.632812499999294 0
0.890625 0.624999999999294 0
0.8984375 0.648437499999336 0
0.8828125 0.632812499999336 0
0.9921875 0.757812499999377 0
0.984375 0.749999999999377 0
0.9765625 0.757812499999419 0
0.9765625 0.742187499999377 0
0.9765625 0.77343749999946 0
0.96875 0.76562499999946 0
0.96875 0.734374999999377 0
0.9609375 0.773437499999502 0
0.9609375 0.75781249999946 0
0.953125 0.74999999999946 0
0.9609375 0.742187499999419 0
0.9453125 0.757812499999502 0
0.9453125 0.74218749999946 0
0.9609375 0.726562499999377 0
0.9609375 0.789062499999543 0
0.953125 0.781249999999543 0
0.9453125 0.789062499999585 0
0.9453125 0.773437499999543 0
0.9453125 0.804687499999627 0
0.9375 0.796874999999627 0
0.9375 0.765624999999543 0
0.953125 0.718749999999377 0
0.9453125 0.726562499999419 0
0.9453125 0.710937499999377 0
0.9375 0.73437499999946 0
0.9375 0.703124999999377 0
0.9296875 0.804687499999668 0
0.9296875 0.789062499999627 0
0.921875 0.781249999999627 0
0.9296875 0.773437499999585 0
0.9140625 0.789062499999668 0
0.9140625 0.773437499999627 0
0.9296875 0.757812499999543 0
0.90625 0.765624999999627 0
0.9140625 0.757812499999585 0
0.9140625 0.742187499999543 0
0.921875 0.749999999999543 0
0.90625 0.734374999999543 0
0.9140625 0.726562499999502 0
0.9296875 0.742187499999502 0
0.8984375 0.773437499999668 0
0.8984375 0.757812499999627 0
0.890625 0.749999999999627 0
0.8984375 0.742187499999585 0
0.8828125 0.757812499999668 0
0.8828125 0.742187499999627 0
0.8984375 0.726562499999543 0
0.9296875 0.72656249999946 0
0.921875 0.71874999999946 0
0.9296875 0.710937499999419 0
0.9140625 0.71093749999946 0
0.9296875 0.695312499999377 0
0.9296875 0.820312499999709 0
0.921875 0.812499999999709 0
0.9140625 0.820312499999751 0
0.9140625 0.804687499999709 0
0.9140625 0.835937499999792 0
0.90625 0.828124999999792 0
0.90625 0.796874999999709 0
0.8984375 0.835937499999834 0
0.8984375 0.820312499999792 0
0.890625 0.812499999999792 0
0.8984375 0.804687499999751 0
0.8828125 0.820312499999834 0
0.8828125 0.804687499999792 0
0.8984375 0.789062499999709 0
0.8984375 0.851562499999875 0
0.890625 0.843749999999875 0
0.8828125 0.851562499999917 0
0.8828125 0.835937499999875 0
0.8828125 0.867187499999958 0
0.875 0.859374999999958 0
0.875 0.828124999999875 0
0.890625 0.781249999999709 0
0.8828125 0.789062499999751 0
0.8828125 0.773437499999709 0
0.875 0.796874999999792 0
0.875 0.765624999999709 0
0.921875 0.687499999999377 0
0.9140625 0.695312499999419 0
0.9140625 0.679687499999377 0
0.90625 0.70312499999946 0
0.90625 0.671874999999377 0
0.8984375 0.710937499999502 0
0.8984375 0.69531249999946 0
0.890625 0.68749999999946 0
0.8984375 0.679687499999419 0
0.8828125 0.695312499999502 0
0.8828125 0.67968749999946 0
0.8984375 0.664062499999377 0
0.890625 0.718749999999543 0
0.8828125 0.726562499999585 0
0.8828125 0.710937499999543 0
0.875 0.734374999999627 0
0.875 0.703124999999543 0
0.890625 0.656249999999377 0
0.8828125 0.664062499999419 0
0.8828125 0.648437499999377 0
0.875 0.67187499999946 0
0.875 0.640624999999377 0
0.9921875 0.773437499999419 0
0.9921875 0.78906249999946 0
0.984375 0.78124999999946 0
0.9921875 0.804687499999502 0
0.9765625 0.789062499999502 0
0.9921875 0.820312499999543 0
0.984375 0.812499999999543 0
0.9765625 0.820312499999585 0
0.9765625 0.804687499999543 0
0.9765625 0.835937499999627 0
0.96875 0.828124999999627 0
0.96875 0.796874999999543 0
0.9921875 0.835937499999585 0
0.9921875 0.851562499999627 0
0.984375 0.843749999999627 0
0.9921875 0.867187499999668 0
0.9765625 0.851562499999668 0
0.9609375 0.804687499999585 0
0.9609375 0.820312499999627 0
0.953125 0.812499999999627 0
0.9609375 0.835937499999668 0
0.9453125 0.820312499999668 0
0.9921875 0.882812499999709 0
0.984375 0.874999999999709 0
0.9765625 0.882812499999751 0
0.9765625 0.867187499999709 0
0.9765625 0.898437499999792 0
0.96875 0.890624999999792 0
0.96875 0.859374999999709 0
0.9609375 0.898437499999834 0
0.9609375 0.882812499999792 0
0.953125 0.874999999999792 0
0.9609375 0.867187499999751 0
0.9453125 0.882812499999834 0
0.9453125 0.867187499999792 0
0.9609375 0.851562499999709 0
0.9609375 0.914062499999875 0
0.953125 0.906249999999875 0
0.9453125 0.914062499999917 0
0.9453125 0.898437499999875 0
0.9453125 0.929687499999958 0
0.9375 0.921874999999958 0
0.9375 0.890624999999875 0
0.953125 0.843749999999709 0
0.9453125 0.851562499999751 0
0.9453125 0.835937499999709 0
0.9375 0.859374999999792 0
0.9375 0.828124999999709 0
0.9921875 0.898437499999751 0
0.9921875 0.914062499999792 0
0.984375 0.906249999999792 0
0.9921875 0.929687499999834 0
0.9765625 0.914062499999834 0
0.9921875 0.945312499999875 0
0.984375 0.937499999999875 0
0.9765625 0.945312499999917 0
0.9765625 0.929687499999875 0
0.9765625 0.960937499999958 0
0.96875 0.953124999999958 0
0.96875 0.921874999999875 0
0.9921875 0.960937499999917 0
0.9921875 0.976562499999958 0
0.984375 0.968749999999958 0
0.9921875 0.9921875 0
0.9765625 0.9765625 0
0.9609375 0.929687499999917 0
0.9609375 0.945312499999958 0
0.953125 0.937499999999958 0
0.9609375 0.9609375 0
0.9453125 0.9453125 0
0.9296875 0.835937499999751 0
0.9296875 0.851562499999792 0
0.921875 0.843749999999792 0
0.9296875 0.867187499999834 0
0.9140625 0.851562499999834 0
0.9296875 0.882812499999875 0
0.921875 0.874999999999875 0
0.9140625 0.882812499999917 0
0.9140625 0.867187499999875 0
0.9140625 0.898437499999958 0
0.90625 0.890624999999958 0
0.90625 0.859374999999875 0
0.9296875 0.898437499999917 0
0.9296875 0.914062499999958 0
0.921875 0.906249999999958 0
0.9296875 0.9296875 0
0.9140625 0.9140625 0
0.8984375 0.867187499999917 0
0.8984375 0.882812499999958 0
0.890625 0.874999999999958 0
0.8984375 0.8984375 0
0.8828125 0.8828125 0
0.8671875 0.648437499999419 0
0.8671875 0.66406249999946 0
0.859375 0.65624999999946 0
0.8671875 0.679687499999502 0
0.8515625 0.664062499999502 0
0.8671875 0.695312499999543 0
0.859375 0.687499999999543 0
0.8515625 0.695312499999585 0
0.8515625 0.679687499999543 0
0.8515625 0.710937499999627 0
0.84375 0.703124999999627 0
0.84375 0.671874999999543 0
0.8671875 0.710937499999585 0
0.8671875 0.726562499999627 0
0.859375 0.718749999999627 0
0.8671875 0.742187499999668 0
0.8515625 0.726562499999668 0
0.8359375 0.679687499999585 0
0.8359375 0.695312499999627 0
0.828125 0.687499999999627 0
0.8359375 0.710937499999668 0
0.8203125 0.695312499999668 0
0.8671875 0.757812499999709 0
0.859375 0.749999999999709 0
0.8515625 0.757812499999751 0
0.8515625 0.742187499999709 0
0.8515625 0.773437499999792 0
0.84375 0.765624999999792 0
0.84375 0.734374999999709 0
0.8359375 0.773437499999834 0
0.8359375 0.757812499999792 0
0.828125 0.749999999999792 0
0.8359375 0.742187499999751 0
0.8203125 0.757812499999834 0
0.8203125 0.742187499999792 0
0.8359375 0.726562499999709 0
0.8359375 0.789062499999875 0
0.828125 0.781249999999875 0
0.8203125 0.789062499999917 0
0.8203125 0.773437499999875 0
0.8203125 0.804687499999958 0
0.8125 0.796874999999958 0
0.8125 0.765624999999875 0
0.828125 0.718749999999709 0
0.8203125 0.726562499999751 0
0.8203125 0.710937499999709 0
0.8125 0.734374999999792 0
0.8125 0.703124999999709 0
0.8671875 0.773437499999751 0
0.8671875 0.789062499999792 0
0.859375 0.781249999999792 0
0.8671875 0.804687499999834 0
0.8515625 0.789062499999834 0
0.8671875 0.820312499999875 0
0.859375 0.812499999999875 0
0.8515625 0.820312499999917 0
0.8515625 0.804687499999875 0
0.8515625 0.835937499999958 0
0.84375 0.828124999999958 0
0.84375 0.796874999999875 0
0.8671875 0.835937499999917 0
0.8671875 0.851562499999958 0
0.859375 0.843749999999958 0
0.8671875 0.8671875 0
0.8515625 0.8515625 0
0.8359375 0.804687499999917 0
0.8359375 0.820312499999958 0
0.828125 0.812499999999958 0
0.8359375 0.8359375 0
0.8203125 0.8203125 0
0.8046875 0.710937499999751 0
0.8046875 0.726562499999792 0
0.796875 0.718749999999792 0
0.8046875 0.742187499999834 0
0.7890625 0.726562499999834 0
0.8046875 0.757812499999875 0
0.796875 0.749999999999875 0
0.7890625 0.757812499999917 0
0.7890625 0.742187499999875 0
0.7890625 0.773437499999958 0
0.78125 0.765624999999958 0
0.78125 0.734374999999875 0
0.8046875 0.773437499999917 0
0.8046875 0.789062499999958 0
0.796875 0.781249999999958 0
0.8046875 0.8046875 0
0.7890625 0.7890625 0
0.7734375 0.742187499999917 0
0.7734375 0.757812499999958 0
0.765625 0.749999999999958 0
0.7734375 0.7734375 0
0.7578125 0.7578125 0
0.7421875 0.2734375 0
0.7421875 0.2890625 0
0.734375 0.28125 0
0.7421875 0.3046875 0
0.7265625 0.2890625 0
0.7421875 0.3203125 0
0.734375 0.3125 0
0.7265625 0.3203125 0
0.7265625 0.3046875 0
0.7265625 0.3359375 0
0.71875 0.328125 0
0.71875 0.296875 0
0.7421875 0.3359375 0
0.7421875 0.3515625 0
0.734375 0.34375 0
0.7421875 0.3671875 0
0.7265625 0.3515625 0
0.7109375 0.3046875 0
0.7109375 0.3203125 0
0.703125 0.3125 0
0.7109375 0.3359375 0
0.6953125 0.3203125 0
0.7421875 0.3828125 0
0.734375 0.375 0
0.7265625 0.3828125 0
0.7265625 0.3671875 0
0.7265625 0.3984375 0
0.71875 0.390625 0
0.71875 0.359375 0
0.7109375 0.3984375 0
0.7109375 0.3828125 0
0.703125 0.375 0
0.7109375 0.3671875 0
0.6953125 0.3828125 0
0.6953125 0.3671875 0
0.7109375 0.3515625 0
0.7109375 0.4140625 0
0.703125 0.40625 0
0.6953125 0.4140625 0
0.6953125 0.3984375 0
0.6953125 0.4296875 0
0.6875 0.421875 0
0.6875 0.390625 0
0.703125 0.34375 0
0.6953125 0.3515625 0
0.6953125 0.3359375 0
0.6875 0.359375 0
0.6875 0.328125 0
0.7421875 0.3984375 0
0.7421875 0.4140625 0
0.734375 0.40625 0
0.7421875 0.4296875 0
0.7265625 0.4140625 0
0.7421875 0.4453125 0
0.734375 0.4375 0
0.7265625 0.4453125 0
0.7265625 0.4296875 0
0.7265625 0.4609375 0
0.71875 0.453125 0
0.71875 0.421875 0
0.7421875 0.4609375 0
0.7421875 0.4765625 0
0.734375 0.46875 0
0.7421875 0.4921875 0
0.7265625 0.4765625 0
0.7109375 0.4296875 0
0.7109375 0.4453125 0
0.703125 0.4375 0
0.7109375 0.4609375 0
0.6953125 0.4453125 0
0.6796875 0.3359375 0
0.6796875 0.3515625 0
0.671875 0.34375 0
0.6796875 0.3671875 0
0.6640625 0.3515625 0
0.6796875 0.3828125 0
0.671875 0.375 0
0.6640625 0.3828125 0
0.6640625 0.3671875 0
0.6640625 0.3984375 0
0.65625 0.390625 0
0.65625 0.359375 0
0.6796875 0.3984375 0
0.6796875 0.4140625 0
0.671875 0.40625 0
0.6796875 0.4296875 0
0.6640625 0.4140625 0
0.6484375 0.3671875 0
0.6484375 0.3828125 0
0.640625 0.375 0
0.6484375 0.3984375 0
0.6328125 0.3828125 0
0.7421875 0.5078125 0
0.734375 0.5 0
0.7265625 0.5078125 0
0.7265625 0.4921875 0
0.7265625 0.5234375 0
0.71875 0.515625 0
0.71875 0.484375 0
0.7109375 0.5234375 0
0.7109375 0.5078125 0
0.703125 0.5 0
0.7109375 0.4921875 0
0.6953125 0.5078125 0
0.6953125 0.4921875 0
0.7109375 0.4765625 0
0.7109375 0.5390625 0
0.703125 0.53125 0
0.6953125 0.5390625 0
0.6953125 0.5234375 0
0.6953125 0.5546875 0
0.6875 0.546875 0
0.6875 0.515625 0
0.703125 0.46875 0
0.6953125 0.4765625 0
0.6953125 0.4609375 0
0.6875 0.484375 0
0.6875 0.453125 0
0.6796875 0.5546875 0
0.6796875 0.5390625 0
0.671875 0.53125 0
0.6796875 0.5234375 0
0.6640625 0.5390625 0
0.6640625 0.5234375 0
0.6796875 0.5078125 0
0.65625 0.515625 0
0.6640625 0.5078125 0
0.6640625 0.4921875 0
0.671875 0.5 0
0.65625 0.484375 0
0.6640625 0.4765625 0
0.6796875 0.4921875 0
0.6484375 0.5234375 0
0.6484375 0.5078125 0
0.640625 0.5 0
0.6484375 0.4921875 0
0.6328125 0.5078125 0
0.6328125 0.4921875 0
0.6484375 0.4765625 0
0.6796875 0.4765625 0
0.671875 0.46875 0
0.6796875 0.4609375 0
0.6640625 0.4609375 0
0.6796875 0.4453125 0
0.6796875 0.5703125 0
0.671875 0.5625 0
0.6640625 0.5703125 0
0.6640625 0.5546875 0
0.6640625 0.5859375 0
0.65625 0.578125 0
0.65625 0.546875 0
0.6484375 0.5859375 0
0.6484375 0.5703125 0
0.640625 0.5625 0
0.6484375 0.5546875 0
0.6328125 0.5703125 0
0.6328125 0.5546875 0
0.6484375 0.5390625 0
0.6484375 0.6015625 0
0.640625 0.59375 0
0.6328125 0.6015625 0
0.6328125 0.5859375 0
0.6328125 0.6171875 0
0.625 0.609375 0
0.625 0.578125 0
0.640625 0.53125 0
0.6328125 0.5390625 0
0.6328125 0.5234375 0
0.625 0.546875 0
0.625 0.515625 0
0.671875 0.4375 0
0.6640625 0.4453125 0
0.6640625 0.4296875 0
0.65625 0.453125 0
0.65625 0.421875 0
0.6484375 0.4609375 0
0.6484375 0.4453125 0
0.640625 0.4375 0
0.6484375 0.4296875 0
0.6328125 0.4453125 0
0.6328125 0.4296875 0
0.6484375 0.4140625 0
0.640625 0.46875 0
0.6328125 0.4765625 0
0.6328125 0.4609375 0
0.625 0.484375 0
0.625 0.453125 0
0.640625 0.40625 0
0.6328125 0.4140625 0
0.6328125 0.3984375 0
0.625 0.421875 0
0.625 0.390625 0
0.7421875 0.5234375 0
0.7421875 0.5390625 0
0.734375 0.53125 0
0.7421875 0.5546875 0
0.7265625 0.5390625 0
0.7421875 0.5703125 0
0.734375 0.5625 0
0.7265625 0.5703125 0
0.7265625 0.5546875 0
0.7265625 0.5859375 0
0.71875 0.578125 0
0.71875 0.546875 0
0.7421875 0.5859375 0
0.7421875 0.6015625 0
0.734375 0.59375 0
0.7421875 0.6171875 0
0.7265625 0.6015625 0
0.7109375 0.5546875 0
0.7109375 0.5703125 0
0.703125 0.5625 0
0.7109375 0.5859375 0
0.6953125 0.5703125 0
0.7421875 0.6328125 0
0.734375 0.625 0
0.7265625 0.6328125 0
0.7265625 0.6171875 0
0.7265625 0.6484375 0
0.71875 0.640625 0
0.71875 0.609375 0
0.7109375 0.6484375 0
0.7109375 0.6328125 0
0.703125 0.625 0
0.7109375 0.6171875 0
0.6953125 0.6328125 0
0.6953125 0.6171875 0
0.7109375 0.6015625 0
0.7109375 0.6640625 0
0.703125 0.65625 0
0.6953125 0.6640625 0
0.6953125 0.6484375 0
0.6953125 0.6796875 0
0.6875 0.671875 0
0.6875 0.640625 0
0.703125 0.59375 0
0.6953125 0.6015625 0
0.6953125 0.5859375 0
0.6875 0.609375 0
0.6875 0.578125 0
0.7421875 0.6484375 0
0.7421875 0.6640625 0
0.734375 0.65625 0
0.7421875 0.6796875 0
0.7265625 0.6640625 0
0.7421875 0.6953125 0
0.734375 0.6875 0
0.7265625 0.6953125 0
0.7265625 0.6796875 0
0.7265625 0.7109375 0
0.71875 0.703125 0
0.71875 0.671875 0
0.7421875 0.7109375 0
0.7421875 0.7265625 0
0.734375 0.71875 0
0.7421875 0.7421875 0
0.7265625 0.7265625 0
0.7109375 0.6796875 0
0.7109375 0.6953125 0
0.703125 0.6875 0
0.7109375 0.7109375 0
0.6953125 0.6953125 0
0.6796875 0.5859375 0
0.6796875 0.6015625 0
0.671875 0.59375 0
0.6796875 0.6171875 0
0.6640625 0.6015625 0
0.6796875 0.6328125 0
0.671875 0.625 0
0.6640625 0.6328125 0
0.6640625 0.6171875 0
0.6640625 0.6484375 0
0.65625 0.640625 0
0.65625 0.609375 0
0.6796875 0.6484375 0
0.6796875 0.6640625 0
0.671875 0.65625 0
0.6796875 0.6796875 0
0.6640625 0.6640625 0
0.6484375 0.6171875 0
0.6484375 0.6328125 0
0.640625 0.625 0
0.6484375 0.6484375 0
0.6328125 0.6328125 0
0.6171875 0.3984375 0
0.6171875 0.4140625 0
0.609375 0.40625 0
0.6171875 0.4296875 0
0.6015625 0.4140625 0
0.6171875 0.4453125 0
0.609375 0.4375 0
0.6015625 0.4453125 0
0.6015625 0.4296875 0
0.6015625 0.4609375 0
0.59375 0.453125 0
0.59375 0.421875 0
0.6171875 0.4609375 0
0.6171875 0.4765625 0
0.609375 0.46875 0
0.6171875 0.4921875 0
0.6015625 0.4765625 0
0.5859375 0.4296875 0
0.5859375 0.4453125 0
0.578125 0.4375 0
0.5859375 0.4609375 0
0.5703125 0.4453125 0
0.6171875 0.5078125 0
0.609375 0.5 0
0.6015625 0.5078125 0
0.6015625 0.4921875 0
0.6015625 0.5234375 0
0.59375 0.515625 0
0.59375 0.484375 0
0.5859375 0.5234375 0
0.5859375 0.5078125 0
0.578125 0.5 0
0.5859375 0.4921875 0
0.5703125 0.5078125 0
0.5703125 0.4921875 0
0.5859375 0.4765625 0
0.5859375 0.5390625 0
0.578125 0.53125 0
0.5703125 0.5390625 0
0.5703125 0.5234375 0
0.5703125 0.5546875 0
0.5625 0.546875 0
0.5625 0.515625 0
0.578125 0.46875 0
0.5703125 0.4765625 0
0.5703125 0.4609375 0
0.5625 0.484375 0
0.5625 0.453125 0
0.6171875 0.5234375 0
0.6171875 0.5390625 0
0.609375 0.53125 0
0.6171875 0.5546875 0
0.6015625 0.5390625 0
0.6171875 0.5703125 0
0.609375 0.5625 0
0.6015625 0.5703125 0
0.6015625 0.5546875 0
0.6015625 0.5859375 0
0.59375 0.578125 0
0.59375 0.546875 0
0.6171875 0.5859375 0
0.6171875 0.6015625 0
0.609375 0.59375 0
0.6171875 0.6171875 0
0.6015625 0.6015625 0
0.5859375 0.5546875 0
0.5859375 0.5703125 0
0.578125 0.5625 0
0.5859375 0.5859375 0
0.5703125 0.5703125 0
0.5546875 0.4609375 0
0.5546875 0.4765625 0
0.546875 0.46875 0
0.5546875 0.4921875 0
0.5390625 0.4765625 0
0.5546875 0.5078125 0
0.546875 0.5 0
0.5390625 0.5078125 0
0.5390625 0.4921875 0
0.5390625 0.5234375 0
0.53125 0.515625 0
0.53125 0.484375 0
0.5546875 0.5234375 0
0.5546875 0.5390625 0
0.546875 0.53125 0
0.5546875 0.5546875 0
0.5390625 0.5390625 0
0.5234375 0.4921875 0
0.5234375 0.5078125 0
0.515625 0.5 0
0.5234375 0.5234375 0
0.5078125 0.5078125 0
0.976562500000008 0.9921875 0
0.960937500000016 0.9921875 0
0.968750000000008 0.984375 0
0.945312500000024 0.9921875 0
0.960937500000008 0.9765625 0
0.929687500000027 0.9921875 0
0.937500000000019 0.984375 0
0.929687500000014 0.9765625 0
0.945312500000011 0.9765625 0
0.914062500000018 0.9765625 0
0.92187500000001 0.96875 0
0.953125000000003 0.96875 0
0.914062500000031 0.9921875 0
0.898437500000029 0.9921875 0
0.906250000000021 0.984375 0
0.882812500000022 0.9921875 0
0.898437500000016 0.9765625 0
0.945312500000003 0.9609375 0
0.929687500000006 0.9609375 0
0.937500000000003 0.953125 0
0.91406250000001 0.9609375 0
0.929687500000003 0.9453125 0
0.867187500000048 0.9921875 0
0.875000000000045 0.984375 0
0.867187500000068 0.9765625 0
0.882812500000042 0.9765625 0
0.851562500000093 0.9765625 0
0.85937500000009 0.96875 0
0.890625000000038 0.96875 0
0.851562500000113 0.9609375 0
0.867187500000087 0.9609375 0
0.875000000000084 0.953125 0
0.882812500000061 0.9609375 0
0.867187500000106 0.9453125 0
0.882812500000081 0.9453125 0
0.898437500000035 0.9609375 0
0.835937500000139 0.9609375 0
0.843750000000135 0.953125 0
0.835937500000158 0.9453125 0
0.851562500000132 0.9453125 0
0.820312500000184 0.9453125 0
0.828125000000181 0.9375 0
0.859375000000129 0.9375 0
0.906250000000032 0.953125 0
0.898437500000055 0.9453125 0
0.914062500000029 0.9453125 0
0.890625000000077 0.9375 0
0.921875000000026 0.9375 0
0.8515625000001 0.9921875 0
0.835937500000158 0.9921875 0
0.843750000000129 0.984375 0
0.820312500000222 0.9921875 0
0.835937500000151 0.9765625 0
0.804687500000271 0.9921875 0
0.812500000000235 0.984375 0
0.804687500000248 0.9765625 0
0.8203125000002 0.9765625 0
0.789062500000297 0.9765625 0
0.796875000000261 0.96875 0
0.828125000000164 0.96875 0
0.789062500000311 0.9921875 0
0.77343750000035 0.9921875 0
0.781250000000322 0.984375 0
0.757812500000387 0.9921875 0
0.773437500000335 0.9765625 0
0.820312500000187 0.9609375 0
0.804687500000235 0.9609375 0
0.81250000000021 0.953125 0
0.789062500000284 0.9609375 0
0.804687500000232 0.9453125 0
0.914062500000026 0.9296875 0
0.898437500000052 0.9296875 0
0.906250000000026 0.921875 0
0.882812500000077 0.9296875 0
0.898437500000026 0.9140625 0
0.867187500000103 0.9296875 0
0.875000000000077 0.921875 0
0.867187500000077 0.9140625 0
0.882812500000052 0.9140625 0
0.851562500000103 0.9140625 0
0.859375000000077 0.90625 0
0.890625000000026 0.90625 0
0.851562500000129 0.9296875 0
0.835937500000155 0.9296875 0
0.843750000000129 0.921875 0
0.820312500000181 0.9296875 0
0.835937500000129 0.9140625 0
0.882812500000026 0.8984375 0
0.867187500000052 0.8984375 0
0.875000000000026 0.890625 0
0.851562500000077 0.8984375 0
0.867187500000026 0.8828125 0
0.742187500000429 0.9921875 0
0.750000000000403 0.984375 0
0.742187500000419 0.9765625 0
0.757812500000377 0.9765625 0
0.72656250000046 0.9765625 0
0.734375000000434 0.96875 0
0.765625000000351 0.96875 0
0.72656250000045 0.9609375 0
0.742187500000409 0.9609375 0
0.750000000000383 0.953125 0
0.757812500000367 0.9609375 0
0.742187500000399 0.9453125 0
0.757812500000357 0.9453125 0
0.773437500000325 0.9609375 0
0.710937500000492 0.9609375 0
0.718750000000466 0.953125 0
0.710937500000482 0.9453125 0
0.72656250000044 0.9453125 0
0.695312500000523 0.9453125 0
0.703125000000497 0.9375 0
0.734375000000414 0.9375 0
0.7812500000003 0.953125 0
0.773437500000315 0.9453125 0
0.789062500000274 0.9453125 0
0.765625000000331 0.9375 0
0.796875000000248 0.9375 0
0.695312500000513 0.9296875 0
0.710937500000472 0.9296875 0
0.718750000000446 0.921875 0
0.72656250000043 0.9296875 0
0.710937500000462 0.9140625 0
0.72656250000042 0.9140625 0
0.742187500000389 0.9296875 0
0.734375000000394 0.90625 0
0.742187500000379 0.9140625 0
0.757812500000337 0.9140625 0
0.750000000000363 0.921875 0
0.765625000000311 0.90625 0
0.773437500000295 0.9140625 0
0.757812500000347 0.9296875 0
0.72656250000041 0.8984375 0
0.742187500000368 0.8984375 0
0.750000000000343 0.890625 0
0.757812500000327 0.8984375 0
0.742187500000358 0.8828125 0
0.757812500000317 0.8828125 0
0.773437500000285 0.8984375 0
0.773437500000305 0.9296875 0
0.78125000000028 0.921875 0
0.789062500000264 0.9296875 0
0.789062500000254 0.9140625 0
0.804687500000222 0.9296875 0
0.679687500000555 0.9296875 0
0.687500000000529 0.921875 0
0.679687500000545 0.9140625 0
0.695312500000503 0.9140625 0
0.664062500000586 0.9140625 0
0.671875000000561 0.90625 0
0.703125000000477 0.90625 0
0.664062500000576 0.8984375 0
0.679687500000535 0.8984375 0
0.687500000000509 0.890625 0
0.695312500000493 0.8984375 0
0.679687500000525 0.8828125 0
0.695312500000483 0.8828125 0
0.710937500000452 0.8984375 0
0.648437500000618 0.8984375 0
0.656250000000592 0.890625 0
0.648437500000608 0.8828125 0
0.664062500000566 0.8828125 0
0.632812500000649 0.8828125 0
0.640625000000624 0.875 0
0.67187500000054 0.875 0
0.718750000000426 0.890625 0
0.710937500000442 0.8828125 0
0.7265625000004 0.8828125 0
0.703125000000457 0.875 0
0.734375000000374 0.875 0
0.812500000000196 0.921875 0
0.804687500000212 0.9140625 0
0.820312500000171 0.9140625 0
0.796875000000228 0.90625 0
0.828125000000145 0.90625 0
0.789062500000244 0.8984375 0
0.804687500000202 0.8984375 0
0.812500000000176 0.890625 0
0.820312500000161 0.8984375 0
0.804687500000192 0.8828125 0
0.820312500000151 0.8828125 0
0.835937500000119 0.8984375 0
0.78125000000026 0.890625 0
0.773437500000275 0.8828125 0
0.789062500000234 0.8828125 0
0.765625000000291 0.875 0
0.796875000000208 0.875 0
0.843750000000093 0.890625 0
0.835937500000109 0.8828125 0
0.851562500000067 0.8828125 0
0.828125000000125 0.875 0
0.859375000000042 0.875 0
0.72656250000049 0.9921875 0
0.710937500000563 0.9921875 0
0.718750000000517 0.984375 0
0.695312500000647 0.9921875 0
0.710937500000533 0.9765625 0
0.679687500000714 0.9921875 0
0.687500000000657 0.984375 0
0.679687500000667 0.9765625 0
0.6953125000006 0.9765625 0
0.664062500000735 0.9765625 0
0.671875000000678 0.96875 0
0.703125000000543 0.96875 0
0.664062500000781 0.9921875 0
0.648437500000843 0.9921875 0
0.656250000000786 0.984375 0
0.6328125000009 0.9921875 0
0.648437500000796 0.9765625 0
0.695312500000559 0.9609375 0
0.679687500000626 0.9609375 0
0.687500000000575 0.953125 0
0.664062500000693 0.9609375 0
0.67968750000059 0.9453125 0
0.617187500000957 0.9921875 0
0.625000000000905 0.984375 0
0.617187500000911 0.9765625 0
0.632812500000854 0.9765625 0
0.601562500000968 0.9765625 0
0.609375000000917 0.96875 0
0.640625000000802 0.96875 0
0.601562500000923 0.9609375 0
0.617187500000866 0.9609375 0
0.625000000000814 0.953125 0
0.632812500000808 0.9609375 0
0.61718750000082 0.9453125 0
0.632812500000763 0.9453125 0
0.648437500000751 0.9609375 0
0.58593750000098 0.9609375 0
0.593750000000929 0.953125 0
0.585937500000935 0.9453125 0
0.601562500000877 0.9453125 0
0.570312500000992 0.9453125 0
0.578125000000941 0.9375 0
0.609375000000826 0.9375 0
0.656250000000699 0.953125 0
0.648437500000705 0.9453125 0
0.664062500000648 0.9453125 0
0.640625000000711 0.9375 0
0.671875000000596 0.9375 0
0.601562500000985 0.9921875 0
0.585937500001021 0.9921875 0
0.593750000000999 0.984375 0
0.570312500001067 0.9921875 0
0.585937500001005 0.9765625 0
0.554687500001114 0.9921875 0
0.562500000001083 0.984375 0
0.5546875000011 0.9765625 0
0.570312500001052 0.9765625 0
0.539062500001148 0.9765625 0
0.546875000001117 0.96875 0
0.578125000001022 0.96875 0
0.539062500001147 0.9921875 0
0.523437500001205 0.9921875 0
0.531250000001189 0.984375 0
0.507812500001289 0.9921875 0
0.523437500001206 0.9765625 0
0.570312500001028 0.9609375 0
0.554687500001075 0.9609375 0
0.562500000001034 0.953125 0
0.539062500001123 0.9609375 0
0.554687500001039 0.9453125 0
0.664062500000612 0.9296875 0
0.648437500000669 0.9296875 0
0.656250000000628 0.921875 0
0.632812500000727 0.9296875 0
0.648437500000644 0.9140625 0
0.617187500000784 0.9296875 0
0.625000000000743 0.921875 0
0.617187500000759 0.9140625 0
0.632812500000701 0.9140625 0
0.601562500000816 0.9140625 0
0.609375000000774 0.90625 0
0.640625000000659 0.90625 0
0.601562500000842 0.9296875 0
0.585937500000899 0.9296875 0
0.593750000000857 0.921875 0
0.570312500000956 0.9296875 0
0.585937500000873 0.9140625 0
0.632812500000675 0.8984375 0
0.617187500000733 0.8984375 0
0.625000000000691 0.890625 0
0.60156250000079 0.8984375 0
0.617187500000707 0.8828125 0
0.851562500000042 0.8671875 0
0.835937500000083 0.8671875 0
0.843750000000042 0.859375 0
0.820312500000125 0.8671875 0
0.835937500000042 0.8515625 0
0.804687500000166 0.8671875 0
0.812500000000125 0.859375 0
0.804687500000125 0.8515625 0
0.820312500000083 0.8515625 0
0.789062500000166 0.8515625 0
0.796875000000125 0.84375 0
0.828125000000042 0.84375 0
0.789062500000208 0.8671875 0
0.773437500000249 0.8671875 0
0.781250000000208 0.859375 0
0.757812500000291 0.8671875 0
0.773437500000208 0.8515625 0
0.820312500000042 0.8359375 0
0.804687500000083 0.8359375 0
0.812500000000042 0.828125 0
0.789062500000125 0.8359375 0
0.804687500000042 0.8203125 0
0.742187500000333 0.8671875 0
0.750000000000291 0.859375 0
0.742187500000291 0.8515625 0
0.757812500000249 0.8515625 0
0.726562500000333 0.8515625 0
0.734375000000291 0.84375 0
0.765625000000208 0.84375 0
0.726562500000291 0.8359375 0
0.742187500000249 0.8359375 0
0.750000000000208 0.828125 0
0.757812500000208 0.8359375 0
0.742187500000208 0.8203125 0
0.757812500000166 0.8203125 0
0.773437500000166 0.8359375 0
0.710937500000333 0.8359375 0
0.718750000000291 0.828125 0
0.710937500000291 0.8203125 0
0.726562500000249 0.8203125 0
0.695312500000333 0.8203125 0
0.703125000000291 0.8125 0
0.734375000000208 0.8125 0
0.781250000000125 0.828125 0
0.773437500000125 0.8203125 0
0.789062500000083 0.8203125 0
0.765625000000125 0.8125 0
0.796875000000042 0.8125 0
0.726562500000374 0.8671875 0
0.710937500000416 0.8671875 0
0.718750000000374 0.859375 0
0.695312500000457 0.8671875 0
0.710937500000374 0.8515625 0
0.679687500000499 0.8671875 0
0.687500000000457 0.859375 0
0.679687500000457 0.8515625 0
0.695312500000416 0.8515625 0
0.664062500000499 0.8515625 0
0.671875000000457 0.84375 0
0.703125000000374 0.84375 0
0.66406250000054 0.8671875 0
0.648437500000582 0.8671875 0
0.65625000000054 0.859375 0
0.632812500000624 0.8671875 0
0.64843750000054 0.8515625 0
0.695312500000374 0.8359375 0
0.679687500000416 0.8359375 0
0.687500000000374 0.828125 0
0.664062500000457 0.8359375 0
0.679687500000374 0.8203125 0
0.789062500000042 0.8046875 0
0.773437500000083 0.8046875 0
0.781250000000042 0.796875 0
0.757812500000125 0.8046875 0
0.773437500000042 0.7890625 0
0.742187500000166 0.8046875 0
0.750000000000125 0.796875 0
0.742187500000125 0.7890625 0
0.757812500000083 0.7890625 0
0.726562500000166 0.7890625 0
0.734375000000125 0.78125 0
0.765625000000042 0.78125 0
0.726562500000208 0.8046875 0
0.710937500000249 0.8046875 0
0.718750000000208 0.796875 0
0.695312500000291 0.8046875 0
0.710937500000208 0.7890625 0
0.757812500000042 0.7734375 0
0.742187500000083 0.7734375 0
0.750000000000042 0.765625 0
0.726562500000125 0.7734375 0
0.742187500000042 0.7578125 0
0.492187500001289 0.9921875 0
0.500000000001247 0.984375 0
0.492187500001206 0.9765625 0
0.507812500001206 0.9765625 0
0.476562500001206 0.9765625 0
0.484375000001164 0.96875 0
0.515625000001164 0.96875 0
0.476562500001123 0.9609375 0
0.492187500001123 0.9609375 0
0.500000000001081 0.953125 0
0.507812500001123 0.9609375 0
0.492187500001039 0.9453125 0
0.507812500001039 0.9453125 0
0.523437500001123 0.9609375 0
0.460937500001123 0.9609375 0
0.468750000001081 0.953125 0
0.460937500001039 0.9453125 0
0.476562500001039 0.9453125 0
0.445312500001039 0.9453125 0
0.453125000000998 0.9375 0
0.484375000000998 0.9375 0
0.531250000001081 0.953125 0
0.523437500001039 0.9453125 0
0.539062500001039 0.9453125 0
0.515625000000998 0.9375 0
0.546875000000998 0.9375 0
0.445312500000956 0.9296875 0
0.460937500000956 0.9296875 0
0.468750000000915 0.921875 0
0.476562500000956 0.9296875 0
0.460937500000873 0.9140625 0
0.476562500000873 0.9140625 0
0.492187500000956 0.9296875 0
0.484375000000832 0.90625 0
0.492187500000873 0.9140625 0
0.507812500000873 0.9140625 0
0.500000000000915 0.921875 0
0.515625000000832 0.90625 0
0.523437500000873 0.9140625 0
0.507812500000956 0.9296875 0
0.47656250000079 0.8984375 0
0.49218750000079 0.8984375 0
0.500000000000748 0.890625 0
0.50781250000079 0.8984375 0
0.492187500000707 0.8828125 0
0.507812500000707 0.8828125 0
0.52343750000079 0.8984375 0
0.523437500000956 0.9296875 0
0.531250000000915 0.921875 0
0.539062500000956 0.9296875 0
0.539062500000873 0.9140625 0
0.554687500000956 0.9296875 0
0.429687500000956 0.9296875 0
0.437500000000915 0.921875 0
0.429687500000873 0.9140625 0
0.445312500000873 0.9140625 0
0.414062500000873 0.9140625 0
0.421875000000832 0.90625 0
0.453125000000832 0.90625 0
0.41406250000079 0.8984375 0
0.42968750000079 0.8984375 0
0.437500000000748 0.890625 0
0.44531250000079 0.8984375 0
0.429687500000707 0.8828125 0
0.445312500000707 0.8828125 0
0.46093750000079 0.8984375 0
0.39843750000079 0.8984375 0
0.406250000000748 0.890625 0
0.398437500000707 0.8828125 0
0.414062500000707 0.8828125 0
0.382812500000707 0.8828125 0
0.390625000000665 0.875 0
0.421875000000665 0.875 0
0.468750000000748 0.890625 0
0.460937500000707 0.8828125 0
0.476562500000707 0.8828125 0
0.453125000000665 0.875 0
0.484375000000665 0.875 0
0.562500000000915 0.921875 0
0.554687500000873 0.9140625 0
0.570312500000873 0.9140625 0
0.546875000000832 0.90625 0
0.578125000000832 0.90625 0
0.53906250000079 0.8984375 0
0.55468750000079 0.8984375 0
0.562500000000748 0.890625 0
0.57031250000079 0.8984375 0
0.554687500000707 0.8828125 0
0.570312500000707 0.8828125 0
0.58593750000079 0.8984375 0
0.531250000000748 0.890625 0
0.523437500000707 0.8828125 0
0.539062500000707 0.8828125 0
0.515625000000665 0.875 0
0.546875000000665 0.875 0
0.593750000000748 0.890625 0
0.585937500000707 0.8828125 0
0.601562500000707 0.8828125 0
0.578125000000665 0.875 0
0.609375000000665 0.875 0
0.382812500000624 0.8671875 0
0.398437500000624 0.8671875 0
0.406250000000582 0.859375 0
0.414062500000624 0.8671875 0
0.398437500000541 0.8515625 0
0.414062500000541 0.8515625 0
0.429687500000624 0.8671875 0
0.421875000000499 0.84375 0
0.429687500000541 0.8515625 0
0.445312500000541 0.8515625 0
0.437500000000582 0.859375 0
0.453125000000499 0.84375 0
0.460937500000541 0.8515625 0
0.445312500000624 0.8671875 0
0.414062500000457 0.8359375 0
0.429687500000457 0.8359375 0
0.437500000000416 0.828125 0
0.445312500000457 0.8359375 0
0.429687500000374 0.8203125 0
0.445312500000374 0.8203125 0
0.460937500000457 0.8359375 0
0.460937500000624 0.8671875 0
0.468750000000582 0.859375 0
0.476562500000624 0.8671875 0
0.476562500000541 0.8515625 0
0.492187500000624 0.8671875 0
0.453125000000333 0.8125 0
0.460937500000374 0.8203125 0
0.476562500000374 0.8203125 0
0.468750000000416 0.828125 0
0.484375000000333 0.8125 0
0.492187500000374 0.8203125 0
0.476562500000457 0.8359375 0
0.507812500000374 0.8203125 0
0.500000000000416 0.828125 0
0.507812500000457 0.8359375 0
0.492187500000457 0.8359375 0
0.523437500000457 0.8359375 0
0.515625000000499 0.84375 0
0.484375000000499 0.84375 0
0.515625000000333 0.8125 0
0.523437500000374 0.8203125 0
0.539062500000374 0.8203125 0
0.531250000000416 0.828125 0
0.546875000000333 0.8125 0
0.554687500000374 0.8203125 0
0.539062500000457 0.8359375 0
0.492187500000541 0.8515625 0
0.50781250000054 0.8515625 0
0.500000000000582 0.859375 0
0.52343750000054 0.8515625 0
0.507812500000624 0.8671875 0
0.445312500000291 0.8046875 0
0.460937500000291 0.8046875 0
0.46875000000025 0.796875 0
0.476562500000291 0.8046875 0
0.460937500000208 0.7890625 0
0.476562500000208 0.7890625 0
0.492187500000291 0.8046875 0
0.484375000000166 0.78125 0
0.492187500000208 0.7890625 0
0.507812500000208 0.7890625 0
0.500000000000249 0.796875 0
0.515625000000166 0.78125 0
0.523437500000208 0.7890625 0
0.507812500000291 0.8046875 0
0.476562500000125 0.7734375 0
0.492187500000125 0.7734375 0
0.500000000000083 0.765625 0
0.507812500000125 0.7734375 0
0.492187500000042 0.7578125 0
0.507812500000042 0.7578125 0
0.523437500000125 0.7734375 0
0.523437500000291 0.8046875 0
0.531250000000249 0.796875 0
0.539062500000291 0.8046875 0
0.539062500000208 0.7890625 0
0.554687500000291 0.8046875 0
0.523437500000624 0.8671875 0
0.531250000000582 0.859375 0
0.539062500000624 0.8671875 0
0.53906250000054 0.8515625 0
0.554687500000624 0.8671875 0
0.546875000000499 0.84375 0
0.55468750000054 0.8515625 0
0.57031250000054 0.8515625 0
0.562500000000582 0.859375 0
0.578125000000499 0.84375 0
0.58593750000054 0.8515625 0
0.570312500000624 0.8671875 0
0.554687500000457 0.8359375 0
0.562500000000416 0.828125 0
0.570312500000457 0.8359375 0
0.570312500000374 0.8203125 0
0.585937500000457 0.8359375 0
0.585937500000624 0.8671875 0
0.593750000000582 0.859375 0
0.601562500000624 0.8671875 0
0.60156250000054 0.8515625 0
0.617187500000624 0.8671875 0
0.367187500000624 0.8671875 0
0.375000000000582 0.859375 0
0.367187500000541 0.8515625 0
0.382812500000541 0.8515625 0
0.351562500000541 0.8515625 0
0.359375000000499 0.84375 0
0.390625000000499 0.84375 0
0.351562500000457 0.8359375 0
0.367187500000457 0.8359375 0
0.375000000000416 0.828125 0
0.382812500000457 0.8359375 0
0.367187500000374 0.8203125 0
0.382812500000374 0.8203125 0
0.398437500000457 0.8359375 0
0.335937500000457 0.8359375 0
0.343750000000416 0.828125 0
0.335937500000374 0.8203125 0
0.351562500000374 0.8203125 0
0.320312500000374 0.8203125 0
0.328125000000333 0.8125 0
0.359375000000333 0.8125 0
0.406250000000416 0.828125 0
0.398437500000374 0.8203125 0
0.414062500000374 0.8203125 0
0.390625000000333 0.8125 0
0.421875000000333 0.8125 0
0.320312500000291 0.8046875 0
0.335937500000291 0.8046875 0
0.34375000000025 0.796875 0
0.351562500000291 0.8046875 0
0.335937500000208 0.7890625 0
0.351562500000208 0.7890625 0
0.367187500000291 0.8046875 0
0.359375000000166 0.78125 0
0.367187500000208 0.7890625 0
0.382812500000208 0.7890625 0
0.37500000000025 0.796875 0
0.390625000000166 0.78125 0
0.398437500000208 0.7890625 0
0.382812500000291 0.8046875 0
0.351562500000125 0.7734375 0
0.367187500000125 0.7734375 0
0.375000000000083 0.765625 0
0.382812500000125 0.7734375 0
0.367187500000042 0.7578125 0
0.382812500000042 0.7578125 0
0.398437500000125 0.7734375 0
0.398437500000291 0.8046875 0
0.40625000000025 0.796875 0
0.414062500000291 0.8046875 0
0.414062500000208 0.7890625 0
0.429687500000291 0.8046875 0
0.304687500000291 0.8046875 0
0.31250000000025 0.796875 0
0.304687500000208 0.7890625 0
0.320312500000208 0.7890625 0
0.289062500000208 0.7890625 0
0.296875000000166 0.78125 0
0.328125000000166 0.78125 0
0.289062500000125 0.7734375 0
0.304687500000125 0.7734375 0
0.312500000000083 0.765625 0
0.320312500000125 0.7734375 0
0.304687500000042 0.7578125 0
0.320312500000042 0.7578125 0
0.335937500000125 0.7734375 0
0.273437500000125 0.7734375 0
0.281250000000083 0.765625 0
0.273437500000042 0.7578125 0
0.289062500000042 0.7578125 0
0.257812500000042 0.7578125 0
0.265625 0.75 0
0.296875 0.75 0
0.343750000000083 0.765625 0
0.335937500000042 0.7578125 0
0.351562500000042 0.7578125 0
0.328125 0.75 0
0.359375 0.75 0
0.43750000000025 0.796875 0
0.429687500000208 0.7890625 0
0.445312500000208 0.7890625 0
0.421875000000166 0.78125 0
0.453125000000166 0.78125 0
0.414062500000125 0.7734375 0
0.429687500000125 0.7734375 0
0.437500000000083 0.765625 0
0.445312500000125 0.7734375 0
0.429687500000042 0.7578125 0
0.445312500000042 0.7578125 0
0.460937500000125 0.7734375 0
0.406250000000083 0.765625 0
0.398437500000042 0.7578125 0
0.414062500000042 0.7578125 0
0.390625 0.75 0
0.421875 0.75 0
0.468750000000083 0.765625 0
0.460937500000042 0.7578125 0
0.476562500000042 0.7578125 0
0.453125 0.75 0
0.484375 0.75 0
0.625000000000582 0.859375 0
0.61718750000054 0.8515625 0
0.63281250000054 0.8515625 0
0.609375000000499 0.84375 0
0.640625000000499 0.84375 0
0.601562500000457 0.8359375 0
0.617187500000457 0.8359375 0
0.625000000000416 0.828125 0
0.632812500000457 0.8359375 0
0.617187500000374 0.8203125 0
0.632812500000374 0.8203125 0
0.648437500000457 0.8359375 0
0.593750000000416 0.828125 0
0.585937500000374 0.8203125 0
0.601562500000374 0.8203125 0
0.578125000000333 0.8125 0
0.609375000000333 0.8125 0
0.656250000000416 0.828125 0
0.648437500000374 0.8203125 0
0.664062500000374 0.8203125 0
0.640625000000333 0.8125 0
0.671875000000333 0.8125 0
0.570312500000291 0.8046875 0
0.585937500000291 0.8046875 0
0.593750000000249 0.796875 0
0.601562500000291 0.8046875 0
0.585937500000208 0.7890625 0
0.601562500000208 0.7890625 0
0.617187500000291 0.8046875 0
0.609375000000166 0.78125 0
0.617187500000208 0.7890625 0
0.632812500000208 0.7890625 0
0.625000000000249 0.796875 0
0.640625000000166 0.78125 0
0.648437500000208 0.7890625 0
0.632812500000291 0.8046875 0
0.601562500000125 0.7734375 0
0.617187500000125 0.7734375 0
0.625000000000083 0.765625 0
0.632812500000125 0.7734375 0
0.617187500000042 0.7578125 0
0.632812500000042 0.7578125 0
0.648437500000125 0.7734375 0
0.648437500000291 0.8046875 0
0.656250000000249 0.796875 0
0.664062500000291 0.8046875 0
0.664062500000208 0.7890625 0
0.679687500000291 0.8046875 0
0.562500000000249 0.796875 0
0.554687500000208 0.7890625 0
0.570312500000208 0.7890625 0
0.546875000000166 0.78125 0
0.578125000000166 0.78125 0
0.539062500000125 0.7734375 0
0.554687500000125 0.7734375 0
0.562500000000083 0.765625 0
0.570312500000125 0.7734375 0
0.554687500000042 0.7578125 0
0.570312500000042 0.7578125 0
0.585937500000125 0.7734375 0
0.531250000000083 0.765625 0
0.523437500000042 0.7578125 0
0.539062500000042 0.7578125 0
0.515625 0.75 0
0.546875 0.75 0
0.593750000000083 0.765625 0
0.585937500000042 0.7578125 0
0.601562500000042 0.7578125 0
0.578125 0.75 0
0.609375 0.75 0
0.687500000000249 0.796875 0
0.679687500000208 0.7890625 0
0.695312500000208 0.7890625 0
0.671875000000166 0.78125 0
0.703125000000166 0.78125 0
0.664062500000125 0.7734375 0
0.679687500000125 0.7734375 0
0.687500000000083 0.765625 0
0.695312500000125 0.7734375 0
0.679687500000042 0.7578125 0
0.695312500000042 0.7578125 0
0.710937500000125 0.7734375 0
0.656250000000083 0.765625 0
0.648437500000042 0.7578125 0
0.664062500000042 0.7578125 0
0.640625 0.75 0
0.671875 0.75 0
0.718750000000083 0.765625 0
0.710937500000042 0.7578125 0
0.726562500000042 0.7578125 0
0.703125 0.75 0
0.734375 0.75 0
0.476562500001247 0.9921875 0
0.460937500001206 0.9921875 0
0.468750000001206 0.984375 0
0.445312500001164 0.9921875 0
0.460937500001164 0.9765625 0
0.429687500001123 0.9921875 0
0.437500000001123 0.984375 0
0.429687500001081 0.9765625 0
0.445312500001123 0.9765625 0
0.414062500001039 0.9765625 0
0.421875000001039 0.96875 0
0.453125000001123 0.96875 0
0.414062500001081 0.9921875 0
0.398437500001039 0.9921875 0
0.406250000001039 0.984375 0
0.382812500000998 0.9921875 0
0.398437500000998 0.9765625 0
0.445312500001081 0.9609375 0
0.429687500001039 0.9609375 0
0.437500000001039 0.953125 0
0.414062500000998 0.9609375 0
0.429687500000998 0.9453125 0
0.367187500000956 0.9921875 0
0.375000000000956 0.984375 0
0.367187500000915 0.9765625 0
0.382812500000956 0.9765625 0
0.351562500000873 0.9765625 0
0.359375000000873 0.96875 0
0.390625000000956 0.96875 0
0.351562500000832 0.9609375 0
0.367187500000873 0.9609375 0
0.375000000000873 0.953125 0
0.382812500000915 0.9609375 0
0.367187500000832 0.9453125 0
0.382812500000873 0.9453125 0
0.398437500000956 0.9609375 0
0.33593750000079 0.9609375 0
0.34375000000079 0.953125 0
0.335937500000748 0.9453125 0
0.35156250000079 0.9453125 0
0.320312500000707 0.9453125 0
0.328125000000707 0.9375 0
0.35937500000079 0.9375 0
0.406250000000956 0.953125 0
0.398437500000915 0.9453125 0
0.414062500000956 0.9453125 0
0.390625000000873 0.9375 0
0.421875000000956 0.9375 0
0.351562500000915 0.9921875 0
0.335937500000873 0.9921875 0
0.343750000000873 0.984375 0
0.320312500000832 0.9921875 0
0.335937500000832 0.9765625 0
0.30468750000079 0.9921875 0
0.31250000000079 0.984375 0
0.304687500000748 0.9765625 0
0.32031250000079 0.9765625 0
0.289062500000707 0.9765625 0
0.296875000000707 0.96875 0
0.32812500000079 0.96875 0
0.289062500000748 0.9921875 0
0.273437500000707 0.9921875 0
0.281250000000707 0.984375 0
0.257812500000665 0.9921875 0
0.273437500000665 0.9765625 0
0.320312500000748 0.9609375 0
0.304687500000707 0.9609375 0
0.312500000000707 0.953125 0
0.289062500000665 0.9609375 0
0.304687500000665 0.9453125 0
0.414062500000915 0.9296875 0
0.398437500000873 0.9296875 0
0.406250000000873 0.921875 0
0.382812500000832 0.9296875 0
0.398437500000832 0.9140625 0
0.36718750000079 0.9296875 0
0.37500000000079 0.921875 0
0.367187500000748 0.9140625 0
0.38281250000079 0.9140625 0
0.351562500000707 0.9140625 0
0.359375000000707 0.90625 0
0.39062500000079 0.90625 0
0.351562500000748 0.9296875 0
0.335937500000707 0.9296875 0
0.343750000000707 0.921875 0
0.320312500000665 0.9296875 0
0.335937500000665 0.9140625 0
0.382812500000748 0.8984375 0
0.367187500000707 0.8984375 0
0.375000000000707 0.890625 0
0.351562500000665 0.8984375 0
0.367187500000665 0.8828125 0
0.242187500000624 0.9921875 0
0.250000000000624 0.984375 0
0.242187500000582 0.9765625 0
0.257812500000624 0.9765625 0
0.226562500000541 0.9765625 0
0.234375000000541 0.96875 0
0.265625000000624 0.96875 0
0.226562500000499 0.9609375 0
0.242187500000541 0.9609375 0
0.250000000000541 0.953125 0
0.257812500000582 0.9609375 0
0.242187500000499 0.9453125 0
0.257812500000541 0.9453125 0
0.273437500000624 0.9609375 0
0.210937500000457 0.9609375 0
0.218750000000457 0.953125 0
0.210937500000416 0.9453125 0
0.226562500000457 0.9453125 0
0.195312500000374 0.9453125 0
0.203125000000374 0.9375 0
0.234375000000457 0.9375 0
0.281250000000624 0.953125 0
0.273437500000582 0.9453125 0
0.289062500000624 0.9453125 0
0.265625000000541 0.9375 0
0.296875000000624 0.9375 0
0.195312500000333 0.9296875 0
0.210937500000374 0.9296875 0
0.218750000000374 0.921875 0
0.226562500000416 0.9296875 0
0.210937500000333 0.9140625 0
0.226562500000374 0.9140625 0
0.242187500000457 0.9296875 0
0.234375000000374 0.90625 0
0.242187500000416 0.9140625 0
0.257812500000457 0.9140625 0
0.250000000000457 0.921875 0
0.265625000000457 0.90625 0
0.273437500000499 0.9140625 0
0.257812500000499 0.9296875 0
0.226562500000333 0.8984375 0
0.242187500000374 0.8984375 0
0.250000000000374 0.890625 0
0.257812500000416 0.8984375 0
0.242187500000333 0.8828125 0
0.257812500000374 0.8828125 0
0.273437500000457 0.8984375 0
0.273437500000541 0.9296875 0
0.281250000000541 0.921875 0
0.289062500000582 0.9296875 0
0.289062500000541 0.9140625 0
0.304687500000624 0.9296875 0
0.179687500000291 0.9296875 0
0.187500000000291 0.921875 0
0.179687500000249 0.9140625 0
0.195312500000291 0.9140625 0
0.164062500000208 0.9140625 0
0.171875000000208 0.90625 0
0.203125000000291 0.90625 0
0.164062500000166 0.8984375 0
0.179687500000208 0.8984375 0
0.187500000000208 0.890625 0
0.195312500000249 0.8984375 0
0.179687500000166 0.8828125 0
0.195312500000208 0.8828125 0
0.210937500000291 0.8984375 0
0.148437500000125 0.8984375 0
0.156250000000125 0.890625 0
0.148437500000083 0.8828125 0
0.164062500000125 0.8828125 0
0.132812500000042 0.8828125 0
0.140625000000042 0.875 0
0.171875000000125 0.875 0
0.218750000000291 0.890625 0
0.210937500000249 0.8828125 0
0.226562500000291 0.8828125 0
0.203125000000208 0.875 0
0.234375000000291 0.875 0
0.312500000000624 0.921875 0
0.304687500000582 0.9140625 0
0.320312500000624 0.9140625 0
0.296875000000541 0.90625 0
0.328125000000624 0.90625 0
0.289062500000499 0.8984375 0
0.304687500000541 0.8984375 0
0.312500000000541 0.890625 0
0.320312500000582 0.8984375 0
0.304687500000499 0.8828125 0
0.320312500000541 0.8828125 0
0.335937500000624 0.8984375 0
0.281250000000457 0.890625 0
0.273437500000416 0.8828125 0
0.289062500000457 0.8828125 0
0.265625000000374 0.875 0
0.296875000000457 0.875 0
0.343750000000624 0.890625 0
0.335937500000582 0.8828125 0
0.351562500000624 0.8828125 0
0.328125000000541 0.875 0
0.359375000000624 0.875 0
0.226562500000582 0.9921875 0
0.210937500000541 0.9921875 0
0.218750000000541 0.984375 0
0.195312500000499 0.9921875 0
0.210937500000499 0.9765625 0
0.179687500000457 0.9921875 0
0.187500000000457 0.984375 0
0.179687500000416 0.9765625 0
0.195312500000457 0.9765625 0
0.164062500000374 0.9765625 0
0.171875000000374 0.96875 0
0.203125000000457 0.96875 0
0.164062500000416 0.9921875 0
0.148437500000374 0.9921875 0
0.156250000000374 0.984375 0
0.132812500000333 0.9921875 0
0.148437500000333 0.9765625 0
0.195312500000416 0.9609375 0
0.179687500000374 0.9609375 0
0.187500000000374 0.953125 0
0.164062500000333 0.9609375 0
0.179687500000333 0.9453125 0
0.117187500000291 0.9921875 0
0.125000000000291 0.984375 0
0.117187500000249 0.9765625 0
0.132812500000291 0.9765625 0
0.101562500000208 0.9765625 0
0.109375000000208 0.96875 0
0.140625000000291 0.96875 0
0.101562500000166 0.9609375 0
0.117187500000208 0.9609375 0
0.125000000000208 0.953125 0
0.132812500000249 0.9609375 0
0.117187500000166 0.9453125 0
0.132812500000208 0.9453125 0
0.148437500000291 0.9609375 0
0.0859375000001247 0.9609375 0
0.0937500000001247 0.953125 0
0.0859375000000832 0.9453125 0
0.101562500000125 0.9453125 0
0.0703125000000416 0.9453125 0
0.0781250000000416 0.9375 0
0.109375000000125 0.9375 0
0.156250000000291 0.953125 0
0.148437500000249 0.9453125 0
0.164062500000291 0.9453125 0
0.140625000000208 0.9375 0
0.171875000000291 0.9375 0
0.101562500000249 0.9921875 0
0.0859375000002079 0.9921875 0
0.0937500000002079 0.984375 0
0.0703125000001663 0.9921875 0
0.0859375000001663 0.9765625 0
0.0546875000001247 0.9921875 0
0.0625000000001247 0.984375 0
0.0546875000000832 0.9765625 0
0.0703125000001247 0.9765625 0
0.0390625000000416 0.9765625 0
0.0468750000000416 0.96875 0
0.0781250000001247 0.96875 0
0.0390625000000832 0.9921875 0
0.0234375000000416 0.9921875 0
0.0312500000000416 0.984375 0
0.0703125000000832 0.9609375 0
0.0546875000000416 0.9609375 0
0.0625000000000416 0.953125 0
0.164062500000249 0.9296875 0
0.148437500000208 0.9296875 0
0.156250000000208 0.921875 0
0.132812500000166 0.9296875 0
0.148437500000166 0.9140625 0
0.117187500000125 0.9296875 0
0.125000000000125 0.921875 0
0.117187500000083 0.9140625 0
0.132812500000125 0.9140625 0
0.101562500000042 0.9140625 0
0.109375000000042 0.90625 0
0.140625000000125 0.90625 0
0.101562500000083 0.9296875 0
0.0859375000000416 0.9296875 0
0.0937500000000416 0.921875 0
0.132812500000083 0.8984375 0
0.117187500000042 0.8984375 0
0.125000000000042 0.890625 0
0.351562500000582 0.8671875 0
0.335937500000541 0.8671875 0
0.343750000000541 0.859375 0
0.320312500000499 0.8671875 0
0.335937500000499 0.8515625 0
0.304687500000457 0.8671875 0
0.312500000000457 0.859375 0
0.304687500000416 0.8515625 0
0.320312500000457 0.8515625 0
0.289062500000374 0.8515625 0
0.296875000000374 0.84375 0
0.328125000000457 0.84375 0
0.289062500000416 0.8671875 0
0.273437500000374 0.8671875 0
0.281250000000374 0.859375 0
0.257812500000333 0.8671875 0
0.273437500000333 0.8515625 0
0.320312500000416 0.8359375 0
0.304687500000374 0.8359375 0
0.312500000000374 0.828125 0
0.289062500000333 0.8359375 0
0.304687500000333 0.8203125 0
0.242187500000291 0.8671875 0
0.250000000000291 0.859375 0
0.242187500000249 0.8515625 0
0.257812500000291 0.8515625 0
0.226562500000208 0.8515625 0
0.234375000000208 0.84375 0
0.265625000000291 0.84375 0
0.226562500000166 0.8359375 0
0.242187500000208 0.8359375 0
0.250000000000208 0.828125 0
0.25781250000025 0.8359375 0
0.242187500000166 0.8203125 0
0.257812500000208 0.8203125 0
0.273437500000291 0.8359375 0
0.210937500000125 0.8359375 0
0.218750000000125 0.828125 0
0.210937500000083 0.8203125 0
0.226562500000125 0.8203125 0
0.195312500000042 0.8203125 0
0.203125000000042 0.8125 0
0.234375000000125 0.8125 0
0.281250000000291 0.828125 0
0.27343750000025 0.8203125 0
0.289062500000291 0.8203125 0
0.265625000000208 0.8125 0
0.296875000000291 0.8125 0
0.226562500000249 0.8671875 0
0.210937500000208 0.8671875 0
0.218750000000208 0.859375 0
0.195312500000166 0.8671875 0
0.210937500000166 0.8515625 0
0.179687500000125 0.8671875 0
0.187500000000125 0.859375 0
0.179687500000083 0.8515625 0
0.195312500000125 0.8515625 0
0.164062500000042 0.8515625 0
0.171875000000042 0.84375 0
0.203125000000125 0.84375 0
0.164062500000083 0.8671875 0
0.148437500000042 0.8671875 0
0.156250000000042 0.859375 0
0.195312500000083 0.8359375 0
0.179687500000042 0.8359375 0
0.187500000000042 0.828125 0
0.28906250000025 0.8046875 0
0.273437500000208 0.8046875 0
0.281250000000208 0.796875 0
0.257812500000166 0.8046875 0
0.273437500000166 0.7890625 0
0.242187500000125 0.8046875 0
0.250000000000125 0.796875 0
0.242187500000083 0.7890625 0
0.257812500000125 0.7890625 0
0.226562500000042 0.7890625 0
0.234375000000042 0.78125 0
0.265625000000125 0.78125 0
0.226562500000083 0.8046875 0
0.210937500000042 0.8046875 0
0.218750000000042 0.796875 0
0.257812500000083 0.7734375 0
0.242187500000042 0.7734375 0
0.250000000000042 0.765625 0
0.7265625 0.7421875 0
0.7109375 0.7421875 0
0.71875 0.734375 0
0.6953125 0.7421875 0
0.7109375 0.7265625 0
0.6796875 0.7421875 0
0.6875 0.734375 0
0.6796875 0.7265625 0
0.6953125 0.7265625 0
0.6640625 0.7265625 0
0.671875 0.71875 0
0.703125 0.71875 0
0.6640625 0.7421875 0
0.6484375 0.7421875 0
0.65625 0.734375 0
0.6328125 0.7421875 0
0.6484375 0.7265625 0
0.6953125 0.7109375 0
0.6796875 0.7109375 0
0.6875 0.703125 0
0.6640625 0.7109375 0
0.6796875 0.6953125 0
0.6171875 0.7421875 0
0.625 0.734375 0
0.6171875 0.7265625 0
0.6328125 0.7265625 0
0.6015625 0.7265625 0
0.609375 0.71875 0
0.640625 0.71875 0
0.6015625 0.7109375 0
0.6171875 0.7109375 0
0.625 0.703125 0
0.6328125 0.7109375 0
0.6171875 0.6953125 0
0.6328125 0.6953125 0
0.6484375 0.7109375 0
0.5859375 0.7109375 0
0.59375 0.703125 0
0.5859375 0.6953125 0
0.6015625 0.6953125 0
0.5703125 0.6953125 0
0.578125 0.6875 0
0.609375 0.6875 0
0.65625 0.703125 0
0.6484375 0.6953125 0
0.6640625 0.6953125 0
0.640625 0.6875 0
0.671875 0.6875 0
0.6015625 0.7421875 0
0.5859375 0.7421875 0
0.59375 0.734375 0
0.5703125 0.7421875 0
0.5859375 0.7265625 0
0.5546875 0.7421875 0
0.5625 0.734375 0
0.5546875 0.7265625 0
0.5703125 0.7265625 0
0.5390625 0.7265625 0
0.546875 0.71875 0
0.578125 0.71875 0
0.5390625 0.7421875 0
0.5234375 0.7421875 0
0.53125 0.734375 0
0.5078125 0.7421875 0
0.5234375 0.7265625 0
0.5703125 0.7109375 0
0.5546875 0.7109375 0
0.5625 0.703125 0
0.5390625 0.7109375 0
0.5546875 0.6953125 0
0.6640625 0.6796875 0
0.6484375 0.6796875 0
0.65625 0.671875 0
0.6328125 0.6796875 0
0.6484375 0.6640625 0
0.6171875 0.6796875 0
0.625 0.671875 0
0.6171875 0.6640625 0
0.6328125 0.6640625 0
0.6015625 0.6640625 0
0.609375 0.65625 0
0.640625 0.65625 0
0.6015625 0.6796875 0
0.5859375 0.6796875 0
0.59375 0.671875 0
0.5703125 0.6796875 0
0.5859375 0.6640625 0
0.6328125 0.6484375 0
0.6171875 0.6484375 0
0.625 0.640625 0
0.6015625 0.6484375 0
0.6171875 0.6328125 0
0.4921875 0.7421875 0
0.5 0.734375 0
0.4921875 0.7265625 0
0.5078125 0.7265625 0
0.4765625 0.7265625 0
0.484375 0.71875 0
0.515625 0.71875 0
0.4765625 0.7109375 0
0.4921875 0.7109375 0
0.5 0.703125 0
0.5078125 0.7109375 0
0.4921875 0.6953125 0
0.5078125 0.6953125 0
0.5234375 0.7109375 0
0.4609375 0.7109375 0
0.46875 0.703125 0
0.4609375 0.6953125 0
0.4765625 0.6953125 0
0.4453125 0.6953125 0
0.453125 0.6875 0
0.484375 0.6875 0
0.53125 0.703125 0
0.5234375 0.6953125 0
0.5390625 0.6953125 0
0.515625 0.6875 0
0.546875 0.6875 0
0.4453125 0.6796875 0
0.4609375 0.6796875 0
0.46875 0.671875 0
0.4765625 0.6796875 0
0.4609375 0.6640625 0
0.4765625 0.6640625 0
0.4921875 0.6796875 0
0.484375 0.65625 0
0.4921875 0.6640625 0
0.5078125 0.6640625 0
0.5 0.671875 0
0.515625 0.65625 0
0.5234375 0.6640625 0
0.5078125 0.6796875 0
0.4765625 0.6484375 0
0.4921875 0.6484375 0
0.5 0.640625 0
0.5078125 0.6484375 0
0.4921875 0.6328125 0
0.5078125 0.6328125 0
0.5234375 0.6484375 0
0.5234375 0.6796875 0
0.53125 0.671875 0
0.5390625 0.6796875 0
0.5390625 0.6640625 0
0.5546875 0.6796875 0
0.4296875 0.6796875 0
0.4375 0.671875 0
0.4296875 0.6640625 0
0.4453125 0.6640625 0
0.4140625 0.6640625 0
0.421875 0.65625 0
0.453125 0.65625 0
0.4140625 0.6484375 0
0.4296875 0.6484375 0
0.4375 0.640625 0
0.4453125 0.6484375 0
0.4296875 0.6328125 0
0.4453125 0.6328125 0
0.4609375 0.6484375 0
0.3984375 0.6484375 0
0.40625 0.640625 0
0.3984375 0.6328125 0
0.4140625 0.6328125 0
0.3828125 0.6328125 0
0.390625 0.625 0
0.421875 0.625 0
0.46875 0.640625 0
0.4609375 0.6328125 0
0.4765625 0.6328125 0
0.453125 0.625 0
0.484375 0.625 0
0.5625 0.671875 0
0.5546875 0.6640625 0
0.5703125 0.6640625 0
0.546875 0.65625 0
0.578125 0.65625 0
0.5390625 0.6484375 0
0.5546875 0.6484375 0
0.5625 0.640625 0
0.5703125 0.6484375 0
0.5546875 0.6328125 0
0.5703125 0.6328125 0
0.5859375 0.6484375 0
0.53125 0.640625 0
0.5234375 0.6328125 0
0.5390625 0.6328125 0
0.515625 0.625 0
0.546875 0.625 0
0.59375 0.640625 0
0.5859375 0.6328125 0
0.6015625 0.6328125 0
0.578125 0.625 0
0.609375 0.625 0
0.4765625 0.7421875 0
0.4609375 0.7421875 0
0.46875 0.734375 0
0.4453125 0.7421875 0
0.4609375 0.7265625 0
0.4296875 0.7421875 0
0.4375 0.734375 0
0.4296875 0.7265625 0
0.4453125 0.7265625 0
0.4140625 0.7265625 0
0.421875 0.71875 0
0.453125 0.71875 0
0.4140625 0.7421875 0
0.3984375 0.7421875 0
0.40625 0.734375 0
0.3828125 0.7421875 0
0.3984375 0.7265625 0
0.4453125 0.7109375 0
0.4296875 0.7109375 0
0.4375 0.703125 0
0.4140625 0.7109375 0
0.4296875 0.6953125 0
0.3671875 0.7421875 0
0.375 0.734375 0
0.3671875 0.7265625 0
0.3828125 0.7265625 0
0.3515625 0.7265625 0
0.359375 0.71875 0
0.390625 0.71875 0
0.3515625 0.7109375 0
0.3671875 0.7109375 0
0.375 0.703125 0
0.3828125 0.7109375 0
0.3671875 0.6953125 0
0.3828125 0.6953125 0
0.3984375 0.7109375 0
0.3359375 0.7109375 0
0.34375 0.703125 0
0.3359375 0.6953125 0
0.3515625 0.6953125 0
0.3203125 0.6953125 0
0.328125 0.6875 0
0.359375 0.6875 0
0.40625 0.703125 0
0.3984375 0.6953125 0
0.4140625 0.6953125 0
0.390625 0.6875 0
0.421875 0.6875 0
0.3515625 0.7421875 0
0.3359375 0.7421875 0
0.34375 0.734375 0
0.3203125 0.7421875 0
0.3359375 0.7265625 0
0.3046875 0.7421875 0
0.3125 0.734375 0
0.3046875 0.7265625 0
0.3203125 0.7265625 0
0.2890625 0.7265625 0
0.296875 0.71875 0
0.328125 0.71875 0
0.2890625 0.7421875 0
0.2734375 0.7421875 0
0.28125 0.734375 0
0.3203125 0.7109375 0
0.3046875 0.7109375 0
0.3125 0.703125 0
0.4140625 0.6796875 0
0.3984375 0.6796875 0
0.40625 0.671875 0
0.3828125 0.6796875 0
0.3984375 0.6640625 0
0.3671875 0.6796875 0
0.375 0.671875 0
0.3671875 0.6640625 0
0.3828125 0.6640625 0
0.3515625 0.6640625 0
0.359375 0.65625 0
0.390625 0.65625 0
0.3515625 0.6796875 0
0.3359375 0.6796875 0
0.34375 0.671875 0
0.3828125 0.6484375 0
0.3671875 0.6484375 0
0.375 0.640625 0
0.6015625 0.6171875 0
0.5859375 0.6171875 0
0.59375 0.609375 0
0.5703125 0.6171875 0
0.5859375 0.6015625 0
0.5546875 0.6171875 0
0.5625 0.609375 0
0.5546875 0.6015625 0
0.5703125 0.6015625 0
0.5390625 0.6015625 0
0.546875 0.59375 0
0.578125 0.59375 0
0.5390625 0.6171875 0
0.5234375 0.6171875 0
0.53125 0.609375 0
0.5078125 0.6171875 0
0.5234375 0.6015625 0
0.5703125 0.5859375 0
0.5546875 0.5859375 0
0.5625 0.578125 0
0.5390625 0.5859375 0
0.5546875 0.5703125 0
0.4921875 0.6171875 0
0.5 0.609375 0
0.4921875 0.6015625 0
0.5078125 0.6015625 0
0.4765625 0.6015625 0
0.484375 0.59375 0
0.515625 0.59375 0
0.4765625 0.5859375 0
0.4921875 0.5859375 0
0.5 0.578125 0
0.5078125 0.5859375 0
0.4921875 0.5703125 0
0.5078125 0.5703125 0
0.5234375 0.5859375 0
0.4609375 0.5859375 0
0.46875 0.578125 0
0.4609375 0.5703125 0
0.4765625 0.5703125 0
0.4453125 0.5703125 0
0.453125 0.5625 0
0.484375 0.5625 0
0.53125 0.578125 0
0.5234375 0.5703125 0
0.5390625 0.5703125 0
0.515625 0.5625 0
0.546875 0.5625 0
0.4765625 0.6171875 0
0.4609375 0.6171875 0
0.46875 0.609375 0
0.4453125 0.6171875 0
0.4609375 0.6015625 0
0.4296875 0.6171875 0
0.4375 0.609375 0
0.4296875 0.6015625 0
0.4453125 0.6015625 0
0.4140625 0.6015625 0
0.421875 0.59375 0
0.453125 0.59375 0
0.4140625 0.6171875 0
0.3984375 0.6171875 0
0.40625 0.609375 0
0.4453125 0.5859375 0
0.4296875 0.5859375 0
0.4375 0.578125 0
0.5390625 0.5546875 0
0.5234375 0.5546875 0
0.53125 0.546875 0
0.5078125 0.5546875 0
0.5234375 0.5390625 0
0.4921875 0.5546875 0
0.5 0.546875 0
0.4921875 0.5390625 0
0.5078125 0.5390625 0
0.4765625 0.5390625 0
0.484375 0.53125 0
0.515625 0.53125 0
0.4765625 0.5546875 0
0.4609375 0.5546875 0
0.46875 0.546875 0
0.5078125 0.5234375 0
0.4921875 0.5234375 0
0.5 0.515625 0
