1.0
1.1051709180756477
1.1051709180756477
1.2214027581601699
1.103445436899375
1.1017226496822352
1.1000025522182062
1.0982851403078293
1.096570409758204
1.0948583563829744
1.0931489760023219
1.0914422644429544
1.0897382175381023
1.0880368311274853
1.0863381010573303
1.0846420231803446
1.0829485933557081
1.0812578074490762
1.0795696613325487
1.0778841508846762
1.0762012719904437
1.0745210205412583
1.0728433924349439
1.071168383575726
1.0694959898742247
1.0678262072474487
1.0661590316187792
1.0644944589179606
1.0628324850810937
1.0611731060506266
1.0595163177753417
1.0578621162103434
1.0562104973170512
1.0545614570631932
1.0529149914227964
1.0512710963761638
1.0496297679098652
1.0479910020167633
1.0463547946959646
1.0447211419528206
1.0430900397989216
1.0414614842520826
1.039835471336338
1.0382119970819286
1.0365910575252935
1.0349726487090596
1.0333567666820331
1.0317434074991885
1.0301325672216597
1.0285242419167306
1.0269184276578252
1.025315120524497
1.0237143166024218
1.0221160119833856
1.0205202027652773
1.0189268850520772
1.0173360549538484
1.015747708586728
1.0141618420729162
1.0125784515406682
1.010997533124283
1.0094190829640963
1.007843097206469
1.0062695720037786
1.0046985035144107
1.0031298879027475
1.0015637213391604
1.0015637213391533
1.0031298879027333
1.0046985035143887
1.006269572003749
1.0078430972064325
1.009419082964053
1.0109975331242331
1.0125784515406115
1.0141618420728506
1.0157477085866535
1.017336054953765
1.0189268850519846
1.0205202027651756
1.022116011983275
1.023714316602302
1.0253151205243682
1.026918427657687
1.0285242419165834
1.0301325672215031
1.0317434074990226
1.033356766681858
1.034972648708875
1.0365910575250996
1.0382119970817254
1.0398354713361253
1.0414614842518606
1.0430900397986897
1.0447211419525797
1.0463547946957137
1.047991002016503
1.0496297679095954
1.0512710963758845
1.05291499142253
1.0545614570629394
1.0562104973168047
1.0578621162101045
1.0595163177751115
1.0611731060504053
1.0628324850808795
1.0644944589177534
1.0661590316185812
1.0678262072472617
1.069495989874049
1.0711683835755617
1.0728433924347929
1.0745210205411204
1.0762012719903171
1.07788415088456
1.079569661332441
1.0812578074489767
1.0829485933556187
1.0846420231802625
1.0863381010572597
1.088036831127426
1.0897382175380526
1.0914422644429156
1.0931489760022863
1.0948583563829426
1.0965704097581768
1.0982851403078076
1.1000025522181898
1.1017226496822243
1.103445436899369
1.106899097423654
1.108629979162585
1.1103635675182262
1.1120998667229722
1.1138388810158373
1.115580614642461
1.1173250718551238
1.1190722569127554
1.1208221740809423
1.1225748276319472
1.12433022184471
1.1260883610048618
1.1278492494047354
1.1296128913433758
1.1313792911265503
1.1331484530667593
1.1349203814832465
1.13669508070201
1.1384725550558126
1.140252808884192
1.1420358465334717
1.1438216723567722
1.1456102907140209
1.1474017059719621
1.1491959225041695
1.1509929446910554
1.1527927769198818
1.1545954235847713
1.156400889086718
1.1582091778335968
1.1600202942401765
1.1618342427281287
1.1636510277260501
1.1654706536694415
1.1672931250007494
1.1691184461693687
1.1709466216316498
1.172777655850913
1.1746115532974577
1.1764483184485732
1.1782879557885508
1.1801304698086932
1.1819758650073264
1.183824145889811
1.1856753169685523
1.187529382763012
1.1893863477997184
1.191246216612279
1.1931089937413897
1.1949746837348476
1.1968432911475602
1.1987148205415588
1.2005892764860073
1.2024666635572159
1.2043469863386493
1.2062302494209407
1.208116457401901
1.2100056148865312
1.2118977264870334
1.2137927968228213
1.2156908305205325
1.2175918322140389
1.2194958065444597
1.2194958065444663
1.217591832214051
1.2156908305205505
1.2137927968228452
1.2118977264870636
1.2100056148865663
1.20811645740194
1.2062302494209838
1.2043469863387044
1.2024666635572812
1.2005892764860855
1.1987148205416494
1.1968432911476592
1.1949746837349573
1.193108993741509
1.1912462166124074
1.1893863477998583
1.1875293827631643
1.1856753169687193
1.1838241458899925
1.1819758650075205
1.1801304698088997
1.1782879557887698
1.1764483184488024
1.1746115532976944
1.1727776558511576
1.170946621631904
1.1691184461696327
1.167293125001022
1.165470653669722
1.1636510277263445
1.1618342427284376
1.1600202942404747
1.1582091778338843
1.1564008890869948
1.154595423585038
1.1527927769201378
1.150992944691301
1.1491959225044044
1.1474017059721866
1.145610290714235
1.1438216723569763
1.1420358465336653
1.1402528088843753
1.1384725550559855
1.1366950807021727
1.134920381483399
1.1331484530669016
1.1313792911266827
1.129612891343498
1.1278492494048475
1.126088361004964
1.1243302218448021
1.1225748276320295
1.1208221740810147
1.1190722569128178
1.1173250718551788
1.1155806146425087
1.1138388810158775
1.112099866723005
1.1103635675182506
1.1086299791626009
1.106899097423662
1.1051705057299464
1.1051713740469138
1.0512705775292757
1.105171374046913
1.1618345988646208
1.0512716416596755
1.0253148019566796
1.0778847099708515
1.0778847014931356
1.1051713826617435
1.1051713655504891
1.0778834855481265
1.0778847099709945
1.1051713826617444
1.0512716416598153
1.0778847014931352
1.1051713655504893
1.1331490233702537
1.1618348118168385
1.1331490154090684
1.1912466265322108
1.1331487187812497
1.1618348118169926
1.1331490233704034
1.1331490154090682
1.0253156562216796
1.0125782901995162
1.0382125397088648
1.0382125316458612
1.051271645827823
1.0512716282524914
1.03821156781548
1.064495015280912
1.0644950110590043
1.0778847057435896
1.0644950068598154
1.091442826280104
1.0914428220526675
1.0644949891270636
1.077884714245906
1.0914428348894265
1.0914428305605992
1.105171387040746
1.105171378327408
1.077884681375982
1.064493862785025
1.0914428177732167
1.0914427972778968
1.105171369818914
1.1051713444587952
1.0914415356114953
1.0914428348894851
1.1051713870407465
1.0778847142460348
1.0914428305606716
1.064495015281124
1.0914428262801759
1.1051713783274075
1.0512716458280327
1.064495011059146
1.0644950068598866
1.0778847057436614
1.0512716282525614
1.064494989127064
1.0914428220526675
1.0382125397089994
1.0253156562217443
1.03821253164593
1.0914428177732165
1.1051713698189156
1.0778846813759824
1.0914427972778977
1.105171344458796
1.1190728329673507
1.1331490276451828
1.1190728286385991
1.14740227916296
1.1190728243581
1.1618348146359962
1.1474022749488624
1.1474022716466536
1.1331490191449514
1.1618348264560971
1.1474022760505183
1.1190728201299929
1.1764488909262414
1.1912468224830968
1.1764489141096752
1.206230679754023
1.1764487041948004
1.1190728160683445
1.133149008503481
1.1190727993425575
1.147402024092035
1.1190724413413964
1.1912468224831598
1.176448890926383
1.176448914109753
1.1618348146362285
1.1618348264561749
1.1474022791631886
1.1474022749490156
1.1331490191450275
1.14740227164673
1.1190728243581733
1.1190728201299938
1.1474022760505185
1.1331490276453284
1.1190728329674209
1.1190728286386729
1.1331490085034814
1.119072816068344
1.1190727993425582
1.0125789873422328
1.006269536222013
1.0189274181293082
1.0189274444163998
1.0253156567947466
1.0253157062456935
1.0189266360352185
1.031743947135614
1.0317439467246792
1.0382125376441782
1.0317439430566817
1.0447216859077115
1.0447216839439748
1.0317440194537455
1.0382125401016267
1.0447216883769819
1.044721687981155
1.0512716462261338
1.0512716437391387
1.038212633798694
1.0317430300363126
1.044721675159046
1.0447218016432953
1.0512716398989759
1.0512717772811557
1.044720665973593
1.0578626695076618
1.0578626691068547
1.0644950131660202
1.0578626670051388
1.0711689412987102
1.0711689391784787
1.0578626649110285
1.0778847078506026
1.071168937071461
1.0711689349779356
1.0644950089648824
1.0778847036515824
1.0711689328474367
1.0578626628235603
1.0846425836382236
1.0846425815179728
1.0914428241598526
1.0846425794109171
1.0982857031975337
1.0982857010772853
1.0846425773213002
1.0578626613315507
1.0644950056520792
1.0578626470391908
1.0711689318871573
1.0578628167116637
1.0644950156842494
1.0711689438327459
1.0711689434268787
1.0778847146543167
1.0778847121043933
1.0846425904846115
1.0846425900736394
1.0914428327209778
1.0846425879187018
1.0982857118123475
1.0982857096384242
1.0846425857717819
1.0914428353029761
1.0982857144080147
1.09828571399443
1.1051713872856364
1.1051713848492182
1.0914428284136621
1.0982857074780283
1.0982857053310913
1.1051713804878036
1.1051713761804718
1.064495177564904
1.0578615575079136
1.0711689136641533
1.0711691190807255
1.0778847006979835
1.0778849021082548
1.0711677520067542
1.0846425751396254
1.0846425743926251
1.0914428169341739
1.0846425545942127
1.09828569470075
1.0982856936167718
1.0846427891136259
1.0914428199657968
1.098285698969859
1.0982856968852643
1.1051713719266534
1.1051713677373907
1.0914430441898197
1.0846413254913823
1.0982856746989405
1.098285932731415
1.105171364392206
1.1051716224448018
1.0982843799095692
1.0982857144080338
1.1051713872856368
1.091442835303025
1.0982857139944597
1.0846425904846995
1.0982857118123777
1.1051713848492186
1.0778847146544397
1.0846425900737335
1.0846425879188026
1.091442832721043
1.0778847121045296
1.0846425857718904
1.0982857096384602
1.0711689438329146
1.0644950156844595
1.0711689434270497
1.0578626695079079
1.0711689412988883
1.0982857074780648
1.105171380487803
1.0914428284137352
1.0982857053311283
1.084642583638331
1.0982857031975697
1.105171376180471
1.0512716462263783
1.0578626691070654
1.057862667005315
1.0644950131661965
1.0512716437393133
1.0578626649111693
1.0711689391786203
1.0578626628236663
1.0644950089649883
1.0711689349780071
1.071168937071568
1.0711689328474723
1.0778847036516184
1.0778847078507092
1.0512716398990807
1.057862661331621
1.0578626470392267
1.0644950056521139
1.05127177728119
1.0578628167116633
1.0711689318871576
1.084642581518044
1.0846425794109527
1.0914428241598877
1.0846425773213002
1.0982857010772844
1.0447216883771882
1.0382125401017954
1.0447216879813266
1.0317439471357455
1.0447216859078488
1.0253156567948434
1.031743946724779
1.0317439430567485
1.03821253764428
1.025315706245725
1.0317440194537788
1.0447216839440796
1.0189274181293682
1.0125789873422604
1.018927444416431
1.0447216751591153
1.0382126337987279
1.0447218016433293
1.0982856989698595
1.105171371926652
1.0914428199657964
1.098285696885263
1.0846425751396254
1.09828569470075
1.1051713677373893
1.0778847006979835
1.0846425743926256
1.0846425545942138
1.0914428169341748
1.0778849021082544
1.0846427891136257
1.0982856936167726
1.0711689136641538
1.0644951775649036
1.0711691190807255
1.0982856746989411
1.1051713643922065
1.091443044189819
1.0982859327314147
1.1051716224448014
1.112100443601709
1.1190728333586928
1.1121004432134833
1.126088936690571
1.1121004410315432
1.1331490280138623
1.1260889363106519
1.1260889341558245
1.1190728307989795
1.133149025503807
1.1260889320089034
1.1121004388576163
1.140253383115156
1.1474022795092136
1.140253382757686
1.1545959964507615
1.140253380629678
1.1121004366972205
1.1190728264916627
1.1121004345502836
1.1260889298753363
1.112100432416725
1.1618348149439441
1.1545959961148267
1.1545959940252866
1.1474022770477752
1.161834812378085
1.1545959917964739
1.140253378509261
1.154595990962576
1.1474022727543582
1.140253374244315
1.1402533764069278
1.1402533728767676
1.1331490170102463
1.1331490212500128
1.161834799806229
1.154595980632056
1.1545960006837248
1.1474022630434733
1.1618349481037469
1.1545961389218076
1.1402533659698846
1.1260889277551835
1.1260889256482256
1.1190728222379502
1.1260889235363665
1.1121004302965305
1.1691190177779045
1.1764488892266534
1.169119017263339
1.1838247182529194
1.1691190169636343
1.1912467733040946
1.1838247037797767
1.1838247468616059
1.1764488759264409
1.1912468937525937
1.1838248286724662
1.1691190033806698
1.1987154291979996
1.2062309153722304
1.1987154927708952
1.2137932350510716
1.1987152410639224
1.1691190360873391
1.1764490077234702
1.169119142921463
1.1838245442774245
1.1691188179337328
1.1121004281883757
1.119072818035003
1.1121004261035368
1.1260889217348087
1.1121004240085135
1.1331490100774906
1.1260889177731517
1.126088909447149
1.119072813224684
1.1331492086412802
1.1260891341557588
1.1121004220561699
1.1402533716663665
1.1474024328315302
1.140253549075442
1.1545957620331335
1.1402531031908025
1.112100404532085
1.1190730495879717
1.1121006786480185
1.126088591252938
1.1120999925965296
1.2062309153722528
1.1987154291980524
1.1987154927709276
1.1912467733041914
1.1912468937526257
1.1838247182530548
1.1838247037798806
1.176448875926551
1.183824746861676
1.169119016963783
1.169119003380787
1.1838248286725057
1.1764488892268383
1.1691190177781352
1.169119017263526
1.1618348149442128
1.1618348123782778
1.1764490077235097
1.1691190360874164
1.1691191429215024
1.1618347998063454
1.1618349481037855
1.15459599645103
1.1545959961150554
1.1474022770479646
1.1545959940254797
1.1402533806298671
1.1402533785094113
1.1545959917966273
1.1331490212501247
1.1402533764070424
1.1402533742443905
1.1474022727544722
1.1331490170102834
1.1402533728768054
1.1545959909626915
1.1260889298754475
1.1260889277552568
1.1190728222379858
1.1260889256482638
1.112100432416761
1.1121004302965294
1.1260889235363654
1.1545959806321342
1.1474022630435126
1.1545960006837637
1.140253365969885
1.1545961389218073
1.147402279509441
1.1402533831153403
1.1402533827578738
1.1331490280140066
1.1331490255039554
1.1260889366906766
1.1260889363107593
1.1190728307990514
1.126088934155934
1.1121004410315787
1.1121004388576525
1.1260889320090155
1.1190728333587594
1.11210044360174
1.1121004432135182
1.1190728264917364
1.1121004366972569
1.1121004345503196
1.1474024328315293
1.1402533716663665
1.140253549075441
1.1331490100774917
1.1331492086412793
1.1260889217348087
1.1260889177731523
1.1190728132246845
1.1260889094471496
1.1121004240085135
1.1121004220561708
1.126089134155758
1.1190728180350016
1.1121004281883762
1.1121004261035354
1.1190730495879713
1.1121004045320855
1.1121006786480176
1.0062701168873134
1.0031299447440882
1.009419585064486
1.0094196882008912
1.0125789536410494
1.0125790783366537
1.0094189774148936
1.0157482128256659
1.0157482379327731
1.018927414736034
1.0157482558138926
1.0221165472377511
1.0221165406758659
1.01574834852868
1.0189273908115233
1.022116519327609
1.0221165465946407
1.0253156294571357
1.0253156574136302
1.0189275337787016
1.0157475003786476
1.022116584378213
1.022116666639644
1.0253156486455703
1.0253157791141736
1.0221157265320908
1.0285247524421375
1.0285247798699628
1.0317439476893218
1.0285247804086728
1.034973190589382
1.034973189641489
1.0285247796495613
1.0382125386721526
1.0349731885956053
1.034973188032458
1.0317439460272193
1.03821253717395
1.0349731838450458
1.0285247776810094
1.0414620275443012
1.04146202649383
1.0447216848449263
1.0414620255150235
1.0479915466355614
1.047991545560143
1.0414620250596052
1.0285247701163343
1.0317439364649046
1.0285248408920822
1.0349731791010879
1.0285249029898722
1.0317439196224782
1.0349731624352185
1.034973190034481
1.0382125124159751
1.0382125406580909
1.0414620011990485
1.0414620289713519
1.0447216889369724
1.0414620295295993
1.0479915507128958
1.0479915497540864
1.0414620285766736
1.044721660517754
1.0479915222047285
1.0479915501511528
1.0512716181922408
1.0512716467896355
1.0447216869439813
1.0479915487137434
1.0479915476720174
1.051271644784249
1.0512716426975726
1.0317440699718898
1.028523892844034
1.0349732732611643
1.034973311752299
1.0382125295051297
1.0382126600497714
1.0349722446067036
1.0414620181548409
1.0414620192460973
1.0447216799913794
1.0414621326816844
1.0479915345356572
1.0479915435114218
1.0414621466335459
1.0447216834032038
1.047991544762493
1.047991544025055
1.051271640574302
1.0512716388513774
1.0447218033385757
1.0414610310831942
1.0479916725268135
1.047991662075479
1.0512716416819212
1.051271754837312
1.0479905041823283
1.0545619805125135
1.0545620086341494
1.0578626700746967
1.0545620091994152
1.0611736616485228
1.0611736606776516
1.0545620082345928
1.0644950142242053
1.0611736596242418
1.0611736585693579
1.0578626680567316
1.0644950121108694
1.0611736575175024
1.0545620071877457
1.0678267642917523
1.0678267632302543
1.0711689402369453
1.0678267621718027
1.0745215789447826
1.074521577883003
1.0678267611166368
1.0545620061394456
1.0578626659565757
1.0545620050939934
1.0611736564689132
1.0545620040531665
1.0778847089090706
1.0745215768245355
1.074521575769369
1.0711689381233114
1.0778847067954391
1.0745215747175232
1.067826760064778
1.0745215736686333
1.0711689360226808
1.0678267579708534
1.0678267590160897
1.0678267569338993
1.0644950079273223
1.0644950100103796
1.0778847046945916
1.0745215726246347
1.0745215715862213
1.071168933940803
1.0778847026105276
1.0745215704800473
1.0678267558537833
1.0611736554233335
1.0611736543847234
1.0578626638712443
1.0611736533282543
1.0545620030116636
1.081258367220033
1.0812583661582522
1.084642582576443
1.0812583650997833
1.0880373922743898
1.088037391212609
1.0812583640446252
1.0914428252183233
1.0880373901541383
1.0880373890989985
1.0846425804628228
1.0914428231047242
1.0880373880470304
1.0812583629927572
1.0948589188957523
1.094858917833971
1.0982857021357515
1.0948589167755016
1.1017232075520589
1.1017232064902758
1.094858915720383
1.0812583619436809
1.0846425783618263
1.0812583609018573
1.0880373869980242
1.0812583598566214
1.0545620019224193
1.0578626617396196
1.0545620013800228
1.0611736522612065
1.0545619999133313
1.0644950058228129
1.061173651979794
1.0611736493877315
1.0578626593460214
1.0644950023793252
1.0611736365103068
1.0545619883692856
1.0678267548606648
1.0711689319119033
1.0678267547774491
1.0745215696149595
1.0678267507638692
1.0545620064846966
1.0578626700078537
1.0545621479582747
1.061173664445688
1.0545621137043342
1.0578626412980172
1.061173632781784
1.061173661079722
1.0644949872977425
1.0644950162548303
1.067826737281021
1.067826765756375
1.0711689444069044
1.0678267663287415
1.0745215831278019
1.07452158214471
1.0678267653517741
1.071168915268267
1.0745215538979642
1.0745215825518462
1.077884685910751
1.0778847152320743
1.071168942363538
1.0745215810780406
1.074521580009879
1.0778847131758988
1.0778847110359626
1.0812583441497399
1.0812583729832697
1.0846425910659914
1.0812583735628358
1.0880374007905185
1.0880373997950605
1.0812583725735796
1.09144283380596
1.0880373987149747
1.0880373976333773
1.0846425889969231
1.0914428316391078
1.088037396554884
1.081258371500224
1.0948589275102765
1.0948589264218977
1.0982857107236956
1.0948589253366419
1.1017232161668882
1.101723215078221
1.094858924254757
1.081258370425366
1.0846425868435725
1.0812583693535904
1.0880373954797395
1.0812583682851444
1.0846425615608366
1.0880373711930236
1.0880374002073192
1.0914428061980086
1.091442835887999
1.0948588998181505
1.0948589290119233
1.0982857149989962
1.0948589295988085
1.101723220457982
1.101723219447929
1.0948589285971353
1.098285685157319
1.1017231908180412
1.101723219804645
1.105171342537314
1.1051713880234262
1.0982857129041297
1.1017232183540862
1.1017232172589577
1.1051713859484313
1.1051713837538237
1.0846425847033352
1.0880373944079484
1.0880373933395013
1.091442829485454
1.0914428273452157
1.0948589231762473
1.094858922101102
1.098285706402883
1.0948589210293103
1.1017232118325535
1.1017232107574078
1.0948589199608643
1.098285708556538
1.1017232139929494
1.1017232129110632
1.1051713815730753
1.1051713794059177
1.0982857042626457
1.1017232096856167
1.1017232086171704
1.1051713772522622
1.1051713751120258
1.0578627708474175
1.0545609179531894
1.0611738157956152
1.0611737585306624
1.0644950220984253
1.0644951091133263
1.0611725283596583
1.0678267373314554
1.0678267753719752
1.0711689567776665
1.0678269344747071
1.0745215507654273
1.0745215989320616
1.0678268550513716
1.0711689270864246
1.0745215696150612
1.0745215639940127
1.0778847007099386
1.0778846942356473
1.0711690288987068
1.067825593169569
1.0745217640394105
1.0745216633082104
1.0778847345568212
1.0778847910325955
1.0745203718971956
1.081258358730722
1.0812583580390547
1.0846425745470056
1.0812583579759822
1.0880373837696729
1.0880373832813417
1.0812583506624853
1.0914428173920712
1.0880373829951986
1.088037373988349
1.0846425662280312
1.091442807101569
1.0880373631915825
1.081258338337685
1.0948589103913209
1.094858910117928
1.0982856945333785
1.0948589094493364
1.1017231990680405
1.101723199002241
1.0948588988140897
1.0812583964786238
1.0846426176291395
1.0812585661461265
1.0880374310450058
1.0812584449251579
1.0846425762702538
1.088037385958787
1.0880373849003353
1.0914428210038696
1.0914428188984489
1.094858914668206
1.094858913619785
1.098285697921991
1.0948589125825983
1.1017232033242443
1.101723202277101
1.0948589115050615
1.0982857000221622
1.1017232054318056
1.1017232043766778
1.1051713729851205
1.105171370871544
1.0982856957965206
1.1017232012402962
1.1017232001397783
1.1051713687722793
1.105171366623697
1.0846426579404287
1.081257125773028
1.088037604073419
1.0880374631347176
1.0914428698671075
1.091442893665762
1.088036117728353
1.0948588900897214
1.0948589673264926
1.0982857564879356
1.0948591427148058
1.101723179429452
1.1017232656074705
1.0948589827776707
1.098285682208017
1.1017231978092257
1.1017231856648917
1.105171365630619
1.1051713511543482
1.0982857635478478
1.094857612311412
1.101723442671401
1.101723265390683
1.105171435185474
1.1051714646196982
1.101721854314318
1.1017231908180523
1.1051713425373149
1.0982856851573395
1.1017232198046547
1.0948588998181794
1.1017232204579912
1.1051713880234257
1.091442806198053
1.0948589290119575
1.094858929598848
1.0982857149990208
1.0914428358880532
1.0948589285971795
1.1017232194479436
1.088037371193089
1.0846425615609214
1.0880374002073876
1.081258344149842
1.0880374007905917
1.1017232183541021
1.1051713859484313
1.098285712904159
1.1017232172589724
1.0948589275103209
1.1017232161669037
1.1051713837538233
1.0778846859108708
1.081258372983375
1.0812583735629442
1.0846425910660824
1.0778847152322006
1.081258372573692
1.088037399795137
1.081258371500339
1.0846425889970215
1.0880373976334612
1.0880373987150544
1.0880373965549706
1.091442831639177
1.091442833806022
1.0778847131760312
1.0812583704254837
1.081258369353713
1.0846425868436764
1.0778847110361034
1.0812583682852717
1.0880373954798293
1.0948589264219457
1.094858925336693
1.0982857107237287
1.0948589242548112
1.1017232150782397
1.074521553898108
1.0711689152684336
1.0745215825519923
1.0678267372812091
1.074521583127951
1.064494987297951
1.067826765756564
1.067826766328932
1.071168944407074
1.0644950162550415
1.067826765351966
1.0745215821448602
1.0611736327820087
1.0578626412982595
1.06117366107995
1.0545619805127764
1.061173661648752
1.0745215810781947
1.071168942363713
1.0745215800100372
1.0678267642919468
1.0745215789449434
1.101723213992967
1.1051713815730755
1.0982857085565745
1.1017232129110814
1.0948589231763015
1.1017232118325717
1.1051713794059173
1.0914428294855258
1.0948589221011564
1.094858921029365
1.0982857064029194
1.091442827345289
1.0948589199609189
1.101723210757426
1.0880373944080386
1.0846425847034444
1.0880373933395924
1.0812583672201583
1.08803739227448
1.1017232096856349
1.1051713772522622
1.0982857042626821
1.1017232086171886
1.0948589188958064
1.1017232075520762
1.1051713751120251
1.0512716181925026
1.0545620086343948
1.054562009199643
1.0578626700749254
1.0512716467898624
1.0545620082348026
1.0611736606778628
1.0545620071879385
1.0578626680569245
1.0611736585695342
1.061173659624436
1.0611736575176614
1.0644950121110286
1.0644950142243994
1.0512716447844408
1.054562006139621
1.0545620050941509
1.0578626659567343
1.051271642697729
1.054562004053306
1.0611736564690544
1.067826763230431
1.0678267621719617
1.0711689402371045
1.0678267611167787
1.0745215778831452
1.0545620030117866
1.0578626638713664
1.0611736543848287
1.061173655423457
1.0611736533283431
1.0644950079274098
1.0644950100105035
1.06782675693397
1.0678267579709424
1.0711689360227705
1.0678267590161967
1.0745215736687053
1.0745215747176124
1.0678267600649027
1.067826755853837
1.0711689339408563
1.0745215715862566
1.074521572624688
1.0745215704800652
1.077884702610545
1.0778847046946456
1.0711689381234364
1.0745215757694764
1.0745215768246597
1.0778847067955284
1.0778847089091959
1.051271640574424
1.054562001922525
1.0545620013801105
1.057862661739708
1.051271638851465
1.054561999913401
1.0611736522612776
1.0545619883693385
1.0578626593460743
1.0611736493877668
1.0611736519798467
1.061173636510325
1.0644950023793427
1.0644950058228666
1.0512716416819743
1.054562006484732
1.0545621479582912
1.0578626700078715
1.0512717548373287
1.0545621137043333
1.0611736644456888
1.0678267548607003
1.0678267547774665
1.071168931911921
1.0678267507638695
1.0745215696149595
1.0812583661583597
1.081258365099872
1.084642582576532
1.0812583640446967
1.0880373912126804
1.081258362992811
1.0846425804628765
1.0880373890990347
1.0880373901541915
1.0880373880470477
1.0914428231047417
1.0914428252183765
1.0812583619437173
1.0812583609018755
1.0846425783618443
1.0812583598566212
1.088037386998024
1.0948589178340065
1.094858916775519
1.0982857021357693
1.0948589157203823
1.1017232064902749
1.0479915222049714
1.0447216605179779
1.047991550151378
1.041462001199253
1.0479915507131041
1.0382125124161607
1.041462028971539
1.0414620295297694
1.0447216889371613
1.0382125406582419
1.0414620285768261
1.0479915497542773
1.0349731624353864
1.0317439196226261
1.0349731900346306
1.0285247524422676
1.0349731905895152
1.047991548713917
1.0447216869441354
1.047991547672173
1.041462027544437
1.0479915466357
1.025315629457249
1.0285247798700774
1.0285247804087714
1.0317439476894377
1.0253156574137114
1.028524779649644
1.034973189641606
1.028524777681075
1.0317439460273037
1.034973188032544
1.034973188595706
1.0349731838451133
1.038212537174037
1.0382125386722705
1.025315648645618
1.028524770116383
1.0285248408921146
1.0317439364649545
1.0253157791141896
1.028524902989889
1.0349731791011392
1.0414620264939494
1.0414620255151268
1.0447216848450473
1.0414620250596927
1.047991545560265
1.022116519327704
1.0189273908116
1.0221165465947195
1.0157482128257245
1.0221165472378129
1.0125789536410914
1.0157482379328173
1.015748255813922
1.0189274147360803
1.012579078336668
1.0157483485286956
1.0221165406759134
1.009419585064514
1.0062701168873285
1.0094196882009054
1.0221165843782438
1.0189275337787174
1.0221166666396604
1.0479915447625974
1.0447216834032917
1.0479915440251424
1.0414620181549101
1.047991534535727
1.0382125295051812
1.0414620192461492
1.0414621326817182
1.0447216799914316
1.038212660049788
1.0414621466335623
1.0479915435114744
1.034973273261198
1.0317440699719067
1.0349733117523159
1.0479916725268477
1.044721803338592
1.0479916620754959
1.1017232054318042
1.1051713729851196
1.0982857000221613
1.1017232043766771
1.0948589146682064
1.1017232033242452
1.1051713708715436
1.0914428210038696
1.094858913619785
1.0948589125825978
1.0982856979219915
1.091442818898448
1.0948589115050602
1.101723202277101
1.088037385958787
1.0846425762702534
1.0880373849003346
1.081258358730722
1.0880373837696729
1.101723201240295
1.1051713687722793
1.0982856957965197
1.101723200139777
1.094858910391321
1.1017231990680405
1.1051713666236962
1.0778847007099386
1.081258358039055
1.0812583579759827
1.0846425745470065
1.077884694235648
1.0812583506624858
1.0880373832813426
1.081258338337686
1.0846425662280312
1.0880373739883495
1.0880373829951995
1.0880373631915834
1.091442807101569
1.091442817392072
1.0778847345568225
1.0812583964786253
1.081258566146126
1.0846426176291404
1.0778847910325946
1.0812584449251568
1.088037431045007
1.094858910117929
1.094858909449337
1.098285694533379
1.0948588988140902
1.1017231990022416
1.0745215696150614
1.071168927086425
1.0745215639940133
1.067826737331456
1.0745215507654278
1.0644950220984262
1.0678267753719766
1.0678269344747064
1.0711689567776679
1.0644951091133255
1.0678268550513712
1.0745215989320633
1.0611738157956148
1.0578627708474162
1.0611737585306615
1.0745217640394102
1.0711690288987064
1.0745216633082098
1.1017231978092266
1.1051713656306201
1.098285682208017
1.1017231856648917
1.0948588900897223
1.1017231794294524
1.1051713511543477
1.0914428698671088
1.0948589673264935
1.0948591427148053
1.098285756487936
1.091442893665762
1.0948589827776707
1.101723265607471
1.0880376040734188
1.0846426579404282
1.0880374631347174
1.101723442671401
1.1051714351854747
1.0982857635478476
1.101723265390682
1.1051714646196973
1.1086305236605662
1.1121004142477782
1.1086305509588938
1.1155811619655092
1.1086305513441013
1.119072803919305
1.1155811914602856
1.115581192063172
1.112100444219228
1.119072833964565
1.1155811910626312
1.1086305503318403
1.1225753742726288
1.1260889072835947
1.122575403695236
1.1296134372667268
1.1225754043037255
1.108630549236481
1.112100442123321
1.108630548141321
1.1155811899758694
1.1086305470492572
1.133148998639855
1.1296134666569708
1.1296134672699387
1.1260889373012404
1.1331490286291301
1.129613466282677
1.1225754033097939
1.1296134652094383
1.1260889352340415
1.122575401148207
1.1225754022297998
1.1225754000697128
1.1190728297171089
1.1190728318839578
1.133149026575305
1.1296134641345854
1.1296134630628103
1.126088933080694
1.1331490244353728
1.1296134619943623
1.122575398994567
1.1155811888874911
1.1155811878022348
1.1121004399428882
1.1155811867203482
1.1086305459605876
1.1366956259301686
1.1402533537727475
1.1366956552882388
1.1438222169110444
1.1366956559058083
1.1474022501972674
1.143822246238078
1.1438222468602701
1.1402533837350326
1.1474022801337158
1.1438222458862004
1.1366956549251648
1.1509934885927078
1.1545959671680706
1.1509935178898418
1.1582097211039413
1.1509935185167244
1.1366956538586388
1.140253381694494
1.13669565279048
1.1438222448263606
1.1366956517253803
1.1086305448753162
1.1121004377757302
1.10863054379343
1.115581185641839
1.1086305427149208
1.1190728275634534
1.1155811845666932
1.115581183494902
1.1121004356220747
1.119072825423217
1.1155811824264563
1.1086305416397746
1.1225753979227768
1.126088930940457
1.1225753968543306
1.1296134609292414
1.1225753957892115
1.1086305405679835
1.1121004334818376
1.1086305394995377
1.1155811813613419
1.1086305384344257
1.1618347856907776
1.1582097503724116
1.158209751002793
1.1545959970800381
1.1618348155787181
1.1582097500420403
1.1509935175493347
1.158209749009123
1.1545959950646214
1.1509935154397573
1.1509935164953347
1.150993514398599
1.147402275991623
1.1474022781065614
1.1618348135794405
1.158209747953911
1.1582097467631742
1.1545959929752145
1.1618348114209538
1.1582097457587457
1.1509935133530478
1.143822243764998
1.143822242706098
1.140253379568029
1.1438222416497412
1.1366956506637
1.158209746066725
1.1545959907503178
1.1509935111049545
1.1509935121871169
1.150993511215481
1.1474022716419379
1.1474022739069838
1.1438222372902138
1.1438222384272527
1.140253375369932
1.1438222395663575
1.136695646465557
1.1366956475012642
1.1438222406053957
1.1438222371870157
1.140253373088072
1.1366956441828369
1.1366956453531785
1.1366956438649594
1.133149015830564
1.133149018109826
1.1402533774528132
1.1366956485486093
1.1366956496050573
1.1331490201936405
1.1331490223085532
1.1618348110746606
1.1582097455906242
1.1582097348860347
1.1545959907252072
1.1618347863300706
1.1582097204128938
1.1509935111868042
1.1582097583001527
1.1545959652471085
1.1509934855532347
1.1509935017472332
1.1509935183235318
1.1474022461616677
1.147402271794519
1.1618349342125769
1.158209868753266
1.158209888009457
1.1545961137307104
1.1618347489864136
1.1582096832796438
1.1509936338162283
1.143822237477944
1.1438222294413447
1.1402533732769253
1.1438222120117603
1.1366956443412775
1.1296134598675198
1.129613458809057
1.1260889288135942
1.1296134577528205
1.1225753947274517
1.1296134567029368
1.1260889266991252
1.122575392613213
1.1225753936690683
1.1225753915614998
1.1190728211823016
1.1190728232963267
1.12961345566774
1.129613454580344
1.1260889246123686
1.1296134533957423
1.1225753905244713
1.1155811802995594
1.1155811792411727
1.1121004313549387
1.1155811781857174
1.108630537372639
1.1654711963281894
1.1691189885334268
1.1654712255706698
1.1727781979411906
1.1654712262230715
1.176448860207071
1.1727782271188683
1.1727782275807082
1.1691190183881308
1.1764488901917742
1.172778226889104
1.1654712252481727
1.1801310110996952
1.1838246873575646
1.1801310406737673
1.187529925697723
1.1801310430278793
1.165471224042312
1.1691190164213356
1.1654712231379927
1.172778227492044
1.1654712236123639
1.1912467568825877
1.1875299528487826
1.18752994082723
1.1838247172071914
1.191246770902615
1.1875299356246354
1.1801310407529182
1.1875299862356363
1.1838246972696265
1.1801310197431594
1.1801310274755252
1.1801310681777495
1.1764488669859452
1.1764488889161893
1.1912469081557195
1.1875300745643314
1.1875300626257932
1.1838248379002214
1.1912467325886356
1.1875298973356894
1.1801311619686503
1.17277822581985
1.1727782131774562
1.1691190156198998
1.1727782030475526
1.16547122257986
1.1949752108714975
1.1987153469262768
1.19497523791955
1.2024672440091215
1.1949752918231724
1.2062309040831027
1.202467352278677
1.2024673334797493
1.1987155113620431
1.206230771146608
1.2024671838956338
1.194975374976497
1.2100062430002592
1.213793287017431
1.2100061361762606
1.2175922557976941
1.2100060498006537
1.1949753583363818
1.1987153394080996
1.194975201144262
1.2024670890773663
1.1949750990626407
1.165471210799054
1.1691189920902239
1.1654711983887451
1.1727782486957785
1.165471240548463
1.1764490106857375
1.1727783480780292
1.172778348731871
1.1691191382817891
1.1764488290525368
1.1727781652416254
1.1654713455422154
1.1801311557233563
1.1838246590941934
1.1801309816873156
1.187529787043192
1.1801308620272746
1.1654713545787776
1.1691189544207061
1.1654711608704482
1.172778034790801
1.1654710178484367
1.1086305363141964
1.1121004292412284
1.1086305352590138
1.1155811771330257
1.1086305342061886
1.1190728190913704
1.115581176092526
1.1155811750439868
1.1121004271458448
1.1190728168596533
1.115581173879102
1.1086305331616202
1.1225753894588744
1.1260889223509727
1.1225753882766236
1.1296134528746054
1.1225753875703361
1.1086305321238012
1.112100424952355
1.1086305309891014
1.1155811730082985
1.1086305299799655
1.1331490159304163
1.129613453412893
1.12961344825794
1.126088922265693
1.1331489920132185
1.1296134303550078
1.1225753880733245
1.1296134432053102
1.12608890021693
1.1225753671556213
1.122575384199465
1.1225753728970034
1.1190727968221816
1.1190728165259873
1.1331491315330782
1.129613566068064
1.129613655432418
1.126089031237968
1.1331489601519884
1.1296134007261767
1.1225754925183349
1.1155811734044603
1.1155811706343055
1.1121004243262749
1.1155811549499943
1.1086305301997892
1.1366956377665578
1.1402533481506505
1.1366956197318197
1.1438222388107047
1.1366956397974737
1.1474023937847186
1.1438223585132894
1.1438224056401163
1.1402534929797676
1.1474022100868753
1.143822176549998
1.13669576226128
1.1509936655791142
1.1545959283775016
1.150993449025039
1.1582095254150238
1.150993273350303
1.1366958283153417
1.1402533135278312
1.1366955862661827
1.1438219790730733
1.1366953614161976
1.108630528409887
1.1121004071121958
1.1086305142083037
1.115581154662646
1.108630509781673
1.1190729155024197
1.1155812659290665
1.1155814173890457
1.112100509552703
1.119072780739674
1.1155811473373625
1.1086306078751176
1.1225756103491484
1.126088873702372
1.122575344992846
1.1296131403615095
1.1225750365474543
1.1086307916640847
1.1121004114277615
1.108630539666664
1.1155807709741197
1.108630080522408
1.2137932870174424
1.2100062430002823
1.2100061361762708
1.2062309040831363
1.2062307711466183
1.2024672440091695
1.2024673522787153
1.1987155113620864
1.202467333479776
1.1949752918232301
1.1949753749765455
1.2024671838956493
1.1987153469263492
1.1949752108715914
1.1949752379196243
1.1912467568827005
1.1912467709026946
1.1987153394081156
1.1949753583364138
1.1949752011442776
1.191246908155768
1.191246732588652
1.1875299256978549
1.187529952848899
1.1838247172073113
1.1875299408273303
1.1801310430280183
1.1801310407530414
1.1875299356247182
1.1764488889163158
1.1801310274756323
1.180131019743249
1.1838246972697126
1.1764488669860382
1.1801310681778232
1.187529986235703
1.1727782274921887
1.1727782258199801
1.1691190156200335
1.17277821317757
1.1654712236125149
1.1654712225799964
1.1727782030476497
1.1875300745643835
1.1838248379002767
1.1875300626258292
1.180131161968709
1.1875298973357085
1.1838246873577227
1.180131011099879
1.1801310406739267
1.176448860207279
1.1764488901919368
1.1727781979414207
1.172778227119077
1.1691190183883395
1.172778227580894
1.165471226223303
1.1654712252483823
1.172778226889268
1.1691189885336732
1.1654711963284559
1.1654712255709194
1.1618347856910658
1.1618348155789677
1.1691190164215026
1.1654712240425011
1.1654712231381632
1.1618348135796537
1.1618348114211274
1.183824659094213
1.1801311557233958
1.180130981687335
1.1764490106857965
1.1764488290525557
1.1727782486958565
1.1727783480780878
1.1691191382818475
1.1727783487319101
1.1654712405485408
1.165471345542274
1.1727781652416445
1.1691189920903207
1.1654712107991707
1.1654711983888415
1.1618348110747965
1.161834786330167
1.1691189544207257
1.1654713545788167
1.1654711608704678
1.1618349342126355
1.1618347489864327
1.1582097211042295
1.1582097503726798
1.154595997080286
1.1582097510030418
1.1509935185169726
1.1509935175495623
1.15820975004227
1.1474022781067688
1.1509935164955438
1.1509935154399473
1.154595995064831
1.147402275991793
1.1509935143987722
1.1582097490093353
1.1438222448265694
1.1438222437651862
1.1402533795681977
1.143822242706268
1.1366956517255498
1.1366956506638495
1.1438222416498918
1.1582097479541043
1.1545959929753877
1.1582097467633472
1.150993513353201
1.158209745758899
1.1331490223086829
1.1366956496051883
1.1366956485487218
1.1402533774529449
1.1331490201937338
1.1366956475013592
1.1438222406055298
1.136695646465633
1.140253375370027
1.1438222384273473
1.1438222395664719
1.1438222372902898
1.1474022716420333
1.1474022739071175
1.1331490181098829
1.136695645353235
1.1366956441828746
1.1402533730881288
1.133149015830583
1.1366956438649778
1.1438222371870723
1.1509935121872505
1.150993511105069
1.154595990750451
1.1509935112155767
1.1582097460668597
1.129613460929372
1.1296134598676306
1.1260889288136864
1.1296134588091498
1.1225753957893039
1.1225753947275252
1.1296134577528947
1.119072823296381
1.122575393669123
1.1225753926132493
1.1260889266991807
1.1190728211823195
1.1225753915615195
1.1296134567029938
1.1155811813613967
1.115581180299595
1.1121004313549556
1.1155811792411896
1.108630538434443
1.1086305373726373
1.1155811781857163
1.1296134556677782
1.1260889246123873
1.1296134545803622
1.1225753905244709
1.1296134533957425
1.15820974559074
1.154595990725304
1.1582097348861318
1.1509935111868814
1.1582097204129709
1.1474022717945767
1.1509935017472919
1.1509934855532724
1.1545959652471662
1.1474022461616866
1.1509935183235513
1.158209758300211
1.1438222374779823
1.1402533732769444
1.1438222294413647
1.1366956443412781
1.1438222120117603
1.1582098687533047
1.1545961137307295
1.158209888009476
1.1509936338162285
1.1582096832796434
1.154595967168338
1.1509934885929543
1.1509935178900896
1.1474022501974928
1.1474022801339436
1.1438222169112486
1.143822246238284
1.1402533837352187
1.1438222468604775
1.136695655905973
1.1366956549253313
1.1438222458864091
1.140253353772931
1.136695625930332
1.1366956552884027
1.1331489986399976
1.1331490286292751
1.1402533816946825
1.1366956538588067
1.1366956527906487
1.133149026575452
1.133149024435522
1.1296134372668503
1.1296134666570956
1.1260889373013465
1.1296134672700644
1.122575404303813
1.1225754033098823
1.1296134662828035
1.1190728318840288
1.1225754022298893
1.122575401148298
1.1260889352341503
1.1190728297171817
1.1225754000698047
1.129613465209566
1.1155811899759225
1.115581188887544
1.1121004399429237
1.115581187802289
1.1086305470492754
1.1086305459606063
1.1155811867204037
1.1296134641347142
1.1260889330808048
1.12961346306294
1.1225753989946599
1.1296134619944929
1.1260889072836986
1.1225753742727136
1.1225754036953224
1.1190728039193696
1.1190728339646339
1.1155811619655562
1.1155811914603342
1.1121004442192608
1.1155811920632224
1.1086305513441168
1.1086305503318572
1.1155811910626836
1.1121004142478097
1.1086305236605833
1.108630550958909
1.1121004421233556
1.1086305492364985
1.1086305481413383
1.1260889309405688
1.1225753979228692
1.1225753968544234
1.1190728275635276
1.1190728254232907
1.1155811856418936
1.1155811845667487
1.1121004356221116
1.1155811834949572
1.1086305427149383
1.1086305416397928
1.1155811824265118
1.1121004377757668
1.108630544875334
1.1086305437934483
1.1121004334818738
1.1086305405680013
1.1086305394995555
1.1545959283775016
1.1509936655791138
1.1509934490250386
1.147402393784719
1.1474022100868746
1.1438222388107047
1.1438223585132898
1.140253492979768
1.1438224056401154
1.1366956397974737
1.1366957622612803
1.143822176549997
1.1402533481506505
1.1366956377665587
1.13669561973182
1.1331490159304174
1.133148992013219
1.1402533135278299
1.1366958283153408
1.1366955862661814
1.1331491315330786
1.133148960151987
1.129613452874605
1.1296134534128934
1.1260889222656938
1.1296134482579407
1.1225753875703357
1.1225753880733256
1.1296134303550076
1.1190728165259887
1.122575384199466
1.1225753671556211
1.12608890021693
1.1190727968221814
1.122575372897004
1.1296134432053109
1.1155811730082985
1.1155811734044616
1.1121004243262762
1.1155811706343064
1.1086305299799655
1.1086305301997903
1.1155811549499939
1.1296135660680648
1.1260890312379686
1.1296136554324177
1.1225754925183349
1.1296134007261753
1.126088922350973
1.1225753894588735
1.1225753882766236
1.1190728190913704
1.119072816859653
1.1155811771330266
1.1155811760925256
1.1121004271458448
1.1155811750439857
1.1086305342061897
1.10863053316162
1.1155811738791015
1.1121004292412278
1.108630536314195
1.1086305352590133
1.112100424952354
1.1086305321238
1.1086305309891005
1.1260888737023709
1.122575610349148
1.122575344992845
1.1190729155024206
1.1190727807396734
1.1155811546626466
1.115581265929067
1.1121005095527037
1.115581417389045
1.108630509781674
1.1086306078751185
1.1155811473373616
1.1121004071121954
1.1086305284098876
1.1086305142083035
1.112100411427761
1.1086307916640838
1.1086305396666636
1.0031302930028976
1.0015638256877608
1.004698930155553
1.0046989999043265
1.0062699838234264
1.006270081228553
1.0046985104901816
1.0078435027336932
1.0078436141519913
1.0094196339724613
1.0078436829397908
1.010998060058379
1.0109981015647855
1.0078436008997724
1.0094194882161331
1.0109979393281074
1.0109980336016036
1.0125788585440998
1.0125789740629383
1.0094195770155387
1.0078430243534493
1.0109981507409995
1.010998016740404
1.0125790332174507
1.012578924719857
1.0109973983142484
1.0141622497247766
1.0141623454666355
1.0157482349085458
1.01416236655063
1.017336582298002
1.0173365867437565
1.014162369605108
1.0189274180758405
1.0173365849659999
1.0173365846277327
1.015748237443832
1.0189274157750374
1.0173366080949777
1.0141623836914198
1.0205207374413654
1.0205207359224042
1.0221165449304341
1.020520731934003
1.0237148521412984
1.0237148491945016
1.020520734918683
1.014162435577155
1.0157483131196705
1.0141624761283357
1.0173366698559652
1.0141623050157595
1.0157481168625744
1.0173364638635016
1.0173365599414161
1.0189272946014842
1.018927413159524
1.0205206129557154
1.0205207093153386
1.022116541694611
1.02052073165503
1.0237148471457815
1.0237148520309423
1.0205207366207985
1.022116422815356
1.0237147280767642
1.0237148247405776
1.0253155326422356
1.0253156518993047
1.0221165474928644
1.0237148528320086
1.0237148528020388
1.0253156575513618
1.0253156571825506
1.0157481615485668
1.0141616563988314
1.01733669971708
1.0173364982022424
1.018927509711883
1.0189273188518921
1.0173358257087486
1.0205207685758446
1.0205208366069995
1.0221166544677198
1.0205208547503366
1.0237148956513842
1.0237149672274528
1.02052062737254
1.0221165459516337
1.0237148449347195
1.0237148527370477
1.0253156526835285
1.0253156591368442
1.0221164276426264
1.0205199350609653
1.0237149734354398
1.0237147235456785
1.0253157788251226
1.0253155189711873
1.0237140142283936
1.0269188404199912
1.0269189373861827
1.0285247749544824
1.0269189598635897
1.0301331010928543
1.030133106015756
1.026918964770553
1.0317439479032253
1.0301331067822899
1.030133106564589
1.0285247806331206
1.031743947237325
1.0301331061068317
1.026918965526641
1.0333573079307463
1.033357307716884
1.0349731901438157
1.0333573072706677
1.0365915998060031
1.0365915993057384
1.0333573067603035
1.026918965313798
1.0285247799782553
1.0269189649901183
1.0301331056425331
1.0269189647083738
1.038212539195496
1.036591598788339
1.0365915982543714
1.0349731891142389
1.0382125381347278
1.0365915977469102
1.0333573062376575
1.0365915974155229
1.034973188219345
1.033357305609246
1.0333573058210703
1.0333573049739448
1.031743945533126
1.0317439462758107
1.0382125373598146
1.0365915972381352
1.0365915962134968
1.0349731872194456
1.0382125359071903
1.0365915923900886
1.0333573020516265
1.0301331053510077
1.030133104960468
1.02852477932666
1.030133102913275
1.026918963426278
1.0398360142971597
1.0398360137801972
1.0414620270256
1.0398360132525961
1.0430905834223343
1.0430905829018904
1.0398360127138226
1.0447216853850634
1.0430905823658736
1.043090581831628
1.0414620259559815
1.0447216843173404
1.043090581422527
1.0398360122455514
1.0463553389826683
1.0463553384572624
1.04799154610687
1.0463553379134427
1.049630312860959
1.0496303123285402
1.0463553373958483
1.0398360120081906
1.0414620253225702
1.0398360117941445
1.043090581270941
1.0398360102586595
1.0269189593400783
1.028524773103096
1.0269189557323877
1.0301330979130334
1.0269189690196603
1.0317439377130913
1.0301330957191275
1.0301331147549897
1.0285247862632203
1.0317439583922243
1.0301331727293173
1.0269190200306895
1.0333572964496787
1.0349731780727547
1.0333572962814528
1.0365915865361575
1.033357321081776
1.0269190932040626
1.0285249143114332
1.0269190876443797
1.0301332460979982
1.0269188178150754
1.0285246553243361
1.0301329812757114
1.0301330785453857
1.031743822200696
1.03174394220521
1.0333571820320087
1.0333572796061317
1.034973185088647
1.0333573022241889
1.0365915947436188
1.0365915996971955
1.0333573071622806
1.034973064708518
1.0365914741752502
1.0365915720547676
1.0382124143834006
1.0382125351403042
1.034973190804056
1.0365916004679945
1.036591600252772
1.03821254087365
1.0382125402102456
1.0398358892903439
1.0398359874762142
1.0414620239945025
1.039836010236078
1.0430905803853388
1.0430905853699708
1.0398360152051573
1.0447216891538456
1.0430905861456212
1.043090585929089
1.0414620297457926
1.0447216884863262
1.0430905854791446
1.0398360159783908
1.04635534275265
1.0463553425354377
1.0479915502608352
1.0463553420840834
1.0496303170112289
1.0496303165036855
1.046355341578129
1.0398360157625253
1.0414620290803374
1.0398360153139263
1.043090584974728
1.0398360148111978
1.041461902859643
1.0430904590610584
1.0430905575542386
1.0447215618705572
1.0447216833845552
1.0463552152703266
1.0463553140717798
1.0479915451431003
1.0463553369743384
1.0496303118854913
1.0496303169013745
1.0463553419745715
1.0479914232487775
1.0496301898005593
1.0496302889112505
1.0512715189265682
1.051271641202407
1.0479915509304476
1.0496303176818889
1.0496303174639963
1.051271647007868
1.05127164633616
1.0414620280611038
1.0430905844580618
1.043090583939636
1.0447216874636898
1.0447216864251079
1.0463553410599036
1.0463553405393364
1.047991548192429
1.0463553400189736
1.0496303149396722
1.0496303144181767
1.0463553395002556
1.047991549235066
1.0496303159838516
1.0496303154617428
1.0512716453071729
1.0512716442614063
1.0479915471536108
1.049630313897905
1.0496303133798297
1.0512716432176137
1.0512716421797814
1.0285246239799481
1.026918093545973
1.0301332291120953
1.030132941375209
1.0317440925181223
1.03174377391711
1.0301322037147744
1.0333573849872404
1.0333574575298803
1.0349733450952288
1.0333574295308379
1.0365916882155872
1.0365917591802019
1.0333571255287535
1.034973206739807
1.0365915888612833
1.036591619291471
1.0382125257979298
1.0382125626706027
1.0349730001400768
1.033356375699487
1.0365917206022193
1.0365914016878217
1.0382127037551045
1.0382123341154985
1.03659064067103
1.039836005577254
1.0398359998206193
1.0414620125715546
1.039836004981662
1.0430905733548292
1.0430905680230902
1.0398360408194267
1.0447216701528186
1.043090576259996
1.0430906172354333
1.0414620576882907
1.044721723426777
1.0430906939149738
1.0398361139663355
1.0463553275549495
1.0463553229437519
1.0479915303844827
1.0463553344148062
1.0496303000999851
1.049630296469315
1.0463553802357481
1.039836182794709
1.0414622002784275
1.0398361340678621
1.0430907601904846
1.0398358013733522
1.0414620232329062
1.0430905809378852
1.0430905788016416
1.0447216838274511
1.0447216809431574
1.0463553370613
1.0463553369724785
1.0479915446926915
1.0463553364364306
1.0496303110416423
1.0496303109810925
1.0463553336422167
1.0479915450560324
1.0496303117800139
1.0496303112929213
1.05127164112321
1.051271640107696
1.0479915408899667
1.0496303101631577
1.0496303066838726
1.051271639837052
1.0512716350276659
1.041461807418326
1.0398350299724375
1.0430907017283548
1.0430903562140297
1.044721866520062
1.0447214517307097
1.0430895750975673
1.0463554598504468
1.0463555232614379
1.0479917344141079
1.0463554554554726
1.0496304436692783
1.0496305039828968
1.0463550979452236
1.047991591643123
1.0496303112689929
1.049630361636892
1.0512716251983811
1.0512716942121467
1.0479912988410138
1.0463543076772657
1.0496304272003525
1.04963005840809
1.0512718359780582
1.0512713806430092
1.049629259470089
1.0529154146339614
1.0529155140548572
1.054562003594699
1.052915537101005
1.0562110447031836
1.0562110497505142
1.0529155421325875
1.0578626702942973
1.056211050535922
1.056211050316664
1.0545620094183312
1.0578626696183786
1.0562110498610577
1.0529155429155446
1.0595168727257338
1.059516872505789
1.061173661190776
1.059516872048757
1.0628330410893305
1.0628330405754038
1.059516871536434
1.0529155426969705
1.0545620087445204
1.0529155422427858
1.056211049350333
1.0529155417336544
1.0644950147537124
1.0628330400490276
1.062833039520347
1.0611736601520971
1.0644950136947866
1.0628330389917546
1.0595168710116996
1.0628330384638138
1.0611736590964749
1.0595168699577255
1.0595168704846687
1.0595168694314312
1.0578626675306109
1.0578626685829398
1.0644950126380381
1.062833037936655
1.0628330374103103
1.0611736580430224
1.0644950115845226
1.0628330368847902
1.0595168689059193
1.0562110488272358
1.056211048301849
1.0545620077123123
1.0562110477765496
1.052915541212189
1.0661595883237087
1.0661595877933734
1.0678267637606762
1.0661595872631264
1.0694965472576912
1.0694965467264401
1.0661595867335332
1.0711689407674179
1.0694965461959771
1.0694965456663326
1.0678267627006197
1.0711689397072985
1.0694965451375131
1.0661595862047255
1.0728439504979375
1.0728439499666353
1.0745215784134785
1.0728439494361601
1.0762018307350276
1.0762018302037228
1.0728439489065131
1.066159585676734
1.0678267616438082
1.0661595851495629
1.069496544609518
1.0661595846232164
1.0529155406884434
1.0545620066632697
1.0529155401647903
1.0562110472519026
1.0529155396417673
1.0578626664804536
1.0562110467280377
1.0562110462049317
1.0545620056163685
1.057862665433443
1.0562110456825309
1.0529155391194305
1.0595168683812264
1.0611736569928092
1.059516867857341
1.0628330363600975
1.0595168673341786
1.0529155385979356
1.0545620045725728
1.0529155380781878
1.0562110451612308
1.0529155375605814
1.0778847094395463
1.076201829673247
1.0762018291435997
1.0745215773533556
1.0778847083794234
1.0762018286147792
1.072843948377693
1.0762018280867829
1.0745215762965388
1.0728439473225255
1.0728439478496967
1.0728439467961872
1.07116893759697
1.0711689386504828
1.0778847073226063
1.076201827559614
1.0762018270332807
1.074521575243033
1.077884706269109
1.0762018265077677
1.0728439462706785
1.0694965440823463
1.0694965435560029
1.0678267605902914
1.0694965430304917
1.0661595840977003
1.076201825982976
1.0745215741927585
1.072843945221845
1.0728439457459364
1.0728439446986209
1.0711689354994116
1.0711689365467363
1.069496540936739
1.06949654145847
1.0678267584927967
1.0694965419817608
1.0661595820036545
1.0661595825257673
1.069496542505781
1.0694965404179446
1.0678267574516642
1.0661595809664746
1.0661595814840688
1.066159580441549
1.064495007404441
1.0644950084449136
1.0678267595400763
1.0661595830490476
1.0661595835730044
1.0644950094871222
1.0644950105343112
1.0778847052187666
1.076201825458822
1.0762018249357745
1.0745215731454822
1.0778847041716813
1.0762018244152896
1.072843944177441
1.076201823897685
1.0745215721068302
1.0728439431398233
1.0728439436593584
1.0728439426034835
1.0711689334077512
1.071168934459517
1.0778847031340781
1.0762018233757393
1.0762018228321866
1.0745215710463651
1.0778847020631495
1.0762018222636853
1.0728439420399267
1.0694965398998149
1.0694965393697826
1.0678267564065842
1.0694965388130884
1.066159579892806
1.062833035836186
1.0628330353129591
1.0611736559457183
1.0628330347906294
1.0595168668117672
1.062833034270306
1.0611736549026936
1.0595168657725673
1.0595168662908572
1.0595168652537288
1.0578626633530974
1.0578626643898978
1.0628330337525784
1.0628330332313898
1.0611736538648775
1.0628330326908366
1.0595168647208033
1.056211044642196
1.0562110441244588
1.0545620035355938
1.0562110435979353
1.052915537038793
1.0795702207608477
1.0795702202295423
1.0812583666887279
1.0795702196990664
1.0829491534698614
1.0829491529385562
1.0795702191694194
1.0846425831069186
1.0829491524080805
1.082949151878433
1.0812583656286048
1.0846425820467949
1.0829491513496108
1.079570218640598
1.0863386618594975
1.0863386613281922
1.0880373917430848
1.0863386607977166
1.0897387790306592
1.089738778499354
1.0863386602680687
1.0795702181126021
1.0812583645717875
1.0795702175854371
1.0829491508216162
1.0795702170591097
1.091442825748799
1.0897387779688783
1.08973877743923
1.0880373906829606
1.091442824688674
1.0897387769104072
1.086338659739246
1.0897387763824193
1.0880373896261477
1.086338658684101
1.0863386592112536
1.0863386581577736
1.0846425799364976
1.084642580989979
1.091442823631867
1.0897387758552732
1.0897387753289336
1.088037388572666
1.0914428225783728
1.0897387748032643
1.0863386576321674
1.0829491502944566
1.0829491497681323
1.0812583635182995
1.0829491492425727
1.0795702165335808
1.0931495381913803
1.093149537660075
1.094858918364447
1.093149537129599
1.0965709727169515
1.0965709721856465
1.0931495365999497
1.0982857026662285
1.0965709716551697
1.0965709711255203
1.0948589173043213
1.0982857016061018
1.0965709705967015
1.0931495360711292
1.1000031172233466
1.1000031166920419
1.1017232070207532
1.1000031161615644
1.103446026823557
1.1034460262922516
1.1000031156319152
1.0931495355431466
1.094858916247523
1.0931495350160056
1.096570970068727
1.0931495344896405
1.079570216008723
1.0812583624678624
1.0795702154845377
1.0829491487176397
1.0795702149617998
1.0846425788859455
1.082949148193479
1.0829491476711928
1.0812583614211508
1.0846425778398179
1.0829491471522967
1.0795702144421013
1.0863386571071603
1.0880373875219913
1.0863386565831044
1.0897387742781999
1.0863386560614061
1.0795702139245804
1.0812583603841834
1.0795702133991556
1.082949146634318
1.0795702128478801
1.052915536498113
1.0545620024667732
1.0529155359505173
1.0562110430490232
1.0529155355077053
1.057862662271004
1.0562110425100264
1.0562110421236763
1.0545620015064627
1.0578626613852604
1.0562110420351982
1.0529155353409
1.0595168641651695
1.0611736527702922
1.0595168636437418
1.0628330321314654
1.0595168633233527
1.052915535266338
1.0545620012811208
1.0529155340968832
1.0562110418999997
1.0529155299313118
1.064495006300111
1.0628330316371044
1.062833031388847
1.0611736519763344
1.0644950056118136
1.0628330314135064
1.0595168633005025
1.0628330310136964
1.0611736516637211
1.059516861021844
1.0595168630566087
1.059516855560418
1.0578626541939071
1.0578626611480058
1.0644950051573332
1.0628330284894933
1.0628330224479277
1.0611736436294041
1.0644949960692405
1.0628330154001553
1.0595168484053437
1.0562110403208518
1.0562110354889924
1.0545619954109702
1.0562110283718351
1.0529155230035299
1.0661595793339833
1.0678267552971767
1.066159578876006
1.0694965382601325
1.0661595787024545
1.0711689322996443
1.0694965378470873
1.0694965377472334
1.0678267547243048
1.0711689318474575
1.0694965377970531
1.066159578752326
1.0728439414988689
1.0745215699473318
1.0728439411380848
1.0762018217409395
1.072843941107559
1.066159578151876
1.0678267540610138
1.0661595751158006
1.0694965369548823
1.0661595685527963
1.0529155205777392
1.0545619866194471
1.0529155387512592
1.0562110273416412
1.0529155933709848
1.0578626467685934
1.0562110488965697
1.0562111074822873
1.0545620631224122
1.0578627304732535
1.0562111930618983
1.0529156773721438
1.059516848930763
1.061173637864837
1.059516873846151
1.0628330176137721
1.0595169361246874
1.0529157344153668
1.0545622033161879
1.0529156489991527
1.056211246707563
1.052915269548866
1.0545618809361552
1.0562109218528404
1.0562110215849083
1.057862541409996
1.057862664452443
1.0595167436398971
1.0595168436841154
1.0611736560086804
1.0595168668747483
1.062833035899136
1.0628330409781073
1.0595168719378725
1.0611735325811247
1.0628329122785742
1.0628330126359193
1.064494886783466
1.0644950105973368
1.0611736618688155
1.0628330417684348
1.0628330415477976
1.0644950164758127
1.0644950157956465
1.066159460153357
1.0661595608248091
1.0678267606535403
1.0661595841608378
1.069496544145701
1.0694965492565154
1.0661595892557054
1.0711689446292718
1.0694965500517974
1.0694965498297768
1.0678267665504158
1.0711689439448415
1.0694965493684352
1.066159590048506
1.0728439543658346
1.0728439541431198
1.0745215826642935
1.0728439536803345
1.076201834992494
1.0762018344720987
1.072843953161562
1.066159589827178
1.0678267658681204
1.0661595893672762
1.0694965488512818
1.0661595888517361
1.0678266364521467
1.0694964197500902
1.0694965207366334
1.0711688141238094
1.0711689387139396
1.072843823656298
1.0728439249589172
1.074521577417019
1.0728439484412524
1.0762018297370144
1.076201834879871
1.072843953568063
1.0745214524369358
1.0762017045614973
1.0762018061811824
1.077884584132161
1.0778847095034183
1.0745215833508655
1.0762018356801395
1.0762018354567275
1.077884715455836
1.0778847147671151
1.0678267648229203
1.0694965483216006
1.0694965477896012
1.0711689428963695
1.0711689418307957
1.072843952630223
1.0728439520965583
1.0745215805436308
1.0728439515629824
1.0762018328685155
1.076201832333929
1.0728439510300642
1.0745215816125397
1.0762018339390966
1.0762018334037613
1.0778847137120708
1.0778847126398157
1.0745215794769196
1.076201831800136
1.0762018312671668
1.0778847115697654
1.0778847105029912
1.079570095257521
1.0795701971952645
1.081258367816249
1.0795702208248232
1.0829491545991505
1.0829491597742504
1.079570225983777
1.0846425912911561
1.082949160579536
1.082949160354723
1.081258373787298
1.0846425905981172
1.082949159887579
1.0795702267865497
1.0863386700565378
1.086338669831021
1.0880374003211792
1.0863386693624144
1.0897387876221725
1.0897387870952304
1.0863386688371173
1.0795702265624376
1.0812583730964205
1.079570226096751
1.0829491593639196
1.0795702255747268
1.0914428343488765
1.0897387865555244
1.0897387860134558
1.0880373992561971
1.0914428332631343
1.0897387854714777
1.0863386682990948
1.0897387849301667
1.0880373981738423
1.0863386672184299
1.0863386677587172
1.086338666678809
1.0846425884574802
1.0846425895364566
1.0914428321796246
1.08973878438966
1.0897387838499868
1.0880373970937143
1.0914428310994326
1.0897387833111543
1.0863386661399885
1.0829491588275761
1.0829491582888853
1.0812583720380737
1.0829491577502846
1.0795702250400572
1.0931495468049097
1.0931495462611451
1.0948589269657516
1.0931495457174703
1.0965709813317104
1.096570980787006
1.093149545174466
1.0982857112676014
1.09657098024311
1.0965709797000533
1.0948589258788508
1.0982857101806363
1.0965709791578417
1.093149544632267
1.1000031258381733
1.1000031252934175
1.1017232156221297
1.1000031247495095
1.1034460354383886
1.1034460348936288
1.1000031242064496
1.0931495440909043
1.0948589247952771
1.0931495435503849
1.0965709786164766
1.0931495430107088
1.0795702245030472
1.081258370962464
1.079570223966126
1.0829491572123469
1.079570223429866
1.0846425873807224
1.0829491566752072
1.0829491561388958
1.0812583698890643
1.0846425863072588
1.0829491556034196
1.0795702228944022
1.0863386656019993
1.088037396016892
1.0863386650648472
1.0897387827731622
1.0863386645285327
1.0795702223597643
1.0812583688189503
1.0795702218259593
1.0829491550687789
1.0795702212929874
1.081258242052594
1.0829490286388355
1.0829491308956332
1.0846424591441388
1.084642585301419
1.0863385377028711
1.0863386402797248
1.0880373950079054
1.0863386640574335
1.089738782300579
1.0897387875081326
1.0863386692487316
1.0880372684557904
1.0897386555504425
1.0897387584484228
1.0914427031395268
1.0914428300873178
1.088037401016388
1.0897387883184684
1.0897387880922458
1.0914428361145738
1.0914428354171921
1.093149415387927
1.0931495186092723
1.0948589237803499
1.0931495425365398
1.0965709781398187
1.0965709833815458
1.093149547760503
1.0982857152259626
1.0965709841968487
1.096570983968991
1.0948589298260525
1.0982857145255127
1.096570983495889
1.0931495485733844
1.1000031298085782
1.1000031295758927
1.1017232199821807
1.1000031291007621
1.103446039801776
1.1034460392716117
1.1000031285691008
1.0931495483464468
1.094858929126548
1.0931495478748978
1.0965709829656345
1.0931495473463055
1.094858796442661
1.0965708505619909
1.0965709541300273
1.0982855815586876
1.0982857091642617
1.100002995217205
1.1000030995340193
1.1017232145206624
1.1000031237336323
1.1034460350449304
1.103446039875415
1.1000031289993686
1.1017230887164533
1.1034458990170584
1.1034460096145962
1.1051713105110759
1.105171381788511
1.1017232206727248
1.1034460405082878
1.1034460402635538
1.105171388474171
1.105171387565146
1.0948589280548928
1.0965709824225507
1.0965709818770866
1.0982857134504584
1.0982857123579022
1.1000031280244482
1.100003127477283
1.1017232178062162
1.1000031269301858
1.1034460376258055
1.1034460370777497
1.1000031263837713
1.1017232189020012
1.103446038724222
1.1034460381746607
1.1051713864989763
1.105171385398271
1.1017232167124993
1.103446036530467
1.1034460359840028
1.105171384301118
1.1051713832073586
1.0812583677521728
1.082949154534973
1.082949154002001
1.084642585237141
1.0846425841703633
1.0863386639930561
1.0863386634584153
1.0880373938733072
1.086338662924609
1.0897387811642176
1.0897387806295766
1.0863386623916371
1.088037394943425
1.089738782236009
1.0897387816996944
1.091442830022607
1.0914428289491394
1.0880373928065294
1.0897387800957707
1.0897387795627989
1.0914428278790211
1.0914428268122438
1.0931495424718753
1.093149541933883
1.094858922638255
1.09314954139673
1.0965709769974463
1.096570976459454
1.0931495408604155
1.098285706940036
1.096570975922301
1.0965709753859865
1.0948589215647875
1.0982857058665685
1.0965709748505095
1.093149540324938
1.1000031215038417
1.1000031209658494
1.1017232112945607
1.1000031204286964
1.1034460311040521
1.1034460305660594
1.1000031198923819
1.0931495397902977
1.0948589204946697
1.0931495392564918
1.0965709743158687
1.0931495387235204
1.0948589237150808
1.0965709780759563
1.0965709775362797
1.0982857090970584
1.0982857080168618
1.1000031236642376
1.1000031231228715
1.1017232134515833
1.1000031225823514
1.103446033264448
1.103446032723082
1.1000031220426751
1.1017232145351614
1.1034460343497199
1.1034460338066605
1.105171382116984
1.1051713810300159
1.101723212371387
1.1034460321825619
1.103446031642886
1.1051713799464373
1.1051713788662414
1.0948589194278924
1.0965709737820633
1.0965709732490916
1.0982857047964512
1.0982857037296734
1.1000031193569049
1.100003118822264
1.1017232091509763
1.100003118288459
1.1034460289571157
1.103446028422475
1.1000031177554868
1.1017232102210932
1.1034460300289068
1.1034460294925923
1.1051713777894152
1.1051713767159481
1.1017232080841985
1.1034460278886695
1.1034460273556976
1.1051713756458312
1.105171374579054
1.0545617291352625
1.0529144623559077
1.0562111529770712
1.0562107634183224
1.057862868622267
1.0578623764206663
1.0562099483314196
1.0595170229424982
1.059517073098882
1.0611738641818382
1.0595169713513166
1.062833199318498
1.0628332459214693
1.0595165721714084
1.0611737284726521
1.0628330458472974
1.0628331115598728
1.0644949922268179
1.064495089435693
1.0611733547061508
1.0595157495069392
1.0628331364333519
1.0628327280669798
1.0644952223740574
1.0644946963024635
1.0628318981040814
1.0661595617493367
1.0661595657595615
1.067826742273938
1.066159597253109
1.0694965199440936
1.0694965258382565
1.0661596661560533
1.071168920527219
1.0694965605222326
1.0694966323870174
1.0678268457834696
1.0711690300423151
1.0694967212770257
1.0661597545948682
1.072843922574787
1.0728439304219386
1.0745215596099542
1.0728439682186344
1.0762018023318065
1.0762018121852457
1.072844042831517
1.066159797601876
1.0678269756732282
1.0661596806306157
1.0694967606624837
1.0661592634676493
1.0678267439642557
1.0694965333948456
1.0694965263755174
1.0711689309100585
1.071168919864716
1.0728439411301993
1.0728439400095768
1.074521568342917
1.072843935922668
1.0762018214370643
1.0762018200060104
1.0728439285162434
1.0745215696164951
1.0762018214382172
1.0762018214696272
1.0778847009819805
1.0778847007687182
1.074521556420763
1.076201815397273
1.0762018076752264
1.0778846991012436
1.0778846863828897
1.0678264336240644
1.0661584264540775
1.0694966364479035
1.0694962108397155
1.0711691566501123
1.0711685991890902
1.0694953669965472
1.0728441319710131
1.072844167722713
1.074521797973047
1.0728440364884921
1.0762020193837638
1.0762020515000614
1.0728436027531596
1.0745216748432993
1.0762018530114394
1.076201930172859
1.0778846922482455
1.0778848129219072
1.0745212256193781
1.0728427522786093
1.076201913455077
1.0762014718816921
1.0778849324089181
1.077884345640539
1.076200614954244
1.079570212277102
1.0795702117791524
1.0812583582475543
1.0795702115385928
1.0829491449755626
1.0829491445087065
1.0795702116219537
1.0846425746905495
1.0829491443326194
1.0829491444557826
1.0812583581439528
1.0846425746849606
1.082949144228952
1.0795702115060544
1.086338653357393
1.0863386529274957
1.0880373833602712
1.0863386528164085
1.0897387705243187
1.0897387701366408
1.0863386529655061
1.079570209737461
1.0812583560299691
1.0795702046187234
1.0829491421005422
1.0795701966533282
1.0914428174083937
1.089738770089365
1.0897387702492272
1.0880373834377837
1.091442817551326
1.0897387697222904
1.08633865260119
1.0897387668258105
1.0880373802954253
1.0863386440138587
1.0863386500953487
1.086338635776427
1.0846425580321717
1.0846425720774193
1.0914428138387176
1.089738760300064
1.089738752030947
1.0880373657265898
1.0914427988417668
1.0897387499734599
1.086338632780937
1.082949136489323
1.0829491283525257
1.0812583426024522
1.082949124491125
1.0795701920063534
1.0931495296851041
1.0931495293441658
1.0948589100751889
1.093149529357908
1.0965709642156645
1.0965709639251546
1.0931495295124471
1.0982856944365342
1.0965709639956613
1.0965709641282175
1.0948589102635795
1.0982856946485993
1.096570963207574
1.0931495287994464
1.1000031087325293
1.1000031084953732
1.101723198857393
1.1000031086171642
1.1034460183534098
1.103446018174186
1.1000031087105935
1.093149525503223
1.0948589059510234
1.0931495185622508
1.0965709595062436
1.0931495103281161
1.079570203905853
1.0812583512714435
1.0795702476748232
1.0829491384648824
1.0795703271986663
1.0846425696125266
1.0829491850879633
1.082949266800759
1.0812584771178684
1.084642700375087
1.0829493556996526
1.0795704163234134
1.0863386488472715
1.0880373803083967
1.0863386982350454
1.0897387681422837
1.0863387819751469
1.0795704448110155
1.0812585928240135
1.0795703001505763
1.0829493805718573
1.0795698510028529
1.0812583593014296
1.0829491461043594
1.082949145545302
1.084642576802846
1.0846425757074396
1.0863386555432308
1.086338655024126
1.0880373854388423
1.0863386544886775
1.0897387727157142
1.0897387721947331
1.0863386539222764
1.08803738647666
1.0897387737543438
1.0897387732333432
1.0914428215275815
1.0914428204832518
1.0880373843305784
1.0897387716529905
1.0897387710801683
1.0914428194435764
1.0914428183229092
1.0931495339638917
1.0931495334387993
1.0948589141431202
1.0931495329152607
1.0965709684893432
1.0965709679642786
1.093149532395039
1.0982856984448328
1.0965709674411759
1.0965709669217598
1.0948589130999662
1.098285697402969
1.0965709664042815
1.093149531877675
1.1000031129956025
1.1000031124706338
1.101723202799349
1.1000031119480824
1.1034460225956684
1.1034460220709124
1.10000311142944
1.093149531354011
1.0948589120572851
1.0931495308053791
1.0965709658771168
1.0931495302275245
1.0948589151939951
1.096570969541582
1.0965709690151724
1.0982857005493099
1.0982856994957277
1.100003115103096
1.1000031145751241
1.1017232049038368
1.1000031140479716
1.1034460247033033
1.1034460241753368
1.1000031135215083
1.1017232059606221
1.103446025761769
1.1034460252321163
1.1051713735156037
1.1051713724554655
1.1017232038501834
1.1034460236481642
1.103446023121629
1.1051713713986984
1.105171370344992
1.0948589109253475
1.0965709653212472
1.096570964740176
1.0982856963560517
1.0982856952146438
1.1000031109113801
1.1000031103799133
1.101723200706496
1.1000031098167171
1.103446020511595
1.1034460199746672
1.1000031092346272
1.1017232017588088
1.103446021549058
1.1034460210310462
1.1051713692939904
1.1051713682552577
1.1017231995579446
1.10344601940439
1.1034460188253683
1.1051713672002208
1.10517136603151
1.0812579920820702
1.0795689877838455
1.0829492294788272
1.0829487729981355
1.084642812184787
1.0846421978775016
1.0829479036339271
1.0863388705241055
1.0863388917993992
1.0880376235585008
1.0863387344452233
1.089738993910895
1.0897390116118242
1.0863382708531568
1.0880375157416164
1.0897388202054934
1.0897389058222697
1.0914428164994074
1.0914429563689603
1.0880369960645448
1.0863373954769806
1.0897388481574835
1.0897383776579357
1.0914430601130847
1.0914424197849009
1.0897374963921478
1.093149509273053
1.0931495295471443
1.0948589114155323
1.0931495841973993
1.09657094405101
1.096570966427308
1.0931496715504583
1.098285698121745
1.0965710235779418
1.0965711125366666
1.094859055497964
1.0982858462014762
1.0965711994206133
1.093149759080418
1.1000030889232377
1.100003113401624
1.101723204896012
1.1000031729754496
1.10344599928967
1.103446026039707
1.1000032634192594
1.093149773232574
1.0948591551037814
1.0931496038299042
1.0965712100498641
1.0931491266086901
1.0948588906216545
1.0965709521813705
1.096570944046261
1.0982856897122222
1.0982856741455818
1.1000031075619936
1.100003103452528
1.1017231935034246
1.1000030957762403
1.1034460169324727
1.1034460123989818
1.1000030878028764
1.1017231990722633
1.1034460183361103
1.1034460183553736
1.1051713653924649
1.1051713657638684
1.101723177776782
1.1034460044409684
1.103445996810657
1.105171359673515
1.1051713426698027
1.0948585022780328
1.0931482395789556
1.0965710348475395
1.0965705510348784
1.0982859416256
1.0982852767557816
1.0965696586171703
1.1000033495656085
1.1000033566510279
1.1017234483816685
1.1000031757335615
1.1034462637812645
1.1034462656140482
1.1000026851205829
1.1017233567687945
1.103446087960791
1.1034461794544401
1.1051713714337104
1.1051715304450096
1.1017227714884903
1.100001792102726
1.1034460744611185
1.1034455990221574
1.1051716364476296
1.105170773711736
1.1034446920964314
1.1034458990170641
1.1051713105110763
1.1017230887164644
1.103446009614602
1.1000029952172214
1.1034460350449362
1.1051713817885114
1.0982855815587091
1.1000030995340353
1.1000031237336474
1.1017232145206735
1.0982857091642817
1.1000031289993828
1.1034460398754202
1.0965708505620166
1.0948587964426915
1.0965709541300517
1.0931494153879608
1.0965709781398434
1.1034460405082922
1.1051713884741712
1.1017232206727336
1.1034460402635577
1.1000031298085924
1.103446039801781
1.105171387565145
1.0914427031395681
1.0931495186093088
1.0931495425365791
1.0948589237803814
1.0914428300873642
1.0931495477605448
1.096570983381572
1.0931495485734284
1.0948589298260893
1.0965709839690225
1.096570984196878
1.0965709834959236
1.0982857145255398
1.0982857152259844
1.0914428361146258
1.0931495483464935
1.0931495478749471
1.09485892912659
1.0914428354172485
1.0931495473463575
1.0965709829656718
1.1000031295759096
1.1000031291007817
1.1017232199821931
1.100003128569123
1.1034460392716192
1.0897386555504944
1.0880372684558526
1.089738758448477
1.0863385377029449
1.089738782300636
1.0846424591442223
1.0863386402798003
1.0863386640575097
1.0880373950079723
1.0846425853015051
1.0863386692488097
1.0897387875081908
1.0829490286389278
1.0812582420526948
1.0829491308957264
1.0795700952576297
1.0829491545992451
1.0897387883185297
1.088037401016459
1.0897387880923097
1.0863386700566182
1.0897387876222382
1.1034460387242286
1.1051713864989758
1.1017232189020163
1.1034460381746678
1.100003128024471
1.1034460376258135
1.105171385398271
1.0982857134504882
1.1000031274773057
1.1000031269302077
1.1017232178062315
1.0982857123579315
1.1000031263837937
1.1034460370777572
1.0965709824225873
1.0948589280549368
1.0965709818771234
1.0931495468049617
1.0965709813317477
1.1034460365304741
1.105171384301118
1.101723216712514
1.1034460359840104
1.100003125838196
1.1034460354383966
1.1051713832073586
1.0778845841322788
1.079570197195375
1.079570220824936
1.081258367816353
1.077884709503539
1.0795702259838906
1.0829491597743468
1.0795702267866654
1.081258373787405
1.0829491603548225
1.0829491605796342
1.0829491598876797
1.084642590598209
1.0846425912912454
1.0778847154559608
1.0795702265625553
1.0795702260968705
1.081258373096531
1.0778847147672432
1.0795702255748476
1.0829491593640235
1.086338669831103
1.086338669362498
1.0880374003212543
1.086338668837202
1.0897387870952984
1.079570225040179
1.0812583720381874
1.0829491582889923
1.0829491588276818
1.0829491577503925
1.0846425884575797
1.084642589536553
1.0863386666789014
1.086338667218521
1.0880373981739244
1.0863386677588063
1.0897387849302413
1.0897387854715501
1.0863386682991818
1.0863386661400822
1.0880373970937995
1.089738783850065
1.0897387843897364
1.0897387833112333
1.0914428310995035
1.0914428321796923
1.0880373992562749
1.0897387860135268
1.0897387865555936
1.0914428332631987
1.0914428343489369
1.0778847137122014
1.0795702245031702
1.0795702239662512
1.0812583709625803
1.0778847126399502
1.0795702234299938
1.0829491572124565
1.0795702228945316
1.0812583698891847
1.082949156139009
1.0829491566753182
1.082949155603535
1.084642586307365
1.0846425873808245
1.077884711569904
1.0795702223598962
1.079570221826093
1.0812583688190749
1.0778847105031333
1.0795702212931224
1.0829491550688966
1.0863386656020944
1.086338665064944
1.0880373960169805
1.0863386645286321
1.0897387827732428
1.0931495462611984
1.0931495457175253
1.0948589269657978
1.0931495451745228
1.0965709807870452
1.093149544632325
1.0948589258789005
1.0965709797000955
1.096570980243151
1.0965709791578853
1.098285710180671
1.098285711267633
1.0931495440909642
1.0931495435504468
1.0948589247953295
1.0931495430107727
1.0965709786165216
1.100003125293442
1.1000031247495352
1.1017232156221466
1.1000031242064767
1.1034460348936381
1.0762017045616261
1.0745214524370765
1.0762018061813143
1.0728438236564521
1.076201829737148
1.071168814123975
1.0728439249590727
1.0728439484414087
1.0745215774171641
1.0711689387141075
1.0728439535682202
1.0762018348800058
1.069496419750267
1.067826636452334
1.0694965207368108
1.0661594601535542
1.0694965441458795
1.0762018356802756
1.074521583351013
1.076201835456865
1.0728439543659936
1.076201834992633
1.0644948867836739
1.0661595608250072
1.0661595841610363
1.067826760653729
1.0644950105975455
1.0661595892559044
1.069496549256694
1.0661595900487062
1.0678267665506054
1.0694965498299567
1.0694965500519764
1.069496549368616
1.0711689439450116
1.071168944629441
1.0644950164760232
1.0661595898273792
1.0661595893674778
1.0678267658683116
1.0644950157958584
1.0661595888519386
1.0694965488514634
1.0728439541432784
1.072843953680494
1.0745215826644428
1.0728439531617227
1.0762018344722377
1.0628329122787892
1.0611735325813476
1.062833012636136
1.0595167436401292
1.0628330358993536
1.0578625414102367
1.0595168436843487
1.0595168668749833
1.061173656008907
1.0578626644526872
1.0595168719381092
1.0628330409783262
1.0562109218530886
1.0545618809364137
1.056211021585161
1.0529154146342323
1.056211044703438
1.0628330417686542
1.0611736618690442
1.0628330415480178
1.0595168727259714
1.0628330410895512
1.0762018339392376
1.074521581612692
1.0762018334039047
1.0728439526303855
1.0762018328686607
1.0711689428965427
1.0728439520967228
1.072843951563149
1.0745215805437867
1.0711689418309724
1.0728439510302321
1.0762018323340765
1.069496548321784
1.067826764823114
1.0694965477897864
1.0661595883239117
1.0694965472578772
1.0762018318002853
1.0745215794770793
1.0762018312673178
1.0728439504981067
1.0762018307351795
1.1034460343497292
1.1051713821169846
1.1017232145351792
1.103446033806669
1.1000031236642642
1.103446033264457
1.1051713810300154
1.0982857090970946
1.100003123122899
1.100003122582379
1.1017232134516015
1.0982857080168984
1.1000031220427027
1.1034460327230913
1.0965709780760018
1.0948589237151354
1.0965709775363255
1.0931495424719389
1.096570976997492
1.1034460321825712
1.1051713799464375
1.1017232123714051
1.103446031642895
1.1000031215038693
1.103446031104061
1.1051713788662414
1.0914428300226788
1.093149541933946
1.0931495413967933
1.0948589226383088
1.0914428289492122
1.0931495408604794
1.0965709764594993
1.093149540325002
1.094858921564842
1.0965709753860324
1.0965709759223468
1.0965709748505552
1.0982857058666053
1.0982857069400722
1.0914428278790944
1.0931495397903617
1.0931495392565562
1.0948589204947243
1.0914428268123166
1.093149538723584
1.0965709743159149
1.1000031209658767
1.1000031204287235
1.1017232112945792
1.1000031198924094
1.1034460305660687
1.08973878223609
1.0880373949435156
1.0897387816997761
1.0863386639931556
1.0897387811642991
1.0846425852372499
1.0863386634585148
1.086338662924709
1.0880373938733983
1.084642584170472
1.0863386623917368
1.0897387806296583
1.082949154535091
1.0812583677522989
1.0829491540021183
1.0795702207609819
1.0829491534699778
1.089738780095853
1.08803739280662
1.0897387795628806
1.0863386618595965
1.08973877903074
1.1034460300289157
1.1051713777894152
1.1017232102211119
1.1034460294926012
1.1000031193569326
1.1034460289571244
1.1051713767159477
1.0982857047964878
1.1000031188222918
1.1000031182884862
1.1017232091509943
1.0982857037297098
1.1000031177555138
1.1034460284224838
1.096570973782109
1.0948589194279466
1.0965709732491369
1.0931495381914433
1.096570972716997
1.1034460278886784
1.1051713756458308
1.1017232080842163
1.1034460273557056
1.100003117223374
1.1034460268235657
1.1051713745790526
1.0512715189268391
1.0529155140551198
1.0529155371012586
1.0545620035949534
1.0512716412026606
1.0529155421328324
1.0562110497507602
1.0529155429157808
1.0545620094185675
1.0562110503168918
1.0562110505361586
1.0562110498612767
1.0578626696185975
1.057862670294535
1.0512716470081043
1.052915542697198
1.0529155422430043
1.0545620087447394
1.051271646336378
1.052915541733864
1.0562110493505434
1.059516872506018
1.059516872048977
1.0611736611909959
1.0595168715366448
1.0628330405756152
1.05291554121239
1.054562007712513
1.0562110483020417
1.0562110488274374
1.0562110477767344
1.057862667530795
1.0578626685831418
1.059516869431607
1.0595168699579105
1.0611736590966596
1.0595168704848623
1.06283303846399
1.0628330389919398
1.059516871011902
1.059516868906087
1.0611736580431899
1.0628330374104693
1.062833037936823
1.0628330368849404
1.0644950115846736
1.0644950126382056
1.0611736601522992
1.062833039520541
1.0628330400492296
1.0644950136949716
1.0644950147539154
1.0512716453073736
1.0529155406886357
1.0529155401649741
1.0545620066634536
1.0512716442615901
1.0529155396419427
1.0562110472520785
1.0529155391195966
1.054562005616535
1.0562110462050898
1.0562110467282046
1.05621104568268
1.0578626654335928
1.0578626664806206
1.0512716432177793
1.0529155385980924
1.0529155380783362
1.0545620045727213
1.05127164217993
1.0529155375607213
1.0562110451613704
1.0595168683813854
1.059516867857491
1.0611736569929593
1.0595168673343194
1.0628330363602387
1.066159587793568
1.0661595872633116
1.0678267637608618
1.06615958673371
1.0694965467266173
1.0661595862048934
1.067826762700788
1.069496545666492
1.0694965461961452
1.069496545137664
1.0711689397074493
1.0711689407675866
1.0661595856768926
1.0661595851497134
1.0678267616439587
1.066159584623358
1.06949654460966
1.0728439499667948
1.0728439494363113
1.0745215784136297
1.0728439489066552
1.0762018302038652
1.0529155370389245
1.0545620035357253
1.0562110441245816
1.0562110446423272
1.0562110435980498
1.057862663353212
1.0578626643900293
1.0595168652538347
1.0595168657726814
1.061173654902808
1.0595168662909797
1.0628330342704118
1.062833034790744
1.0595168668118995
1.0595168647209006
1.061173653864975
1.0628330332314784
1.0628330337526752
1.0628330326909166
1.0644950074045205
1.0644950084450107
1.0611736559458507
1.0628330353130826
1.0628330358363187
1.0644950094872376
1.064495010534444
1.0661595804416195
1.0661595809665538
1.0678267574517433
1.0661595814841567
1.0694965404180157
1.0694965409368191
1.0661595820037522
1.0711689354994918
1.0694965414585593
1.069496541981859
1.0678267584928944
1.071168936546835
1.0694965425058884
1.0661595825258736
1.0728439446986926
1.0728439452219256
1.0745215741928393
1.0728439457460257
1.076201825983048
1.0762018265078481
1.0728439462707766
1.066159583049163
1.0678267595401922
1.0661595835731288
1.0694965430306076
1.066159584097833
1.0661595798928682
1.0678267564066464
1.069496539369836
1.0694965398998764
1.0694965388131328
1.0711689334077952
1.0711689344595787
1.072843942603519
1.0728439431398678
1.0745215721068746
1.0728439436594117
1.0762018238977205
1.0762018244153344
1.0728439441775035
1.0728439420399538
1.074521571046392
1.0762018228322043
1.0762018233757655
1.0762018222636947
1.0778847020631588
1.0778847031341048
1.074521573145545
1.0762018249358287
1.0762018254588852
1.0778847041717263
1.0778847052188296
1.0678267605904246
1.0694965435561272
1.06949654408248
1.0711689375970854
1.071168938650616
1.072843946796294
1.0728439473226419
1.0745215762966547
1.0728439478498215
1.07620182808689
1.0762018286148942
1.0728439483778258
1.074521575243131
1.0762018270333704
1.076201827559712
1.0778847062691896
1.0778847073227042
1.0745215773534889
1.0762018291437243
1.0762018296733808
1.077884708379539
1.07788470943968
1.0512716411233414
1.052915536498236
1.0529155359506315
1.0545620024668878
1.0512716401078097
1.0529155355078106
1.056211043049129
1.0529155353409965
1.0545620015065595
1.0562110421237643
1.0562110425101237
1.0562110420352768
1.0578626613853395
1.0578626622711012
1.0512716398371484
1.0529155352664255
1.0529155340969623
1.0545620012811998
1.0512716350277445
1.052915529931382
1.0562110419000699
1.0595168641652584
1.0595168636438217
1.061173652770372
1.0595168633234233
1.0628330321315365
1.0529155230035916
1.0545619954110315
1.0562110354890453
1.056211040320913
1.0562110283718797
1.057862654193951
1.057862661148067
1.059516855560453
1.059516861021888
1.0611736516637649
1.059516863056662
1.062833031013731
1.0628330314135501
1.0595168633005638
1.0595168484053705
1.0611736436294308
1.062833022447946
1.0628330284895198
1.0628330154001646
1.06449499606925
1.0644950051573594
1.0611736519763961
1.0628330313889003
1.0628330316371666
1.064495005611858
1.0644950063001732
1.0512716251984422
1.052915520577792
1.0529155387513036
1.0545619866194915
1.0512716942121905
1.0529155933710195
1.0562110273416767
1.0529156773721697
1.0545620631224386
1.056211107482305
1.0562110488965968
1.0562111930619067
1.0578627304732624
1.0578626467686203
1.0512718359780835
1.0529157344153837
1.0529156489991607
1.0545622033161957
1.051271380643017
1.0529152695488655
1.0562112467075622
1.059516848930781
1.0595168738461607
1.0611736378648469
1.0595169361246874
1.0628330176137726
1.066159579334037
1.066159578876051
1.0678267552972218
1.0661595787024898
1.0694965382601684
1.066159578752352
1.0678267547243312
1.069496537747251
1.069496537847114
1.0694965377970624
1.071168931847466
1.0711689322996714
1.0661595781518938
1.06615957511581
1.0678267540610231
1.0661595685527967
1.0694965369548828
1.0728439414988868
1.072843941138094
1.0745215699473407
1.0728439411075588
1.0762018217409395
1.0795702202296678
1.0795702196991828
1.081258366688844
1.0795702191695264
1.0829491529386637
1.0795702186406957
1.0812583656287025
1.082949151878522
1.082949152408179
1.0829491513496912
1.0846425820468748
1.084642583107017
1.079570218112691
1.0795702175855173
1.0812583645718674
1.0795702170591817
1.0829491508216873
1.0863386613282824
1.086338660797797
1.0880373917431654
1.0863386602681397
1.089738778499426
1.0795702165336434
1.0812583635183626
1.082949149768186
1.0829491502945197
1.0829491492426175
1.084642579936543
1.0846425809900415
1.0863386581578096
1.0863386586841464
1.0880373896261921
1.0863386592113073
1.0897387763824549
1.089738776910452
1.0863386597393085
1.0863386576321945
1.088037388572693
1.0897387753289514
1.0897387758553005
1.0897387748032732
1.0914428225783817
1.0914428236318936
1.0880373906830227
1.0897387774392828
1.089738777968941
1.0914428246887184
1.091442825748862
1.079570216008777
1.079570215484583
1.0812583624679077
1.0795702149618358
1.0829491487176757
1.079570214442128
1.0812583614211784
1.0829491476712105
1.0829491481935065
1.0829491471523056
1.084642577839827
1.0846425788859726
1.0795702139245975
1.0795702133991645
1.0812583603841923
1.0795702128478801
1.0829491466343177
1.086338657107178
1.0863386565831132
1.0880373875220002
1.086338656061406
1.0897387742781999
1.0931495376601292
1.0931495371296438
1.0948589183644923
1.0931495365999853
1.096570972185682
1.0931495360711554
1.094858917304348
1.0965709711255376
1.0965709716551966
1.0965709705967102
1.0982857016061103
1.0982857026662551
1.093149535543164
1.0931495350160145
1.094858916247531
1.09314953448964
1.096570970068726
1.1000031166920596
1.1000031161615729
1.1017232070207617
1.1000031156319139
1.103446026292251
1.049630189800821
1.047991423249029
1.0496302889115028
1.0463552152705682
1.0496303118857346
1.0447215618707903
1.046355314072013
1.0463553369745626
1.0479915451433341
1.0447216833847701
1.0463553419747873
1.0496303169016092
1.0430904590612813
1.0414619028598566
1.0430905575544531
1.039835889290548
1.0430905803855444
1.0496303176821145
1.0479915509306648
1.0496303174642136
1.0463553427528574
1.0496303170114376
1.0382124143835951
1.039835987476409
1.0398360102362645
1.0414620239946983
1.0382125351404814
1.039836015205335
1.0430905853701673
1.03983601597856
1.0414620297459711
1.0430905859292683
1.0430905861458093
1.0430905854793155
1.044721688486506
1.0447216891540432
1.0382125408738094
1.0398360157626856
1.0398360153140778
1.0414620290804981
1.0382125402103881
1.0398360148113417
1.0430905849748897
1.046355342535636
1.0463553420842735
1.0479915502610342
1.0463553415783102
1.0496303165038854
1.036591474175435
1.0349730647086939
1.0365915720549443
1.0333571820321756
1.0365915947437867
1.0317438222008533
1.0333572796062893
1.0333573022243376
1.0349731850888055
1.0317439422053496
1.033357307162421
1.0365915996973545
1.0301329812758588
1.0285246553244747
1.0301330785455254
1.0269188404201208
1.0301331010929853
1.0365916004681446
1.0349731908041973
1.036591600252914
1.0333573079308782
1.0365915998061368
1.049630315984043
1.047991549235248
1.0496303154619255
1.0463553410600759
1.0496303149398463
1.044721687463852
1.0463553405394999
1.0463553400191286
1.0479915481925937
1.044721686425254
1.0463553395004028
1.049630314418342
1.0430905844582146
1.0414620280612485
1.0430905839397813
1.0398360142972947
1.043090583422471
1.0496303138980614
1.0479915471537584
1.0496303133799776
1.0463553389828064
1.0496303128610984
1.0253155326423564
1.0269189373863044
1.0269189598637039
1.028524774954605
1.02531565189941
1.0269189647706587
1.0301331060158794
1.0269189655267388
1.028524780633227
1.0301331065646955
1.0301331067824053
1.030133106106931
1.0317439472374321
1.0317439479033492
1.0253156575514515
1.0269189653138882
1.0269189649902004
1.0285247799783463
1.0253156571826234
1.0269189647084473
1.030133105642625
1.0333573077170084
1.033357307270784
1.034973190143941
1.0333573067604114
1.0365915993058645
1.026918963426343
1.0285247793267343
1.0301331049605427
1.0301331053510911
1.0301331029133411
1.0317439455332016
1.031743946275903
1.0333573049740212
1.0333573056093313
1.0349731882194384
1.0333573058211636
1.036591597415617
1.0365915977470117
1.033357306237758
1.0333573020516937
1.0349731872195225
1.0365915962135746
1.0365915972382216
1.0365915923901572
1.0382125359072683
1.0382125373599091
1.0349731891143472
1.0365915982544807
1.0365915987884566
1.0382125381348375
1.0382125391956225
1.0253156526835845
1.026918959340135
1.026918955732436
1.028524773103153
1.0253156591368837
1.0269189690197007
1.0301330979130912
1.0269190200307214
1.0285247862632612
1.030133114755031
1.0301330957191772
1.0301331727293501
1.031743958392266
1.0317439377131494
1.0253157788251461
1.0269190932040866
1.0269190876443965
1.0285249143114574
1.0253155189711958
1.0269188178150839
1.030133246098023
1.0333572964497377
1.0333572962815034
1.0349731780728142
1.033357321081818
1.0365915865362179
1.0398360137803242
1.0398360132527147
1.0414620270257275
1.0398360127139328
1.043090582902019
1.0398360122456536
1.041462025956092
1.0430905818317395
1.0430905823659935
1.0430905814226312
1.0447216843174525
1.0447216853851926
1.0398360120082857
1.039836011794232
1.0414620253226659
1.039836010258738
1.0430905812710374
1.0463553384573925
1.046355337913564
1.0479915461070008
1.0463553373959613
1.0496303123286714
1.0237147280768761
1.0221164228154582
1.0237148247406815
1.0205206129558095
1.0237148471458775
1.0189272946015686
1.0205207093154245
1.020520731655108
1.022116541694698
1.0189274131595925
1.0205207366208682
1.0237148520310306
1.0173364638635773
1.0157481168626412
1.0173365599414836
1.0141622497248346
1.0173365822980611
1.0237148528320885
1.022116547492935
1.0237148528021103
1.0205207374414265
1.023714852141362
1.0125788585441495
1.0141623454666862
1.0141623665506732
1.015748234908597
1.0125789740629734
1.014162369605144
1.0173365867438084
1.0141623836914482
1.0157482374438689
1.0173365846277704
1.0173365849660447
1.017336608095008
1.0189274157750758
1.0189274180758932
1.0125790332174711
1.0141624355771766
1.0141624761283508
1.0157483131196927
1.0125789247198638
1.014162305015767
1.0173366698559883
1.020520735922458
1.0205207319340501
1.0221165449304888
1.0205207349187226
1.0237148491945574
1.01099793932815
1.009419488216169
1.0109980336016386
1.007843502733722
1.0109980600584072
1.0062699838234486
1.0078436141520128
1.0078436829398054
1.0094196339724821
1.0062700812285605
1.0078436008997795
1.0109981015648057
1.0046989301555675
1.0031302930029051
1.0046989999043343
1.0109981507410137
1.0094195770155454
1.0109980167404107
1.023714844934767
1.0221165459516728
1.023714852737087
1.0205207685758753
1.0237148956514157
1.0189275097119066
1.020520836607023
1.0205208547503526
1.0221166544677436
1.0189273188519006
1.0205206273725485
1.0237149672274763
1.0173366997170956
1.0157481615485748
1.0173364982022504
1.0237149734354558
1.0221164276426347
1.023714723545687
1.049630311780136
1.0479915450561457
1.0496303112930345
1.0463553370614047
1.049630311041747
1.044721683827547
1.0463553369725744
1.0463553364365181
1.0479915446927874
1.044721680943236
1.0463553336422953
1.0496303109811884
1.0430905809379727
1.041462023232985
1.0430905788017202
1.0398360055773233
1.0430905733548985
1.0496303101632454
1.0479915408900453
1.0496303066839512
1.0463553275550193
1.049630300100055
1.0382125257979902
1.0398359998206796
1.039836004981714
1.041462012571615
1.038212562670646
1.0398360408194698
1.0430905680231508
1.0398361139663694
1.0414620576883338
1.0430906172354764
1.043090576260048
1.0430906939150075
1.0447217234268202
1.044721670152879
1.0382127037551299
1.0398361827947336
1.0398361340678788
1.0414622002784526
1.038212334115507
1.0398358013733606
1.0430907601905093
1.0463553229438123
1.0463553344148582
1.0479915303845433
1.0463553802357919
1.0496302964693762
1.0365915888613348
1.0349732067398496
1.036591619291514
1.0333573849872741
1.036591688215621
1.0317440925181471
1.0333574575299052
1.033357429530855
1.034973345095254
1.0317437739171178
1.0333571255287617
1.0365917591802267
1.0301332291121121
1.0285246239799566
1.0301329413752174
1.0365917206022366
1.0349730001400852
1.0365914016878301
1.0496303112690453
1.0479915916431668
1.049630361636936
1.046355459850481
1.0496304436693127
1.0447218665200868
1.0463555232614632
1.0463554554554895
1.0479917344141332
1.0447214517307182
1.0463550979452316
1.0496305039829221
1.0430907017283713
1.041461807418334
1.0430903562140377
1.0496304272003694
1.0479912988410223
1.049630058408098
1.1034460257617682
1.105171373515603
1.1017232059606208
1.103446025232115
1.1000031151030947
1.103446024703302
1.1051713724554648
1.098285700549309
1.1000031145751232
1.1000031140479707
1.101723204903836
1.0982856994957269
1.1000031135215078
1.1034460241753363
1.0965709695415806
1.0948589151939947
1.096570969015172
1.0931495339638917
1.0965709684893432
1.1034460236481638
1.105171371398698
1.1017232038501834
1.1034460231216294
1.1000031129956027
1.1034460225956697
1.1051713703449926
1.0914428215275818
1.0931495334387995
1.0931495329152607
1.0948589141431206
1.0914428204832514
1.0931495323950386
1.0965709679642792
1.0931495318776747
1.0948589130999657
1.0965709669217591
1.0965709674411759
1.0965709664042809
1.0982856974029684
1.0982856984448333
1.091442819443576
1.09314953135401
1.0931495308053778
1.0948589120572843
1.0914428183229086
1.093149530227524
1.0965709658771159
1.1000031124706346
1.1000031119480824
1.1017232027993498
1.1000031114294395
1.103446022070913
1.0897387737543436
1.08803738647666
1.0897387732333428
1.0863386555432308
1.0897387727157142
1.0846425768028454
1.0863386550241254
1.0863386544886766
1.0880373854388419
1.0846425757074396
1.086338653922276
1.0897387721947323
1.082949146104359
1.0812583593014296
1.082949145545302
1.079570212277102
1.0829491449755633
1.0897387716529896
1.088037384330578
1.0897387710801678
1.086338653357393
1.0897387705243187
1.103446021549058
1.1051713692939908
1.1017232017588081
1.1034460210310457
1.1000031109113788
1.1034460205115937
1.1051713682552569
1.0982856963560503
1.100003110379912
1.1000031098167158
1.1017232007064943
1.0982856952146434
1.1000031092346267
1.1034460199746654
1.0965709653212463
1.0948589109253466
1.0965709647401753
1.0931495296851041
1.0965709642156645
1.1034460194043891
1.105171367200219
1.1017231995579437
1.1034460188253679
1.1000031087325293
1.1034460183534103
1.1051713660315095
1.0778847009819805
1.0795702117791524
1.0795702115385928
1.0812583582475543
1.0778847007687182
1.079570211621954
1.0829491445087065
1.0795702115060544
1.0812583581439532
1.082949144455783
1.0829491443326198
1.082949144228952
1.084642574684961
1.08464257469055
1.077884699101244
1.079570209737461
1.079570204618724
1.0812583560299691
1.0778846863828901
1.0795701966533287
1.0829491421005424
1.086338652927496
1.0863386528164094
1.088037383360272
1.0863386529655066
1.0897387701366412
1.0795701920063543
1.0812583426024531
1.0829491283525268
1.0829491364893231
1.0829491244911258
1.0846425580321726
1.0846425720774198
1.0863386357764275
1.086338644013859
1.0880373802954253
1.0863386500953487
1.089738766825811
1.0897387697222913
1.0863386526011904
1.086338632780938
1.0880373657265905
1.0897387520309474
1.0897387603000641
1.0897387499734608
1.0914427988417672
1.0914428138387176
1.0880373834377846
1.089738770249228
1.0897387700893657
1.0914428175513269
1.0914428174083945
1.0778846922482468
1.0795702039058543
1.079570247674825
1.0812583512714449
1.077884812921908
1.0795703271986667
1.082949138464884
1.079570416323413
1.0812584771178693
1.0829492668007596
1.0829491850879651
1.0829493556996521
1.0846427003750874
1.0846425696125275
1.0778849324089175
1.0795704448110146
1.0795703001505754
1.081258592824013
1.0778843456405385
1.0795698510028524
1.0829493805718564
1.086338648847273
1.0863386982350463
1.0880373803083976
1.0863387819751473
1.089738768142285
1.0931495293441666
1.0931495293579085
1.0948589100751898
1.093149529512448
1.0965709639251546
1.0931495287994468
1.0948589102635802
1.096570964128218
1.0965709639956622
1.0965709632075744
1.0982856946486
1.0982856944365347
1.0931495255032235
1.0931495185622513
1.0948589059510239
1.0931495103281166
1.096570959506244
1.100003108495374
1.100003108617165
1.1017231988573934
1.100003108710594
1.1034460181741867
1.0762018214382172
1.0745215696164954
1.0762018214696272
1.0728439411301995
1.0762018214370643
1.0711689309100594
1.0728439400095775
1.0728439359226685
1.0745215683429175
1.0711689198647165
1.0728439285162437
1.0762018200060108
1.069496533394846
1.0678267439642561
1.0694965263755178
1.0661595617493371
1.0694965199440944
1.0762018153972734
1.0745215564207633
1.0762018076752269
1.0728439225747874
1.076201802331807
1.0644949922268183
1.0661595657595622
1.06615959725311
1.067826742273939
1.0644950894356935
1.0661596661560537
1.0694965258382574
1.0661597545948678
1.06782684578347
1.0694966323870179
1.069496560522234
1.0694967212770252
1.071169030042316
1.0711689205272203
1.0644952223740567
1.066159797601875
1.0661596806306148
1.0678269756732277
1.064494696302463
1.0661592634676487
1.0694967606624832
1.0728439304219402
1.0728439682186361
1.0745215596099555
1.0728440428315174
1.076201812185247
1.0628330458472983
1.0611737284726526
1.0628331115598733
1.0595170229424977
1.0628331993184976
1.0578628686222662
1.0595170730988812
1.0595169713513153
1.0611738641818373
1.0578623764206658
1.059516572171408
1.0628332459214684
1.0562111529770704
1.054561729135262
1.056210763418322
1.0628331364333508
1.0611733547061504
1.0628327280669798
1.0762018530114408
1.0745216748432997
1.0762019301728598
1.0728441319710131
1.0762020193837634
1.0711691566501118
1.0728441677227127
1.0728440364884912
1.0745217979730466
1.0711685991890896
1.0728436027531587
1.076202051500061
1.0694966364479028
1.067826433624064
1.069496210839715
1.0762019134550762
1.0745212256193777
1.0762014718816917
1.1034460183361112
1.1051713653924655
1.1017231990722642
1.103446018355375
1.1000031075619945
1.1034460169324736
1.1051713657638693
1.0982856897122226
1.1000031034525284
1.1000030957762406
1.1017231935034246
1.0982856741455818
1.1000030878028761
1.103446012398982
1.0965709521813705
1.0948588906216554
1.0965709440462614
1.0931495092730539
1.0965709440510105
1.1034460044409682
1.1051713596735153
1.101723177776782
1.103445996810657
1.1000030889232382
1.1034459992896708
1.1051713426698027
1.0914428164994088
1.0931495295471456
1.0931495841974002
1.0948589114155336
1.0914429563689603
1.0931496715504585
1.0965709664273091
1.0931497590804171
1.0948590554979645
1.0965711125366666
1.0965710235779427
1.0965711994206133
1.0982858462014762
1.098285698121746
1.0914430601130842
1.093149773232573
1.0931496038299042
1.094859155103781
1.0914424197849004
1.09314912660869
1.0965712100498641
1.100003113401625
1.10000317297545
1.1017232048960124
1.1000032634192594
1.103446026039708
1.0897388202054947
1.0880375157416167
1.0897389058222697
1.086338870524105
1.0897389939108946
1.0846428121847862
1.0863388917993988
1.0863387344452229
1.0880376235585003
1.0846421978775016
1.0863382708531568
1.0897390116118237
1.0829492294788268
1.0812579920820702
1.0829487729981353
1.0897388481574835
1.088036996064545
1.0897383776579352
1.1034460879607921
1.1051713714337112
1.1017233567687947
1.103446179454441
1.1000033495656083
1.1034462637812643
1.10517153044501
1.0982859416255994
1.1000033566510274
1.1000031757335604
1.101723448381668
1.0982852767557807
1.1000026851205824
1.103446265614048
1.0965710348475388
1.0948585022780328
1.0965705510348784
1.103446074461118
1.1051716364476292
1.1017227714884898
1.1034455990221574
1.1051707737117362
1.1068997325179635
1.1086306836992823
1.106899624048562
1.1103642857606033
1.1068996563324838
1.1121005857048298
1.1103641147763637
1.1103641536303601
1.1086305605020579
1.1121004536547296
1.1103641435351448
1.1068996502471258
1.1138395990934922
1.1155813321076393
1.1138394284607573
1.117325788985799
1.1138394679675583
1.1068996510808924
1.108630552354927
1.1068996502153174
1.1103641451847972
1.106899649760536
1.1190729738055614
1.1173256190316154
1.117325658482704
1.1155812014529545
1.1190728433451196
1.1173256484922907
1.1138394579638278
1.1173256501704683
1.115581193139644
1.11383945857167
1.1138394596504786
1.1138394581464754
1.1121004437922948
1.1121004452966767
1.1190728350375596
1.1173256490961108
1.1173256486730447
1.1155811916392233
1.1190728335422557
1.117325648097303
1.1138394575688904
1.1103641441228187
1.110364143693412
1.108630550908365
1.110364143113856
1.1068996491986554
1.1208228907466988
1.122575544063141
1.120822720905566
1.1243309380375588
1.1208227603165075
1.1260890769601963
1.1243307683033477
1.1243308076915932
1.1225754136722903
1.1260889466597424
1.1243307977185468
1.1208227503349844
1.1278499651248437
1.1296136068303932
1.127849795505135
1.1313800063822894
1.127849834868968
1.120822752014337
1.122575405374734
1.1208227509423585
1.1243307993981073
1.1208227505208153
1.10689964865225
1.1086305497871214
1.106899648100863
1.110364142571198
1.1068996475519681
1.112100442672215
1.1103641420214743
1.1103641414745686
1.108630548688684
1.1121004415772493
1.1103641409280214
1.106899647003797
1.1138394570285652
1.1155811905231185
1.1138394564804814
1.1173256475586109
1.1138394559352518
1.106899646456519
1.1086305475948768
1.106899645910052
1.1103641403824263
1.1068996453644377
1.1331491680929227
1.131379836874118
1.131379876213678
1.1296134766183452
1.133149037967479
1.1313798662561962
1.127849824903688
1.1313798679362388
1.129613468336879
1.1278498255155034
1.1278498265834629
1.1278498250971918
1.1260889368821205
1.1260889383702244
1.1331490296940427
1.131379866870315
1.1313798664536154
1.1296134668524345
1.1331490282132357
1.1313798658847114
1.1278498245265798
1.124330798328101
1.124330797908169
1.1225754038829812
1.1243307973358427
1.1208227499467656
1.131379865352776
1.1296134657499017
1.127849823451657
1.127849823992963
1.1278498229132072
1.1260889346947498
1.1260889357761918
1.1243307951776385
1.1243307957174058
1.122575401688819
1.1243307962575413
1.1208227477817898
1.1208227483232467
1.124330796800538
1.124330794638826
1.1225754006085524
1.120822746701609
1.1208227472412902
1.1208227461627758
1.1190728291774334
1.1190728302576347
1.1225754027736436
1.1208227488650744
1.1208227494097662
1.119072831341283
1.1190728324295014
1.1331490271140865
1.1313798648131543
1.1313798642763855
1.1296134646718294
1.1331490260393746
1.13137986373998
1.127849822375123
1.1313798632045244
1.1296134635982922
1.1278498213016714
1.1278498218379913
1.1278498207661958
1.1260889325443806
1.1260889336178526
1.1331490249691867
1.1313798626698781
1.131379862136071
1.1296134625281704
1.1331490239023956
1.1313798616030928
1.127849820231555
1.1243307941008274
1.124330793563675
1.1225753995317205
1.1243307930273603
1.1208227456247821
1.1173256470122137
1.1173256464686885
1.115581189431492
1.1173256459255376
1.1138394553903983
1.1173256453833462
1.1155811883444522
1.1138394543034444
1.1138394548465103
1.1138394537612335
1.1121004393998288
1.1121004404868025
1.117325644841975
1.1173256443014554
1.1155811872608696
1.1173256437617782
1.1138394532198668
1.1103641398376602
1.1103641392937518
1.1086305465044974
1.110364138750691
1.106899644819677
1.134921096281547
1.136695795274187
1.134920926883205
1.1384732694036144
1.1349209661989894
1.140253523009365
1.1384731001135044
1.1384731394058858
1.1366956652342046
1.1402533930535697
1.138473129463708
1.134920956249211
1.1420365604377603
1.143822386041919
1.1420363912542209
1.1456110041817675
1.14203643052358
1.1349209579295314
1.1366956569687034
1.134920956865629
1.1384731311443215
1.1349209564505376
1.1474024192240502
1.1456108351031449
1.1456108743498663
1.1438222561690363
1.1474022894328137
1.1456108644225993
1.142036420588906
1.1456108661038487
1.1438222479191626
1.1420364212099396
1.142036422269829
1.142036420798052
1.1402533833223456
1.1402533847959218
1.1474022811906288
1.1456108650459473
1.1456108646356489
1.1438222464491776
1.1474022797242203
1.1456108640735185
1.142036420234235
1.1384731300824302
1.138473129668942
1.1366956554915189
1.1384731291034362
1.1349209558833349
1.1491966355423409
1.1509936575170503
1.149196466566985
1.1527934895354384
1.1491965057914508
1.154596135991624
1.152793320661694
1.1527933598642832
1.1509935278061858
1.1545960063598844
1.1527933499515481
1.14919649587149
1.1564016012866056
1.1582098898282858
1.1564014325128515
1.1600210060314664
1.1564014716940134
1.149196497553076
1.1509935195716166
1.149196496497161
1.152793351633544
1.1491964960884933
1.134920955353076
1.1366956543957434
1.1349209548151338
1.1384731285748497
1.134920954280041
1.1402533822299312
1.1384731280385805
1.1384731275051538
1.1366956533243804
1.1402533811618993
1.1384731269720845
1.1349209537453082
1.142036419707309
1.1438222453601086
1.142036419172706
1.1456108635482822
1.1420364186409628
1.13492095321152
1.1366956522575222
1.1349209526785367
1.1384731264399717
1.1349209521463983
1.1068996442757686
1.1086305454175283
1.106899643732709
1.1103641382084795
1.1068996431904967
1.1121004383162503
1.1103641376671134
1.1103641371265933
1.1086305443339501
1.1121004372360543
1.1103641365869175
1.1068996426491307
1.1138394526793465
1.1155811861806724
1.1138394521396706
1.117325643222945
1.1138394516008367
1.1068996421086108
1.1086305432537542
1.1068996415689352
1.1103641360480836
1.1068996410301013
1.1190728281006064
1.117325642684952
1.1173256421477993
1.115581185103846
1.1190728270271393
1.117325641611485
1.1138394510628438
1.1173256410760084
1.1155811840303786
1.113839449989377
1.113839450525691
1.1138394494539003
1.1121004350857606
1.1121004361592277
1.1190728259570222
1.117325640541368
1.1173256400075626
1.1155811829602618
1.1190728248902437
1.1173256394745903
1.1138394489192596
1.1103641355100908
1.1103641349729378
1.1086305421769276
1.1103641344366237
1.106899640492108
1.1208227450876294
1.122575398458253
1.1208227445513153
1.1243307924918842
1.1208227440158387
1.1260889314742633
1.1243307919572438
1.1243307914234375
1.1225753973881365
1.126088930407481
1.1243307908904625
1.1208227434811988
1.1278498196977478
1.1296134614613855
1.1278498191647714
1.13137986107095
1.1278498186326265
1.120822742947393
1.122575396321356
1.1208227424144193
1.1243307903583175
1.1208227418822752
1.1068996399549555
1.1086305411034605
1.106899639418641
1.1103641339011472
1.1068996388831644
1.1121004340156433
1.110364133366506
1.1103641328327007
1.1086305400333432
1.1121004329488664
1.110364132299729
1.1068996383485241
1.1138394483854546
1.1155811818934844
1.1138394478524827
1.117325638942447
1.1138394473203408
1.1068996378147187
1.1086305389665658
1.1068996372817468
1.110364131767589
1.1068996367496062
1.161834954317786
1.1600208373560865
1.1600208765160511
1.1582097602745351
1.1618348248399326
1.1600208666170497
1.156401461788474
1.1600208682989477
1.158209752054586
1.1564014624185144
1.1564014634708029
1.1564014620122451
1.1545959966734596
1.154595998132985
1.1618348166262855
1.1600208672482606
1.1600208668455343
1.1582097505973465
1.1618348151812676
1.160020866295368
1.1564014614543883
1.1527933505796808
1.1527933501726015
1.150993518108899
1.152793349613611
1.1491964955281222
1.1600208657858326
1.1582097495273964
1.1564014604112476
1.1564014609348083
1.1564014598946877
1.1545959945426438
1.1545959955929135
1.1527933475112335
1.1527933480340953
1.1509935159669025
1.1527933485605844
1.1491964934152645
1.14919649394417
1.1527933490910125
1.1527933469936333
1.1509935149166068
1.1491964923645033
1.1491964928880671
1.1491964918460975
1.1474022754676922
1.1474022765189917
1.1509935170263796
1.149196494473157
1.149196495004575
1.1474022775771842
1.1474022786386024
1.161834814122935
1.1600208652650732
1.1600208647260524
1.1582097484910503
1.1618348129964113
1.16002086414617
1.1564014593767276
1.1600208635296227
1.1582097473777662
1.1564014582693765
1.1564014588419327
1.1564014576570616
1.1545959924062537
1.154595993507927
1.1618348117991464
1.1600208629447053
1.1600208625481518
1.1582097461729837
1.1618348114271617
1.1600208625272512
1.1564014570622572
1.1527933464766433
1.1527933459459176
1.1509935138819214
1.1527933453805046
1.1491964913296395
1.1456108630154151
1.1456108624853871
1.143822244295496
1.145610861955567
1.1420364181096185
1.145610861426322
1.1438222432353173
1.1420364170495518
1.142036417579234
1.1420364165203898
1.140253379038375
1.1402533800984398
1.1456108608975313
1.145610860370042
1.14382224217734
1.1456108598457537
1.1420364159916643
1.138473125908701
1.1384731253782947
1.1366956511941098
1.1384731248486584
1.1349209516151202
1.1600208629011668
1.1582097457105576
1.1564014565555114
1.1564014566310608
1.156401456892048
1.1545959906474388
1.1545959911977093
1.1527933435785513
1.152793343708622
1.1509935115823269
1.152793344171415
1.149196489036271
1.1491964896431663
1.1527933447735013
1.152793343870647
1.1509935109479317
1.149196488361524
1.1491964885451602
1.1491964886031676
1.1474022714321195
1.1474022721459307
1.1509935127911288
1.1491964902439968
1.1491964908024879
1.1474022733518416
1.1474022744325438
1.1456108557793492
1.1456108560148304
1.1438222378173788
1.1456108565308418
1.1420364116387463
1.1420364122485895
1.145610857140253
1.1402533748272123
1.1420364128352705
1.1420364133809313
1.1438222390176396
1.140253375890432
1.142036413902502
1.1456108577342483
1.1384731206403471
1.1384731211802457
1.136695646984298
1.138473121699803
1.1349209474043849
1.1349209479216662
1.1384731222165057
1.1456108582861289
1.1438222400891274
1.1456108588102287
1.1420364144188517
1.145610859326485
1.1456108559657294
1.1438222370296693
1.1420364108163512
1.142036411101289
1.1420364109439487
1.1402533727794717
1.1402533736349687
1.1384731185659014
1.1384731188973825
1.136695644746113
1.1384731194528799
1.1349209451750895
1.1349209457804221
1.1384731200612916
1.1384731186325028
1.1366956438292966
1.13492094423009
1.1349209446048376
1.1349209442347075
1.1331490154354795
1.1331490164070095
1.1366956459283508
1.1349209463516874
1.1349209468863353
1.1331490175775962
1.1331490186273079
1.1438222411251147
1.142036414939029
1.1420364154639748
1.1402533769275682
1.1402533779805748
1.138473122737611
1.1384731232631333
1.136695649076466
1.138473123790951
1.1349209494975805
1.1349209500261193
1.1384731243195918
1.1366956480228319
1.1349209484436908
1.1349209489697003
1.1331490196674237
1.1331490207215298
1.136695650134079
1.1349209505550983
1.1349209510847071
1.1331490217789537
1.133149022838971
1.161834812093751
1.1600208632087696
1.160020862295259
1.1582097464013814
1.161834807216932
1.1600208585985274
1.1564014572500674
1.160020851302522
1.1582097420571968
1.1564014531706475
1.156401456538911
1.1564014461343928
1.154595987523483
1.1545959913402344
1.1618347908184716
1.1600208422207725
1.1600208373182777
1.1582097257241974
1.161834795603784
1.1600208459594477
1.1564014369071263
1.152793344264209
1.1527933437415272
1.1509935116212229
1.1527933407071975
1.149196489017403
1.1600208763510365
1.158209728405292
1.1564014385216521
1.1564014311936295
1.156401467882373
1.154595971895933
1.1545959713547576
1.1527933241226127
1.1527933181668484
1.1509934924188707
1.1527933246590847
1.149196470239628
1.149196479567729
1.1527933339703056
1.1527933522973508
1.1509934908032324
1.1491964675463975
1.1491964630134945
1.14919649436971
1.1474022499677687
1.1474022537335902
1.1509935083201719
1.1491964859676687
1.149196488666884
1.1474022692618293
1.1474022720657602
1.1618348778711565
1.1600209279900406
1.1600209854662018
1.1582098101325173
1.1618349670995873
1.1600210199552567
1.1564015198745077
1.1600210019725312
1.158209904905326
1.156401617526135
1.1564015796478797
1.1564016017962857
1.154596153400584
1.1545960527988002
1.161834867788304
1.1600209210828778
1.1600208000744003
1.1582098065647606
1.1618346418812757
1.160020690371304
1.1564015198191666
1.1527934044950574
1.15279346658894
1.150993570559823
1.1527935081180734
1.1491965465965386
1.1456108563861749
1.1456108561893585
1.1438222376053848
1.1456108538216738
1.1420364113569703
1.145610847792931
1.1438222352730985
1.142036409248878
1.1420364112937
1.142036403620731
1.1402533713886642
1.14025337328134
1.1456108385196893
1.1456108306185708
1.143822220223528
1.1456108336900557
1.1420363944773557
1.1384731190257158
1.1384731190747797
1.1366956442441134
1.1384731173389926
1.134920944597329
1.131379860539662
1.1313798600092384
1.129613460397949
1.131379859479646
1.1278498181013303
1.1313798589507404
1.1296134593379312
1.1278498170413074
1.1278498175708944
1.127849816512461
1.1260889282840063
1.1260889293440361
1.131379858422314
1.1313798578944296
1.1296134582806876
1.1313798573680298
1.1278498159841481
1.1243307898270145
1.1243307892965664
1.1225753952579058
1.1243307887669762
1.1208227413509677
1.1313798568451223
1.129613457226263
1.12784981492962
1.1278498154563095
1.1278498144058937
1.1260889261723281
1.1260889272269248
1.1243307866553347
1.1243307871822137
1.1225753931409113
1.1243307877099662
1.1208227392340184
1.1208227397621302
1.1243307882381721
1.1243307861308804
1.1225753920862762
1.1208227381794078
1.120822738706379
1.1208227376543403
1.1190728206553178
1.1190728217098784
1.1225753941978578
1.1208227402909086
1.1208227408205078
1.1190728227667215
1.1190728238267917
1.1313798563270745
1.1313798558100392
1.1296134561844475
1.1313798552800813
1.1278498138869324
1.1313798547166392
1.1296134551399009
1.1278498128445564
1.1278498133704364
1.1278498122888474
1.1260889240882825
1.1260889251287667
1.1313798541158397
1.1313798535339639
1.1296134539823033
1.131379853119424
1.127849811693868
1.1243307856109062
1.1243307850944961
1.1225753910409972
1.1243307845720323
1.1208227371333046
1.1173256384111383
1.1173256378806682
1.1155811808300329
1.1173256373510565
1.1138394467890318
1.1173256368222888
1.1155811797699404
1.1138394457289298
1.113839446258556
1.1138394452001594
1.112100430825306
1.1121004318854162
1.1173256362942516
1.1173256357667394
1.1155811787131655
1.1173256352397631
1.113839444672176
1.1103641312362806
1.1103641307058019
1.1086305379031183
1.1103641301761633
1.1068996362183001
1.1636517391156085
1.1654713648600845
1.1636515705363122
1.1672938359936729
1.1636516096747003
1.1691191569671004
1.1672936675099246
1.1672937066312086
1.1654712354568164
1.169119027649716
1.1672936967533762
1.163651599782526
1.1709473322398005
1.1727783662777052
1.1709471638572162
1.1746122635468907
1.1709472029659715
1.1636516014674427
1.1654712272605858
1.163651600425493
1.1672936984466031
1.1636516000326225
1.1764490285060707
1.174612095240405
1.1746121342827252
1.1727782370287518
1.1764488991901931
1.1746121243270593
1.1709471930870234
1.1746121259144457
1.1727782287221822
1.1709471936171711
1.1709471947391585
1.170947193119103
1.1691190179137068
1.1691190194622618
1.1764488909254975
1.1746121248751433
1.1746121247632177
1.1727782271746632
1.1764488905192427
1.1746121249166164
1.1709471925510428
1.1672936974022274
1.1672936969753844
1.165471225824382
1.1672936963522669
1.1636515994827348
1.178288665609021
1.180131179332454
1.1782884973137229
1.181976574231935
1.1782885362780573
1.183824854989426
1.181976406210254
1.1819764456150619
1.1801310501817905
1.183824727187349
1.1819764365428607
1.1782885264401683
1.1856760263683002
1.1875300929914272
1.1856758591329952
1.1893870589716031
1.1856758990841127
1.17828852845446
1.1801310431240881
1.1782885281595976
1.1819764391619438
1.1782885287137685
1.16365159894514
1.1654712246644685
1.1636515983565117
1.167293695737997
1.1636515977373278
1.1691190167218442
1.1672936951793589
1.1672936948602604
1.1654712234776814
1.1691190165324843
1.1672936949455779
1.1636515971649106
1.1709471922800128
1.1727782270553164
1.1709471924138413
1.174612125361831
1.1709471928501873
1.1636515968057464
1.1654712231974766
1.1636515968387702
1.1672936953698017
1.1636515972421333
1.1912469276481927
1.1893868905700322
1.1893869274605915
1.187529964821079
1.1912467905955153
1.1893869123132272
1.1856758893381767
1.1893869065333316
1.1875299493548952
1.1856758829142642
1.1856758890354446
1.1856758750166132
1.1838247118355434
1.1838247201213727
1.1912467693218882
1.1893868996101835
1.1893869014472496
1.1875299343291132
1.1912467880908295
1.1893869181211336
1.1856758681526713
1.1819764383705889
1.1819764362157894
1.180131042943086
1.1819764308031364
1.1782885285381437
1.189386952487602
1.187529951955609
1.1856758850170315
1.1856758690887443
1.1856759192034643
1.1838247127897557
1.1838246967423185
1.181976430752374
1.1819764156590997
1.1801310200285613
1.181976415534769
1.1782885057163397
1.178288513356309
1.181976422785017
1.1819764646907016
1.180131034393645
1.1782885192087198
1.1782885050179432
1.178288552816987
1.1764488807000253
1.1764488681008305
1.1801310354921237
1.1782885213524437
1.1782885265006984
1.1764488838958402
1.1764488908451036
1.191246867913784
1.189386998355371
1.1893870394777708
1.187530032546644
1.191246922061227
1.189387054272491
1.1856759659502067
1.1893870262774713
1.1875300902813297
1.1856760255540895
1.1856760088811442
1.1856759982657048
1.1838248555643243
1.1838247940387046
1.1912468235618139
1.1893869554515804
1.189386863070212
1.187529991161604
1.191246656003866
1.1893867850307336
1.1856759261604557
1.1819765122910728
1.181976557100707
1.1801311161934045
1.1819765757925722
1.1782886012387324
1.174612125328299
1.1746121235182576
1.1727782275138714
1.174612118628123
1.1709471929220454
1.1746121106950347
1.172778221065141
1.1709471867290002
1.1709471913439715
1.1709471788962014
1.1691190111489438
1.1691190170831058
1.1746121026910505
1.1746121011568986
1.1727782050031856
1.174612114377052
1.1709471705603645
1.1672936955336142
1.1672936941840715
1.1654712238172897
1.167293689861129
1.1636515974847903
1.193109701869473
1.1949753851438336
1.1931095283742754
1.1968439834000884
1.1931095598990915
1.1987155062612713
1.196843813299743
1.196843855263033
1.194975244280066
1.1987154038029066
1.196843864195876
1.1931095446558475
1.2005899663026858
1.2024673754446367
1.200589822176362
1.2043477394937794
1.2005898954307148
1.1931095493194086
1.1949752578374166
1.1931095662192128
1.196843900867349
1.1931096008071376
1.206231053889408
1.2043476085589284
1.204347684796994
1.2024673264988233
1.2062309559271194
1.2043476832771634
1.200589929346283
1.20434765578278
1.2024673637500796
1.2005899770323445
1.2005899676584875
1.2005899476226738
1.1987155221316363
1.198715474978289
1.206230852605905
1.2043475893468443
1.2043475074545562
1.2024672671433931
1.2062307048934227
1.204347439880226
1.2005898805162192
1.1968439444264116
1.1968439822575276
1.1949753364672973
1.1968439936474724
1.1931096457535306
1.2081173042686613
1.2100064734365863
1.2081171173351795
1.2118985524159729
1.2081171331993332
1.2137935496542362
1.211898291098574
1.2118982591513685
1.210006225693701
1.2137932673431724
1.2118981855483857
1.2081170576586147
1.2156914930311409
1.217592417558485
1.2156912644987588
1.21949633762795
1.2156912772436577
1.2081169804803389
1.2100060745159653
1.2081169146079604
1.211898164047062
1.2081168901012573
1.1931096851424516
1.194975387201503
1.1931096981875347
1.1968439645465583
1.1931096695903498
1.1987154250877718
1.196843896236226
1.1968438092830183
1.1949752894048844
1.1987152682173121
1.1968437368033162
1.1931096000309145
1.2005897960907588
1.2024671151791169
1.2005897261492122
1.2043474142900406
1.2005896995310197
1.1931095104309497
1.1949751273374802
1.1931094352563898
1.1968437090982245
1.1931094063930263
1.1636515963576186
1.1654712184086695
1.1636515923416124
1.1672936821672026
1.1636515848263809
1.1691189948926914
1.1672936735372215
1.1672936703109427
1.1654712020379412
1.1691190037238797
1.167293681380662
1.1636515759457573
1.1709471681817152
1.1727782157563964
1.1709471803617464
1.1746121475641447
1.1709472130270142
1.1636515718755027
1.1654712088770407
1.1636515817650452
1.167293713413292
1.163651613043497
1.1764489629270627
1.1746121967653522
1.174612245541529
1.172778298267498
1.1764490326958208
1.1746122687413991
1.1709472629543254
1.174612244343494
1.1727783725124095
1.1709473395311267
1.1709473138156943
1.1709473164137707
1.1691191653267012
1.1691190863535765
1.176448932392939
1.1746121683694
1.1746120632863963
1.1727782721170512
1.1764487393832828
1.1746119717150054
1.1709472391623321
1.1672937639998984
1.167293817010362
1.165471291434835
1.1672938454351307
1.1636516642068178
1.1782886479970327
1.1801311817263849
1.1782886688602994
1.1819765493284966
1.1782886433537394
1.1838247559239368
1.181976475935068
1.1819763775430134
1.1801310816840929
1.1838245764013313
1.181976293194396
1.1782885686684827
1.1856758308522424
1.1875298177948537
1.185675749761098
1.18938675493001
1.1856757183354598
1.178288467022857
1.1801308956260939
1.1782883791891678
1.181976260346579
1.17828834481069
1.163651719424879
1.16547137539923
1.1636517507685995
1.167293823794314
1.1636517308283865
1.1691190650389514
1.1672937452879002
1.16729363271472
1.1654712754574725
1.1691188567045923
1.1672935327897282
1.1636516511032853
1.1709471304425625
1.1727780716977851
1.170947034851932
1.1746119356843474
1.170946997032325
1.1636515344409282
1.1654710586480896
1.16365142982719
1.1672934930264445
1.1636513879441877
1.1068996356878165
1.1086305368429912
1.1068996351581641
1.1103641296473765
1.1068996346293614
1.1121004297685602
1.1103641291194177
1.1103641285921402
1.1086305357862436
1.11210042871437
1.110364128065347
1.1068996341014095
1.1138394441447854
1.1155811776587625
1.1138394436178722
1.117325634714212
1.1138394430919876
1.1068996335742198
1.1086305347322938
1.1068996330475789
1.1103641275392793
1.1068996325214706
1.119072819608422
1.1173256341921203
1.117325633674679
1.1155811766104309
1.119072818572675
1.1173256331568617
1.113839442568914
1.1173256326224137
1.1155811755753922
1.1138394415338384
1.1138394420504825
1.1138394410052692
1.1121004266294992
1.1121004276648545
1.1190728174592364
1.1173256320511222
1.1173256314518674
1.1155811744773128
1.119072816333818
1.117325630913835
1.1138394404433174
1.110364127015349
1.110364126495722
1.1086305336818922
1.1103641259794883
1.106899631996852
1.1208227366165593
1.1225753900034463
1.1208227360967937
1.1243307840238317
1.120822735555739
1.1260889229447293
1.1243307834358092
1.1243307828395295
1.1225753888747168
1.1260889218833703
1.1243307823560102
1.1208227349756745
1.1278498111033473
1.129613452962627
1.1278498106525465
1.1313798530621018
1.1278498105340966
1.1208227343764792
1.1225753877780802
1.1208227338638208
1.1243307821776798
1.1208227336270262
1.1068996314759083
1.108630532645317
1.1068996309593546
1.1103641254558818
1.1068996304396796
1.1121004255463691
1.1103641249035157
1.1103641243126177
1.1086305315762222
1.1121004243841823
1.11036412373676
1.106899629896939
1.1138394398468585
1.1155811733299057
1.1138394392875939
1.117325630620076
1.1138394389386486
1.1068996293143574
1.1086305304068267
1.10689962872689
1.1103641233351025
1.1068996282750614
1.1331490157529136
1.1313798533851704
1.1313798535952082
1.1296134531751214
1.133149014621829
1.131379852417373
1.1278498108104933
1.131379848095038
1.1296134523594237
1.127849810135828
1.1278498110714779
1.1278498062527964
1.1260889214412968
1.1260889219857027
1.1331490015874501
1.1313798397879213
1.1313798300876319
1.1296134401485718
1.133148989951084
1.1313798273370677
1.127849798354276
1.1243307824018358
1.1243307826969566
1.122575387766624
1.1243307819773785
1.1208227337943724
1.1313798447613121
1.1296134269410998
1.1278497844542055
1.127849788500904
1.127849799532369
1.1260888955736204
1.1260889100965445
1.1243307560025242
1.1243307612006705
1.1225753769904196
1.1243307710735904
1.1208227235589059
1.1208227305274496
1.1243307785195311
1.1243307686620359
1.1225753614496918
1.1208227076290176
1.1208227137911253
1.1208227178792778
1.1190727902587554
1.1190728064976927
1.1225753874524087
1.1208227335813974
1.1208227341093915
1.1190728160856915
1.1190728162056853
1.1331490576903125
1.131379893182077
1.1313799678092873
1.1296134907537057
1.1331491984544295
1.1313800374920873
1.1278498460973636
1.1313800508889176
1.1296136385741007
1.1278499973651834
1.1278499219839633
1.1278500179578361
1.1260891095327556
1.1260889549140285
1.1331491246837806
1.1313799675562475
1.1313797992502481
1.1296135729358987
1.1331487915319025
1.1313796245902417
1.127849936544167
1.1243308129140104
1.1243308895177853
1.1225754158176011
1.124330970746064
1.1208227593558384
1.1173256307263193
1.1173256310489976
1.1155811730822975
1.117325630691739
1.113839438979201
1.1173256280178827
1.1155811731261043
1.113839439094651
1.113839439297844
1.1138394367808764
1.1121004241946668
1.1121004240143813
1.1173256215312493
1.1173256119684976
1.1155811643851932
1.117325605059825
1.1138394307657522
1.1103641233050294
1.1103641236066206
1.1086305299125496
1.110364123542893
1.106899628167652
1.1349209447372641
1.1366956427532762
1.134920943291824
1.1384731121343712
1.1349209385256045
1.140253356920041
1.1384731031970605
1.1384730941847525
1.136695628960466
1.1402533489949156
1.1384730942883818
1.1349209298688727
1.142036385975485
1.1438222143429972
1.1420363875633632
1.1456108589878085
1.1420364111556314
1.134920920452347
1.136695619101416
1.1349209190985423
1.1384731159940968
1.1349209387426775
1.1474023282155565
1.1456109110341863
1.1456109777452235
1.1438222906767166
1.14740244131873
1.145611027429712
1.1420364627744708
1.1456110207269368
1.1438224104254107
1.142036585932356
1.1420365317142815
1.1420365832083021
1.140253549582814
1.1402534229658743
1.1474023486899831
1.1456109362935227
1.145610794826709
1.143822320979933
1.147402078519352
1.145610659483674
1.1420364983965974
1.138473166896535
1.1384732379474807
1.1366956902193501
1.1384732970146008
1.1349209885946396
1.1491966110126601
1.1509936772744285
1.149196656471834
1.1527934949818182
1.1491966463234533
1.1545960564388058
1.1527934120239562
1.1527932814563522
1.1509935821825126
1.1545958101663794
1.1527931601425667
1.1491965625300642
1.1564013941842046
1.1582095708648876
1.156401278936293
1.160020646167033
1.1564012321784105
1.1491964266953913
1.1509933244587889
1.149196298715446
1.1527931105611477
1.1491962459942013
1.134921061571128
1.1366958238708609
1.1349211257998113
1.138473298892102
1.1349211330085571
1.1402534641991897
1.1384732140518588
1.138473060093693
1.136695743627445
1.1402531655647037
1.1384729074270017
1.1349210486077372
1.1420363508999016
1.143822037227869
1.1420362073776094
1.1456106032483997
1.1420361471807632
1.134920887723141
1.1366954286082902
1.1349207247581683
1.1384728427267952
1.1349206548898216
1.1068996284352541
1.1086305301999926
1.1068996284966075
1.1103641215783004
1.1068996268890694
1.1121004162720842
1.1103641160245454
1.1103641070030466
1.1086305230909148
1.1121003994665535
1.1103640991773815
1.1068996218250216
1.1138394214667415
1.1155811477504036
1.113839414024909
1.1173256130249616
1.113839419966729
1.1068996130947815
1.1086305062087218
1.106899604903921
1.1103641034609844
1.106899607754979
1.1190728392712428
1.1173256513178211
1.117325726920499
1.1155811912572866
1.119073005352214
1.117325819424146
1.113839454838827
1.1173258695824821
1.1155813608463245
1.1138396252199714
1.1138395282568225
1.1138396886096775
1.1121006080168363
1.1121004377096055
1.1190729791460046
1.1173258030380224
1.117325599772655
1.1155813556604954
1.119072548410828
1.1173253559494865
1.1138396329245503
1.1103641350347258
1.1103642050279257
1.1086305398937015
1.1103643042178346
1.1068996365002866
1.1208228359425287
1.1225755766750123
1.1208229229885402
1.1243309997205286
1.1208229617396057
1.126089054113935
1.124330921390622
1.1243307366801967
1.1225755341338077
1.1260886781569042
1.1243305330597946
1.1208228881198115
1.1278497602995168
1.1296132195991833
1.1278495722296364
1.1313795487261524
1.1278494893247555
1.1208226944155637
1.1225751326189144
1.1208224725130576
1.1243304417821038
1.1208223711855272
1.106899702453386
1.1086307067701782
1.1068997999197148
1.1103643822359155
1.1068998898689477
1.112100630743197
1.1103643446855669
1.1103641196726994
1.1086307682114973
1.1121001220569908
1.110363805155174
1.1068998848432865
1.1138394192711591
1.1155808906770677
1.1138391478817704
1.1173252426879512
1.1138390221418706
1.1068996644501605
1.1086301808656405
1.1068992070155539
1.1103636796769867
1.1068991631234626
1.2175924175584898
1.2156914930311524
1.2156912644987639
1.2137935496542545
1.213793267343177
1.2118985524159966
1.2118982910985914
1.2100062256937179
1.2118982591513794
1.2081171331993559
1.2081170576586313
1.2118981855483901
1.2100064734366165
1.2081173042686963
1.2081171173352077
1.2062310538894458
1.206230955927147
1.21000607451597
1.208116980480349
1.2081169146079649
1.2062308526059211
1.2062307048934273
1.2043477394938245
1.2043476085589688
1.2024673264988663
1.20434768479703
1.2005898954307652
1.2005899293463287
1.2043476832771938
1.1987154749783373
1.2005899676585288
1.2005899770323802
1.2024673637501129
1.198715522131674
1.2005899476227035
1.2043476557828048
1.1968439008674046
1.1968439444264622
1.1949753364673505
1.1968439822575732
1.1931096008071977
1.1931096457535866
1.1968439936475128
1.2043475893468625
1.2024672671434145
1.2043475074545689
1.2005898805162432
1.2043474398802334
1.2024673754446935
1.2005899663027548
1.2005898221764222
1.1987155062613535
1.198715403802969
1.1968439834001814
1.1968438132998263
1.1949752442801502
1.1968438552631067
1.1931095598991872
1.1931095446559328
1.1968438641959398
1.1949753851439362
1.1931097018695853
1.1931095283743793
1.191246927648314
1.19124679059562
1.1949752578374824
1.1931095493194852
1.1931095662192812
1.1912467693219768
1.1912467880909001
1.2024671151791244
1.2005897960907748
1.2005897261492198
1.198715425087796
1.1987152682173194
1.19684396454659
1.19684389623625
1.1949752894049082
1.1968438092830345
1.1931096695903818
1.1931096000309382
1.1968437368033236
1.194975387201544
1.1931096851425003
1.1931096981875755
1.19124686791384
1.1912469220612674
1.1949751273374878
1.1931095104309652
1.1931094352563973
1.1912468235618374
1.1912466560038735
1.1893870589717337
1.1893868905701552
1.1875299648212039
1.1893869274607063
1.1856758990842464
1.1856758893383033
1.189386912313334
1.1838247201215009
1.1856758890355628
1.1856758829143743
1.187529949355004
1.1838247118356557
1.1856758750167153
1.18938690653343
1.181976439162081
1.181976438370718
1.1801310429432168
1.181976436215911
1.1782885287139089
1.178288528538276
1.1819764308032503
1.1893868996102732
1.1875299343292047
1.1893869014473304
1.1856758681527646
1.189386918121206
1.1764488908452373
1.1782885265008232
1.178288521352561
1.1801310354922392
1.1764488838959593
1.1782885133564176
1.1819764227851226
1.1782885057164398
1.1801310200286594
1.1819764156591874
1.1819764155348658
1.1819764307524536
1.1838247127898334
1.1838246967424135
1.1764488681009317
1.1782885050180343
1.1782885192088028
1.1801310343937264
1.1764488807001103
1.1782885528170626
1.1819764646907736
1.1856758690888285
1.1856758850171074
1.1875299519556832
1.1856759192035327
1.1893869524876668
1.1746121253619743
1.1746121253284345
1.172778227514009
1.174612123518386
1.1709471928503343
1.1709471929221849
1.174612118628243
1.1691190170832466
1.1709471913441032
1.1709471867291241
1.172778221065263
1.1691190111490695
1.1709471788963168
1.1746121106951466
1.1672936953699513
1.1672936955337558
1.1654712238174332
1.1672936941842065
1.1636515972422856
1.1636515974849355
1.167293689861256
1.174612102691154
1.172778205003291
1.1746121011569932
1.1709471705604715
1.174612114377139
1.1893869983554284
1.1875300325467033
1.1893870394778214
1.1856759659502676
1.189387054272533
1.1838247940387676
1.1856760088811984
1.1856760255541348
1.1875300902813737
1.1838248555643718
1.1856759982657423
1.189387026277505
1.1819765122911372
1.1801311161934707
1.1819765571007643
1.1782886012388003
1.1819765757926213
1.189386955451606
1.1875299911616315
1.1893868630702298
1.1856759261604854
1.189386785030743
1.1875300929915693
1.185676026368455
1.18567585913314
1.1838248549895956
1.1838247271874955
1.1819765742321178
1.1819764062104245
1.180131050181962
1.1819764456152209
1.1782885362782416
1.1782885264403404
1.1819764365430085
1.1801311793326499
1.1782886656092288
1.1782884973139192
1.1764490285062887
1.1764488991903899
1.1801310431242373
1.1782885284546207
1.1782885281597482
1.1764488909256712
1.176448890519395
1.1746122635471203
1.1746120952406238
1.172778237028971
1.1746121342829334
1.1709472029662016
1.170947193087243
1.1746121243272563
1.1691190194624816
1.1709471947393673
1.1709471936173688
1.1727782287223794
1.1691190179139048
1.1709471931192894
1.1746121259146314
1.167293698446834
1.1672936974024477
1.1654712258246027
1.1672936969755936
1.1636516000328545
1.1636515994829562
1.1672936963524654
1.1746121248753179
1.1727782271748382
1.174612124763381
1.170947192551218
1.1746121249167691
1.1727783662779419
1.1709473322400457
1.1709471638574542
1.1691191569673558
1.1691190276499541
1.1672938359939375
1.1672936675101813
1.1654712354570744
1.1672937066314568
1.163651609674968
1.1636515997827857
1.1672936967536165
1.1654713648603572
1.1636517391158923
1.1636515705365895
1.161834954318084
1.1618348248402115
1.1654712272608265
1.1636516014676928
1.1636516004257338
1.1618348166265449
1.1618348151815088
1.172778227055471
1.170947192280178
1.1709471924139976
1.169119016722021
1.1691190165326417
1.1672936957381852
1.1672936951795374
1.1654712234778608
1.167293694860429
1.1636515977375188
1.1636515971650918
1.1672936949457369
1.1654712246646686
1.1636515989453513
1.1636515983567133
1.161834814123158
1.1618348129966143
1.1654712231976374
1.1636515968059182
1.1636515968389323
1.1618348117993293
1.1618348114273256
1.1875298177948634
1.1856758308522615
1.1856757497611077
1.1838247559239665
1.1838245764013406
1.1819765493285361
1.1819764759350972
1.1801310816841224
1.181976377543033
1.178288643353779
1.178288568668512
1.1819762931944053
1.1801311817264342
1.1782886479970915
1.178288668860349
1.1764489629271306
1.1764490326958703
1.1801308956261032
1.1782884670228762
1.1782883791891767
1.1764489323929679
1.1764487393832916
1.1746121475642224
1.1746121967654202
1.1727782982675663
1.1746122455415877
1.170947213027092
1.1709472629543933
1.1746122687414484
1.1691190863536443
1.1709473138157525
1.1709473395311758
1.1727783725124588
1.1691191653267503
1.1709473164138098
1.1746122443435332
1.1672937134133696
1.1672937639999663
1.165471291434903
1.1672938170104206
1.1636516130435748
1.1636516642068857
1.16729384543518
1.1746121683694293
1.1727782721170807
1.1746120632864154
1.1709472391623614
1.1746119717150143
1.1727782157564834
1.1709471681818115
1.1709471803618334
1.1691189948927987
1.1691190037239672
1.1672936821673194
1.167293673537328
1.1654712020380478
1.1672936703110393
1.1636515848264977
1.1636515759458637
1.167293681380749
1.1654712184087965
1.163651596357755
1.1636515923417388
1.1618348120938962
1.1618348072170586
1.1654712088771273
1.163651571875599
1.1636515817651318
1.1618347908185782
1.1618347956038706
1.1727780716977942
1.170947130442582
1.1709470348519408
1.1691190650389807
1.1691188567046016
1.1672938237943535
1.16729374528793
1.1654712754575023
1.1672936327147396
1.1636517308284255
1.1636516511033146
1.1672935327897374
1.1654713753992794
1.1636517194249376
1.1636517507686484
1.1618348778712246
1.1618349670996357
1.165471058648099
1.1636515344409477
1.1636514298271994
1.161834867788333
1.1618346418812853
1.1600210060317646
1.1600208373563743
1.1582097602748131
1.1600208765163293
1.1564014716942919
1.1564014617887421
1.1600208666173182
1.1545959981332432
1.1564014634710609
1.1564014624187626
1.1582097520548444
1.1545959966736978
1.156401462012484
1.1600208682992066
1.152793351633802
1.152793350579929
1.1509935181091375
1.1527933501728391
1.1491964960887318
1.1491964955283502
1.1527933496138392
1.1600208672485097
1.1582097505975857
1.1600208668457737
1.1564014614546174
1.160020866295599
1.1474022786388205
1.1491964950047928
1.1491964944733657
1.1509935170265981
1.1474022775773824
1.1491964939443693
1.1527933490912319
1.1491964934154546
1.150993515967102
1.1527933480342953
1.152793348560794
1.1527933475114251
1.1545959945428454
1.1545959955931329
1.147402276519172
1.1491964928882474
1.1491964923646747
1.1509935149167885
1.1474022754678543
1.149196491846261
1.1527933469938163
1.1564014609350282
1.156401460411459
1.158209749527618
1.15640145989489
1.1600208657860551
1.1456108635485007
1.1456108630156232
1.1438222442956947
1.1456108624855852
1.1420364186411618
1.1420364181098068
1.1456108619557557
1.1402533800986185
1.1420364175794124
1.1420364170497215
1.1438222432354967
1.1402533790385345
1.14203641652055
1.1456108614265021
1.1384731264401506
1.1384731259088698
1.1366956511942692
1.1384731253784541
1.1349209521465577
1.1349209516152698
1.138473124848808
1.1456108608977016
1.1438222421775008
1.1456108603702022
1.1420364159918148
1.1456108598459056
1.160020865265286
1.1582097484912537
1.1600208647262553
1.1564014593769205
1.1600208641463632
1.15459599350811
1.1564014588421156
1.1564014582695494
1.1582097473779491
1.1545959924064166
1.1564014576572252
1.1600208635298057
1.152793346476816
1.1509935138820846
1.1527933459460815
1.1491964913297932
1.1527933453806578
1.1600208629448776
1.1582097461731466
1.1600208625483153
1.1564014570624104
1.1600208625274049
1.1331490228391106
1.134920951084847
1.134920950555229
1.1366956501342191
1.133149021779075
1.1349209500262405
1.1384731243197324
1.1349209494976926
1.136695649076588
1.138473123263256
1.1384731237910826
1.1384731227377238
1.1402533769276912
1.1402533779807162
1.1331490207216324
1.1349209489698033
1.1349209484437848
1.1366956480229349
1.1331490196675076
1.134920947921752
1.1384731222166105
1.142036415464116
1.1420364149391617
1.1438222411252568
1.1420364144189763
1.145610859326629
1.1349209474044613
1.1366956469843836
1.1384731211803314
1.1384731216998984
1.1384731206404228
1.1402533748272976
1.1402533758905373
1.1420364122486744
1.1420364128353653
1.143822239017744
1.1420364133810361
1.1456108571403574
1.1456108577343622
1.1420364139026171
1.142036411638822
1.1438222378174636
1.1456108560149159
1.1456108565309366
1.1456108557794251
1.1474022714322047
1.147402272146035
1.1438222400892522
1.1456108582862528
1.1456108588103628
1.147402273351966
1.1474022744326877
1.1331490186273743
1.1349209468864019
1.1349209463517438
1.1366956459284165
1.1331490175776433
1.1349209457804688
1.1384731200613576
1.1349209451751272
1.13669564474616
1.13847311889743
1.1384731194529367
1.138473118565939
1.1402533727795183
1.1402533736350349
1.1331490164070375
1.1349209446048656
1.134920944230109
1.1366956438293254
1.1331490154354888
1.1349209442347163
1.1384731186325308
1.1420364111013557
1.1420364108164076
1.143822237029735
1.1420364109439958
1.145610855965796
1.1491964908026318
1.1491964902441305
1.1509935127912723
1.14919648964329
1.1527933447736451
1.149196489036385
1.1509935115824508
1.1527933437087459
1.1527933441715486
1.1527933435786664
1.1545959906475631
1.1545959911978532
1.149196488545265
1.149196488361619
1.150993510948037
1.1491964886032533
1.1527933438707527
1.1564014566312042
1.1564014565556455
1.1582097457107015
1.1564014568921728
1.1600208629013111
1.1313798610710903
1.1313798605397922
1.1296134603980694
1.1313798600093594
1.1278498186327477
1.1278498181014411
1.1313798594797575
1.1260889293441374
1.1278498175709961
1.1278498170413997
1.1296134593380334
1.1260889282840894
1.1278498165125441
1.1313798589508428
1.1243307903584197
1.1243307898271069
1.1225753952579887
1.124330789296649
1.1208227418823578
1.120822741351041
1.1243307887670495
1.1313798584224068
1.1296134582807706
1.1313798578945136
1.1278498159842218
1.1313798573681049
1.1190728238268552
1.1208227408205715
1.1208227402909627
1.1225753941979213
1.1190728227667661
1.1208227397621755
1.124330788238236
1.120822739234054
1.1225753931409566
1.1243307871822594
1.1243307877100208
1.1243307866553724
1.1260889261723754
1.1260889272269887
1.1190728217099046
1.1208227387064063
1.1208227381794265
1.1225753920863046
1.1190728206553273
1.120822737654351
1.1243307861309098
1.1278498154563743
1.127849814929676
1.1296134572263283
1.1278498144059415
1.131379856845189
1.117325638942511
1.1173256384111925
1.1155811808300777
1.1173256378807133
1.1138394473203865
1.1138394467890675
1.117325637351092
1.1121004318854433
1.113839446258582
1.1138394457289467
1.115581179769967
1.112100430825314
1.1138394452001674
1.1173256368223148
1.1103641317676154
1.110364131236298
1.1086305379031267
1.1103641307058094
1.1068996367496147
1.1068996362182988
1.110364130176162
1.1173256362942687
1.1155811787131737
1.1173256357667483
1.1138394446721747
1.1173256352397631
1.131379856327132
1.129613456184495
1.1313798558100867
1.1278498138869706
1.1313798552801186
1.126088925128796
1.1278498133704646
1.1278498128445746
1.1296134551399286
1.1260889240882916
1.127849812288856
1.1313798547166667
1.1243307856109253
1.1225753910410075
1.1243307850945055
1.1208227371333057
1.1243307845720314
1.131379854115858
1.1296134539823124
1.1313798535339736
1.127849811693867
1.1313798531194235
1.1600208632089046
1.1582097464015066
1.1600208622953851
1.1564014572501824
1.160020858598644
1.15459599134034
1.156401456539017
1.1564014531707447
1.1582097420573039
1.1545959875235705
1.1564014461344805
1.160020851302629
1.1527933442643048
1.150993511621309
1.1527933437416142
1.1491964890174797
1.1527933407072755
1.1600208422208693
1.1582097257242845
1.1600208373183643
1.1564014369072038
1.1600208459595245
1.1474022720658272
1.1491964886669517
1.1491964859677273
1.1509935083202403
1.1474022692618786
1.1491964795677778
1.1527933339703744
1.1491964702396666
1.1509934924189191
1.1527933181668961
1.1527933246591426
1.1527933241226511
1.154595971895981
1.1545959713548255
1.1474022537336195
1.149196463013523
1.1491964675464166
1.1509934908032613
1.1474022499677785
1.1491964943697197
1.1527933522973801
1.1564014311936965
1.1564014385217094
1.1582097284053594
1.156401467882422
1.1600208763511044
1.1456108563862324
1.1438222376054328
1.1456108561894065
1.1420364113570085
1.1456108538217133
1.1402533732813689
1.1420364112937293
1.142036409248898
1.1438222352731287
1.1402533713886753
1.142036403620742
1.1456108477929607
1.138473119025735
1.136695644244123
1.1384731190747899
1.1349209445973294
1.1384731173389944
1.1456108385197088
1.1438222202235377
1.1456108306185802
1.1420363944773562
1.1456108336900552
1.1600209279900988
1.1582098101325662
1.1600209854662504
1.1564015198745465
1.1600210199552956
1.15459605279883
1.156401579647909
1.156401617526154
1.1582099049053551
1.1545961534005933
1.1564016017962953
1.1600210019725605
1.152793404495077
1.1509935705598333
1.15279346658895
1.149196546596539
1.1527935081180734
1.160020921082897
1.1582098065647703
1.1600208000744097
1.1564015198191662
1.1600206903713033
1.1582098898285738
1.1564016012868827
1.1564014325131295
1.1545961359918913
1.1545960063601521
1.152793489535695
1.1527933206619512
1.150993527806433
1.1527933598645408
1.1491965057916875
1.1491964958717271
1.1527933499518062
1.1509936575172963
1.1491966355425758
1.1491964665672207
1.1474024192242749
1.1474022894330398
1.1509935195718652
1.1491964975533135
1.149196496497399
1.1474022811908564
1.1474022797244485
1.1456110041819811
1.1456108351033598
1.1438222561692415
1.1456108743500817
1.1420364305237745
1.1420364205891014
1.145610864422816
1.1402533847961074
1.1420364222700248
1.1420364212101362
1.1438222479193687
1.140253383322532
1.1420364207982492
1.1456108661040658
1.1384731311444964
1.1384731300826059
1.1366956554916843
1.138473129669118
1.1349209564506926
1.1349209558834907
1.138473129103613
1.145610865046165
1.1438222464493855
1.145610864635867
1.142036420234433
1.145610864073737
1.143822386042122
1.1420365604379534
1.1420363912544147
1.1402535230095479
1.1402533930537535
1.1384732694037867
1.138473100113678
1.1366956652343685
1.1384731394060594
1.1349209661991428
1.1349209562493652
1.1384731294638821
1.1366957952743495
1.1349210962816993
1.1349209268833582
1.1331491680930645
1.1331490379676221
1.1366956569688678
1.1349209579296857
1.1349209568657836
1.133149029694187
1.1331490282133805
1.143822245360317
1.1420364197075075
1.1420364191729049
1.1402533822301195
1.1402533811620885
1.1384731285750274
1.1384731280387586
1.1366956533245494
1.1384731275053324
1.134920954280199
1.1349209537454672
1.1384731269722637
1.13669565439591
1.1349209553532325
1.1349209548152914
1.1331490271142326
1.1331490260395225
1.1366956522576919
1.134920953211679
1.134920952678696
1.1331490249693354
1.1331490239025457
1.1313800063824222
1.1313798368742511
1.129613476618469
1.1313798762138116
1.1278498348690826
1.1278498249038025
1.1313798662563306
1.1260889383703299
1.1278498265835784
1.1278498255156193
1.1296134683370038
1.126088936882227
1.1278498250973086
1.131379867936374
1.1243307993982041
1.1243307983281978
1.1225754038830695
1.1243307979082662
1.1208227505208943
1.1208227499468444
1.12433079733594
1.1313798668704504
1.129613466852561
1.1313798664537513
1.127849824526697
1.1313798658848473
1.1190728324295716
1.1208227494098457
1.120822748865154
1.1225754027737325
1.119072831341354
1.1208227483233273
1.1243307968006366
1.120822747781871
1.1225754016889091
1.1243307957175062
1.1243307962576408
1.1243307951777388
1.1260889346948586
1.1260889357763002
1.119072830257707
1.1208227472413723
1.1208227467016911
1.1225754006086435
1.119072829177507
1.1208227461628586
1.1243307946389265
1.1278498239930808
1.1278498234517749
1.1296134657500287
1.1278498229133258
1.1313798653529128
1.1173256475586726
1.117325647012275
1.1155811894315448
1.1173256464687504
1.1138394559352962
1.1138394553904427
1.1173256459255994
1.112100440486838
1.1138394548465542
1.1138394543034895
1.1155811883445055
1.1121004393998648
1.1138394537612788
1.117325645383409
1.1103641403824533
1.1103641398376871
1.1086305465045156
1.1103641392937789
1.1068996453644475
1.106899644819687
1.1103641387507186
1.1173256448420386
1.1155811872609243
1.1173256443015194
1.1138394532199127
1.1173256437618435
1.1313798648132913
1.1296134646719573
1.131379864276523
1.127849822375242
1.1313798637401185
1.1260889336179627
1.1278498218381108
1.1278498213017918
1.1296134635984219
1.126088932544492
1.1278498207663166
1.1313798632046637
1.1243307941009286
1.1225753995318128
1.124330793563777
1.1208227456248654
1.1243307930274629
1.1313798626700176
1.1296134625283005
1.1313798621362108
1.1278498202316758
1.1313798616032331
1.1296136068305156
1.1278499651249563
1.127849795505249
1.1260890769602998
1.1260889466598472
1.1243309380376525
1.1243307683034423
1.1225754136723758
1.1243308076916882
1.120822760316583
1.1208227503350607
1.1243307977186427
1.1225755440632246
1.1208228907467723
1.12082272090564
1.1190729738056253
1.1190728433451853
1.1225754053748218
1.1208227520144143
1.1208227509424367
1.1190728350376271
1.119072833542325
1.1173257889858537
1.1173256190316714
1.115581201453002
1.1173256584827604
1.1138394679675971
1.1138394579638682
1.1173256484923484
1.1121004452967092
1.11383945965052
1.1138394585717117
1.1155811931396933
1.112100443792328
1.113839458146518
1.1173256501705269
1.1103641451848207
1.1103641441228436
1.1086305509083818
1.1103641436934368
1.1068996497605441
1.106899649198664
1.110364143113882
1.1173256490961703
1.1155811916392748
1.1173256486731056
1.1138394575689343
1.1173256480973648
1.115581332107686
1.1138395990935313
1.1138394284607966
1.1121005857048627
1.1121004536547607
1.1103642857606286
1.110364114776388
1.1086305605020739
1.1103641536303832
1.1068996563324922
1.1068996502471335
1.1103641435351679
1.1086306836992992
1.106899732517972
1.1068996240485707
1.1086305523549425
1.1068996510808997
1.1068996502153252
1.1155811905231712
1.1138394570286088
1.1138394564805254
1.1121004426722498
1.1121004415772844
1.1103641425712238
1.1103641420215002
1.1086305486887014
1.1103641414745946
1.1068996475519768
1.106899647003806
1.1103641409280478
1.1086305497871383
1.1068996486522584
1.1068996481008715
1.1086305475948945
1.1068996464565273
1.1068996459100613
1.1296134614615165
1.127849819697869
1.1278498191648931
1.1260889314743747
1.126088930407593
1.124330792491986
1.124330791957346
1.1225753973882289
1.12433079142354
1.1208227440159217
1.1208227434812819
1.124330790890565
1.1225753984583462
1.1208227450877128
1.1208227445513987
1.11907282810068
1.1190728270272134
1.1225753963214489
1.1208227429474764
1.1208227424145027
1.1190728259570961
1.1190728248903177
1.1173256432230092
1.1173256426850169
1.1155811851039013
1.117325642147864
1.1138394516008825
1.1138394510628902
1.1173256416115498
1.1121004361592641
1.1138394505257372
1.1138394499894226
1.1155811840304342
1.112100435085797
1.1138394494539456
1.1173256410760726
1.1103641360481107
1.1103641355101184
1.1086305421769458
1.1103641349729654
1.10689964103011
1.106899640492117
1.1103641344366506
1.1173256405414322
1.1155811829603168
1.1173256400076272
1.1138394489193053
1.1173256394746547
1.1155811861807279
1.1138394526793927
1.1138394521397164
1.112100438316287
1.1121004372360903
1.1103641382085065
1.110364137667141
1.1086305443339683
1.1103641371266209
1.1068996431905056
1.1068996426491398
1.1103641365869446
1.108630545417546
1.106899644275778
1.1068996437327177
1.108630543253772
1.1068996421086195
1.1068996415689432
1.1155811818935395
1.1138394483855003
1.1138394478525284
1.1121004340156795
1.1121004329489024
1.1103641339011738
1.1103641333665335
1.108630540033361
1.110364132832728
1.1068996388831729
1.1068996383485326
1.1103641322997566
1.1086305411034783
1.1068996399549644
1.1068996394186499
1.1086305389665836
1.106899637814727
1.1068996372817548
1.1582095708648872
1.1564013941842042
1.156401278936292
1.1545960564388054
1.154595810166379
1.1527934949818177
1.1527934120239558
1.1509935821825117
1.1527932814563517
1.1491966463234529
1.1491965625300633
1.1527931601425663
1.1509936772744283
1.1491966110126604
1.1491966564718339
1.147402328215557
1.14740244131873
1.1509933244587889
1.149196426695391
1.149196298715446
1.1474023486899823
1.1474020785193515
1.1456108589878085
1.1456109110341868
1.143822290676717
1.1456109777452237
1.1420364111556314
1.1420364627744712
1.1456110274297115
1.1402534229658747
1.1420365317142818
1.1420365859323565
1.1438224104254107
1.140253549582814
1.1420365832083008
1.1456110207269359
1.1384731159940966
1.1384731668965355
1.136695690219351
1.1384732379474811
1.1349209387426775
1.13492098859464
1.1384732970146003
1.1456109362935214
1.1438223209799316
1.145610794826708
1.142036498396596
1.1456106594836735
1.1438222143429968
1.142036385975485
1.1420363875633628
1.1402533569200415
1.1402533489949152
1.1384731121343723
1.138473103197061
1.1366956289604664
1.138473094184753
1.1349209385256054
1.1349209298688732
1.1384730942883814
1.1366956427532773
1.134920944737265
1.1349209432918252
1.133149015752914
1.1331490146218304
1.1366956191014155
1.134920920452347
1.1349209190985423
1.1331490015874506
1.133148989951084
1.1438220372278685
1.1420363508999003
1.142036207377609
1.1402534641991884
1.1402531655647032
1.1384732988921011
1.1384732140518574
1.1366957436274436
1.1384730600936919
1.134921133008556
1.134921048607736
1.1384729074270012
1.1366958238708609
1.1349210615711285
1.1349211257998113
1.1331490576903132
1.1331491984544297
1.1366954286082895
1.1349208877231396
1.1349207247581674
1.1331491246837788
1.1331487915319012
1.1313798530621013
1.1313798533851709
1.1296134531751214
1.131379853595209
1.1278498105340966
1.1278498108104937
1.1313798524173744
1.126088921985703
1.1278498110714783
1.1278498101358294
1.129613452359425
1.1260889214412981
1.1278498062527973
1.131379848095039
1.1243307821776796
1.1243307824018363
1.1225753877666245
1.1243307826969575
1.1208227336270258
1.1208227337943726
1.1243307819773798
1.1313798397879218
1.129613440148572
1.131379830087632
1.1278497983542763
1.131379827337068
1.1190728162056858
1.1208227341093928
1.1208227335813987
1.1225753874524096
1.1190728160856929
1.1208227305274505
1.124330778519532
1.120822723558906
1.12257537699042
1.1243307612006705
1.1243307710735908
1.1243307560025246
1.1260888955736208
1.1260889100965445
1.1190728064976931
1.1208227137911253
1.1208227076290176
1.1225753614496923
1.1190727902587558
1.1208227178792787
1.1243307686620363
1.127849788500904
1.1278497844542057
1.1296134269411002
1.1278497995323695
1.1313798447613126
1.117325630620076
1.1173256307263197
1.1155811730822984
1.117325631048999
1.1138394389386486
1.113839438979202
1.1173256306917398
1.112100424014382
1.1138394392978452
1.1138394390946527
1.1155811731261056
1.1121004241946681
1.1138394367808773
1.1173256280178832
1.1103641233351023
1.1103641233050303
1.10863052991255
1.1103641236066217
1.1068996282750616
1.1068996281676524
1.1103641235428943
1.1173256215312497
1.1155811643851932
1.1173256119684976
1.1138394307657524
1.117325605059825
1.1313798931820778
1.1296134907537063
1.1313799678092882
1.1278498460973645
1.1313800374920873
1.1260889549140294
1.1278499219839642
1.1278499973651832
1.1296136385741011
1.1260891095327556
1.1278500179578357
1.131380050888917
1.1243308129140113
1.122575415817602
1.1243308895177853
1.120822759355839
1.124330970746064
1.1313799675562461
1.1296135729358974
1.1313797992502463
1.1278499365441657
1.1313796245902408
1.129613452962627
1.1278498111033475
1.1278498106525467
1.1260889229447284
1.12608892188337
1.1243307840238304
1.1243307834358087
1.1225753888747163
1.1243307828395293
1.1208227355557376
1.120822734975674
1.1243307823560102
1.1225753900034454
1.1208227366165593
1.1208227360967928
1.1190728196084228
1.119072818572674
1.1225753877780802
1.1208227343764792
1.1208227338638208
1.119072817459236
1.119072816333818
1.1173256347142126
1.1173256341921207
1.1155811766104313
1.1173256336746786
1.1138394430919882
1.1138394425689147
1.1173256331568604
1.112100427664855
1.1138394420504822
1.1138394415338375
1.1155811755753913
1.1121004266294983
1.1138394410052679
1.1173256326224126
1.1103641275392802
1.1103641270153493
1.1086305336818927
1.110364126495722
1.1068996325214715
1.106899631996853
1.1103641259794874
1.1173256320511213
1.1155811744773123
1.117325631451867
1.113839440443317
1.1173256309138346
1.115581177658762
1.113839444144785
1.1138394436178718
1.1121004297685593
1.11210042871437
1.1103641296473752
1.110364129119417
1.1086305357862432
1.1103641285921395
1.1068996346293603
1.106899634101409
1.1103641280653471
1.1086305368429898
1.1068996356878151
1.1068996351581628
1.1086305347322938
1.1068996335742196
1.1068996330475795
1.1155811733299053
1.113839439846858
1.1138394392875934
1.1121004255463682
1.1121004243841819
1.1103641254558805
1.1103641249035143
1.1086305315762208
1.1103641243126168
1.106899630439678
1.1068996298969376
1.1103641237367592
1.108630532645316
1.1068996314759083
1.1068996309593535
1.1086305304068265
1.1068996293143563
1.1068996287268897
1.1296132195991824
1.1278497602995157
1.1278495722296356
1.1260890541139337
1.1260886781569033
1.1243309997205277
1.1243309213906212
1.1225755341338068
1.1243307366801956
1.1208229617396053
1.1208228881198103
1.1243305330597937
1.122575576675012
1.120822835942529
1.1208229229885398
1.1190728392712441
1.119073005352214
1.1225751326189135
1.1208226944155624
1.1208224725130567
1.1190729791460035
1.119072548410827
1.1173256130249625
1.117325651317822
1.115581191257288
1.1173257269204995
1.1138394199667299
1.1138394548388284
1.117325819424146
1.1121004377096064
1.1138395282568232
1.1138396252199714
1.115581360846324
1.1121006080168359
1.1138396886096769
1.1173258695824808
1.1103641034609848
1.1103641350347266
1.1086305398937024
1.1103642050279263
1.10689960775498
1.1068996365002879
1.1103643042178346
1.1173258030380215
1.1155813556604945
1.1173255997726543
1.1138396329245497
1.117325355949486
1.1155811477504038
1.113839421466741
1.1138394140249093
1.1121004162720842
1.112100399466554
1.1103641215783009
1.1103641160245457
1.1086305230909153
1.110364107003046
1.1068996268890703
1.106899621825022
1.1103640991773815
1.108630530199994
1.1068996284352552
1.1068996284966088
1.1086305062087218
1.106899613094781
1.106899604903921
1.1155808906770672
1.1138394192711587
1.11383914788177
1.1121006307431962
1.1121001220569906
1.1103643822359146
1.1103643446855664
1.1086307682114964
1.110364119672699
1.1068998898689473
1.106899884843286
1.110363805155174
1.1086307067701782
1.1068997024533873
1.1068997999197152
1.1086301808656405
1.1068996644501603
1.1068992070155539
