1.0
2.718281828459045
7.38905609893065
2.718281828459045
1.0157477085866555
1.0317434074990415
1.0479910020165337
1.0644944589177217
1.0812578074488735
1.0982851403076306
1.1155806146422553
1.1331484530665703
1.1509929446908633
1.1691184461691326
1.1875293827626696
1.2062302494204873
1.2252256118767502
1.2445201077654728
1.264118447752776
1.2840254166869813
1.3042458747668058
1.3247847587279593
1.3456470830484282
1.3668379411727356
1.3883625067554857
1.4102260349244866
1.4324338635637688
1.4549914146168046
1.4779041954102516
1.5011777999985436
1.5248179105296524
1.5488302986323612
1.5732208268253807
1.5979954499486582
1.6231602166172248
1.6487212706979386
1.6746848528096288
1.701057301846283
1.727845056525083
1.7550546569582592
1.7826927462498168
1.8107660721174332
1.8392814885398718
1.8682459574303616
1.8976665503363064
1.9275504501657847
1.957904952941211
1.9887374695806412
2.0200555277071026
2.051866773486444
2.0841789734940974
2.117000016611269
2.1503379159509604
2.184200810814349
2.218596968677947
2.2535347872120863
2.289022796331155
2.325069660276156
2.3616841797300285
2.3988752939663014
2.436652083031583
2.4750237699624087
2.5139997230370006
2.553589458062503
2.593802640698213
2.6346490888154124
2.6761387748943672
2.7610885385500192
2.80456935623706
2.8487348971701305
2.8935959441713863
2.939163449867742
2.9854485393648247
3.0324625129632152
3.080216848917335
3.128723206237741
3.1779934275378277
3.2280395419249506
3.2788737679373328
3.330508516527185
3.3829563940907774
3.4362302055462264
3.490342957459775
3.54530786122128
3.601138336269713
3.657848013369462
3.715450737938221
3.773960573427285
3.833391804755083
3.8937589417947764
3.95507672291678
4.0173601185870735
4.080624335022168
4.144884817901644
4.210157256139144
4.276457585712747
4.343801993555673
4.41220692150825
4.481689070332113
4.552265403788025
4.623953152776323
4.696769819544925
4.7707331819620595
4.845861297856629
4.9221725094269795
4.999685447719037
5.078419037175022
5.158392500253744
5.239625362123705
5.322137455430055
5.405948925136681
5.491080233444464
5.577552164787093
5.6653858309054295
5.75460267600191
5.845224481975989
5.937273373742158
6.030771824631585
6.1257426618789355
6.222209072195489
6.320194607430121
6.419723190319343
6.520819120327948
6.623507079581633
6.727812138893015
6.833759763882552
6.941375821195883
7.050686584819039
7.161718742493116
7.274499402230011
7.2744994022304095
7.161718742493826
7.050686584820082
6.941375821197258
6.833759763884259
6.7278121388949605
6.623507079583777
6.520819120330275
6.41972319032227
6.320194607433559
6.222209072199533
6.125742661883566
6.030771824636571
5.9372733737476135
5.845224481981822
5.7546026760081075
5.665385830912099
5.577552164794249
5.491080233452196
5.405948925144973
5.322137455438795
5.239625362132875
5.158392500263329
5.0784190371849105
4.999685447729121
4.922172509437248
4.845861297867154
4.770733181972836
4.696769819555882
4.623953152787453
4.552265403799542
4.481689070344026
4.412206921519593
4.3438019935664585
4.276457585722993
4.210157256148861
4.14488481791085
4.080624335030872
4.017360118595288
3.955076722924524
3.893758941802058
3.833391804761918
3.773960573433682
3.7154507379441952
3.657848013375022
3.60113833627487
3.545307861226048
3.4903429574641627
3.4362302055502467
3.382956394094438
3.3305085165305015
3.2788737679403095
3.228039541927598
3.177993427540161
3.1287232062397616
3.0802168489190573
3.032462512964711
2.985448539366101
2.9391634498688046
2.893595944172242
2.848734897170755
2.8045693562374603
2.7610885385502164
2.6761387748945142
2.634649088815673
2.593802640698597
2.5535894580630085
2.513999723037629
2.475023769963124
2.436652083032372
2.398875293967158
2.361684179731106
2.325069660277421
2.2890227963326426
2.25353478721379
2.2185969686797815
2.184200810816356
2.150337915953106
2.117000016613549
2.08417897349655
2.0518667734890768
2.020055527709947
1.988737469583692
1.9579049529444257
1.927550450169158
1.8976665503398324
1.8682459574339991
1.8392814885435815
1.8107660721212107
1.7826927462536888
1.7550546569622238
1.727845056529114
1.7010573018503772
1.6746848528138656
1.648721270702321
1.6231602166213979
1.5979954499526259
1.57322082682915
1.548830298635936
1.524817910533039
1.5011778000017455
1.477904195413274
1.4549914146196534
1.4324338635664475
1.410226034927001
1.388362506757839
1.3668379411749336
1.3456470830504736
1.3247847587298565
1.30424587476856
1.2840254166885954
1.264118447754255
1.2445201077668195
1.2252256118779705
1.2062302494215826
1.1875293827636433
1.1691184461699908
1.150992944691607
1.1331484530672036
1.1155806146428053
1.0982851403080998
1.0812578074492643
1.0644944589180365
1.0479910020167635
1.0317434074991885
1.015747708586728
2.776941915939468
2.7083324553710693
1.676633995438586
2.7136870623883684
4.465636125042476
1.6479345386284534
1.2992863510140067
2.1155002661537416
2.115421068823916
2.711341628839268
2.7062423475232404
2.1591504695572095
2.1204338302063146
2.7070964764428593
1.654238792751266
2.112210005653873
2.7094998943688946
3.5191595447503445
4.486400814208004
3.5109842909195583
5.7093027995965775
3.504185888554762
4.475023532917184
3.485751025158663
3.4855425244438125
1.2843983011756808
1.1416284735755853
1.4550634610176605
1.4557175621915843
1.6491870626477092
1.6474007802222947
1.476507505689893
1.8683384617591416
1.8680538054344382
2.1212651595906076
1.8707467342961461
2.3957496308639596
2.399999102181854
1.867366117636314
2.117598105310658
2.3989940613481746
2.3999733264362484
2.7135620833677727
2.7104217833577584
2.1134749372773562
1.9029718144978416
2.3937844782140627
2.3958496605530675
2.7102622218526538
2.706225448822048
2.449202537821181
2.3980896035218757
2.700516128427175
2.1200199451723805
2.3896803151579116
1.8676340663740563
2.4057895060954326
2.7001627606132472
1.6510732056333293
1.8615420792486495
1.8629772213960933
2.1081630501684483
1.65121563035681
1.861890599420186
2.388664421847807
1.4545149015925412
1.2858798726276457
1.4496000692207183
2.4007924457579186
2.7003583962938498
2.1211254326666995
2.392045469605904
2.7041584455013212
3.1044499406711292
3.4955351836631925
3.098098134129228
3.990278823509306
3.1018894610815773
4.482817287930876
3.9676492826792025
3.9708782634386
3.5060115908072564
4.480560411715524
3.97021215438305
3.0971042220700076
5.107350427447803
5.746713176280594
5.092234419716265
6.459559219245614
5.04800735559119
3.099813785685714
3.492917974027467
3.0945950648677054
3.953391680058912
3.1132746416714236
5.754001736220635
5.064960083938431
5.075261237294674
4.4774313348413886
4.4797577213064095
3.9474634952037797
3.951660704576685
3.483576238782881
3.94720993807222
3.0797528391243256
3.072028035918005
3.950825513843294
3.481525857850686
3.074169937801665
3.0713593437434836
3.4869604013656383
3.0763505203365593
3.0758834352243136
1.1337893820491196
1.0685124802287609
1.2068422633186473
1.2071461169714346
1.284915023141021
1.2836470553397406
1.2182064017750225
1.3675329932308284
1.3677496039431247
1.4581578690751709
1.3700723219115791
1.5482360895560272
1.5508506806181792
1.3668361342636293
1.4559994360252784
1.5496179306196938
1.5506739048954565
1.6498635871012124
1.6493919229622098
1.4535708049590053
1.3851834316841676
1.5478008094205462
1.5481883955346598
1.6488511187815955
1.6468539359525993
1.5734633219988083
1.7559471249655467
1.756225752852628
1.8723138483638764
1.759151184371584
1.9879744094932217
1.9902520999741498
1.7557666508477814
2.120859140388336
1.9974464610410076
1.9897659026521288
1.8756559196062526
2.1177289185567387
1.991043502853953
1.757824851684758
2.251145579554529
2.254007024285572
2.402065047123524
2.2595839709258314
2.5495286125571273
2.5544930183117387
2.25293903133774
1.7548993278450764
1.8706424501518122
1.7573746498136278
1.9895550625051517
1.754093878659416
1.8695402825636396
1.9897488090740523
1.9911047069272692
2.1184667799066412
2.117861053889153
2.2546807388081067
2.2550385040989562
2.404098459654742
2.258794752402972
2.5526012575953594
2.5569159176267995
2.255614850677648
2.400537234488433
2.554880275821858
2.5566200369451586
2.7144682853153395
2.7140758909688056
2.398997561069508
2.551756895378827
2.555321099396724
2.713404773584732
2.7129264595720164
1.865736687011446
1.7862442422213198
1.9855970326234873
1.987536132244939
2.115463958196954
2.1143861244410926
2.0270368530092124
2.2493843893142866
2.2519849978186466
2.400998460302593
2.2546254069071914
2.5475061566873256
2.5537684259254547
2.25231737589408
2.395892223644826
2.551557415895611
2.5520192799002475
2.710709655542126
2.709601929758205
2.3957688539451247
2.299588249066288
2.547618580863717
2.55233501094703
2.710252866096952
2.708058102745257
2.6082985016471643
2.5488676580462712
2.6949349831983014
2.3986796918253734
2.5401250151171437
2.249367495832014
2.555489151509577
2.692216329575304
2.11683423928479
2.242412992062709
2.2440167675894527
2.388019723289948
2.1156059964191387
2.2412941911155873
2.541797352738324
1.9850618791531702
1.8680936194763018
1.978250405404853
1.751809167183899
1.9902162552748401
2.548485070782835
2.6941354936817907
2.396723899664826
2.53933548703632
2.2586529173662893
2.5621240169067585
2.692406821300634
1.648592163217909
1.746392998566607
1.747643520468384
1.8597928897788467
1.6476409008919108
1.7461481732206776
1.9802179176600712
1.7505322275766322
1.8591344814514759
1.9836041604784036
1.9843346512551752
1.983338929875682
2.1104166045486634
2.1093056596010458
1.6493891875141964
1.7475210340369198
1.748210947461109
1.8609066560509935
1.6536906576857264
1.7540760420631507
1.9804144543908144
2.245743376388133
2.2421388906040907
2.3920001190841362
2.244924067819416
2.5459158187520616
1.545967745999262
1.4548727739657217
1.5406629843540571
1.3643103678618673
1.549983612889322
1.2839251992517704
1.3600943769327114
1.3611956903555291
1.4484103604764331
1.285076375347526
1.362758508789033
1.5416830189390685
1.2040243267205288
1.1334846433112027
1.201171629789798
1.5461218042141005
1.4575747568873778
1.5458472995083354
2.5483996916856455
2.6978218663211564
2.3992960362165077
2.5410935702679947
2.252277876995759
2.5579640319505
2.6933601586693454
2.117562294700459
2.243376391175791
2.246003284385295
2.3891633428656
2.1274995619249424
2.256650548929578
2.543054753984615
1.986082906517748
1.8755951954485925
1.9893187576524207
2.551566212390635
2.6955146845982867
2.4124129736943027
2.5586204727084745
2.715458581687786
2.9152136380556977
3.085605710174846
2.9106854342196966
3.3067162067705453
2.9134827605148086
3.4958089822165572
3.2940335506428537
3.2931505148989104
3.0944565424480555
3.491820962628907
3.2908200993575014
2.909234315307903
3.7341290758216017
3.9537689491412165
3.726761049521406
4.248590016383369
3.7476374848023255
2.912512158599778
3.083978634242831
2.9092648432858743
3.304400813983142
2.910658233926549
4.490786682772816
4.231290078755027
4.221485024365647
3.9743576807030676
4.483681690473331
4.228158023640105
3.732536413231503
4.226452885863912
3.973817152547687
3.728648741387717
3.730347277129333
3.730892899209695
3.5017244002331696
3.50557061792827
4.4819582967988545
4.223925075772466
4.220609923401305
3.9678602936329908
4.473149742636492
4.216586310773817
3.7266299998850587
3.2916331241441874
3.291858304738361
3.09200673949705
3.2883938720970534
2.9067744385052867
4.790133925238471
5.073202231340291
4.783107243442561
5.4406343827198045
4.79298288745569
5.752053386029579
5.419160954233528
5.413274307890431
5.0896335333133695
5.728643428503236
5.398693840725367
4.781719226646105
6.13895534978959
6.483113210044005
6.110867743414575
6.87207649595347
6.072946230268241
4.7867702490421005
5.060694083564481
4.771179075622031
5.368509779559047
4.747809335129823
2.9118441900039844
3.081417435276731
2.9062002905789868
3.3022524909295816
2.9087343406119768
3.4922127900317674
3.290392649719184
3.2902369482676637
3.0909052134989032
3.494289986864758
3.2944545678274437
2.905887595721503
3.7320041555215377
3.9527225274381825
3.727522728320902
4.2014891819369335
3.7215201349477596
2.908542358940499
3.0870507899144712
2.9113874546604626
3.30177742652646
2.940442400161677
6.530938493064006
6.119477583762863
6.135082102697899
5.753847004872746
5.767217570340878
5.391169495889156
5.40402838506339
5.078041359587587
5.401029134054945
4.75902044624015
4.766779000399392
5.417953294316064
5.072679175085893
4.76114146373429
4.762671747027211
4.480101187139432
4.47525324500168
5.093464619378221
4.764646864328119
4.7850605155421455
4.480195148154582
4.498216768666822
4.201359835339497
4.2079918882425105
3.955626284642421
4.204398039927602
3.709360525796826
3.7140428052083885
4.200690057307696
3.49071429403613
3.70060618375992
3.708609585213011
3.932116033201842
3.485088207580133
3.7087112363118173
4.201191501578162
3.2762393346275154
3.2768376786967917
3.0785044743252117
3.2688650833904935
2.8961522465406158
2.8886052880268425
3.270305835407895
4.20718122693069
3.9529644143796387
4.2046803772589865
3.7104577344841543
4.225899447912585
3.950363843269204
3.702787584009487
3.7086164315118877
3.4854705329087237
3.4837325455629546
3.2709566265637697
3.272698393537274
3.074302593004359
3.268062517986923
2.890219395543903
2.88442895466045
3.2700233935169463
3.070718246043781
2.885036179961557
2.8819329414535186
3.0712794917443436
2.884510876568764
2.8822348511581977
3.972552184886403
3.7088412145340834
3.7316707602466255
3.487354480186196
3.507091999923177
3.273056707954602
3.274456252620136
3.0759809591485006
3.273058423063679
2.8924952981815144
2.8860077696387876
3.293525199306777
3.071775253095391
2.8849572502779823
2.882995155199028
3.094023591625196
2.888521968535156
2.9039254556158536
1.064893390612515
1.0304000226375
1.0993402284510263
1.0993198034839615
1.134948031314066
1.1341306935215045
1.103134889737937
1.1702955616540631
1.1709852066689455
1.2087740028158656
1.17124698540416
1.2448972900856257
1.2460109452587833
1.17033044748838
1.2081419975174215
1.2457739818891786
1.2476093030424553
1.2860726784361036
1.287223851779765
1.2078651340375046
1.1780719321161062
1.2450636585550465
1.2469108130093143
1.2854952107179942
1.2866151927557437
1.2565150809379642
1.3261216657625727
1.3268766199543638
1.3696891583100514
1.327573797454618
1.4106488114543363
1.4109954668654572
1.3269671751071828
1.4565965812318646
1.4159363764295954
1.4135014595256448
1.3720368041865494
1.4573201504103306
1.4125871542302773
1.326647672737613
1.5010461666909034
1.501093323806076
1.5498490459854084
1.5049891233531012
1.5971886891944649
1.5978537724888908
1.502339903667532
1.3253183140595208
1.3682945203598789
1.3261529164055914
1.4109296387735575
1.3278059256952637
1.3690047387276976
1.4116469089207517
1.4137274596373142
1.457311278042511
1.458602418433106
1.5026927161783896
1.5035482577893662
1.5520552095353848
1.5043244314666815
1.5984775704930332
1.5998503107895474
1.5048624937781199
1.5512856027321775
1.5996055117311108
1.6019631614288365
1.6513500211233332
1.6528298624969238
1.5528246192739676
1.5996152531176002
1.6024800364886023
1.6505849565276713
1.6530572751579808
1.3704605566376062
1.3401857140129048
1.4098088874429275
1.41477335306132
1.4562362456220108
1.45979176446098
1.4283613049336337
1.501479025342384
1.5017960218454975
1.5501399823091684
1.5018367889589257
1.5966535853553245
1.597853848836043
1.5064596865854054
1.5506243798380979
1.5993915077232992
1.600703035676868
1.6488307297410092
1.6515179091019165
1.5547687850442995
1.5227007019432177
1.597115924340879
1.6049627267166304
1.6485047573768963
1.655965864879611
1.6222756887533987
1.702773927075324
1.7037433070774863
1.7587156689274934
1.7046386076558728
1.8113089321813773
1.8117539496009114
1.703863129006948
1.870306953113547
1.8180991515555607
1.8149738429079054
1.7617313988122796
1.8712426788907046
1.8137399042455513
1.7034174120431276
1.9273814111715553
1.927441917165841
1.9900540495314325
1.9324578990411792
2.0508273675093243
2.0504015332278085
1.9279861738839958
1.701735825401067
1.7570300639183858
1.7042825827152124
1.81080841352713
1.7039806092775995
2.1170801951744957
2.059817189035461
2.0544565472598064
1.9941967255304949
2.118863409817466
2.060465516429863
1.9326917191308293
2.056134580308205
1.9970722478155307
1.9332036335717189
1.9341984555188203
1.9307194630821938
1.8748409557140442
1.8725486914003815
2.1198277331289153
2.0563030096863635
2.053222151895665
1.993102615324005
2.1169689039756348
2.052740927216007
1.9282676529305394
1.816779274709035
1.8140962368246494
1.7616925636151874
1.8118428546695595
1.702121073555138
2.1824458274033063
2.1819706750718764
2.2530854032059207
2.1887850975005545
2.3224154866503985
2.3215289631586167
2.1840091533094745
2.3971489820039613
2.3328758645359313
2.3280819634677545
2.259385051587958
2.400703974677616
2.329218085692042
2.1885374380902896
2.471656483750306
2.4707005497808643
2.5513224818786426
2.479101153542371
2.6301254819068927
2.6303071832071048
2.4750836677199963
2.18455279998586
2.255776374704279
2.1859616756202658
2.3262381204218956
2.1824283699914377
1.7001324069199737
1.7555315056012302
1.7035802849342532
1.8092604052753116
1.7025628733060745
1.8684828387170906
1.8165986664234777
1.8137024643512576
1.7604341561927832
1.8699388720731438
1.8119701510422268
1.701639799296645
1.926234328242126
1.9893602311959402
1.9306934883405162
2.05156928075011
1.92771809606523
1.6995809094699075
1.7547688481439936
1.7016976400376542
1.8094878148739415
1.7088517078184569
1.7578368805164257
1.8125905105010391
1.81526199100772
1.87122472104515
1.8728825791912833
1.9294956410467037
1.9305941782312064
1.9928783371430523
1.9315908049090722
2.052485828523522
2.054248461900883
1.9322816930482904
1.9918901424506807
2.0539341337374166
2.056961415873073
2.120375398971423
2.1222755529078787
1.9938662813835886
2.053946641698171
2.057625001367171
2.119393035233506
2.1225465532355314
2.186405001239164
2.187649709799995
2.258235619618224
2.188799298497977
2.3257667060845115
2.326338119612579
2.1878035642059075
2.40152165244972
2.334485519923884
2.3304724274649065
2.2621078927966245
2.4027096440824764
2.3288749683310197
2.1872312509715135
2.4748064247726145
2.4748839673776173
2.555260043163512
2.4813109644569757
2.6331188654331803
2.6341230531768334
2.476928821652458
2.1850720908147743
2.256059259481825
2.1883221773818704
2.326416994279267
2.1896500642129215
2.2571072329687407
2.3274122853442103
2.330842534127969
2.402700095728062
2.4048288243473737
2.477521291695777
2.478931667825927
2.558897069637408
2.480211412445936
2.635234901344954
2.637420853847126
2.481098471412257
2.557632991682485
2.63723036238561
2.640913503966197
2.7210374688314456
2.7225257447747824
2.5601657927050328
2.6370916755313267
2.641757260427279
2.718148073938282
2.7232010818971375
2.2592991580441213
2.326675290574433
2.331432376294539
2.401262643970867
2.404870914906348
2.4754052035292897
2.4764793316017135
2.5563893618332845
2.4788366134115565
2.6321093924311585
2.6348901302071805
2.480780275425267
2.556517293742563
2.6367290346495436
2.6387964673196453
2.7151406972147685
2.7202757595865217
2.559565289782588
2.6358442419617054
2.6409416636612546
2.7155849115895796
2.7223485891693313
1.7636183936550371
1.7288681400330481
1.8094351107306772
1.8205066444289653
1.867705158085288
1.8782748903792665
1.8414811775958841
1.9261183376027828
1.9262040169091015
1.9883582775461208
1.9279407296390692
2.04832449895712
2.0496375713086312
1.9381565807316923
1.9896641032168687
2.051886439740313
2.0539022319916307
2.1176682744936883
2.1190964691399747
2.000159386468508
1.9621128747722785
2.0504646280158934
2.0645855466343344
2.114760061063502
2.130024919763957
2.0895778639550233
2.1819975826830147
2.184057475890728
2.254542991495099
2.185755889878293
2.320482211757593
2.3225730790501427
2.1845923386468753
2.3977302351221494
2.331408144546595
2.327177475434002
2.258809746544676
2.3993885553410346
2.324725905294791
2.18308859900596
2.469661148116474
2.471034578575173
2.5514030240826715
2.478210892395519
2.628064384119198
2.630229684372692
2.4736006495120213
2.180369458170189
2.2513322336564583
2.1850031397787726
2.3216097799685027
2.197882767241442
2.2526700207727073
2.3237044419052983
2.325517273735679
2.4010335734221337
2.3994540850899364
2.4753041065835966
2.476224930147339
2.5559383783006835
2.4754860461894515
2.631847787022629
2.634368029979224
2.4757394199640625
2.554831268994251
2.634185580841856
2.637225307153103
2.711343097332092
2.718760601272309
2.5548168542672336
2.6325595304207994
2.6364239469563095
2.7150774335924197
2.717817468840666
2.268172143439725
2.2260992173544665
2.3234481451531863
2.341192220535092
2.3964489817124006
2.415316875250605
2.3704135396850914
2.471267894096706
2.471588043943189
2.5514891806841575
2.4758120356291506
2.627963556383114
2.629902693582581
2.4921579648125842
2.553158268885788
2.633553597349624
2.635409363360763
2.71126297661748
2.7169006562609255
2.571729162395531
2.5250477078837648
2.6329314709560876
2.6540639641736963
2.710004295765092
2.734671836087801
2.6899892392568683
2.6277653353242503
2.69123040193561
2.5498359671728723
2.624569159475694
2.4665554993421255
2.6301983635771338
2.68818361015094
2.3954779940187594
2.4656863018138493
2.4632395444889466
2.5448709120685695
2.3968252176065086
2.4649041925070785
2.6308981383416277
2.3174100159997044
2.2502030013175043
2.314390195077733
2.1767281336504913
2.319231436520797
2.624144646160114
2.6906279142124276
2.5485434204654958
2.624179873385307
2.472712225281728
2.6361756375590484
2.689381339309545
2.114002148450979
2.175963116982115
2.1738461317402358
2.245873540106073
2.1153407056844276
2.1760585492981876
2.3216525110573043
2.1771464772237348
2.242637351039077
2.3163451958587595
2.314411041477726
2.3151162196376758
2.3882335740112035
2.3933011287171135
2.1184934871260372
2.1778804078554845
2.1731208243025764
2.2462036141740853
2.1151968988066248
2.175976300686653
2.3200316053562666
2.473692749898788
2.46399524171
2.5517449939682075
2.466996880965903
2.6372710615496047
2.0451077157577524
1.9857975003032862
2.0424556015760293
1.9209557914472115
2.0469767236305856
1.865600137914754
1.92027828934726
1.9183727471156966
1.981933671197565
1.8666493531646733
1.919669211868526
2.047436033349892
1.8048007351860154
1.7524598594981315
1.802448896323957
1.6952375750225956
1.8062192591837327
2.0420697702331356
1.984790484051326
2.0421431830971146
1.9257506879646575
2.0514800246574536
2.626586939235496
2.6958646102942767
2.5489810491239315
2.623462964051572
2.465755371909422
2.6297696255397103
2.6872052306248424
2.396501621571929
2.4656669057536797
2.4620159477987524
2.5445450822560085
2.398039141844156
2.467132578663361
2.630494530023891
2.31414801302928
2.2498834158860603
2.3153401029622716
2.186000826758364
2.3279130071816523
2.6238964753016023
2.690193831693286
2.550769882020301
2.62697753763858
2.4799941391411218
2.6424598965232002
2.693135115664818
1.6463865286306434
1.6946417794584334
1.6929930700042446
1.7490880719565096
1.6474289986535182
1.6947161083858826
1.8081047976589382
1.6955634970971485
1.7465678053266922
1.8039726995988643
1.8024652019826966
1.8030350486235731
1.859981701791297
1.8639048676310477
1.64988463868889
1.6961370858755058
1.6924634198810566
1.7493753227841922
1.647431478562679
1.6952581299574436
1.8072368304728526
1.9265153191485151
1.9189840966695626
1.987329459265692
1.921680813790037
2.0538218808560993
1.6986622838657977
1.7472944058972835
1.8048022497683331
1.802343899632179
1.8057125584255267
1.8601061379814614
1.8604515977195746
1.9221912689806677
1.9255151641425674
1.9815936581443796
1.922979247410591
2.044623622447191
2.0454296174851563
1.9205145116868607
1.9222292424725964
1.981638072251743
2.0470398330803112
2.046549807689683
2.0463552410028383
2.1105247226181065
2.1076198561116852
1.9787133406871145
2.0432005584868946
2.0442090796594687
2.106463402399812
2.116529884492603
1.6533746800660767
1.6992546681622147
1.6939142070621447
1.7523363540416579
1.6470416976825655
1.6945302095535064
1.8101257867990994
1.6959629393077242
1.7464648108781917
1.8041095352051988
1.8037192748833224
1.8037442295672133
1.86022899477515
1.8648365277961267
1.6516942970554307
1.6986331846335823
1.7003222693768145
1.7520897303212832
1.6640260004466847
1.7138396520119046
1.8097683308319508
1.9262577967661483
1.9200762251390164
1.9861679876943843
1.9217241781924688
2.0511259407933213
2.187161853686666
2.176435499159522
2.2558011551997055
2.177018899350697
2.330903625918432
2.174677241552512
2.2435061020391895
2.3173243207864305
2.3181410728002962
2.3137769928925955
2.389194011507519
2.4017057324851514
2.177929297232305
2.1768952157108616
2.2466593912083335
2.1800944836923364
2.320495876239618
2.4815303714414494
2.4681589947296283
2.55910238352554
2.468137498736339
2.644240944859705
1.5927314905005467
1.5465406482612747
1.590666021949978
1.4960418746309414
1.5941870763860242
1.4529308483241006
1.4955142355553763
1.494030198926966
1.5435314962948166
1.4537479823925095
1.4950398948349868
1.5945448088348533
1.40558022605462
1.3648171120113934
1.4037486149301284
1.320252357823958
1.4066849983061895
1.5903660158657185
1.5457566467397403
1.590432989458641
1.4997761627648831
1.597894644017725
1.2822071439803078
1.319788437474493
1.3185055630207398
1.3621913148852378
1.2830246083554653
1.3198562689069355
1.4081537340457602
1.3205850999314959
1.360241628061429
1.4049558727454046
1.4037636190998013
1.4043620457469084
1.4485707129042091
1.4516110061202987
1.2852914893499285
1.3215881261216245
1.3209941670853866
1.3631454242361083
1.2905924479244102
1.3293003790176936
1.4080453089936875
1.500371012262229
1.4944927920280253
1.5477018355878742
1.4963530785302663
1.5984369441610582
1.2404208188968804
1.2044486716848284
1.2388161983018002
1.1651306361924196
1.2415854947590987
1.1315987911712457
1.1648438564890995
1.1645772685974212
1.202281528248647
1.1358214679580714
1.1697611440662472
1.2420786686984981
1.0950744821746468
1.0643766328684001
1.0963175351475676
1.2404307356345
1.2096818678875292
1.2462468662423882
1.591826285742116
1.546082695619402
1.5900581577974482
1.4958540652224852
1.5943977253593697
1.4546285027545571
1.4970463752026704
1.4984769239736742
1.5450519276258632
1.4658289851805653
1.5097416709329234
1.5961704397451575
1.4075545622823369
1.3743026045220574
1.4158818196526877
1.5965059992487385
1.5605243753199018
1.6076252695379427
2.6308492142072577
2.702150098337616
2.5503932522501227
2.6248746167597283
2.465249671654065
2.629926410987932
2.6882534394016693
2.3969467109927662
2.4664163646609616
2.464125818802094
2.5453844485550583
2.398484436263378
2.466689385696486
2.6313028732551986
2.317247074752658
2.252395092484549
2.3162662721890577
2.1793115332950235
2.3221026920015007
2.625159625966301
2.6911925448068645
2.550269258925927
2.6259769467230107
2.4753255007204364
2.638562101130428
2.6913460083418217
2.118393545897355
2.1792067603885945
2.1746423321735078
2.248742814043473
2.115390773070514
2.176372570332782
2.3243450625039443
2.1788072210099063
2.2430615401461065
2.316986093940728
2.3154638257364253
2.317366508119731
2.3890680073090786
2.395793814539248
2.123036277984328
2.1835700610583197
2.1876136284190686
2.2522708861689873
2.1424661777261456
2.206447401552343
2.3263189447008608
2.476075423349646
2.465221831707222
2.5540156023557206
2.4679955653249666
2.6394816341110534
2.044676235433214
1.985731175136059
2.042293713346168
1.9214180168532833
2.048175773682442
1.8696407865237687
1.924396644146157
1.9284480808374416
1.9861103492329786
1.8884641775165134
1.9448936748240135
2.0517562937473457
1.8115954438940454
1.7713027022602228
1.824730246958386
2.0543072981074877
2.0098670566709345
2.0703525040106827
2.628006535997219
2.697858703541406
2.5501999987497825
2.62500236520094
2.468542358700483
2.633142392624877
2.6891585743707647
2.4031920371916096
2.4736820041716836
2.480458803312178
2.5529624849330546
2.430246328957871
2.5027119983086066
2.639046300170225
2.3304359910737906
2.2800531978923217
2.348650903640447
2.643879012448526
2.7015793196925966
2.586013727763584
2.6651229268342638
2.7371767321563842
2.8177478859517446
2.9006353507004743
2.818087798339265
3.0033135283909544
2.818142007115922
3.0891599495284705
3.002751344269979
2.998820152884102
2.9091443523312828
3.0897097999559815
3.000437900253904
2.814481272882655
3.1872565767038896
3.2838006159312187
3.1896337531861727
3.4054836127723593
3.1995417185985273
2.8185735402685914
2.9019017617429332
2.8181358323382684
3.0032923540940883
2.8161307907301163
3.5049609747347974
3.4076544636036497
3.3962120511380345
3.302663613782168
3.4963458272915737
3.397208361533511
3.197416725580062
3.3971596586589565
3.2955678168150295
3.193585567238861
3.191526513732107
3.1921620783299494
3.097388019429423
3.1002758159255492
3.498315533117324
3.3991831183486587
3.3925375074211397
3.2951638423536105
3.4970365551995233
3.395883255430541
3.1913355899608646
2.9995834491585
2.9958437755921334
2.9067438830695407
2.997815168335878
2.8118163464805663
3.610825509815755
3.71539175703224
3.6084652875045986
3.847721809895795
3.6111665259143066
3.9599040412342577
3.8488718840432696
3.8415066880900604
3.7291381016039518
3.961871506198124
3.8471683840459003
3.6087765073143796
4.0855158252906385
4.212235935468064
4.09092249221945
4.3746998795210175
4.111338306869632
3.6089639427544853
3.719208227444163
3.6108354108028715
3.86099276987904
3.626317774203807
2.8173613892664457
2.8999759965906864
2.8159146158656307
3.0022267120889303
2.815222784001455
3.0885234322850303
3.0005771734178612
2.997222838994449
2.906873382724446
3.088104103467871
2.9988938965049767
2.812123530790787
3.186906898049064
3.28346641436863
3.187981670927437
3.4048908650577285
3.1970949525083916
2.8172627802991626
2.900527705500343
2.816865956814194
3.00065806107713
2.813186216322009
4.504985148868098
4.380669822151107
4.362694005492772
4.2467383796634
4.486279616642733
4.358344952628856
4.11293634145646
4.355951608657002
4.227053165800043
4.09545955536726
4.099541785944593
4.090512471637462
3.971495305880951
3.9894376677490384
4.488268228144559
4.361197936241716
4.357336987364587
4.227565253383073
4.487036595552981
4.359547846258906
4.093781968483086
3.862212725171581
3.8466566191128955
3.7448289514302266
3.8440158092005445
3.6263046065572597
4.360054267480095
4.22841524365697
4.0963310646359385
4.098549056839325
4.096482670576194
3.971418154455168
3.9734049962607445
3.848160574424626
3.8407570503494917
3.7315958418375352
3.83609130960722
3.6166843335926675
3.6145122141934074
3.8427619138428835
3.8486809650935134
3.7310024850255568
3.6147746758527286
3.6123805819346986
3.6169042401403555
3.505346958166661
3.5092911962738533
3.7317140360011427
3.6162896486829936
3.616192808425882
3.5077280697144477
3.5169480069826493
4.491649154403003
4.364721323534977
4.354584390963671
4.231847495388106
4.482073175478881
4.354522988310389
4.099053469700815
4.354167054641934
4.223599574201849
4.092056564624902
4.092581697013278
4.090954406044945
3.9679082262070193
3.976927358407764
4.484387436637983
4.357324188463522
4.345995696885458
4.224413829367574
4.467744138058513
4.339581546838074
4.091905814640795
3.8509284730830937
3.840375008254073
3.735051786762509
3.8396047778779887
3.6184705228487957
3.4040235245958526
3.3923495015643583
3.299907305903558
3.3941417790027657
3.194530347167394
3.3942334007529666
3.2938802375814284
3.1919643622576057
3.189095504892477
3.191012898131545
3.095851282463765
3.097291209580777
3.396361975408145
3.388779120792334
3.2936123994831226
3.391997511406453
3.1898891706290975
2.9964364449467658
2.9933337134598696
2.90346376958386
2.996321853897582
2.808305463812486
4.6379188900632755
4.768432555115789
4.630666812942398
4.9365715475451335
4.631905936229157
5.081005234785172
4.9383345767386135
4.929468274648424
4.784690730538065
5.080057293034662
4.932836299600644
4.6300961550996655
5.241830083769782
5.4012461773714655
5.245157614554962
5.6039204552355555
5.2639409020733625
4.6325971621555
4.769736072174707
4.630976125896536
4.940552119395127
4.634959416595452
5.76899977395832
5.608220917639284
5.587714710400631
5.435544166678717
5.750156918815235
5.586410324523683
5.262764838718614
5.584432004439867
5.418569283646362
5.2501138217280845
5.250049005470855
5.247117262178052
5.091156023554397
5.103383859596769
5.748191645656628
5.584849024033592
5.564986213267473
5.41445371918561
5.71519415661253
5.549969531167314
5.244840656125625
4.938716629023804
4.926291968986105
4.7868860973488285
4.926810929058798
4.632914133861105
5.942007850135779
6.112188890725751
5.93506409585368
6.326696211368509
5.936859993991421
6.506499933773971
6.322195061037435
6.298013554694912
6.125962708846973
6.467395610595584
6.279929177739818
5.9291695816305445
6.6978286865003644
6.8761281366129
6.674877632424795
7.081862277136238
6.657821597398178
5.918498233896574
6.075305598385851
5.898312883827391
6.258230446761654
5.884055628887155
4.631120091605222
4.765223719986263
4.626196186505656
4.934218696866774
4.628977001871549
5.076754945921136
4.932199223526613
4.9167716546357365
4.779144516764573
5.052336666899283
4.90672930885224
4.625519630153043
5.228514551440641
5.3695847621555215
5.2136571336298365
5.531790289469477
5.201985874756237
4.621248154562053
4.747448323346255
4.610014888337412
4.891586908471604
4.601144495809612
2.8148832436167375
2.8984929499827135
2.8145112412722675
3.0013372519630463
2.814767536627474
3.0871754314626667
2.9992048797277064
2.9944609152793293
2.9056058672547502
3.084821331857002
2.995446144041874
2.811129161163537
3.1844424408563965
3.2805368450355363
3.184937797402966
3.4026637255388756
3.1949462116327814
2.8140413542356146
2.8968068001910074
2.8129286216918734
2.9985910287378257
2.8112836197155966
3.5029013235469257
3.403698092728879
3.392554694748476
3.298624493957522
3.493028530774355
3.393884517484384
3.193383761472718
3.3944962267851917
3.292175335187517
3.1901256395678192
3.1879190932210335
3.1889349975303256
3.0938921178771555
3.0962776591795844
3.497524973972739
3.398415672794039
3.3954859385270235
3.294124862808317
3.49998064574108
3.4011702892778235
3.189660957572679
2.995613359325665
2.9923771251836326
2.9028257601539336
2.9942974363787
2.8079349498835477
3.6088992720374797
3.713628344775734
3.6053143998080053
3.8470060604298544
3.6087801698708253
3.9605520317183096
3.8480583399012436
3.8409222746545177
3.7284412012662775
3.9531052093528602
3.84041495225091
3.608045957871285
4.0838456025610785
4.199191026718536
4.078298666638151
4.327912261130449
4.072442382799883
3.6103988086970444
3.7164699087800788
3.61019855370412
3.8323605549196724
3.608314458261985
2.8140808775340824
2.8964543303506867
2.8123995782918363
2.9985495339262003
2.811028068195448
3.0861668023400792
2.9980451074399594
3.000245734446132
2.9035697404008074
3.1017064030835924
3.0150346195987514
2.8076942762615245
3.190469708993678
3.2918662745647977
3.198711414536699
3.3982607939624083
3.203186122129989
2.8177257057772005
2.9178019222854292
2.8355177043345714
3.021985398071716
2.8574229409418708
6.939624180582408
6.730694008405916
6.728029320857753
6.522001043329199
6.522226052691163
6.312033069518096
6.321696416999214
6.134112646296572
6.319602958915743
5.931933558717138
5.9446526933859705
6.323463022795522
6.129559129364302
5.929398432765714
5.939212907531789
5.741051309224842
5.753078883444101
6.13025008205013
5.94285219954312
5.944319579251898
5.758016907840072
5.762836187542902
5.560880524576629
5.563784140979312
5.397339859419729
5.568263211929072
5.225236253292334
5.22955674100974
5.57337186627936
5.072731331707942
5.223536755128255
5.235885696314617
5.385088222448017
5.082385421781871
5.229749602041116
5.564099235505574
4.909429786652428
4.9140831449732225
4.768037118146069
4.910953704719288
4.613234488266704
4.620378040452715
4.925014321552583
5.580720530107906
5.413612073378605
5.580730424559379
5.2454869629304905
5.587547003372307
5.406852081056096
5.228714907676446
5.2399361595146114
5.069230377108717
5.0771692016460594
4.910621337647427
4.913527075611597
4.767691023591915
4.906839835088769
4.6154636293797395
4.6201496920041105
4.919724544345458
4.7706350929375265
4.616683839012724
4.6223356785482945
4.472138149226623
4.477119443994421
4.766597021353571
4.612187203477479
4.618748638888276
4.474682515999147
4.473785870238503
5.417129362009167
5.248516960533136
5.2531074831511155
5.08082459246438
5.093035094845259
4.9140815361970756
4.925097115295741
4.778680310939727
4.929095102706675
4.618482427018954
4.630980998280541
4.938431670837426
4.771205433366743
4.616756445499323
4.62331251329515
4.4747907664350635
4.478262658205161
4.788150298251296
4.635381863841259
4.6435131608766635
4.485573746529182
4.502384081249611
4.333563062789477
4.3339914642492054
4.204349598161736
4.335609430119467
4.072196531744773
4.07353173576081
4.336735834077695
3.9510627830689535
4.067759005608373
4.071978829312942
4.189091029272316
3.9510098118449086
4.072298693633565
4.3303044416780825
3.826443731255167
3.826998224494631
3.712787589511171
3.826740701915438
3.595585632360451
3.597539312344094
3.8253353836784685
4.336411512292628
4.206396219015756
4.329096671239821
4.073756060360697
4.333970985669865
3.4897882730885783
3.5898135692140363
3.593213006294267
3.6954469997077384
3.4864993815085037
3.5832614658113804
3.8155264652471512
3.5905873933479295
3.6947970200975737
3.8143136215623645
3.8157464886818797
3.826604266671355
3.9386258559649496
3.936830016544013
3.4839229180287568
3.5857705498642183
3.595612615643782
3.6984849200552627
3.490265239851672
3.59137023338824
3.821045779021392
4.055505393125779
4.069165850985069
4.18761366286113
4.067334920770399
4.327679210162559
3.3792316474646196
3.380544338974244
3.280207922964493
3.3765257087849174
3.1762183912581365
3.17885157143434
3.374750613279617
3.084452736867556
3.1664974120571907
3.1692167642003835
3.2597685918812003
3.0759061389839344
3.1652719511295295
3.3673969980076173
2.986309576668816
2.988550552158885
2.9005444499506075
2.976044961447812
2.8076230983584987
2.8083768904080655
2.9798940560718874
3.374086554795163
3.2730794696564622
3.3696910613908475
3.1713070214625185
3.3823541269608635
4.336340469414061
4.206046915298275
4.3350894347569255
4.074784519421939
4.3382163583570055
3.95192451890307
4.066165050929579
4.075142982079399
4.19140987249024
3.9555329719946695
4.071233843607692
4.331789925032867
3.8276900822675355
3.7130732506937774
3.82256382595098
3.597487628089204
3.8328561617868497
4.347303977880378
4.216816063811123
4.353103386103285
4.08571872603245
4.366070270226944
4.214144651110678
4.0720146945782645
4.08439497401209
3.9440748457300323
3.958017550139342
3.8191228881501242
3.822847768091136
3.7090692711896054
3.82126066022305
3.589211262901671
3.5941332036728397
3.835853247233057
3.7103242990777248
3.591871070643589
3.594956637949565
3.4821866946627535
3.4818677093825796
3.7171755094151147
3.591110442335264
3.6028109230500482
3.480961114286166
3.4910949979512678
3.373422137254773
3.3749367307984084
3.2744601780140368
3.372415404867198
3.170793141136243
3.1729855082044063
3.3726619359770513
3.0784289830173712
3.1624885368063054
3.1673009004328465
3.2579489671046797
3.07397972431289
3.164586720475598
3.366578091542225
2.9805583556733355
2.9824225460060036
2.894235254097448
2.9719465640389697
2.8014675761826675
2.8019824050856927
2.9780753519458285
3.3734841465598997
3.272433523989296
3.369422256546008
3.1706430807562413
3.383058340888071
3.275229198265214
3.1654728689096157
3.1739402677880966
3.071218510047789
3.074908012565313
2.975007867736677
2.9770214406628996
2.888598560190926
2.969523528496608
2.795802449449397
2.7963419224146433
2.9790193205473106
2.885083890028562
2.7907672503664234
2.792521077738906
2.88546747181171
2.7885465320580485
2.7929002717634575
3.2780327306679378
3.166131351716239
3.1767608970221453
3.070950223039241
3.077734457864312
2.974361367105703
2.9766948316832575
2.888223398513377
2.9699928075515967
2.795338596826314
2.79592963664827
2.981853645857192
2.8841342994846375
2.790899528981961
2.791509735653955
2.8883256792454772
2.7887244710413617
2.7959047022002883
4.233541070510906
4.093850487996155
4.105959999384822
3.9574160991141767
3.98149195772319
3.825272024789789
3.835925313930927
3.7215726651212435
3.8444527355771063
3.5950106775953676
3.606397137990524
3.8612666019636253
3.7129443460521214
3.5936185867853547
3.597611379462765
3.484142446834384
3.4844544782262172
3.7443758483764915
3.614747174263446
3.631835254683301
3.493137397220854
3.522032463553094
3.3752243572877414
3.3769456262782143
3.276489415781712
3.374225437542986
3.17293232938985
3.17501670968564
3.375139669036442
3.080484300785221
3.1642162170792676
3.1694489261439633
3.2603751616751975
3.0759643150266074
3.169435029931047
3.371921732583256
2.9827841792315892
2.9844825963770516
2.8963247434663226
2.973558585890988
2.8037983508951227
2.80406864563259
2.9799541825010003
3.3853155186012804
3.2835604632209767
3.3935204287847434
3.181464278223255
3.415933998822978
3.276884064648674
3.166495794781251
3.1756481064472544
3.0716259073937566
3.0766336248742747
2.974905426465221
2.977408277122079
2.8889686232810288
2.9706221400153865
2.7956735082222064
2.796747360181177
2.9807604469717277
2.885847911597394
2.7949388383160603
2.7930786863781796
2.8872265034651745
2.7896275620523703
2.794697323051138
3.3126799118140564
3.1897889636162047
3.213161373757983
3.0816764180774747
3.1158949174424446
2.9787008798608405
2.9870521578601235
2.897959245829899
2.9928710638092735
2.799128533270304
2.8057262232159683
3.0216261061790615
2.885971180397118
2.792383800585384
2.793334018102258
2.9292267420934257
2.8103799518277413
2.8377801922750177
1.036948807859933
1.0218315109427984
1.0566941383566864
1.0530758907884668
1.0711007003595525
1.0724560098811748
1.0596492242519755
1.090902149414764
1.0879059165200937
1.1061474590943425
1.0891748277431206
1.1220487168031545
1.120878651211496
1.088349222120351
1.1051493746564236
1.1258030022228196
1.1251308802070468
1.1405244194467463
1.142517093874746
1.1078460300338837
1.0943000491395383
1.124465532174165
1.1240014122171933
1.1402249319172941
1.1446129754728318
1.1325701587167862
1.1614101942750406
1.1585269121654287
1.1781510941003654
1.1606565892455016
1.194668965100644
1.193718011090093
1.1577693641222448
1.2147000852956822
1.1989550738135408
1.1942976954639395
1.1824280273858032
1.2141993499326165
1.1963189828187422
1.1587739934473174
1.2321607401668744
1.2314907740156995
1.2525995598132176
1.2348878727978456
1.27095782288706
1.2697593818379338
1.231857394795424
1.1560784313904358
1.1764385838720934
1.160443199249957
1.1931342212308818
1.161648792717593
1.176475867572457
1.1984332521565217
1.1977312967093514
1.2140908462137823
1.2160321290467602
1.2363178884034305
1.233239793772107
1.254151314970863
1.2357289978737969
1.271696085245831
1.2711215410972754
1.2355466667710036
1.2523549639396645
1.2757250734529635
1.2749613053746591
1.2923922630887004
1.2946971059440293
1.2545319914151238
1.2755479407558679
1.2748410196554514
1.2930999298527395
1.2946226321473615
1.182112676313321
1.1686683025110853
1.197868593977803
1.199256675870509
1.2140121206108425
1.2208767961906948
1.2085952265059103
1.2339045723555544
1.231113027180835
1.252771682786213
1.2365415597876908
1.2706516013579572
1.2694417588368356
1.2389811136504316
1.252614698979925
1.2736921642870311
1.2735114017438605
1.291702108363014
1.2934919205630004
1.2606619485625696
1.246688119412616
1.276534996567031
1.2789414910481494
1.2919800665518335
1.3018672387356711
1.289152232322221
1.3160543066089965
1.3127897790481833
1.3350248025229292
1.3152030332992086
1.3537398373892722
1.3526512812713998
1.3119007735891048
1.376428782133969
1.358603453976098
1.3533213112094291
1.3400031606097014
1.3761158617189047
1.356246794442296
1.3135253109534717
1.3962187156458983
1.3954414854001773
1.419373258968759
1.3992240025061546
1.4401875905104857
1.438239709680635
1.3945005337395107
1.3114563095276988
1.3344622323169792
1.315707010532003
1.3524057067656279
1.3120238154084691
1.4637848808719278
1.44517237148964
1.4402678530059196
1.4267060774247744
1.4650221255192637
1.4464021049745548
1.4014903467704332
1.4399738175454009
1.4247323514402348
1.399637259379897
1.4038186970936857
1.3926294358894298
1.3791093666655825
1.3838226068966963
1.4650756732408663
1.4453940596526103
1.4385788526472987
1.4238956717296527
1.4632271072860368
1.4429310679007314
1.3984692267822152
1.3585752021850097
1.3574223234683451
1.3400680994123038
1.3560717112753284
1.3127762216210193
1.4854863899614368
1.4839515361849105
1.509608957204092
1.4884694461196042
1.5322948352951977
1.5297152072136355
1.4855373046536577
1.55712502233709
1.5376524367755722
1.5329942513176706
1.5183004362406893
1.5586873264167043
1.5372563491741582
1.4893046125474272
1.5805053290686581
1.5786680765970607
1.6060799347070915
1.5838186036166977
1.630438983218652
1.628072034155436
1.5813472515214198
1.4862249017685816
1.5116610097940824
1.4885561666002647
1.5336070068937162
1.4845766956028
1.3100577964612192
1.3328059281928977
1.3141689854173917
1.3515752347691483
1.3108546601793412
1.3760328504319332
1.356930322219235
1.3519387873253719
1.3387903411900037
1.3745224865415282
1.3548788903129623
1.3122081122333868
1.3958789188399887
1.4196453761151528
1.397961015183372
1.4401271792438797
1.3943313166364888
1.3097824873469786
1.3333406340949598
1.3173922071609607
1.3521193185020852
1.3211126086746479
1.333123366314903
1.3580035407174909
1.3572091807913425
1.3757454449372593
1.3779468189678563
1.400931824246435
1.3974439545282986
1.4211399657396777
1.4002654090146023
1.4410205583667772
1.4403697070721968
1.4000602545769936
1.4191041352356306
1.4455859143295444
1.4447204645486957
1.464472301606321
1.4670840448742424
1.421570737849302
1.445387718985776
1.4446049389877862
1.4652746120315934
1.4667295668128277
1.4912849053060373
1.4875857135284032
1.5127812993182956
1.4903203106274905
1.533988204301095
1.5327547225087486
1.4865785270928638
1.5596983076482527
1.539499850562231
1.5335216568664354
1.5184209259862578
1.5592374721207958
1.536913872945727
1.4884194819031888
1.5821228063101498
1.581239685711291
1.6083438469636469
1.5856229229325227
1.6319295988515736
1.6303461060869062
1.5818607522587897
1.4860731759305503
1.512075975699593
1.4911457640054526
1.5340559806632208
1.4903956294244112
1.5106266817016873
1.5388196120086923
1.537919484200732
1.5589238229296056
1.5614183166880724
1.587463729635004
1.583511456137825
1.6103625521676166
1.5867085742897697
1.6328902166037436
1.632152751031438
1.586475992059117
1.6080556557359662
1.6380634425382903
1.6370827584494028
1.6594645230453988
1.662424034253268
1.6108523285701273
1.637837402477336
1.6369302874881217
1.660373791815946
1.6623271580196595
1.5130859652397626
1.5385431468080148
1.5374917997391098
1.5604674835581207
1.5609483064970857
1.5854281252630473
1.5830484144068497
1.6102956284703906
1.5875118859625803
1.6327599029324875
1.6323681401512018
1.5860959528050471
1.608699732565615
1.6354887628294565
1.6356025359852864
1.6585373501585785
1.6614033541725046
1.610350405536726
1.6380405506638915
1.6363809574800263
1.660541722933385
1.6616723142283245
1.3440032305794252
1.3296714345921958
1.3598386001821967
1.3634161557664757
1.3761587682016563
1.387634031279199
1.3744175447761915
1.3975034360388716
1.3953852422342496
1.4202344267193443
1.4036764279526457
1.4391477440706217
1.4389503096797092
1.4081237114960046
1.4180050340954538
1.442366286509492
1.441568842860315
1.4644267611159076
1.4644600504416139
1.4324902065379597
1.4173490408471556
1.448982228389469
1.4532103340577671
1.4647422699693378
1.4789862730748382
1.46513830129593
1.4881398012017883
1.4855021210036115
1.5109273494510322
1.4886798001397992
1.5324174538230366
1.5311116119389734
1.4840789746673213
1.5579706692460484
1.53749507656859
1.531060506754046
1.5159838625310846
1.5568875886086975
1.5348268400313385
1.4863234919268575
1.5802875277935413
1.5795080021928878
1.606522234387553
1.583562519122172
1.6301086118990198
1.6285303514337852
1.5793591247197605
1.4847479881190848
1.5116578385924804
1.4952419407372588
1.5327741459158437
1.500786603980681
1.509892283370876
1.5357970031812958
1.535150451888068
1.559527677080342
1.5592064023553793
1.5853035394156163
1.5820331075808025
1.609135190600558
1.585498384419414
1.6322215868823937
1.6311725466329112
1.5845047117298021
1.60810888970548
1.633870498095177
1.635091039752906
1.656523188846596
1.6607389868334064
1.6090279684141753
1.6364020608997176
1.6351182734185126
1.6593172524882995
1.660576414863994
1.5265706881852545
1.5108982902429777
1.5432771755058285
1.5485749133339177
1.5602257072624561
1.5758562698148588
1.5613696475100811
1.5833743555434432
1.5818890177408322
1.610251017651711
1.5928858010840186
1.6307279843293094
1.6313478341287226
1.5990627466700205
1.6063048283800048
1.6333434068185824
1.6330408700121368
1.6566470269313553
1.6589572760877278
1.6265467207541864
1.6098976907408866
1.6441726399718553
1.650028304912984
1.6607605466736524
1.679101753588451
1.663848504273195
1.6898471835845226
1.685655451120327
1.7142057868028782
1.6887541384997142
1.7382363627149544
1.736838630973237
1.6845139298105587
1.7673695432659864
1.744481366061117
1.7376989140853172
1.720598156089613
1.7669677961072692
1.7414558258282846
1.6866000940068169
1.7927803210903686
1.7917823314423842
1.8225113278060108
1.7966391527577787
1.8492374679349304
1.8467362904989262
1.790574084880459
1.6839440907809342
1.7134844444007795
1.689402796930644
1.7365256532005393
1.684673582579429
1.8795369577747796
1.8556380907134824
1.849340670023392
1.831927233299306
1.8811261548380185
1.8572187823400812
1.7995502131169152
1.8489674374096707
1.8293944656677605
1.7971655910357454
1.802540832944043
1.7881564898076099
1.7707903978233475
1.7768649824281515
1.881196405778133
1.855911036618108
1.8471285738725634
1.828281857915674
1.8789090806609106
1.8525791121303465
1.7956113101668754
1.7444434571166982
1.742952332964168
1.7206694884733702
1.7411846152264012
1.6856093424232914
1.9074022623136027
1.90543141199188
1.938376208821175
1.9112326484019875
1.9675054779744108
1.964193105487364
1.907468142284712
1.9993878452249287
1.9743843076769854
1.9683934400905658
1.949538726726086
2.0015269074141147
1.973755411577507
1.9123063742351638
2.0294093321886635
2.027053767597476
2.062270037955349
2.033538826165686
2.0935445638793677
2.0896889926692985
2.028286943110704
1.9083435849182262
1.9411339876882376
1.9112037786904108
1.9671316407887545
1.9040849986411192
1.6820659617604998
1.71131776485367
1.6875458263838383
1.7353529234439486
1.683647355200638
1.766838529261379
1.7425991341847697
1.7365935046052035
1.7199367233685372
1.76588151992296
1.7412422949690662
1.686350344570891
1.7922615139316256
1.822975665051917
1.7951902967029765
1.8471194489088223
1.789265194585988
1.6841691887822487
1.7136150331283295
1.6894081695184937
1.736738781304033
1.6841232663784655
2.1272161640118314
2.100704593448146
2.0947261949528366
2.0753078839310977
2.1305896710498264
2.1038361925188473
2.0388296828788954
2.09379281583797
2.0716068466790745
2.0347669181070893
2.041241399061141
2.02489842468884
2.0063306976004904
2.0121575573228325
2.130428647199235
2.1019425244364465
2.093406530764647
2.073157018188015
2.1302064599163204
2.1045863505164535
2.040549253787182
1.9745799967938193
1.9736119259498417
1.9484977681342008
1.9778328007717962
1.9139390826814116
2.0958806395561336
2.073556124303158
2.035770918648517
2.043314241019327
2.022760820401124
2.0031216527824727
2.011428636619078
1.971627206800898
1.9711849601021691
1.943566564530919
1.9770765312638119
1.913669798934452
1.9120625696206353
1.9791641673372489
1.9636927318524253
1.9453948284158433
1.9116932448627098
1.9165915196835392
1.9014049332692704
1.882716563120945
1.8869324298029762
1.947743999975843
1.9158909462095057
1.9175939865205214
1.885498260242544
1.8896301543630183
2.131957087727515
2.102326776962485
2.091432776810585
2.0703302865491757
2.128156474407378
2.100501206689011
2.036061070664741
2.091650712788563
2.0696966485010417
2.033094634616379
2.0393154260537996
2.0227402435481707
2.0031667067735173
2.0094688830875453
2.1281309780405726
2.0997384902459646
2.0899205521371074
2.0687075972656688
2.1259392030689606
2.09710322044438
2.032516392467138
1.973981015340756
1.9710205703595554
1.9447726211076741
1.971195081684539
1.9096129266584234
1.8549783138725529
1.854770201902788
1.8312486578508262
1.8583249514101934
1.7991842921620136
1.8551727286695276
1.8293558416709095
1.7969860164297748
1.802672705276998
1.787577402597031
1.7699449255761586
1.776988923137624
1.8568981810156244
1.8520613286421992
1.8273478735359432
1.8518846778425986
1.7942362994701977
1.7442682952070894
1.7421588718949979
1.7197645197815916
1.7396984407060594
1.6841190291154753
2.159554536019196
2.1565675288810606
2.1941498736659657
2.163760735423292
2.227748606287957
2.223396632887911
2.160385915504752
2.2634835666600726
2.2354602021992465
2.2292898931106127
2.208103211119833
2.2667394807398047
2.2354422853888227
2.166011024935425
2.2979706270662934
2.294842324069779
2.3348885025214754
2.302507982152939
2.3707191661067304
2.3659580812764673
2.2969683178700553
2.160986363561202
2.198296937759607
2.164934996746646
2.2276895147993727
2.160035208572223
2.408591997622623
2.378667648096026
2.3721684094966893
2.3503245570201514
2.41284519324178
2.3829297626602406
2.309187129053564
2.3719775112915578
2.3468100829780694
2.305427649315365
2.312243056275957
2.294720295101639
2.272888949538414
2.2791867562348775
2.4134579296848493
2.381229877584399
2.3707904135718687
2.346982778611392
2.411572675747088
2.3792820861739576
2.3063222818833102
2.237218074310399
2.2368452649200945
2.2084905133961517
2.2370667359795995
2.166620643557503
2.4455815319609613
2.44185527031088
2.484515738572366
2.450116841639568
2.522908295358776
2.5176489173072323
2.446533622311634
2.5631366738600185
2.531427040676995
2.524646728194857
2.500774462309024
2.566977662436968
2.5323376457792515
2.453406610048214
2.6025444061141503
2.5987145258932847
2.643878544172675
2.607597123542871
2.6857251259487116
2.681870278867574
2.604301110611284
2.448283945426401
2.4902909561719886
2.4525272983392004
2.5264406364239527
2.4467592521181762
2.162664222672669
2.1989811492328872
2.1652011418693586
2.229814692080036
2.158235519610966
2.2695965866464114
2.236534529030985
2.2274690539606246
2.2055623295875257
2.265057882836766
2.23282719975556
2.163011499589526
2.3022984025194484
2.3411458053751772
2.3045312627193946
2.374933756331088
2.298076434147652
2.158769424170677
2.1958199601729342
2.1624922014063666
2.227609985895656
2.156965503372266
1.6800223704628587
1.709493990001174
1.6860809510295152
1.7334953880007158
1.6829465173654374
1.765133187068861
1.741247575266521
1.735770311380275
1.7192341779326306
1.7649515381978038
1.7403984200414984
1.685625116775877
1.7906327332361829
1.8210188878237008
1.7938886519567951
1.8462191295740764
1.7883940603777537
1.6829415033398223
1.7124029834010905
1.6879826227249248
1.735524442069408
1.6829606909603645
1.8794146218178764
1.853292507972919
1.8471084336010226
1.8299824682776804
1.879003570136602
1.85575241302665
1.798237361756803
1.847806190592902
1.8282415695704435
1.7958004839810864
1.8014378596066893
1.7865697993859526
1.7691058214044415
1.7757525290064173
1.8799412124143329
1.854559591926587
1.8455826203001915
1.8266182973945804
1.8772061152380601
1.8508543678271847
1.7937749859676706
1.7430366981264322
1.741248516886684
1.7189171120692084
1.7393451955940238
1.6837854607311953
1.9063066355867906
1.9384357532121452
1.9095604627150675
1.9653328666341854
1.905311267660184
2.000699803190808
1.9729629625130032
1.966335033363337
1.9474979202326521
1.9994818183566512
1.9721615685311986
1.9106761028839117
2.0293989689289056
2.063940877001741
2.032900416518147
2.0936181819683704
2.028569967612299
1.907081626474235
1.9396760956270502
1.909989748343055
1.9678304882624498
1.9046556448734657
1.6801823789402657
1.709367371575568
1.6853191683669295
1.733414988156062
1.6810114094905182
1.7648215240563494
1.7402689738885861
1.7338825507647397
1.717364509908966
1.7631978617178852
1.7393889967862242
1.6843652651904648
1.7902625514158643
1.820785710606111
1.7929151569854338
1.8470299876568559
1.78843784489171
1.683357481026762
1.714026851960043
1.6965522724796167
1.7379074125359177
1.7037940183200906
1.7117642874667407
1.7437110629521007
1.7426910853865691
1.7664921184602385
1.7693187401930421
1.798832069497546
1.7943535561981037
1.8247798369583519
1.7979763760736551
1.8503070230023475
1.8494713134549654
1.797712953862082
1.822165778613209
1.8561690560253075
1.8550577965266157
1.8804196573053682
1.8837732020753566
1.8253329611991038
1.855914569294896
1.8549094622017988
1.88144984461016
1.8833180456068943
1.9148477219393083
1.9100978656786585
1.9424496382226724
1.9136091578693735
1.9696798432254372
1.9680960212585714
1.9088046127062614
2.0026922693917157
1.9767569371111706
1.9690807844193539
1.9496910622018735
2.002100544846325
1.9734364762793914
1.911168445533583
2.031485895628102
2.030351946336064
2.0651543782740243
2.0359801343077484
2.0954390831748366
2.093405838209655
2.031149411465238
1.908155729184064
1.9415439853990133
1.914669062910035
1.969766870832757
1.9137058721347815
1.9396830544331487
1.9758834935177056
1.9747277065345523
2.0016978113224186
2.0049008047110974
2.038343776922094
2.033268957298022
2.067746447066343
2.0373741382655925
2.0966725407809683
2.095725616242139
2.037075496770772
2.0647843334144227
2.103315094367323
2.1020558710714248
2.130794625683224
2.134594713294979
2.0683753324171708
2.1030248531843094
2.1018600944842527
2.13196214989504
2.1344703217498893
1.9428408353047875
1.9755285069888315
1.9741785471775044
2.003679912129401
2.0042972781716966
2.035730009666203
2.032674401644864
2.0676605190892143
2.03840562086605
2.096505216300608
2.0960021345351176
2.0365876519616135
2.0656113443311828
2.100009140241922
2.10015522924463
2.1296041120567173
2.133284111695275
2.06772878681853
2.103287503822907
2.101181561973628
2.1321775719622504
2.1332505824260455
2.169806734042165
2.1644244430181248
2.201083799689223
2.168403236371545
2.231939669939358
2.2301449468580845
2.162958700642548
2.269347414225753
2.239958412963011
2.231249572239424
2.2092917643262675
2.2688315606628757
2.2360735424053186
2.1656373884938294
2.301975498855854
2.300694054811652
2.3401508668039144
2.3069303367904306
2.3744679116293534
2.3712563370258346
2.2991426354922906
2.162227012844924
2.2001575777100566
2.1692361302859577
2.2297430754535252
2.1631636988770406
2.4133732162390107
2.3826864738696267
2.3746004272479286
2.352241129006452
2.415413779192045
2.384716127946067
2.310668212284061
2.374121269005589
2.3489889786907048
2.3076063046157813
2.3145082444482252
2.2960384694865876
2.2737398712377512
2.2815397993858353
2.415502854078842
2.383038187912704
2.3717742802416826
2.347559314697948
2.41240533988962
2.3789112271327735
2.3056117117710286
2.239909736970901
2.237995096414534
2.2093833567748513
2.235725312233704
2.164365238330906
2.44915302518616
2.4466224223912825
2.4889240692618104
2.4540713324718473
2.5263281648674445
2.5220754509155148
2.449237700264903
2.5672579391302515
2.535161704965703
2.527483469654797
2.5032561012072936
2.569835750105778
2.534511531327319
2.455451144049161
2.6058446013154652
2.6028292473610017
2.647780750270482
2.611297906853454
2.688928839933621
2.6857549196766994
2.607247822206773
2.450375075750576
2.4923073006068197
2.454196171028829
2.5284958201422514
2.4475926190010844
2.1598154478614484
2.1973754960345806
2.1668517536589054
2.228237437659083
2.1618462795824707
2.2686644860201692
2.2375424756147
2.2298427850771665
2.208440212727602
2.2672746875942416
2.2359233053438876
2.1653169173136817
2.301322802789836
2.340596683094865
2.305222646975297
2.3742860124493914
2.300003556233678
2.1625134008255538
2.2002241867324486
2.169600091065779
2.232296334700389
2.167635516736282
2.1979488524870616
2.238969324191693
2.2376596470737864
2.2682207784797557
2.271850232625387
2.309746097592962
2.3039955727197716
2.343063690316911
2.308647365505144
2.3758412470902375
2.3747681752771923
2.3083091247023386
2.3397071730923678
2.3833682457082164
2.38194136088552
2.4145066309827827
2.4188126655434763
2.3437739158918003
2.383041478818175
2.381750896259473
2.4158294147022525
2.418228230655762
2.458713147216579
2.452614241237562
2.4941545122967965
2.457122815441248
2.529119738204633
2.5270868506156936
2.4509536654974404
2.5715006184113927
2.5382070334709494
2.52835138592486
2.5034528340286935
2.5707407721432087
2.533943464428579
2.453988875579233
2.608511933911223
2.6070702042018294
2.6515123092322748
2.614272318620685
2.6914118396766007
2.689463161071533
2.608091019132951
2.4501205047312085
2.4929915641389124
2.4584837688666266
2.529232345602802
2.4572470190954503
2.490602289339214
2.537084701202023
2.5356011324081744
2.570228733671496
2.574339070346415
2.6172868356552703
2.6107925350604706
2.6548828160612743
2.6160545566729496
2.6928853692856967
2.6924383748516023
2.6156865593302623
2.6512344042230467
2.700476917859934
2.6991332392749507
2.7500165871904594
2.735473098401598
2.6556643784953575
2.7010150193855695
2.6995285869828107
2.7306425741890648
2.7352736366146964
2.494656784820857
2.5366296105241437
2.534896507061532
2.5727687928390344
2.5735622350735756
2.613952335663611
2.6100502308010043
2.6547211867232594
2.6173867575044207
2.69284265357192
2.6927606351350217
2.6150614547056863
2.652114707780325
2.697145236079975
2.697402822777276
2.727417771855153
2.733343527627233
2.65484276289933
2.701309372783486
2.6985868837896074
2.7311095955506124
2.734349975329299
2.2005755895953127
2.238399549579066
2.2360487102487037
2.2705620957997805
2.270143989698316
2.30633070719667
2.3034638372166603
2.342934588217881
2.3095366143766167
2.3749765642686818
2.3750396197590344
2.306710099680066
2.339208207516041
2.3785857544843036
2.378303862370429
2.4144681728152326
2.416100954465204
2.3419877120295522
2.382958131547154
2.379882817028127
2.415867055623094
2.416221305080501
2.4534450665003895
2.449132245264825
2.491203085657123
2.4551344642816257
2.526456555889574
2.52437330797135
2.448518357109725
2.5688468887952567
2.5358831277854623
2.526228408913785
2.5015509601415618
2.568806256386499
2.5329299372844822
2.4528730582977554
2.6054265306637125
2.6043324631131384
2.6487908734898733
2.611913839985913
2.6883906112378515
2.68668445305177
2.6061340831334947
2.450223102948036
2.4928043655328462
2.457993206396284
2.529120806803302
2.4551782302686234
2.4893265348833857
2.5320730446945303
2.5309484366265362
2.5712162603656656
2.57060744253197
2.613750923976108
2.608377133952188
2.652802189487641
2.61402396191641
2.691935416796345
2.6907740746841906
2.612327848981724
2.6511394024392114
2.6945057513609196
2.6965654313740925
2.7237627681470045
2.732479773980053
2.652562295439263
2.698551158491588
2.696412506063858
2.728994857883481
2.7321900571665125
2.492504928629959
2.5358355416476126
2.532695055805698
2.5723810447519586
2.571317928028119
2.6129551556867945
2.6097368820402025
2.6541573817708013
2.6163584330935494
2.691761748333257
2.6922062884371654
2.6127750783735966
2.6503007118432125
2.6948314744351576
2.6956785990009857
2.7245900803931704
2.7316090341094768
2.6525432286233626
2.700080142493052
2.696233285941786
2.730573728171535
2.7320603214648207
1.7329058524067058
1.7155977110015446
1.750973330401981
1.7578419063292006
1.769132775297799
1.7886575570789902
1.7726412519713395
1.794290578890061
1.79360121632846
1.8258289589924317
1.8071860972590836
1.8477891594269353
1.8496025087228345
1.8149568586896074
1.8191528526416965
1.8499687679105596
1.8493731354782583
1.8782633962073056
1.87900009906003
1.8460265238322147
1.8275510615854431
1.8652859045560808
1.872651522521386
1.8830084263422238
1.9055157788054715
1.8885756661527728
1.9089001303300335
1.9052685456618765
1.9379740457520112
1.9095131802586605
1.9657800752678285
1.9638289099704265
1.9039415853984303
1.998404344510221
1.9723053178558239
1.964375629973219
1.9454604021005286
1.9978241027367174
1.971029420589804
1.9085772052030028
2.027249389217224
2.026016742285119
2.0607656816816595
2.0314317197706844
2.091223036619425
2.0889706072248133
2.02649730942116
1.9084896415580044
1.943315999713934
1.924594688096739
1.9702536048869166
1.9335055984259648
1.9371246125178998
1.970614188734992
1.9695505910020832
2.0010648096606225
2.0004199091321713
2.0337936843750564
2.0299228737327537
2.064685067490047
2.03437863311113
2.0940815012209324
2.0929591899281847
2.0329028559302444
2.0630912994542463
2.0977478990356335
2.0976864032324185
2.129049098926992
2.1308807327137966
2.064370608826449
2.0996815921353074
2.097868106107302
2.129070170957248
2.1305363167859874
1.9664236890796163
1.947159923004825
1.9861951529049255
1.9946908981374754
2.005735619251861
2.0295284739055752
2.011704657521179
2.0334638172608797
2.0333813356781043
2.070014454658548
2.0498245324495574
2.094221536211448
2.0968832840737743
2.059326192576264
2.061383873768837
2.09542089806082
2.0957070981444943
2.1251467024294675
2.1291777676756176
2.0944630412180834
2.07387031841217
2.1156133484637287
2.124635008176279
2.13485051780642
2.1617978829755353
2.142914094257846
2.162849451431657
2.1596201749587847
2.1967437145881457
2.165302266171093
2.2272297242831716
2.2259927637183914
2.159591257396428
2.26523895227011
2.2365023988200834
2.2280302435963435
2.2061275025305225
2.265605711061398
2.2330662564958086
2.1626382603034466
2.2968980388205607
2.296492075360705
2.335960947993682
2.3034006511261955
2.3694390576351285
2.366974437225246
2.295939476325728
2.159357030793551
2.1971540969400563
2.1658636993603944
2.226792397596432
2.159308197394695
2.4091403336282005
2.3791417637892804
2.371395173494481
2.3491117291226713
2.412170544266596
2.3816538993806815
2.30761023531091
2.3710566135228257
2.3458448035044555
2.30417518966303
2.3113931071945233
2.2922906762120014
2.2698299197271243
2.278419440210583
2.4123528291461867
2.3795720088825014
2.367999866409955
2.3436302825496718
2.4085840429918326
2.3746261053507833
2.3013366771826833
2.2364730338385037
2.2340865730021893
2.2053899220206263
2.2314459544556478
2.1601224576987788
2.44417147517332
2.4423177490805754
2.4846679080277028
2.450454237993565
2.5213895018257073
2.517742110085316
2.44599796688756
2.562989878198816
2.531540858215255
2.5242294697223437
2.500091279531426
2.566541286181983
2.5314143751673566
2.452366007281511
2.6009408503464426
2.5984995193247347
2.6435027407527683
2.607617067631023
2.6840693284828934
2.681435102601518
2.6039659338087606
2.4472607632653105
2.489128095160483
2.4507525784178323
2.5253646130673184
2.4438084662734347
2.1553037763695766
2.192872944831053
2.162264118477588
2.2236664297010016
2.1572570195183127
2.264109993147952
2.232958295629106
2.2252373828389374
2.2044821294175136
2.2631259637212304
2.234049932826718
2.1632622657277727
2.296718493454337
2.3359987718182262
2.300526608739303
2.3696255917820888
2.2953738739074954
2.1636957923136277
2.2032759528055035
2.182787244580256
2.2337983279700895
2.193506818077847
2.193904423154023
2.2312089977191585
2.2306627223866125
2.265429660626425
2.2657085175398732
2.3028301173827073
2.2980384504121325
2.337594991578964
2.3035237544866636
2.371405967557129
2.369613257564446
2.302499550338248
2.337191591519752
2.377974838006997
2.3762798361452724
2.4147864805996058
2.413978596297329
2.3382081645814905
2.377578259384393
2.3761715078358776
2.4106878317161105
2.4127814482202625
2.4535904205413033
2.4495626691306684
2.491345974858696
2.45444878924718
2.5263875267696685
2.524630189534472
2.4466539312798607
2.568811294850297
2.5349947181834045
2.5242764910933095
2.499013564747176
2.566659086970821
2.5290754856195727
2.449108484964114
2.605265729016782
2.604376168238912
2.648623853976482
2.6110522211302465
2.6881522503474313
2.686571732693133
2.604093532395046
2.4449495194124333
2.4878012787276873
2.453060095376668
2.524005757728336
2.451777673998099
2.488590048515851
2.5305763209646717
2.5303163732277865
2.5692388044604346
2.5699646508598457
2.6114527412685176
2.606355058775761
2.6508644197566325
2.61267081526478
2.689507373689315
2.6887846990805357
2.611756027361868
2.6482120587473528
2.6909131257313605
2.6936517853043984
2.719886886651233
2.7294933227948723
2.651954091022102
2.6972987490390388
2.69587255132945
2.726964638742544
2.7316377052533527
2.4892956500589936
2.531229913161792
2.5295098160838663
2.567565148933028
2.5682655653726947
2.609156559230864
2.604824870306757
2.649532921536556
2.6120104695800075
2.688172444229024
2.6875923126556547
2.609736650535356
2.648071566796254
2.693819536549744
2.6933162680754705
2.7245428653726167
2.729312996908482
2.649592820297154
2.695964585504214
2.693318506914233
2.725945587965141
2.7290465680282767
2.2307451205383417
2.2092388187138225
2.252596316175161
2.262776731452046
2.2740621457416785
2.3021998751371813
2.2822977394632185
2.3046059286328893
2.30534174587884
2.346882916939583
2.3247146440926683
2.373223336434287
2.3772183722672615
2.335972272477594
2.3350628226778496
2.3738531218552197
2.3738785821014536
2.4098271668975695
2.4120753635638845
2.375749122236776
2.3526943533062727
2.3992608436815677
2.4099557958791378
2.420264888248199
2.452023909844197
2.430880739485932
2.4491501535014493
2.4444287698934843
2.4865358010183374
2.450410555833723
2.522191917513217
2.5196455751333637
2.443879831768606
2.5641679316230728
2.531172104877439
2.521552555498184
2.4977078642736226
2.5647017986586613
2.531721344358831
2.451417798142052
2.6011504735584268
2.5996105025512106
2.6440784333091
2.607076174711241
2.68409427821764
2.681940082236128
2.6014292876661136
2.4528404191828335
2.4977157615323717
2.4753408245974606
2.5321906479894505
2.4879687377984583
2.485488759686187
2.5286097199719793
2.527086455325029
2.5680165185074744
2.5667269871728884
2.61062339384055
2.6052239523160656
2.6495783858731023
2.6105246743140116
2.6887450458491147
2.687566834938772
2.608435778193422
2.6478212373692944
2.6908082891415956
2.6932945982930443
2.719419081121351
2.7291892539005387
2.6486589315646354
2.6950158623901634
2.6924945666407476
2.7258018246944937
2.7282974505929642
2.530123042458701
2.5060104312313927
2.554378573222867
2.5664326954158865
2.577872782686491
2.6110389669370266
2.588747430100888
2.6119513128985563
2.6133171166933296
2.6601641002127687
2.6360574060302158
2.6909205626962365
2.6967009923445664
2.649389924550513
2.646197810809209
2.689989856587899
2.691362809029833
2.7196413956007115
2.726519373007247
2.694088858609909
2.668443151584163
2.72138398886099
2.7348736413792594
2.7343405918283947
2.7766899508373055
2.7532686303916094
2.6809194185349563
2.7529285847004488
2.633469220633934
2.6835141865385546
2.603935366037174
2.677812135694947
2.72203167968261
2.550982030468459
2.604437833189806
2.5960464809364145
2.6452953438718936
2.5537465665420074
2.5996922058447103
2.6903269739366524
2.521418543809486
2.4725213059370272
2.5339602524409033
2.4459745448985393
2.5268940064909384
2.677611718551191
2.729603797037041
2.632315729009762
2.6811706168448275
2.603004853973869
2.6802049158182313
2.7194310680488947
2.3963504953877313
2.4466937332397682
2.4383941146754617
2.4832866381568586
2.3981458063760392
2.4435598553284557
2.5312957893827126
2.4395622402202894
2.469450573031869
2.5243875482129683
2.516970754117713
2.5125709182583433
2.5492022485599817
2.5689479075027455
2.402666561228582
2.4454743367649723
2.438890081458208
2.4819619832539663
2.39953416548295
2.442955581751362
2.5250470399848766
2.613370430112168
2.6057567816329223
2.6545104523245335
2.601150382512607
2.6977014648354496
2.3685449234690896
2.3226296092924628
2.380765970903977
2.297760528234713
2.3718085566073315
2.251218157563348
2.298486157732362
2.2910830942890517
2.332023202509765
2.2536412304563243
2.2944344793218785
2.387989048336404
2.225142307461307
2.1819923428489583
2.236211023886674
2.158564850912395
2.2299716751655323
2.3735004572989533
2.3207981484451174
2.3802601481368537
2.297054216214657
2.3757232605572254
2.682897015461026
2.737221135448311
2.6332916665577724
2.6828914163695607
2.59889065640753
2.6753203715732647
2.720995686793367
2.551916097706884
2.602230627932502
2.5949620670154294
2.6422834563444284
2.554407154547425
2.600504400549795
2.687507251993977
2.5203558238217765
2.472692302662481
2.5324678365432924
2.4480466329294464
2.5308407334951397
2.677046764302683
2.726755143810248
2.634162140161588
2.6827885030526746
2.607789032205705
2.68530613983969
2.721293224825361
2.1147717516994122
2.159199768355286
2.151874255710795
2.191492314093152
2.116354670904574
2.1564378619812237
2.23386263670669
2.152889047527478
2.1792708971905377
2.227803724002081
2.221210171083565
2.217185305319319
2.249463285804981
2.2670713161906626
2.1203142774649724
2.158195416060739
2.1520042051744275
2.1901592400889163
2.116853652274118
2.15698376757771
2.228887218290332
2.306362637513323
2.2994497892488805
2.3410844412886727
2.2964180865407675
2.384080264261043
2.1557050567426126
2.1805778166467276
2.228072794446795
2.2205555456601793
2.2199602373567746
2.2496483371711307
2.2512965621913494
2.3002061806219443
2.2957167664325198
2.3190105736097513
2.3026705901015623
2.370394375986672
2.3653969536747645
2.287979795607802
2.2899878037219636
2.3237920701250707
2.372638771310837
2.3636405318054905
2.362564444007636
2.3966775129652866
2.3964303384703047
2.3209447550774764
2.3685808994966426
2.3701207359211067
2.3948828050126476
2.4195903149323423
2.1251597212104176
2.1624070651411724
2.1547103747656626
2.1944031910154163
2.1171493979515317
2.1574453592856404
2.2317096446825833
2.152252042526407
2.1802051928547383
2.228392969690833
2.222098966348513
2.2170178734814048
2.2504889723391654
2.264227391425436
2.1188516176152206
2.1569439871722587
2.152420680351266
2.1891995495390884
2.1193381274190024
2.157494838488235
2.2275445948659165
2.301450241040606
2.298276390769507
2.3368161079046685
2.295841604509702
2.376756311758279
2.460160812269388
2.4508062974608906
2.497073392014176
2.4451726834361267
2.5417782715355486
2.4423651609790396
2.473165641971849
2.5297772443174047
2.5251044326782504
2.5144940572758294
2.553874718403132
2.578920836706283
2.4426471046510674
2.442026674516402
2.4818691843021696
2.4435265786590348
2.526061975325262
2.621500399761622
2.613044822129416
2.6624944073014545
2.606325819832568
2.7048546742009023
2.0902333654430914
2.049713215020174
2.101019046980653
2.0277663466477422
2.0931110340443233
1.9866929251214276
2.028407407942277
2.0218714724008047
2.0580002888555553
1.9888304710017484
2.024839441051016
2.107405643116879
1.9636811544580102
1.9256015169284666
1.9734493608404104
1.9049268675930935
1.9679432138622017
2.0945446362488833
2.0480353850560213
2.1008884230469107
2.027119811173887
2.094851105307069
1.8662796422109809
1.9054869889948294
1.8990232445860213
1.9339857560480422
1.8676778259209015
1.9030463896234897
1.9713755140811364
1.899932982367448
1.9232092651244008
1.9659985466939554
1.960220157649013
1.9567914952949685
1.985271891071252
2.0006848264244663
1.871198594005893
1.9045373607253069
1.8994095137633673
1.9329536489299732
1.8687590828635083
1.9025757359633833
1.9665103022358594
2.035400577651645
2.029457789504672
2.0652519824421893
2.0259761722345804
2.112654907424681
1.8446246410168934
1.8088657584484578
1.8541424027810343
1.7894976986902291
1.847166360705884
1.75325046397615
1.7900628195188064
1.784297307907901
1.8161814962754668
1.7551375550401929
1.7869073692113853
1.8597677406375697
1.7329425714973135
1.699337345267613
1.7415628965179635
1.6810919962019226
1.7367036868437338
1.8484840142462875
1.8074394153586606
1.8537484671779034
1.7889476222934935
1.850215134231576
2.0985987094301484
2.048726674763084
2.1032769335999237
2.0239111626893513
2.0923431478671386
1.9874216363597625
2.026734051007131
2.0210444627131894
2.0555403766097875
1.9893451233679533
2.0254642801620237
2.1054265073669667
1.962855012095037
1.9257346144554501
1.9722876238693268
1.906540598627939
1.9710170402497322
2.0940562120424806
2.0496004187549186
2.101168323561573
2.0308728410055252
2.0998572583768556
2.6891154210179353
2.7444471081910846
2.6380717563250817
2.6878408009841
2.6018541381647586
2.6782396293273285
2.7257967959202345
2.5528332069022692
2.603773679175821
2.5950605368172353
2.6438727468465437
2.552639979419734
2.598650448753289
2.6892790497374097
2.5212353171555595
2.4722519786653088
2.5328883732952905
2.4435408419591766
2.5261545423725957
2.6765205120421944
2.7284740293820136
2.6313963480756097
2.6802419777091977
2.6024188494490765
2.6796770846155686
2.718523704031041
2.4014272751791594
2.4481938329489648
2.4390120996560007
2.4840000972800187
2.3972890238693143
2.442915538109156
2.531452172997146
2.4381193919369597
2.468624426311284
2.523780734822532
2.5168848155861183
2.5116780990569154
2.548558067413195
2.5690319566968043
2.401162886962693
2.4442129257902936
2.4401442022339888
2.480774032462661
2.403614494687338
2.446716827131452
2.5241580152696566
2.6132153395553708
2.6054703387961817
2.654331518774784
2.600576950026544
2.6974164517306347
2.3708665987376722
2.322381498341219
2.3808403096407185
2.293381986373532
2.3701461956107996
2.251623372251787
2.29639166950757
2.2909784090782264
2.329271686864276
2.256251120636928
2.297026343033993
2.3854048878932232
2.224611716209056
2.1841779685303724
2.2362177853276437
2.1637034461117155
2.2364008372154993
2.373727850901309
2.324672347137569
2.382538910535957
2.304226105696859
2.3821427610660555
2.682501182819224
2.736935207698459
2.6327462013244802
2.682409451089705
2.59834943820018
2.6751649682425
2.720524212527802
2.5517115656193328
2.602132844694416
2.5970666897312378
2.642270144486286
2.5587518709389974
2.604539593404512
2.6876714789710103
2.5218535154444464
2.477157917242369
2.5356447655785104
2.4544924943387763
2.5366687879186904
2.6794468491042034
2.7270021227657093
2.6385902022622973
2.6868733587603977
2.6136007663580103
2.691150770250159
2.7255206866479513
1.646985896241544
1.6815864704048917
1.6758813554145862
1.7067359303077207
1.6482186749514045
1.6794354955786148
1.7397339707568058
1.6766716759839597
1.69721788118218
1.7350152850518055
1.7298802205439907
1.7267456508418206
1.7518837674514072
1.7655969162726417
1.6513024195150763
1.68080428047737
1.6759825582804846
1.7056977298217557
1.6486072793584938
1.6798606555571771
1.7358591159361725
1.7961970283700799
1.790813295536112
1.8232383952070905
1.788452208130134
1.8567235806718565
1.6788647497520546
1.6982356845204631
1.7352249286839752
1.7293703765029282
1.7289063742236017
1.7520275423863538
1.7533115069201988
1.7914037101044324
1.787905703313403
1.806046953232095
1.7933217320439683
1.8460662325370656
1.8421727054408281
1.7818804392208474
1.7834385446841372
1.8097659296678645
1.8478336942058413
1.8407998955515197
1.8398871010817595
1.8664342630450694
1.866336487469129
1.8075535759367543
1.8446527301540168
1.8458518679958973
1.8651362968797272
1.8843788150791505
1.6550760002389846
1.6840844751900903
1.6780894263059891
1.709002435760216
1.6488364742593338
1.6802231530076868
1.7380589103911164
1.676162511248668
1.6979368707582894
1.7355038399667115
1.7305652159550993
1.7264943738841825
1.7525488267336908
1.7633754144265636
1.6501392628884193
1.6798846891550054
1.6760718038707534
1.704823150821006
1.6499861765350494
1.681077944375727
1.7352442778770971
1.7923974058616345
1.789777328430056
1.819827872359648
1.7885943529603012
1.8512680186135921
1.9159752400554444
1.90868953463038
1.9447225514739248
1.9043037578888051
1.9795404185665393
1.9021104817038597
1.926096959506904
1.9702223349170822
1.9665467898222078
1.958184069241898
1.9887865830665503
2.0084507820309048
1.9023584594440275
1.901749040421529
1.9327943938273333
1.9035042710587347
1.9676157942907584
2.0416869041059487
2.0349280377938417
2.0723080842963375
2.030657657662119
2.109246213977423
1.681680207701707
1.6998547350924191
1.7364635767940895
1.7297030004986724
1.731583566510495
1.7536170084785474
1.7528394582870899
1.7926668796167475
1.7883892491007654
1.805976121209558
1.7930016840818128
1.8460491342134007
1.8418154804077238
1.7816768753298047
1.7859623285008963
1.8113038152894863
1.8491725864348911
1.841599252987849
1.842440950465122
1.8667259135021437
1.864511350330707
1.8078354642585222
1.8441666028579153
1.8443286540581225
1.8635571253020755
1.8703154865678906
1.9088052076765973
1.9051431191839732
1.9246919623356689
1.9116388753174722
1.9684628791861156
1.9671010071625128
1.9030518713661078
1.9857692917802037
1.9717478563989346
1.9614351326252257
1.9387194028239632
1.9812118834020112
1.9695100134664867
1.9101553832076077
2.030181047648503
2.0267554044683935
2.0462970475645434
2.0310158939967993
2.0919988415322033
2.088568024353047
2.024778807718235
1.903941557472296
1.932471301796867
1.9118406628745976
1.9638025812635105
1.89920033680037
1.9011654371182964
1.9284099526947576
1.9691603944376062
1.9617157541835128
1.9614853220881003
1.9878587706565827
1.9892572710689274
2.0326164059650003
2.028838946337258
2.0499333542350913
2.03546638194278
2.0949312710929133
2.0902896295393596
2.023416884875994
2.0240131061503392
2.0535039281591
2.0966906547721775
2.088770733496174
2.088178464937897
2.1179738243944577
2.118075511769166
2.052559398503462
2.0914494642437926
2.086811671011539
2.115579701635337
2.115479446599295
1.924707385058415
1.962369369595736
1.961226340665692
1.9846768122502076
1.9877048794042338
2.026413072297861
2.0261871928736683
2.047425845173051
2.0335546262948467
2.093161720372561
2.089803204080498
2.021048776152284
2.050425384977121
2.090060308929705
2.085804924091579
2.114090325903116
2.115826735665138
2.051859609732002
2.094060604247521
2.096631484637917
2.1170262564628786
2.1405593052892984
1.6590330482132147
1.6877290232710553
1.6814450845918154
1.7126386092216292
1.6515924223733205
1.683057691929653
1.741404203798043
1.6779727159338615
1.7005560610201615
1.7382525834342932
1.7337389094781848
1.7281233654869372
1.7550573005703871
1.7667391076670134
1.6510003266556967
1.6808699081195329
1.675736597480153
1.7057645013037988
1.648376775245092
1.6796406687324419
1.7362684840667313
1.795500837814484
1.7928153365466373
1.8230236834002642
1.7911777957463213
1.8535776398140427
1.6790545848100198
1.6980546538317811
1.735122629165435
1.7292827036318275
1.7292896228510308
1.7519543408125595
1.7534814844733089
1.7914861277068497
1.7880790910623672
1.8064731176158837
1.794055273695442
1.8467774057640642
1.8434351943066911
1.7832829906510896
1.7839823056802286
1.8099205186024063
1.8480521517764403
1.8410452774108848
1.8406627519260748
1.86685118114266
1.8669323584639494
1.8103307502311552
1.8465396446602664
1.8468010565772885
1.8672963178088149
1.8809049465470695
1.6557477412113633
1.6847121998521748
1.6800534587105358
1.7096648469161129
1.652325937170604
1.683455381561752
1.7387974964368658
1.6825698533933577
1.70189744296413
1.738952579483101
1.7326806267149935
1.7341644250834545
1.7571643825858803
1.764121554519452
1.660136456077729
1.689283740957095
1.6938465580498299
1.714753609460686
1.6789050568688997
1.7035451935498935
1.7444080856991606
1.7932491265006893
1.792008722100956
1.820725773577212
1.7920744135731366
1.8518942342838294
1.911488089722174
1.9079470199176267
1.9406773614018231
1.9055566706020546
1.9732172879054741
1.9033192448135057
1.9277410525834497
1.9704971004906255
1.9650873625595309
1.9591026467052997
1.9897474272347346
2.001834162408243
1.9030771488718055
1.9022441475172642
1.9336913438567613
1.9033732692708294
1.9680835459644488
2.0345379026690846
2.0320516792888155
2.065775056079904
2.029723076829989
2.1009686262155975
2.1757087637909187
2.167357821799521
2.2083305286753943
2.161566193814118
2.247226098414165
2.1578344726761785
2.1860807773347837
2.2362080063697665
2.2325237351138565
2.221061814839734
2.2569374598550205
2.2799881901952777
2.156888317037863
2.1545125119829693
2.1912829718248608
2.155806225890637
2.230948974240296
2.3172783003561888
2.309743682671712
2.352034616790357
2.3044690830121057
2.393542132783738
2.15537668775169
2.181135498802157
2.2288953000806497
2.2218207254616305
2.218285598273642
2.2498064355360503
2.252904069925312
2.300748713471319
2.2972740165595047
2.3209813870797236
2.3054502444726923
2.3733328701034946
2.3700486141899475
2.2921780832692864
2.2887758043486004
2.323876866877929
2.373118787285799
2.3650151806040824
2.3617227485237233
2.396784184425645
2.398899083320816
2.3282526022907017
2.376030603955674
2.379408215176899
2.4018305600756635
2.429059984269149
2.156168870160338
2.155121965677141
2.1907823440104686
2.157103597530285
2.229089879113375
2.1574204201935183
2.1827844735110675
2.2301767499217027
2.221768372484921
2.2202551505362003
2.252672402704061
2.261721416636926
2.15856341053777
2.158018954014559
2.1932960253360783
2.1593607009225453
2.2318321778161048
2.299541801063884
2.2980466100990493
2.334936047779893
2.2974714352722474
2.375304597116546
2.4686463970285524
2.459292015116132
2.505666885438208
2.4523545438946357
2.5494872992520317
2.447270397617224
2.4799927180076424
2.536786228545272
2.5329241045275266
2.5191333419050768
2.560425795707546
2.586651398347348
2.445638704278224
2.443562536636229
2.4849169320412976
2.443906320334132
2.5293949931280566
2.628630223011871
2.6204086304507834
2.6696541575082158
2.612935289882693
2.71169795949482
1.6278753818095084
1.596318256929504
1.6362752790392312
1.5792260186548674
1.6301165123606385
1.54723800580651
1.579725277696666
1.574635085962947
1.6027722365105808
1.5489027282000085
1.5769465423475069
1.6412491651510093
1.5293164207941756
1.499659969267602
1.5369239075778556
1.4835585361771368
1.532635715987832
1.6312330026996724
1.5950115614048705
1.6361735498993628
1.5787224960592012
1.6314716772179612
1.4534600467897723
1.4839947591662037
1.4789607899883226
1.5061896212546886
1.4545489534391836
1.4820940185470661
1.5353087941559234
1.4796692948197872
1.497796881697195
1.531121208564245
1.5266209936021915
1.523950746964214
1.5461312992528407
1.5581349092468044
1.4572909311969098
1.4832551891643315
1.4792616209226797
1.5053858154640354
1.4553910442326716
1.4817274822951996
1.5315197737820303
1.5851715649448348
1.580543310480853
1.6084198561496819
1.5778318528176194
1.6453373150950514
1.436595114911992
1.4087460691766602
1.4440075552197977
1.393662209117788
1.438574608438072
1.3654328345056403
1.394102325861435
1.3896121418976768
1.4144435716798571
1.3669025048085657
1.3916448631179197
1.4483885728191557
1.3496170323552308
1.3234452569265853
1.3563305488274664
1.309235767498771
1.3525461982558276
1.439600800242574
1.407635236623495
1.4437007636569779
1.3932338202821382
1.4409490109583616
1.6343902308750091
1.595549834227807
1.6380341418229891
1.576223499910534
1.6295165011337267
1.5478054591893735
1.5784224862967908
1.5739893031730987
1.6008542347568984
1.5493028190225129
1.5774393739913575
1.639717578260452
1.5286730025432518
1.499763637088929
1.5360192050616073
1.4848153475141892
1.535029678375415
1.6308051270031947
1.596183202923143
1.6366333780781348
1.581627612552968
1.634056780390606
1.2826739172824722
1.3096208654089112
1.305177779748942
1.3292072886680741
1.283634149774366
1.3079457697302734
1.354906199370694
1.3057939398273075
1.3217948323844402
1.3512314709453959
1.3472321157965208
1.344792226704369
1.3643689045736282
1.375048261833547
1.2860373061027681
1.309013140980614
1.3052644685782213
1.3284005533670495
1.2839528118854724
1.3082884078032442
1.351890996516008
1.3988796785106232
1.3946868451246808
1.4199394654583068
1.3928485166944604
1.4460177977610433
1.307546555946241
1.3226053817135406
1.351411703317968
1.3468416108267651
1.3465594543583395
1.3645137185554028
1.3654831589536411
1.3951779795204655
1.3924308050133485
1.4065541632979985
1.396642873799574
1.4377206524111488
1.4346870096101294
1.3877313169693688
1.3890712120462956
1.409504848079424
1.4391284017196415
1.4336368325057318
1.4331318763146124
1.453740135674701
1.4535126797541436
1.4077247635435146
1.4366177595193563
1.4375510700965033
1.4525705208617872
1.467555690587997
1.2890737835991577
1.3116610731676674
1.3073556008775324
1.33107807492854
1.2850483710447387
1.3093960361200967
1.3537477232332502
1.3075996214800627
1.3234881662762774
1.352579973823096
1.3482780029475947
1.34756927406029
1.3664450398357721
1.3734576713115993
1.289056431137852
1.3118646499064637
1.3140374076887298
1.331646593301402
1.3012799399701023
1.3206499638685174
1.3548237489389405
1.3960916686842144
1.3945213206862235
1.417505471820873
1.393798566568206
1.4417536739132264
1.4921630170670377
1.4864893972457112
1.5145517040168235
1.483073247490692
1.541666828172622
1.4813704769372569
1.500050844696751
1.5343909693854734
1.5315546446804151
1.5251219097391093
1.5489676718721155
1.5641841116873225
1.481546041050307
1.4811888881107595
1.50533243858098
1.482141984296406
1.532139476285939
1.5900993770990064
1.5849622768442857
1.6133450041521873
1.5809725775880992
1.6493494761301353
1.2677906500310225
1.2432139585174438
1.2743324777307672
1.229902588909872
1.2695364486638576
1.2049905473659535
1.2302916349182045
1.2263292420690006
1.2482406290228005
1.2062912339843463
1.2281335601171413
1.278206092868952
1.1910338362877662
1.1679387480201457
1.1969591505541468
1.1554028654206476
1.1936300178007222
1.2704100116231767
1.2422052969239057
1.2742592320924016
1.2295306801322181
1.2706261142218542
1.1319736988389657
1.1557486695908574
1.1519121702697783
1.1730375776996036
1.1330215985052603
1.1544228373540957
1.1957269530509946
1.1530459931951325
1.1667557160927702
1.1926779624003012
1.189028516332022
1.1879571131049573
1.2045908540463262
1.2134938809485334
1.1364032690521069
1.156407137431641
1.156727462225143
1.1737957862817145
1.1440381315723225
1.1613098475922992
1.1941294612047244
1.2345657013606055
1.2310465810011846
1.2526549246510585
1.2292085776641093
1.281382334141417
1.1188649317456965
1.0972344502959728
1.1246449363654478
1.08562527556063
1.1208725415808787
1.0641455605660117
1.0861891744332466
1.0848264036137172
1.1021537017740948
1.071782531388013
1.0881476466886384
1.128174268364654
1.052537242601563
1.0360409305961822
1.0582103264357516
1.1242800875735361
1.1053828769612346
1.129114907265084
1.273134903578466
1.2432423513542514
1.2761070367213145
1.228835588603538
1.2708498140744724
1.208060701918535
1.2315567114478938
1.2324957945433357
1.2493049440084651
1.2199929064844328
1.2383954891023712
1.2787568394719515
1.195634581215392
1.180213350740298
1.2037760491934515
1.2767722819229315
1.258051211219874
1.2839793477984658
1.6380990660308994
1.5984394836024087
1.6413053989221233
1.5780267058058017
1.6315257213548366
1.5483775802239705
1.5793777901360144
1.5741218267022932
1.6017742306806402
1.5483672116217355
1.5764691765839105
1.6411828573924692
1.5292522103152866
1.499594578470294
1.536343934188542
1.4822729691276915
1.5324495286970676
1.6308609661620341
1.5946269573745302
1.6357706427382324
1.5787144112858842
1.6315507678920858
1.4569183059034985
1.4852664600848091
1.48052706359671
1.507012953088923
1.4562083131198222
1.4837131229220684
1.535850834873576
1.482955202640801
1.4997880817984663
1.5329441596961773
1.5278624292538923
1.5283992133347684
1.548623058998756
1.5586311130630377
1.4630217763687092
1.4887183838245308
1.492225576296597
1.5111585886325458
1.4785800434462657
1.5004047471182114
1.5373114605384024
1.5856116172300196
1.5816793781001577
1.6088248752088368
1.5800900240620535
1.645498361315103
1.4388587935498829
1.4103368075895855
1.4453193762110654
1.3940090588700356
1.4411369229584152
1.3710350045915152
1.3976244449111643
1.3999464119795202
1.4179262765300726
1.3868522530328637
1.4075446726509466
1.4507549077712354
1.3579718306543054
1.3421268975029363
1.3682391956743323
1.4498115382711627
1.4298938849341651
1.4588045030515775
1.6358085125207684
1.5984610949805307
1.6401711494090438
1.5809323621733133
1.635048932021228
1.5559165585450798
1.5858301004696886
1.5893890662231822
1.6087722101950002
1.5752548989313953
1.5985843745750765
1.6459122720201091
1.541793222490766
1.5247896537396852
1.5540323278723882
1.6456476381340153
1.6239562465121296
1.656393062124538
2.6958424484525114
2.751367760717323
2.644300155452828
2.6940247708331935
2.6067575667389447
2.682791091712014
2.731883306203205
2.555740204341677
2.607133496272337
2.5967724527713765
2.647223434863303
2.553083783012967
2.5993400047914004
2.692778794500229
2.5230204521062474
2.472412767127822
2.533728943299378
2.443103620118511
2.5262124560054247
2.6783672306650477
2.731865437205256
2.631981304856241
2.68110067402566
2.6026257235251347
2.680019777762687
2.719320750545191
2.40039568063683
2.4474676544607608
2.4394047739772287
2.483304204952109
2.398901435570619
2.44432516956686
2.5310860664215724
2.440311997229955
2.4702762146833512
2.525064282067431
2.517463195978377
2.5134594888755197
2.5499752320147913
2.5687255404741576
2.4036044975189137
2.446432439506159
2.4404910064574636
2.4829465871371825
2.4017462139359425
2.4450674908312715
2.5260641534650183
2.6131603981111717
2.6060505348766663
2.6543008741415592
2.60180730623735
2.6975397114535236
2.3708508247241182
2.324263692377361
2.381914759289951
2.2962463296613014
2.3723776476173626
2.2556055005652444
2.299986811261017
2.292989985103147
2.3328520109746114
2.255762241358383
2.296557767036517
2.3885980074088744
2.2278791252028727
2.1847967673532187
2.238251712950076
2.1596179057447635
2.23250856098943
2.3749426208273983
2.3231169961606746
2.3822001277625686
2.2997295283477355
2.3782584624480245
2.683196849835582
2.7370770202865646
2.6339911277820214
2.6835166861129123
2.599790175656056
2.676282248848138
2.7216483500165536
2.553096887385955
2.6033786239505385
2.596628336482552
2.643450365637386
2.556543305500851
2.602561265680273
2.6886735264488077
2.5219297324932963
2.4749102718160314
2.534409114001731
2.450554059599683
2.5332030222508655
2.6787308175610036
2.727948905652714
2.636279795293346
2.6848215526792205
2.6101214320579462
2.687611999440408
2.7233506102752667
2.122739966823291
2.1639378794123334
2.15579096911728
2.1955363109149886
2.1187690835703483
2.159052753750695
2.237331249080598
2.1539603333658226
2.1815651718835634
2.230325513244523
2.2244332687583945
2.2183446014354145
2.251699245471758
2.2704945025967165
2.1203265756567546
2.1584543068048982
2.152197218389098
2.190410627014862
2.1172591666056224
2.1573684838323857
2.2293943268822227
2.309508999209504
2.302419217471715
2.344263832991773
2.298794793038188
2.387031285738873
2.156917953972215
2.181105583117052
2.22859837775733
2.2208813585683105
2.221554347871529
2.2503681869669245
2.251649004516583
2.300959674396755
2.296249571546155
2.319524031674502
2.303409809824486
2.371227297820891
2.366712426317913
2.2891767339033304
2.2918417700325113
2.32476832292718
2.373604997088317
2.3643097448012504
2.3646643204308004
2.3978951665436408
2.397149072003238
2.3230796457744916
2.37077062684925
2.3728660438305056
2.3968904454751963
2.4225526999962144
2.127341981677305
2.1645263852261003
2.1594352833202257
2.1966016297249693
2.124731296452145
2.164556413619142
2.2340311161614252
2.164480915193958
2.188516697509013
2.235799044408984
2.227082224372758
2.230821612140728
2.2594874292964673
2.266589648411797
2.1365907150420433
2.1738837067607557
2.1806077334018683
2.2066259040916387
2.162095970627627
2.193601632273116
2.2445921316064146
2.3040327149824815
2.3031932365543124
2.3393193040183293
2.304113660809815
2.379341164679948
2.4629493408941867
2.4533976622620752
2.499888417562099
2.4472892952532908
2.5444274292901854
2.443758917407296
2.475140142792062
2.53187278536557
2.5275332234702015
2.515893898428935
2.5558217730920347
2.581566544117233
2.443556677761589
2.442850217622582
2.482753954179233
2.444693259300461
2.527069105527695
2.624019355776019
2.615405421969915
2.6650193695189444
2.6083324478461005
2.707307038262967
2.0958082550029165
2.052938835349101
2.1046013093021205
2.026725422916831
2.0942553525793333
1.9889273817589714
2.0286270889010742
2.021784045732617
2.057558361501867
1.9886415216311772
2.024774293025005
2.1075433004423973
1.9641506096434957
1.9258436800146876
1.9731171992891983
1.9037951728914444
1.9683696250919085
2.0945661233694475
2.0481729905753188
2.1009407199292442
2.0278933112340365
2.095836163584038
1.871633680683464
1.9079899023022797
1.9028751865143037
1.9359424074417189
1.8726381695155538
1.9077979538449226
1.9729957034764483
1.9080889370665255
1.9287652570358338
1.9710097298308467
1.9637317036357052
1.9665882109463166
1.9915043567668815
2.0022768912789672
1.8836239927168563
1.9164701023301358
1.9221590113763245
1.945333786758653
1.9055739678056136
1.9334277582388137
1.978793435797003
2.036985357947274
2.03276180369694
2.0668033508616723
2.0316838188954156
2.113762288491124
1.849108225525077
1.8136341618346121
1.8580270652819113
1.793653200492049
1.8541440316720195
1.765648101388802
1.7994831124283293
1.803937535896651
1.8256550561775229
1.788268817587812
1.8146321978652715
1.8671990211215586
1.7499481417385487
1.7312029897468042
1.764146485875158
1.8674961073510628
1.8434319114070883
1.8799985392812908
2.1023285143496686
2.0555541744294406
2.108581902929065
2.0338760652587204
2.1032721852595104
2.002973391779844
2.0411134081566447
2.0467166735830578
2.070652159635385
2.029352081383183
2.059151764543132
2.1178318346340728
1.9855631122534874
1.9648019679055224
2.0019548274677605
2.1185842884131505
2.091812215456878
2.1330621398089553
2.691320303469509
2.746904968639341
2.639976945310597
2.689778605795407
2.6033858169155573
2.679773541199931
2.727705811932263
2.5538803669131642
2.6049666906383875
2.5964044586992783
2.6450783459120357
2.554331119627518
2.600401363007867
2.690585221055102
2.522360535681809
2.473654843981599
2.534137237101964
2.445690546366333
2.528601970063796
2.6781139290843115
2.7297573994212962
2.6333761854383395
2.6822605528899937
2.60523270417735
2.682905625086083
2.7206456509094057
2.4049296193252774
2.4515219164244533
2.4458094320384163
2.487455619004805
2.407791919857452
2.452799267058059
2.534963436885378
2.4540457614524884
2.4799665664728243
2.533920244169158
2.52398028280774
2.5292194304652513
2.5605651089451724
2.57261424639926
2.423366768980583
2.4654308057400582
2.4733965717242707
2.5025246368323764
2.452613207709308
2.4882697912798655
2.545389696968339
2.6170215979763483
2.6123919340350037
2.6580376122629294
2.611666559028122
2.701321216571433
2.3765894543709516
2.3320203218819398
2.3885836920374452
2.307053628495697
2.384631513834761
2.2720798181847326
2.3152994110456167
2.3217940243863744
2.348967310570111
2.302256344917565
2.3359831415744576
2.4018973157208228
2.252451622616431
2.229167143716858
2.2711757767557135
2.4031099787894576
2.373030495346529
2.4196778621676787
2.690680082538882
2.7409066829891775
2.6451971270169543
2.694438656837013
2.615603534492359
2.694292491579767
2.7331199183612327
2.5766208137777866
2.62526671458581
2.6331246739297933
2.6658550421931526
2.6113799091763363
2.6492132961160717
2.7108478124383435
2.554656171941614
2.5285997019245663
2.5760778579538295
2.716902859645138
2.7506582850007
2.693393061046625
2.733571153054191
2.7787250180290677
2.798309814439209
2.839689431534153
2.801177179573058
2.8897201384618914
2.7860091419278703
2.9258370033372563
2.8857513429170094
2.8757050789953724
2.8413169529909315
2.9046725035125975
2.8885708437158284
2.8006362092342814
2.9781438862811447
3.019569581949261
2.977447208392471
3.078438390140791
2.975759558490699
2.7905807898428425
2.8323218743254435
2.8025243076958866
2.883556839150538
2.7840932624139008
3.119533235388957
3.07604004251301
3.061151905554601
3.0300240775985277
3.085748104405387
3.0660340621670494
2.983852207871542
3.05663393702775
3.010538403988738
2.977054778674445
2.9711829326863857
2.963169508271794
2.9176628896737418
2.9321145415067695
3.0893109922578614
3.0735025328405516
3.0596241820258587
3.0207702306197337
3.0900913404021155
3.073900338030442
2.977063931842925
2.888339098047594
2.8813144883147346
2.8381503484776878
2.8846553577967313
2.797603043355493
3.1695638814721976
3.2070045145742645
3.1613007166803735
3.2667131661289917
3.1551481688474263
3.310105136652423
3.2670865066943424
3.2557988910231535
3.215400343687132
3.2894532556939744
3.272851864104773
3.1667212099927067
3.371777028959502
3.4209267943726624
3.3743073751194332
3.491302305227175
3.3754151971041475
3.160104220808077
3.2066275982133114
3.1717683306872235
3.272910469160152
3.1683064337703764
2.787632966158161
2.831511027656956
2.8019381529047407
2.883396869336491
2.7853329920000798
2.918710630138728
2.8871728721834584
2.8749893911078104
2.8412219107934877
2.90346870453767
2.8873461335053587
2.800951777780149
2.97177385686894
3.0110157555551647
2.977723712658751
3.071671228051455
2.9734853202275158
2.790506725828635
2.8311383770957805
2.800961762855536
2.8814029481437657
2.7817049618291825
3.5407028548927046
3.490971448003509
3.4728548281915526
3.4403019895158993
3.498879828238815
3.4747072413523936
3.3882647005590023
3.4618188372791066
3.4119057243224473
3.3724484831968233
3.37099429874759
3.3549294479856684
3.304949221918282
3.3319368748262974
3.4979719172497754
3.4786289300334854
3.4614682945229953
3.4201022293377887
3.4931098192853964
3.4732111918981206
3.371169741114171
3.282531706217208
3.2694370458418476
3.2281978564701195
3.2653907300495684
3.179720743067822
3.462289479462771
3.410069088667688
3.3728522338925755
3.3642183702250765
3.35600957959364
3.3047883674950205
3.3090649878501717
3.2691629818986137
3.2636030671856764
3.194783036848996
3.2741647878647537
3.172541777689963
3.1658578237153705
3.261365497589207
3.2530624024459716
3.203462230602235
3.1691230213226964
3.1603116565439526
3.153639746688895
3.104682755854526
3.1075425555161784
3.2041239204016567
3.1669285991681733
3.1640384700879745
3.104897506439254
3.126488304058457
3.5007579480338586
3.481881179163657
3.4627539544249286
3.4248508630439085
3.4916024356137116
3.470355292011342
3.377170901476396
3.458562488555023
3.4068779228414643
3.3683650839833703
3.3636068780135355
3.3515616082580184
3.3005186294817834
3.32016865005499
3.4951843893839856
3.477857329347607
3.4636566651828717
3.4175373351111276
3.4996990947461732
3.482794588624123
3.3681961360649435
3.2735377654895963
3.2628939874173177
3.215837844565551
3.2614911247645626
3.169313817139869
3.079920669103535
3.0689354570528016
3.027326592987755
3.067894864231672
2.9814197163153624
3.067279818081657
3.0089883228600858
2.975123417395043
2.9690056861192025
2.961680611558271
2.9159394236999203
2.929426884604209
3.074013282498635
3.0669779527498644
3.0196595165403783
3.0690983245052013
2.9753322524077985
2.8856394186178695
2.879042267714776
2.83502312636992
2.8831521019419517
2.7944378383579576
3.5960010058351806
3.6361124000680665
3.5826995948601015
3.7000160481273356
3.5737203380942475
3.7463466034878863
3.697296114388699
3.6824254141775112
3.639058027652945
3.7181313011234773
3.6975919549703455
3.583853346684931
3.8123857529121397
3.8648047960905276
3.8134125431801884
3.941914651316568
3.812110560009243
3.5740615664624578
3.6229755377253694
3.582496706961694
3.694569678816299
3.572869606433244
3.9963247011974845
3.9433361619079212
3.9234197253737646
3.884274860095572
3.9541891459297904
3.928824627527974
3.825445768808991
3.916684707600968
3.8571069638109545
3.8134650872378164
3.808000126664451
3.795480341508515
3.7365704335180228
3.7602647973237744
3.9587357654190907
3.9397361305287237
3.924485442099159
3.8711506445226034
3.9662997403556517
3.948058713404186
3.8152039177572874
3.70428203920088
3.692572512994575
3.6408934684802725
3.692913231003685
3.58590352551235
4.06082867903876
4.108601011907323
4.052015750464292
4.186044626430869
4.043725258058922
4.242653203142334
4.189849899856322
4.176860775074357
4.122324497063403
4.222315993835636
4.203057213799347
4.060002537312625
4.325153788390538
4.391501812962117
4.333271995443194
4.485485487350541
4.337053844983608
4.053933216738644
4.117239238445633
4.073578325884938
4.206318242932598
4.072693193902246
3.5752544062196456
3.622387431632423
3.580684907530597
3.691941378727516
3.5702280544276626
3.7391250065834774
3.699644686950391
3.6859871373286888
3.6387155137955176
3.725316436453597
3.7080645154662366
3.5840658909666185
3.811577321412286
3.865983858752632
3.824568205622187
3.9498165015612727
3.8250548326458205
3.5777155867129045
3.632472791969937
3.593641987812921
3.7098583999169588
3.5917532106381262
2.7851279491879675
2.8302408538498156
2.8009730087517317
2.8820679415638804
2.7842397976856317
2.91698278074127
2.885315159972861
2.873081513695865
2.839173167733758
2.901644329657751
2.8858216559921948
2.7987595734729798
2.9701624798501385
3.0100749614854356
2.9762806538742725
3.0695305288194934
2.9727251715768213
2.788121986646397
2.8293503064794274
2.7994935315695253
2.8807201596761347
2.781133133948254
3.109144362410821
3.0752556993560844
3.058562204949273
3.027186828205987
3.0833807760304692
3.0642917945051282
2.9814991312948136
3.0549566171388394
3.0086819977764216
2.9753350803671834
2.9690141037632403
2.961649536340458
2.9159014919729547
2.9295847646471778
3.0878260624673084
3.072023767545475
3.057908814800377
3.0194320475526473
3.0880777248318823
3.071622138376094
2.9757451081187116
2.8858639130187402
2.879184739028166
2.835557132052257
2.8830201933515616
2.795053700618185
3.1609518420907197
3.1982207386148715
3.1610012215252494
3.2595661361059056
3.1530582593499323
3.301634774187079
3.2667866445839135
3.253612648700873
3.2134425199488037
3.2870828462957418
3.270727367141787
3.16519210885855
3.364155927746082
3.4107034766992648
3.373665417330452
3.4829562627597186
3.3725385154956684
3.1583002550373083
3.2044809963127223
3.169528898180829
3.2703632416163115
3.16570838972578
2.785412465292036
2.8298770112506633
2.8004658177073214
2.8821029217157257
2.784187701123008
2.917588831877917
2.886001509078796
2.87345480891792
2.840294190787149
2.901419306159007
2.884888611344561
2.8000280793862364
2.9701273999748414
3.008831498343892
2.9753685628489706
3.0689469483390353
2.970639188814145
2.7891058329859044
2.828751061808706
2.798260796616103
2.878349669507596
2.7785261937658055
4.5514480023013455
4.487267532360798
4.463787469491098
4.423009830973401
4.496847916317313
4.464776806776165
4.356270201098412
4.446291271569924
4.384769096866274
4.333621494795077
4.333546588297835
4.309047969295952
4.247925278019943
4.284857333048581
4.490628251685475
4.464267252165488
4.440907314038897
4.3889942615697315
4.480239478187217
4.454175517019678
4.3259229035908415
4.221553950647861
4.203884150994028
4.153278374207827
4.196534057823915
4.091168750340675
4.440175778024313
4.372760714262686
4.324549542314509
4.315098759990381
4.303019348638344
4.236777975275752
4.246260718552891
4.190531409565743
4.185190517645815
4.099660910597379
4.2003401484562115
4.069357021382422
4.0646824545488265
4.188066259334161
4.169848371174869
4.105771753338452
4.061144972294134
4.052016037195553
4.040670435309815
3.978187275099282
3.9864758535124416
4.118754136562807
4.0701125840224925
4.069789884645866
3.9914962157929663
4.0244193480250825
4.48981209811579
4.466248766837453
4.443155577607856
4.3926036481588575
4.482113812255895
4.455548499888181
4.331445637404203
4.440831265650699
4.374542761202017
4.326102376125663
4.316472571442569
4.3051107414563585
4.239503349680591
4.257439007108525
4.4887143037224835
4.4645632754802715
4.442214705314102
4.389455363475564
4.482671488971057
4.457301902591723
4.326542978736192
4.197601535214757
4.187705544241304
4.122110784539512
4.191379186159786
4.06294109863337
3.964944777138097
3.9485724141994725
3.9001961016251867
3.9427249711083148
3.8416253052423324
3.9374799275632935
3.8676192037454094
3.821993403275361
3.8217220347364176
3.801232131031586
3.746353411319351
3.778325615531953
3.942490756517607
3.9317968331819557
3.873087320352968
3.9324036018355333
3.8168720866274124
3.7224311784390784
3.7070295782376173
3.6617380705933913
3.7011269736637535
3.6069011047172896
4.443931110160653
4.375950687844401
4.328204130315753
4.316903944998368
4.307456898910225
4.240365958292374
4.246512460348914
4.194790411153251
4.187103532252882
4.099099590262439
4.200983521190132
4.069075252690503
4.0638550053854114
4.1866410721878715
4.17528861136314
4.109972521005942
4.066489386250257
4.0534445385694005
4.046704627964951
3.983730585955839
3.986325512055281
4.114286332048243
4.069794426656733
4.056248473260624
3.9934519075563135
3.987804004836735
3.9410211908036272
3.9333239065295773
3.8494439624024297
3.9446628789778337
3.822884063902266
3.8143929716956855
3.930995509047641
3.730495903316177
3.8081657617042373
3.7971859451519876
3.8633541465663246
3.7368395334258153
3.804421272282708
3.9553593196638355
3.7036749703760874
3.6952861246232542
3.619176670750888
3.708054745313607
3.5938135185328655
3.5861946720799702
3.699324517569347
3.9339753762035308
3.8466711935757387
3.946195160074403
3.807825110233187
3.9286753557861243
3.9227742785633426
3.8612412981799613
3.820466063649084
3.8078388776804264
3.801966895515731
3.7427229485794196
3.7448665019486267
3.702874528249086
3.6948737594878134
3.6152296893975113
3.7061955588967677
3.590264707470718
3.582511654516502
3.689834170241162
3.685855996910094
3.6280364098373816
3.5897321254503263
3.5774653178080795
3.5738004767127114
3.516124778012167
3.5158160275072023
3.6252576386773994
3.585276030746578
3.5782127319460377
3.5140213787271604
3.5214754171439573
3.858163613319838
3.814283935537513
3.807348283140582
3.7419223988344346
3.7474862544558203
3.6999223851399696
3.694265442521445
3.6181502305704436
3.707237409443426
3.5920694613707562
3.586109326909942
3.694802415835829
3.6272782756467588
3.5874243443580403
3.577707743130409
3.5162924148919874
3.5187581062777067
3.6320948279894782
3.589359798623206
3.588255407496741
3.519477787443051
3.5476002180868615
4.494309480860743
4.470427234592062
4.4458675450630984
4.397570928723123
4.483086625685422
4.454952366951679
4.3365313131250165
4.438206515725
4.374075107210144
4.3244059988701675
4.319150480509901
4.301574963621459
4.237955125660216
4.263938776069045
4.484572494834111
4.459588925123853
4.437089354024862
4.384349607711629
4.4774254184623175
4.451740356235982
4.3214297867311995
4.2044191947841565
4.1904109060350105
4.131686687369086
4.188010142276948
4.074108849459167
4.437832207783051
4.370560309210773
4.32271031003158
4.311860772133908
4.301406985308894
4.235140199490234
4.241561964449982
4.189369206393696
4.182304560899359
4.094598286020451
4.19625135583445
4.065168357766695
4.058642524076202
4.181536325751635
4.169298452710882
4.104759784357409
4.060739659275107
4.049137256638227
4.0417340998945654
3.9775764499261443
3.9815083782554286
4.109780766445797
4.062326011585826
4.057611906884498
3.9832114828881413
4.006475907306006
4.487704515854276
4.4632857884199755
4.438263044030014
4.390426924542012
4.47545602563134
4.446531813908521
4.329276301218011
4.428593026825686
4.366191019746454
4.316418005000415
4.311586570048999
4.2928584978113555
4.230651126026528
4.256540199378732
4.4742359285940445
4.446957004161817
4.421376593461055
4.372499098995223
4.457785647081055
4.429412721227592
4.308961662709693
4.1967705344673085
4.182950406183892
4.123216419922093
4.180283083697914
4.063603140007164
3.9503590170300873
3.937350593260782
3.8817311978692195
3.9356476714019273
3.8275650868246496
3.9315608477910775
3.8602650068155233
3.8155377437663294
3.8119306118952982
3.7951682490624146
3.739683851401767
3.763727999496136
3.9377545680026333
3.9288499083258497
3.867361870207782
3.9319640419457915
3.810530184755419
3.71106119203628
3.6982916630433778
3.6466259999114814
3.6949721019432875
3.594107678600111
3.4950562025947676
3.4809302760972134
3.437290658945795
3.47664948595291
3.385562829394292
3.4737092817077664
3.4096985813660927
3.369728042758201
3.3683539310277535
3.3527116744748424
3.3023330579289283
3.3291280074580634
3.4803785900906954
3.472792156965457
3.41864509609677
3.475802250913958
3.3691259309336306
3.2797222445345415
3.2666803115534346
3.225253675282925
3.262798768240683
3.176771215122465
3.475325502421153
3.40906125914512
3.3712493470870566
3.362658420911621
3.354759630932082
3.3034451478159728
3.30714930321781
3.267876130772221
3.262037208120449
3.1927868361822664
3.272348254532489
3.170760074061607
3.163610779061681
3.259088836818269
3.2518039003781194
3.202214706664975
3.16796795495
3.158814978629099
3.1525226880389097
3.1035604627909334
3.1056644954130608
3.201424976086308
3.1642880405921177
3.1611638136356106
3.102133332034371
3.123421937742213
3.4836455699413156
3.473329972993093
3.42387767002427
3.4724082018851012
3.375587035655575
3.4702767044053475
3.405311349634347
3.3660535598897265
3.3619951846432174
3.349289380979449
3.298513440912436
3.3188348446733604
3.4777518267768004
3.471590871154738
3.415328516308089
3.4763859350921154
3.3652656303205086
3.272179412797945
3.261212725353808
3.2146232397138057
3.2593460234415654
3.168099336168508
3.0768421353170563
3.065974577382939
3.0240659182205682
3.0651984138102786
2.9781592376443395
3.065012280666396
3.0061482902617787
2.9723780573129446
2.9658963161646166
2.959296041553049
2.9130339670383245
2.9260063926715514
3.0722813188856892
3.065589114925733
3.0179125809566636
3.068069065833363
2.973610342029591
2.8822161028796547
2.8758194271969684
2.8313404814595335
2.8803691221409036
2.790741262844892
4.622361138802249
4.672985969643043
4.602915137817831
4.752355181990683
4.589943130265302
4.8095202179770515
4.745711326842734
4.725539061425554
4.670964194962492
4.770171887905532
4.74323943146932
4.599917231169192
4.892173057166317
4.958007253195456
4.892536880602964
5.056510012801315
4.890423891329279
4.585746197904669
4.647191733629864
4.5950378181120755
4.739174496310695
4.582522319804357
5.1263258869478445
5.059486511183181
5.033926880774336
4.983320324640781
5.073933524667691
5.041280817866856
4.907899315806983
5.025191476034785
4.949565806522025
4.893715077527314
4.886062232773184
4.870408334660956
4.795431140013258
4.824066150504722
5.078859157065104
5.053076595785259
5.030811464654894
4.96600406144249
5.081399531912986
5.055490869183684
4.894132480722579
4.752235880399951
4.738092656830176
4.6705217595881585
4.73967689515866
4.599976169634235
5.209329685393212
5.270824991661657
5.199258686046652
5.368948004199262
5.1877856880514415
5.440310830542551
5.3734451711725235
5.3544077152274046
5.287020822329645
5.410457949046095
5.383946146179894
5.207002253927655
5.542801678093812
5.624766287896719
5.551952832038517
5.742122658186669
5.553858522811082
5.1966386984217365
5.274289670938094
5.217180816969188
5.3852750101547455
5.212989486940682
4.58750123273809
4.649661933758262
4.596347810998399
4.738305931582586
4.583176540835952
4.79806821420974
4.746439930946208
4.72538354167601
4.6696402299065625
4.771486817842898
4.745836591849889
4.599380245574604
4.885795412488763
4.950841382494288
4.8962565863872385
5.053969609608315
4.8924671533829756
4.586911694778108
4.649767652051264
4.597818706866213
4.742133449805401
4.58590923127913
5.82457959152378
5.746014929517219
5.715213405551273
5.66198844374577
5.757984897770665
5.717805553909475
5.576446580808857
5.69550363367635
5.614552604986335
5.549284426333243
5.547727328912812
5.519319739762898
5.438507966834108
5.483964789584434
5.754092955548289
5.721317887415889
5.692189595884423
5.624825503064519
5.743798794961458
5.7102074540547045
5.544019478930569
5.4026189017099755
5.380708220941942
5.313763332602171
5.373005281039274
5.2339830184161675
5.691309452189906
5.606348081174114
5.544721467706451
5.531553517569948
5.516434333551633
5.432835844488057
5.441704610735615
5.373880584058923
5.365492308527884
5.2532507173159155
5.383578972845948
5.215688758550267
5.206694614761127
5.364620935112745
5.347123103270074
5.265769907746529
5.209012085029005
5.194978196275823
5.183635389610477
5.102728382922861
5.10860999514311
5.272463872226897
5.210691329618575
5.207663008393176
5.108973555243507
5.147115864079134
5.754397707633373
5.721815970326584
5.688133373244187
5.628584592698477
5.7345685814423675
5.695759717426336
5.549901359761252
5.670310585434811
5.593229238235932
5.52856426162537
5.525372722598543
5.496044728499122
5.419500589227022
5.456957628630068
5.726499537771362
5.689591469594185
5.654906210025528
5.594034754528486
5.699498595901071
5.662424048408783
5.512234206296069
5.380074062612863
5.360332944704106
5.286257751934193
5.354154686199709
5.209625961950185
5.070631248092285
5.0514670150330545
4.9855765506284495
5.04726569126696
4.910320200830563
5.043689544872248
4.9504018880478196
4.893267783778437
4.887669779515663
4.869035311239578
4.795843603184428
4.826939905962469
5.052785578987638
5.040822534557595
4.962998825810709
5.043905229421897
4.890012728634955
4.75510425462525
4.739853585414104
4.674082917665926
4.739580279746439
4.603522419776384
5.91564623469205
5.981339771981608
5.896223901328554
6.085211099287207
5.879782004326045
6.1603320361311
6.082666836369625
6.056362160893418
5.985936447187045
6.114538430076144
6.079800144877371
5.895028437343531
6.267253172373146
6.352023251350332
6.2712123937039665
6.475798983952185
6.266245474141161
5.877770111774793
5.9574168607073235
5.890283966275702
6.073202489985599
5.8733237441694985
6.562915494515156
6.480061881097404
6.442783207784178
6.382258934593554
6.491788583167991
6.4453015130537
6.285439555671534
6.417306906807215
6.329749675947129
6.25625364628648
6.253490638463919
6.220347899127524
6.133162028285984
6.179085817604868
6.48098593893644
6.438850950459864
6.398829796354124
6.3308052347055765
6.448555912969715
6.406296161183321
6.237979512764786
6.0867166102997246
6.0642998696697425
5.98347976521029
6.059927210492648
5.892763162518886
6.662666577753729
6.7353466670820135
6.647932797884563
6.846265679172651
6.624117445426666
6.925493550958056
6.846715498312478
6.805795289171364
6.737365618688047
6.859176950528362
6.814828009660497
6.634706317632624
7.027809298639815
7.1000612801212775
7.028039341354993
7.243009756618771
7.007984884894907
6.606892169743709
6.683662094725909
6.607540347488809
6.798461840095729
6.587285668437708
5.872576587835929
5.9467977798817575
5.876179057550319
6.049896518564309
5.852615851880471
6.119556372360136
6.049660650036192
6.013979821305958
5.953074383801214
6.061694976519827
6.0224753102705
5.862621173018266
6.215049948431633
6.28120748075062
6.209398794297678
6.389833124846202
6.192842530992301
5.83843899483478
5.906861200010733
5.839776738387162
6.008054347752048
5.8218755410944345
4.58988007966955
4.650015706388606
4.596013897403708
4.736114198930254
4.580920315105373
4.794268012951916
4.742185377540531
4.720481020823131
4.66514560231886
4.766159535233342
4.740043986987537
4.594854692723025
4.881005388851646
4.9461719936119675
4.89037273300063
5.045223451805223
4.886025182943955
4.581733082741204
4.644215885390633
4.592166294382098
4.735754375872137
4.579746390516258
5.111765950559766
5.055723019526939
5.026181635358972
4.977877210465709
5.065250885971171
5.030438115052766
4.902875952130617
5.010073654888338
4.93999914205652
4.883282789304658
4.87911269153698
4.856739858133784
4.786784204701009
4.819669675362237
5.061165970144894
5.02949296030633
4.999363354986621
4.945341089906446
5.039307739322098
5.006745815928962
4.873179373032395
4.747811632846849
4.731723333950745
4.667036298479275
4.7302192200052495
4.596437018039364
5.193915566018199
5.252175787989988
5.189194355473898
5.3443790598364185
5.17096736900994
5.407682987161177
5.346706145019074
5.315727535324894
5.261478227125151
5.358521825972613
5.324115366298086
5.181713013623769
5.493146745811162
5.552161684050943
5.48879994539413
5.647812618546487
5.474151838231175
5.161248085349583
5.222250114543638
5.163037709634564
5.311276383231239
5.147162576518888
4.582099009202157
4.641566602599532
4.587126441829112
4.72451286947752
4.570616346675852
4.780658565988814
4.726797460944052
4.700249669493649
4.6516742535422235
4.738853142253319
4.7087393641718975
4.581295324800086
4.856814592769416
4.9095967034042385
4.853752738826406
4.993798236335147
4.840818346368362
4.564122098732707
4.619062597952976
4.566929431352317
4.697402531921588
4.552882845275528
2.7816630723788354
2.827342840532396
2.7982954250698766
2.879817424122912
2.7818897774583506
2.9151645114960223
2.8836350578114054
2.871763118785208
2.8374811235566897
2.900758084800332
2.885122415652229
2.7970983502455207
2.968844412753438
3.009118377444171
2.9753819418718965
3.0685637966849004
2.9719127525961007
2.7869079125695526
2.828764805228892
2.799032656229376
2.880132696693548
2.780791897234484
3.10808819592682
3.0740974668143357
3.057032699317592
3.0261624938818614
3.081459265567858
3.062024421371131
2.9804467666420376
3.0522114392681834
3.006479658151103
2.972906356418667
2.9674488919767663
2.958692907040266
2.913621088463925
2.9287300851764577
3.084572451449361
3.068640274253455
3.0547225387021104
3.0158241395777416
3.0851663740747597
3.0690681676554528
2.9720933219617764
2.8849892745964194
2.877657903933965
2.8350019065179266
2.8804752282981214
2.7944693785525017
3.159355451503278
3.1961557497777124
3.1587948726563635
3.2569870943551527
3.1504137045674945
3.298724539445544
3.2638303056272955
3.2507434964328983
3.2103212134820565
3.2843505315057637
3.268234051696094
3.1620612891845044
3.361514318385841
3.4088299630305343
3.3711859245595193
3.4795801008478535
3.3705813776446885
3.1552552596586354
3.2018051420420477
3.1670202325107804
3.2684007886189512
3.16377244971822
2.784179641206004
2.8273922543351926
2.797597571200078
2.878719848716579
2.7806438278528898
2.9136905993701614
2.882101081453295
2.869884664308776
2.8360328162935984
2.8983510738669525
2.8823536353814605
2.795745124905328
2.966741171249595
3.006057332226496
2.9728317348142568
3.06711244524392
2.968870331860387
2.7852443708400934
2.825984325445237
2.7959071828671744
2.876749058866424
2.7769290309234256
3.5268692301317754
3.488704879333297
3.468380828474749
3.4357204257094835
3.494511924241543
3.4710420286519703
3.3842010944289402
3.4581707327921976
3.4080822741944212
3.368715573362393
3.3669932177540502
3.3513069168395697
3.3011661089307576
3.327748554556605
3.494421796526339
3.475257711543893
3.458257406848073
3.4166765771093583
3.4899836176528236
3.4703738586088746
3.367757383937602
3.2783865041905402
3.265486057484579
3.224034455133876
3.2616670178497076
3.1755783748283557
3.4599297901956216
3.407045414170031
3.3699052045077202
3.360956585959833
3.353440467137334
3.3015795527627443
3.305591663352198
3.2660037744075154
3.260252972182581
3.1912813873316055
3.2707300415961527
3.169089888037795
3.1623154549887147
3.2577854939426665
3.2502135885411487
3.20005717235537
3.165733979715526
3.1568576574455744
3.150449049783114
3.101106282421725
3.1040830109208244
3.200392058244396
3.163263701858787
3.1601040620748435
3.101216416163907
3.1223360534029805
3.4988411881037527
3.480575765747888
3.4623693474430643
3.4232875797072895
3.49236280226853
3.471802372353803
3.37567505726581
3.4611412108187283
3.408176080878796
3.370188551169556
3.3633110197725147
3.3550372974067413
3.3017145109275656
3.318260043016208
3.5001291375936106
3.4818193024857624
3.4651712740992036
3.423552671654636
3.497494133288692
3.476625269004108
3.374385104742082
3.2716697561896804
3.262437792565043
3.2133432908849784
3.263174928796554
3.1668376129926923
3.075789832709697
3.0650533528019954
3.0231871560176637
3.064282218639689
2.9773045344853672
3.0637876027114626
3.0054005695316874
2.9716225040037765
2.9651647811322204
2.9582588018395803
2.9124529097845864
2.9252978891059476
3.070569316956249
3.063457871271007
3.0162455288886116
3.065506185059955
2.971919814297597
2.8815391388630696
2.875280443786928
2.830912969925617
2.8797624416997056
2.790377850539377
3.5838600959364273
3.6239295015173045
3.5808995077910666
3.690210457175213
3.569662695651563
3.735791395075702
3.695575392858002
3.6789670240940486
3.635283909107441
3.71487261680422
3.6950681014507314
3.5805968151768788
3.804151198138343
3.8555030008815825
3.8122932956831015
3.934026663156149
3.8097849070627974
3.5709018395807264
3.6200916555669167
3.5797775376930683
3.692508632560803
3.5706281605706973
3.9867981968699358
3.943641429654668
3.921935632963507
3.882736930812485
3.9534077577949476
3.927852768530106
3.8243682457127965
3.914436825619995
3.8567210584565523
3.8132167394899854
3.807291110557807
3.7948775927784553
3.7369104445822408
3.759075640349058
3.956720453575633
3.934068778906843
3.9126939682940103
3.8684265574778425
3.9462761842605225
3.9216700054103972
3.812456052753002
3.7031428165063227
3.6921811325378693
3.6396008305466383
3.693449005541785
3.584632097673196
4.05295847757033
4.100077332942311
4.051688736614558
4.1753000262160125
4.039867727850794
4.227114350600216
4.180414294794922
4.158025530462355
4.114118890198895
4.1934042960154585
4.167238339981873
4.052096609274251
4.29616838768114
4.343909736465097
4.294695272114268
4.417891513479709
4.283254150711381
4.038509468562793
4.088420753634336
4.042492558301651
4.157116741738498
4.029997629734062
3.5748988507360204
3.623290236977173
3.581759542661308
3.6925264113238185
3.572026139220138
3.739743813365332
3.698931046988452
3.680860277564326
3.640450109513184
3.714058346152923
3.691583142475727
3.5857965717616382
3.802760431526014
3.8465622105784814
3.803293632135322
3.911401763921864
3.793181722707793
3.5759777209065025
3.622540854046104
3.5822688439677366
3.6825900922224992
3.571144979577899
2.7814225724754165
2.826917307025652
2.7977158030603757
2.878763864671087
2.7810111745200325
2.913615323050945
2.881901243002981
2.8695073786320773
2.8358217812594795
2.897796086000487
2.8819080553643337
2.795388336048175
2.9666010208460776
3.0063279278644086
2.9725383433176495
3.0661404091625366
2.969031115914923
2.7845364315054244
2.825370903808115
2.7954252742690624
2.8766877979891365
2.776860929558172
3.1059899756616884
3.072460547376563
3.0569452855855266
3.0239068209241378
3.082678930039611
3.0654148489175066
2.9782456392554417
3.0594298303415117
3.0086147534651837
2.9759157035875727
2.9668950152796842
2.9655375790310563
2.914503357577784
2.925711165438692
3.096621246490776
3.083286765842378
3.0724404323644974
3.03094096417443
3.106388150788905
3.089768003075319
2.987549851705528
2.881997516849246
2.8762780850560814
2.8309803444563117
2.8820781420919763
2.7904894768850914
3.159877083182142
3.199040984635255
3.1625584606388895
3.264157745436135
3.1576242662934577
3.309489681916801
3.2748266811745417
3.2616231974152674
3.2229422083627766
3.2945544190365617
3.275899683255582
3.1748340810096547
3.3692418600356406
3.4109494262633717
3.373050828550965
3.4674054476630385
3.364119775714414
3.1701056701866843
3.21593156931547
3.180925120997463
3.267866244608024
3.1710041855900473
2.781231885198853
2.826777746302668
2.7984523217848327
2.886037417354587
2.785203143875176
2.9277905564084543
2.8985177293851057
2.8935730178899224
2.8516075582105795
2.93226945691908
2.919116730936294
2.8120878292669387
2.988901621325549
3.033281510804288
3.0009182962657848
3.081549414392115
2.9930152703964326
2.8111293444071093
2.869878379673212
2.843413987220194
2.9119469883246794
2.8281018130455156
7.187890570491861
7.090961297114407
7.079729279225423
6.9812774071644625
6.972579731860276
6.877514894362942
6.866557669949068
6.769326140834235
6.879033774631654
6.663456604168324
6.65929236305901
6.862615084243382
6.775518894933429
6.662742683376743
6.673146206973867
6.5509696100278845
6.568372786924419
6.758425646061067
6.670613891409519
6.6550234243388635
6.566247519786142
6.553741879835181
6.454171164215547
6.440600404595176
6.347440916000813
6.459413952573116
6.249974899948786
6.243675966095711
6.458952289302083
6.15579661766351
6.259885634459497
6.235853593514637
6.375438829183581
6.170306597088307
6.267449919204522
6.471723957943278
6.057268669484197
6.0531287226694195
5.9667200470187645
6.073236292864153
5.871956357831082
5.868771681706119
6.06952221956887
6.455071322486347
6.363048835728757
6.46594745129221
6.258124554574011
6.450595529585663
6.363619189061523
6.261038263689995
6.268579366512686
6.155832903410884
6.1711413269495665
6.061459977553559
6.052677014380643
5.965486921159839
6.070550270608409
5.869800156200696
5.868782843427586
6.074298340824722
5.969532821256055
5.869493774322872
5.876054660580155
5.771856078129797
5.782974575501349
5.979042936977581
5.883090609782213
5.88409637703314
5.786554701793465
5.790778791715538
6.352927019147346
6.269115829972941
6.255926802006204
6.169447160784422
6.160689705032201
6.079445949222835
6.06560194143995
5.978721369934154
6.077059516442548
5.884042801540628
5.881778592599566
6.0638446361240845
5.985432292356507
5.88637190018347
5.892268733846752
5.785698753697269
5.798986187180592
5.971902817556598
5.893117623408395
5.8807833487560845
5.79953534768102
5.791410916498909
5.689517256269899
5.6719455628242335
5.589367177196902
5.686383108870788
5.507869419054698
5.497328501686689
5.686172416633673
5.419763934036319
5.509481401192806
5.488396211428087
5.611683624355339
5.429312444233353
5.5200695547071525
5.700515051078586
5.337965068018759
5.328541588003508
5.252163959938712
5.344080369131681
5.174076785893311
5.165600826218109
5.341036747228237
5.689480492876777
5.6092958748389945
5.700166492913962
5.51993444534
5.693220594230308
5.092654049760091
5.178037839545298
5.159019370064129
5.274294071305712
5.104432306674133
5.184386039346633
5.347990787835353
5.160263095954062
5.252663119481133
5.335951388203947
5.3366185872584495
5.329712395725523
5.417405164279094
5.455472516767674
5.105820241372355
5.185342245612682
5.162746632900185
5.278053371815738
5.109606458686637
5.186505766490334
5.353117596301196
5.5206803653535275
5.493811453846841
5.621302690758129
5.514596795163377
5.7022548279810765
5.014551737890104
5.007224877985529
4.9358411384881204
5.021894964308453
4.860711482917683
4.8550122437416245
5.019917986614773
4.786733639252478
4.8664560442985785
4.845950525020383
4.955190670500343
4.795251476227916
4.870078105966231
5.029753232163179
4.710807491287117
4.70676879036705
4.6396459267029595
4.721170312490601
4.566781639113022
4.563382739194754
4.71663550444636
5.018408255901727
4.945964918885969
5.032719140483995
4.863670708063395
5.0259433760150785
5.687131697131052
5.604678650317727
5.703211783949637
5.513371179667068
5.702119923450158
5.435900775542372
5.526136716851722
5.504649590815736
5.628035031870465
5.446401666942558
5.5339769365994895
5.714387679524995
5.342804002167497
5.2657184151799825
5.35964906816685
5.177705852387558
5.357399058428828
5.701595300215643
5.620283191480073
5.7126042147714635
5.527880852430279
5.700501741038943
5.613094871568668
5.523424869495467
5.5292158560678635
5.4298944357226295
5.443408711602258
5.346852620138302
5.337858203307774
5.260364375691607
5.354874313239535
5.1765757200726945
5.174444420511689
5.358859979920553
5.267853021969689
5.18189694072399
5.185828807480794
5.096789617531689
5.103869781565507
5.275342406921702
5.189957203855041
5.193109471198884
5.100938443911316
5.111894744515801
5.02289186312426
5.009637035918415
4.9371757633433635
5.021871345312048
4.8630186327817375
4.856419075885709
5.018435029538331
4.788374476186801
4.866563754415004
4.843694247139508
4.953755849581553
4.793509943330262
4.866722689009395
5.026602380550659
4.71317417375211
4.708433588704359
4.641555924762843
4.721549235450706
4.569191180658559
4.565406234693576
4.714738695615335
5.013895197531939
4.941101981571439
5.028658840225505
4.859100305463505
5.032160421842672
4.953379125146221
4.873992725656763
4.878773588351194
4.79262847951059
4.802755260824961
4.719977270915955
4.711925387609941
4.644036924593905
4.725043542252116
4.570685068338376
4.568649891790599
4.727318813111744
4.64928587071015
4.571984192558128
4.576698032557173
4.4965440940278505
4.504254955071194
4.653091918133294
4.578898820792448
4.579064346883182
4.504698965646028
4.506299376636996
4.953548587695743
4.872745076395903
4.876015626354503
4.789210570682911
4.799577537327537
4.719881823171843
4.707883312368034
4.6394158718852445
4.721131024297664
4.567082855313302
4.563818615244953
4.724276103253687
4.649455188010096
4.576205739380768
4.576633223367907
4.5012481133632765
4.503778158320262
4.650144524333271
4.574965292602754
4.576328277112823
4.499674012185439
4.503708074946898
5.614321694004488
5.539002900320988
5.528845408920621
5.449515286326459
5.444801280430075
5.368049062049815
5.3580810407135155
5.281300031593372
5.369592974484928
5.195915412493116
5.195844126906176
5.359448209804409
5.282936254047692
5.193517759135634
5.200801242979295
5.103082279575212
5.118645030183648
5.278323473050816
5.207299537532365
5.198055368126087
5.123086836755848
5.119202911083531
5.030018255698463
5.0162787549057555
4.9429369471435685
5.031772871417999
4.866168449304647
4.862189415144486
5.033592780130354
4.793545220780092
4.876205065322548
4.860302458964595
4.968045376696074
4.808358174785979
4.887021916806042
5.04607806243871
4.715937623924219
4.713644590355715
4.6461918025983575
4.730544011760455
4.57149508139952
4.569935732622346
4.729920066392472
5.036806912670167
4.964893163929713
5.048047802709714
4.8834091377635716
5.0391235171213555
4.95692934186323
4.877574197302007
4.88050998815177
4.7938358677155435
4.804020839560561
4.723490501804705
4.712745514088862
4.644404201513497
4.7258256746226355
4.571233780365574
4.56897848667089
4.728555286734904
4.651209480915453
4.57559258238228
4.578497696324456
4.498899102727469
4.505739757541958
4.654359808536313
4.57969813359796
4.580345058016501
4.504952792368693
4.50766955803865
4.963094465961596
4.8948828874512404
4.887835611644093
4.814066087200041
4.813686086928476
4.740366968131109
4.73349185786123
4.665562081646961
4.7454365286331495
4.588353227486197
4.590224851406621
4.738531926083776
4.664047361437131
4.5848783774607735
4.591367804045339
4.50507389867532
4.51874813960272
4.666959560248634
4.60226739449984
4.5963199103106955
4.525803712366997
4.526745789484318
4.433065156681391
4.419188054175378
4.355029624443024
4.429811478817423
4.292417365231493
4.283262551783309
4.428802278368255
4.2228919191968455
4.291986183191052
4.274633610926896
4.3709686001619765
4.228912405636976
4.298654569132595
4.439076992537659
4.160233464860017
4.1517160612386075
4.09222858000634
4.163103307723809
4.032760584969078
4.024650736066437
4.160167317771
4.428994555333764
4.366674125628165
4.436182449762754
4.297059125697762
4.430125624587543
3.967828046071449
4.033543106592589
4.018478952023999
4.108371682813402
3.9759872434624235
4.038107954096532
4.164825226797323
4.016906892484867
4.088733014013346
4.150970589845958
4.1541442378734
4.145701618411172
4.214609923584019
4.24729648517839
3.9757694455978925
4.033350352088052
4.013644975338387
4.104545851180676
3.9708059709425902
4.0367742250710705
4.166576756375424
4.2960437192261685
4.274210393625248
4.373937430224518
4.2918830899826546
4.437468451365582
3.908730214840854
3.90109842962506
3.845501803515792
3.91154639340749
3.7891600778787495
3.7823103163184806
3.9099855100213015
3.7291234303344956
3.7900464712939024
3.77396264681387
3.859267423549074
3.733861505633252
3.794487813138403
3.9184474749573237
3.6726084521544804
3.666493830849963
3.6141010893042416
3.676571641102267
3.5602715315654243
3.5546939404226956
3.6731781476813277
3.908346305029248
3.853657945683759
3.9136592096126233
3.7921704827305733
3.9048926506982244
4.424792137187309
4.361346875141235
4.433737964968449
4.290881851671976
4.427659571351292
4.231793711295126
4.296090941932102
4.2709698313003965
4.3701644656620555
4.226460087327187
4.29289580192741
4.434859342027997
4.1603690307317205
4.102554723659125
4.167171831189237
4.03754403515498
4.156722670619223
4.423572242877096
4.360909092170015
4.432353310530392
4.291028657759122
4.427882819719489
3.504688553772022
3.5624944862309187
3.5479404678283757
3.627698268119575
3.510881239926467
3.5641404178835634
3.676212386910004
3.5441425251598546
3.607957311888587
3.6627827769638994
3.665843320328515
3.6560719734720744
3.7158015870102608
3.7485071899605256
3.507753876458174
3.5591494778792194
3.541963013429788
3.6215932859795643
3.5054574020626106
3.557537947379747
3.6698764574475433
3.790108506044425
3.7680343128925857
3.8567630442016254
3.7809060155816425
3.9099652908753533
3.538308704590378
3.602373031150834
3.6590680746647744
3.6613071485823774
3.6540341331741666
3.7156838915026356
3.7232898459086403
3.7779004447840947
3.7677143092378333
3.834312609015262
3.7805815400308704
3.892000146181779
3.88694969026248
3.7853114302020847
3.7767410077765255
3.837800235887161
3.899867457583869
3.9003479509478023
3.896070305205522
3.959843502997776
3.9621830360661834
3.84557502666258
3.9042268761304
3.9061013895822487
3.9557737850027417
3.9911943194652455
3.501261669354716
3.555421699245797
3.541517858402054
3.620145771036289
3.5042674801367615
3.5585570093963894
3.6691492012561726
3.542331950240933
3.605938767290012
3.6641373058544895
3.663749971785138
3.6605329326845766
3.720582618254289
3.7437664102617885
3.5046201089206876
3.56052503678245
3.546222852803276
3.6250510304824246
3.509730881990147
3.5621253411759124
3.676220340971721
3.788620429663368
3.7732294748988666
3.8590783726847615
3.786952632550852
3.9128278729273767
4.036262735870627
4.011545041529972
4.106490548795621
4.020463101599134
4.158038790104051
4.015962466256838
4.084711851684208
4.149083720154804
4.1478268289055595
4.145391044602258
4.213601479312058
4.24064751974527
4.025152526946737
4.01718174534882
4.105409634382838
4.0306116135663625
4.16420784711015
4.292590693562335
4.273111980151027
4.371881072706495
4.289428525751347
4.435013783816249
3.4509829112910313
3.446039718886361
3.397137805532588
3.455201806365663
3.3456680804773873
3.3416955931764436
3.4526125183907483
3.2949851129686394
3.3483263185475183
3.3321909612043625
3.4081589869029028
3.2974044619015364
3.348776677686609
3.4584730498493954
3.243023785026523
3.2400625050648735
3.1940956900708715
3.2487299912401824
3.1441405079954663
3.142164008217277
3.2437941733633693
3.447945838949641
3.399608604759792
3.4528156852861853
3.345129491847006
3.446650039790499
3.0984285640141005
3.1485858861003795
3.132565008413391
3.2040834804790554
3.100754993257652
3.1446935837509153
3.244184780050146
3.1251078404184813
3.181946761619292
3.230508590990313
3.23281700316096
3.225851972479762
3.2791670807180315
3.3065083831578566
3.0929083629071985
3.139104903287466
3.124438649524584
3.19467225082394
3.092206026033214
3.139198260163975
3.2400548445333954
3.343477030875293
3.325310050046757
3.403307415912663
3.337769166808288
3.4515041671346447
3.047935928497245
3.0472376861294697
3.0045867087241405
3.0547690228274558
2.9552962782973564
2.9565413825375355
3.049184110919171
2.9162220539341606
2.961219635525463
2.941878289506861
3.010653563779855
2.912617875254674
2.953208382458102
3.050860432801228
2.8649190017241812
2.869066074707031
2.830855788467178
2.8740767892491377
2.7723160701085208
2.791756567329454
2.8640129363183817
3.0393743960408193
2.9955309269740065
3.0462025566984705
2.945355819347281
3.041206810201113
3.4409692629810027
3.3914159765813094
3.449352329952596
3.3361636091884375
3.445817677923624
3.289534912501561
3.3419831312978476
3.3253044709273682
3.401319263968526
3.290774068553681
3.3416046686303424
3.4518976094703717
3.2331480327099458
3.1867664256388775
3.2414492055748734
3.1335901167496716
3.236573199417985
3.444440353239238
3.3944140946731496
3.4556353121788144
3.3377617653797387
3.452496875266336
4.422194623603652
4.3582818578648705
4.432807611702925
4.287280174974697
4.429942465563819
4.227364587067923
4.294762023549857
4.27469323235589
4.372105588425032
4.2292632984777265
4.298245606975986
4.439282957256468
4.154814020403544
4.095053848762387
4.1652812190841715
4.027953615365904
4.1601596895203645
4.429138247689664
4.366672858754695
4.4371133426452545
4.296975090427462
4.431665782817573
3.971530372398324
4.035397229032631
4.017294231467371
4.108314724328585
3.9752705321415887
4.036236767970122
4.164024559447411
4.016416860070508
4.088558207102912
4.15316632692373
4.1538276621162655
4.148443827941925
4.21678976273998
4.246843730765952
3.9741677350435847
4.0358275662813075
4.018332594436636
4.108081027936429
3.9768215210510953
4.037250507083396
4.1670831601702005
4.297255072237299
4.276285034839352
4.375567114245202
4.292939373289509
4.439142248807089
3.9033486187444133
3.8474294502453135
3.9129834391629514
3.7846212079399173
3.9091136851461634
3.731661194922629
3.791211133958461
3.7727754709805668
3.8587643475015057
3.7336533718457914
3.791143846253756
3.9157288426943033
3.667609361909515
3.6148909131605445
3.6770249727554036
3.5543441123739363
3.6723082941094827
3.905995035071032
3.8495776212060617
3.9168754023169927
3.7854483681616697
3.9116211201884115
4.428334473697355
4.363969513277351
4.442113994618902
4.292865684747488
4.4434223817059895
4.23235525923068
4.3040787141009975
4.290028707950672
4.385195091545718
4.243746128157879
4.315096128268166
4.455658598116557
4.159929486048044
4.099773409539489
4.174128769843574
4.0312849928920595
4.1744501928433575
4.449835130179924
4.386177921373957
4.461805555715335
4.314443963470641
4.4562573167605
4.374054945786067
4.303877519971025
4.309565212890163
4.230032023891388
4.2429140771729745
4.16382151069557
4.158574191045036
4.098094384521252
4.173208230409248
4.030758976347396
4.0313183983592165
4.17731875477366
4.1006751399078185
4.032787685054503
4.035971658465739
3.9658508141146385
3.9719827739321216
4.112376964047485
4.045012867940613
4.048653230598971
3.9739063230782508
3.985536030617812
3.908031767409514
3.896915286358218
3.8401776586491545
3.9069323673768466
3.7821968956472336
3.7772658428183448
3.9055203114517854
3.7241514207158533
3.7858628106642502
3.769653780885389
3.854809512365765
3.7300123884914576
3.788979354894686
3.913582659479525
3.665395805998672
3.661880587559013
3.6096798427958223
3.6727509946927457
3.55314118046862
3.550310230639088
3.668704556098078
3.906327246274959
3.849465524141152
3.9197076945197633
3.78574265328964
3.9238363334095947
3.853861326977884
3.79227202848635
3.7946958170794947
3.729295640308507
3.7353038417492073
3.6735137655788286
3.6655720902570117
3.612573154164483
3.6751697898429514
3.556540095512858
3.5537402442829693
3.676538663199941
3.619564628359636
3.560185947021098
3.562880866973826
3.5016340051264265
3.506403936114176
3.6187419458094676
3.561297172818314
3.5610919313998926
3.5039310966812476
3.5044586104762923
3.862785664555267
3.7986301038659844
3.8029170498999347
3.7310527724603757
3.743629883695627
3.6742982678646348
3.667823943203298
3.6141002450800856
3.680972536404856
3.555104485402768
3.555082741964677
3.6857058949324983
3.617668697064574
3.559517925287295
3.5609803049447972
3.5001674109391123
3.504390917247335
3.6283726914074883
3.567636999401075
3.5720632770225915
3.5043156865156293
3.516329674271831
3.4509759198307384
3.441385209105257
3.3915108141430403
3.4495811115639965
3.3407976378031865
3.336004758120953
3.4475778509621122
3.2892445423102217
3.3426301231489353
3.3270658205556307
3.402819096421295
3.292051133538198
3.3442771705613312
3.454042695708628
3.2380470576970684
3.234222743675505
3.1882105664269327
3.242868608258406
3.1390302692116734
3.1361622134278244
3.238423173253963
3.444741185825559
3.396125994345053
3.45011774547045
3.3416782795499356
3.445188399224561
3.092367522949348
3.1426011677824714
3.127237445934079
3.198517799257538
3.095156706976936
3.1401342799364507
3.239705521213743
3.1220699664942986
3.1787342926438322
3.228336195984369
3.229573309310398
3.2245701046882393
3.2777949697989275
3.302813511900731
3.0895188824446125
3.1368193401817304
3.123283066407888
3.193153956774915
3.090845463271388
3.1383422773167338
3.2390951338500154
3.3410226840384807
3.3240158750695157
3.401600667251988
3.336803237682978
3.4504327415685543
3.0426842040906026
3.0410682945798326
2.998359686871183
3.04861904790128
2.94988360332954
2.9501848300363567
3.0435948752893376
2.9097944274699756
2.9549354904401266
2.9363929643358544
3.0048805748536846
2.906814440989172
2.9485691112119046
3.0462097899266247
2.859342337167565
2.8625183562572705
2.824235919430583
2.867608790017914
2.7663914921775277
2.785019473717755
2.8581963749031205
3.0361080751012333
2.9921880434306285
3.0439065523199256
2.942119801190517
3.0399469256401472
3.440440452921976
3.390706392868009
3.4485670055444597
3.3354650004480524
3.44543293032922
3.2888376817799982
3.3413386952756357
3.3247670098132316
3.4007609179766902
3.2901435360596203
3.3412771764595055
3.4515492233608986
3.232501137883429
3.1861328642130853
3.2407991094317796
3.1329899383231394
3.2359215704341606
3.4445351274592335
3.394230491752171
3.456825141982703
3.337900277256852
3.4617833948003973
3.4028870804849687
3.3469750653214825
3.35118458747088
3.289264613149693
3.298925064089306
3.2389094253593074
3.232171884814343
3.18477177620331
3.2432226345396025
3.1341847120135986
3.1325544625599773
3.2475927693021367
3.191697645819647
3.1406093525444208
3.1411318271378175
3.089598944511845
3.091218355007392
3.1968884014076115
3.1428844211751032
3.1468833480605145
3.0878164525836604
3.097526400817708
3.0436240692568877
3.0364136663595884
2.9926622458576393
3.043131850699716
2.945587661312615
2.944297937165145
3.0391944490454823
2.9037504289110174
2.9492652111982522
2.932105207763297
3.000095185764464
2.9020571475393515
2.9454681655316124
3.0429991824223244
2.8547512485865605
2.856217472057054
2.8177306970646896
2.861667173516244
2.761136378306259
2.778204614474668
2.853497709865546
3.0348810905862327
2.9906251918748765
3.0447111850166593
2.9409369872346494
3.048928597528301
2.9991659725028446
2.950341332910563
2.951853970677667
2.901674630108129
2.905160690301237
2.857359371216864
2.85151462545452
2.8115968022725757
2.8578033021471523
2.757769867288377
2.771714039409485
2.8585375541126092
2.8162230635610865
2.7690918007635155
2.7746540691034367
2.8135486100956104
2.762154702269453
2.7715942100313207
3.001070334331657
2.949795933813324
2.953574932643451
2.8987015609881404
2.90690088123549
2.8559012597690407
2.849628995252316
2.809397914233971
2.8573250344326655
2.7555305027688535
2.769161935933357
2.8602880814109595
2.814251525383228
2.766576044782087
2.7738512895021
2.8152394106000473
2.7618857287833407
2.772979262470079
3.4078629767820035
3.349715675897839
3.3548956604202216
3.2895216463851087
3.302509129273189
3.2400042737937893
3.2335761834675023
3.1860384355479905
3.245565268818523
3.1346239691615274
3.13384031623822
3.251210062701613
3.1909541025896897
3.1404158240780635
3.1409712148996674
3.08821713114232
3.091051441322599
3.2005198253089526
3.145192565533699
3.1505603130140196
3.088967868247834
3.101220500649247
3.043740652464283
3.0359952377830473
2.992194195162286
3.0427742499204813
2.9449656453692956
2.943864757202952
3.0390211505518407
2.9033245076630285
2.948892135401665
2.9319062280657837
2.9998323909463886
2.9017371248785304
2.9456160805439238
3.0432557679646814
2.8541659165831135
2.855829201055105
2.817363911749605
2.86127275992942
2.7606269919938784
2.7778751900204757
2.853151320984926
3.0360639973824304
2.991671102102883
3.0469900389685662
2.9419962198670295
3.052676748315072
2.9977664820034917
2.949422288240411
2.9509593397711393
2.900050697208458
2.9042831484927727
2.859108181184739
2.8508449527119994
2.8108276118307503
2.8568507155818734
2.7582833962885243
2.7707704720142754
2.857643208027314
2.8191591149060375
2.772511162846766
2.7789671442752564
2.8126485123178235
2.761137680602406
2.7706449984854427
3.0048410306306046
2.9520408445096846
2.9574121035939642
2.89959826191299
2.9107632305781603
2.8559053154003555
2.8505190569470606
2.8100547891098104
2.859548600718208
2.755537043635046
2.7695834410079696
2.8642376927030773
2.8138364469787316
2.766176176282176
2.7733616513787283
2.8191945468470223
2.764369203299993
2.7768654774086183
4.38918278508725
4.326705993307014
4.322974446523855
4.253035631207754
4.257543711229605
4.185532528255768
4.182118065034345
4.121944694545123
4.194855855957739
4.0515346643236025
4.055527051309074
4.191410302381635
4.116042881024747
4.044627001834739
4.051902884244738
3.9730523657060934
3.9879394777302197
4.128267598451998
4.068493953979168
4.0661720243270985
3.9983637052141128
4.004793058980134
3.915287416078824
3.9054938852647236
3.848278366075281
3.918556614037917
3.7876939869713215
3.7854211138690204
3.921770378419448
3.7318480360320114
3.7972838600023424
3.787030330743074
3.8701971111559077
3.745724946655254
3.8100031002747974
3.9341203875129853
3.670668300159634
3.6697175926274035
3.6171318131170445
3.6836088384474373
3.5581479792719017
3.557835316019416
3.6845988588387355
3.9314390249230406
3.874953909885658
3.944518958451
3.8116797293812965
3.942828152426096
3.857779338471382
3.7959497959397885
3.7981694291196213
3.731074179847189
3.7385813088489375
3.677041704439822
3.6678287810008543
3.614594233128953
3.6776382231630427
3.5584605002042706
3.5557632108358463
3.679715967607275
3.6214304679271727
3.562860536252871
3.564908484707736
3.5033386831820543
3.508340582484214
3.6219073381229654
3.5636782925116868
3.5641661557168076
3.5058964374920545
3.5075474312138644
3.8836675060252714
3.8252483590798594
3.8255321313775372
3.7571292775928566
3.7678059935342727
3.6952761839222172
3.694598187933612
3.6411176396137215
3.7088241305521494
3.5767059130942265
3.5824891053502785
3.7097242152618835
3.6328791829845812
3.570108642930293
3.5760494439089565
3.507284809486438
3.519500553409319
3.6540255077805535
3.5972087201972585
3.5995761065163796
3.531586850853249
3.5454206903829792
3.4550161196370075
3.4436561843365903
3.393582098300074
3.451638077488261
3.3428509564355977
3.338121572102627
3.4495074126247314
3.2913769280495413
3.3446812414754294
3.3289531061074955
3.404758461764774
3.2939797324290785
3.3460870252286794
3.455906178992913
3.240115408978334
3.2363697836682084
3.1903752802164567
3.244941782821102
3.1411362127849545
3.138346959061277
3.2403441423420487
3.4466784644088166
3.3980038327312303
3.452416442535135
3.3435181991856355
3.4483043533332647
3.094574689741437
3.1446888103658353
3.129096838566028
3.2004566282981886
3.0970735721356037
3.1418814334585017
3.241506249137963
3.123775888972035
3.180492105276773
3.2304617136487748
3.2312878271134293
3.2275905573024124
3.2808824354222192
3.3045391092959555
3.0911556776199083
3.138774219349359
3.126162324999845
3.1957068646236415
3.093315064145316
3.142320936282487
3.243270364820004
3.34327737155633
3.3271988146942357
3.404417549587846
3.3412740082052608
3.4549636111319515
3.0448295633593094
3.0432920723833408
3.0006072217042994
3.050736590784987
2.952074523027324
2.9524564133336044
3.0454992727195282
2.9120969423312424
2.9570724534535735
2.938223445576255
3.0068159515539508
2.9087182985993243
2.9502459930750407
3.047940262699604
2.8615787578842236
2.864843304057217
2.8265986786051647
2.869784057943197
2.7686969078661248
2.787426363513241
2.860084282863205
3.037729275923944
2.9937734373924125
3.045705002196448
2.943684960896931
3.0423944069862445
3.4476586795428172
3.397552037797314
3.458924815578442
3.342331612307987
3.4608300550947195
3.2952520070439624
3.3514438083110223
3.3412204816372824
3.4150647599516564
3.304616856015957
3.36233194628603
3.472417205779973
3.2391041229987074
3.192394104492337
3.250277487026117
3.139365127429453
3.2505091523503147
3.4725500118338584
3.422217957976059
3.487662179685956
3.3663851788036814
3.4910651283370644
3.405287692801731
3.3490580703224024
3.353173545920345
3.289455353997356
3.300775306442855
3.2404595659691644
3.233509081857127
3.186058364664924
3.2448018874209446
3.135142443614207
3.133866660403016
3.249460551756023
3.1916522442629094
3.141062982871034
3.1417143954094273
3.0887993807186502
3.0918035665071857
3.198761320307497
3.144472854352065
3.1487771845011485
3.0890982169093943
3.099426123392525
3.0445320923567207
3.036528619937391
2.9926930354017722
3.0434145685784166
2.9456037198085685
2.94432557169623
3.0398045273021124
2.9037446645019758
2.949537706128604
2.932811949454237
3.000649038883288
2.9026567239505408
2.9464056741402684
3.043913520848693
2.854693043895084
2.856206370185614
2.817673303657015
2.861917757243824
2.761003118754804
2.778097932868091
2.8541272156844473
3.036196925808466
2.9919145376535603
3.046312438437492
2.9422467563793786
3.050850504089885
2.9990473962718247
2.951644421608676
2.9521551517510307
2.903372386981025
2.9054490532218207
2.863808214433371
2.8540346270484536
2.8141301812380726
2.8589879220988568
2.7626392484732714
2.7741619083795754
2.858704039021922
2.825172520726993
2.77902907454794
2.785218589849255
2.813682053823996
2.7630403751415678
2.7716195829522867
3.0029988037055197
2.951405196954382
2.9555273276620238
2.8999775217801744
2.908859886587755
2.8568246808524647
2.8509284471578367
2.810652833591453
2.858944286308037
2.7565342144992258
2.770376090903218
2.862274757780596
2.8148485017439153
2.7668814531732115
2.774432387307283
2.8172298736479084
2.7635705338480614
2.7749719074283536
3.4388835998432272
3.382209443066133
3.3879813304634228
3.317697847899324
3.337023892670639
3.260608083714657
3.2624670943927194
3.214652729207419
3.2791383997847916
3.155553777332913
3.162751065100691
3.286116497390503
3.204682710847317
3.149632066178783
3.1544263460853985
3.0942417889484517
3.1045704711543767
3.2369469091701024
3.1801725152516536
3.189327025599903
3.1171154034161788
3.141446384864788
3.0474459383337864
3.0420905254499893
2.997943549567405
3.051764963081138
2.9486118815310203
2.9495884083711372
3.0528103037084877
2.9085801972175718
2.957639262188091
2.9466694816414374
3.0124883052003266
2.9145924278997875
2.9649778442137054
3.062870777653502
2.8576098411193582
2.8611406744137913
2.822166312706766
2.86946248473667
2.764068513502451
2.782245551809809
2.8662077143939912
3.0648137541234024
3.019663781492199
3.0828171242561284
2.9702288193884767
3.093753961759903
3.0000156937225384
2.9511436405943385
2.953099271298676
2.901580065959406
2.9064333873752117
2.860746910818965
2.85232656058865
2.8122544598014834
2.8585259674059174
2.759807087702044
2.772131403779575
2.8597279186971365
2.8210840601571796
2.77467082166495
2.7809314138959396
2.814734540607726
2.7628391443625056
2.772598084069093
3.0475272919479535
2.988812727819864
3.002791198649051
2.926643884745921
2.957363486082527
2.8745198416356965
2.877839412625489
2.8358631284953537
2.8963032330990854
2.7755249354148512
2.794030932363703
2.9118913547742373
2.826088556421943
2.774802797579566
2.7848919054618078
2.8678576885883613
2.8022108634996297
2.8270967551533985
