1	2	6    26    126
2	6	7    26    126
2	7	26    27    126
6	7	26    31    126
7	26	27    31    126
7	27	31    32    126
2	3	7    27    127
2	7	27    126    127
3	7	8    27    127
3	8	27    28    127
7	8	27    32    127
7	27	32    126    127
8	27	28    32    127
8	28	32    33    127
3	4	8    28    128
3	8	28    127    128
4	8	9    28    128
4	9	28    29    128
8	9	28    33    128
8	28	33    127    128
9	28	29    33    128
9	29	33    34    128
4	5	9    29    129
4	9	29    128    129
5	9	10    29    129
5	10	29    30    129
9	10	29    34    129
9	29	34    128    129
10	29	30    34    129
10	30	34    35    129
5	10	30    129    130
10	30	35    129    130
6	7	11    31    131
6	7	31    126    131
7	11	12    31    131
7	12	31    32    131
7	31	32    126    131
11	12	31    36    131
12	31	32    36    131
12	32	36    37    131
7	32	126    127    131
7	8	12    32    132
7	8	32    127    132
8	12	13    32    132
8	13	32    33    132
8	32	33    127    132
12	13	32    37    132
13	32	33    37    132
13	33	37    38    132
8	33	127    128    132
7	12	32    131    132
7	32	127    131    132
12	32	37    131    132
8	9	13    33    133
8	9	33    128    133
9	13	14    33    133
9	14	33    34    133
9	33	34    128    133
13	14	33    38    133
14	33	34    38    133
14	34	38    39    133
9	34	128    129    133
8	13	33    132    133
8	33	128    132    133
13	33	38    132    133
9	10	14    34    134
9	10	34    129    134
10	14	15    34    134
10	15	34    35    134
10	34	35    129    134
14	15	34    39    134
15	34	35    39    134
15	35	39    40    134
10	35	129    130    134
9	14	34    133    134
9	34	129    133    134
14	34	39    133    134
10	15	35    134    135
10	35	130    134    135
15	35	40    134    135
11	12	16    36    136
11	12	36    131    136
12	16	17    36    136
12	17	36    37    136
12	36	37    131    136
16	17	36    41    136
17	36	37    41    136
17	37	41    42    136
12	37	131    132    136
12	13	17    37    137
12	13	37    132    137
13	17	18    37    137
13	18	37    38    137
13	37	38    132    137
17	18	37    42    137
18	37	38    42    137
18	38	42    43    137
13	38	132    133    137
12	17	37    136    137
12	37	132    136    137
17	37	42    136    137
13	14	18    38    138
13	14	38    133    138
14	18	19    38    138
14	19	38    39    138
14	38	39    133    138
18	19	38    43    138
19	38	39    43    138
19	39	43    44    138
14	39	133    134    138
13	18	38    137    138
13	38	133    137    138
18	38	43    137    138
14	15	19    39    139
14	15	39    134    139
15	19	20    39    139
15	20	39    40    139
15	39	40    134    139
19	20	39    44    139
20	39	40    44    139
20	40	44    45    139
15	40	134    135    139
14	19	39    138    139
14	39	134    138    139
19	39	44    138    139
15	20	40    139    140
15	40	135    139    140
20	40	45    139    140
16	17	21    41    141
16	17	41    136    141
17	21	22    41    141
17	22	41    42    141
17	41	42    136    141
21	22	41    46    141
22	41	42    46    141
22	42	46    47    141
17	42	136    137    141
17	18	22    42    142
17	18	42    137    142
18	22	23    42    142
18	23	42    43    142
18	42	43    137    142
22	23	42    47    142
23	42	43    47    142
23	43	47    48    142
18	43	137    138    142
17	22	42    141    142
17	42	137    141    142
22	42	47    141    142
18	19	23    43    143
18	19	43    138    143
19	23	24    43    143
19	24	43    44    143
19	43	44    138    143
23	24	43    48    143
24	43	44    48    143
24	44	48    49    143
19	44	138    139    143
18	23	43    142    143
18	43	138    142    143
23	43	48    142    143
19	20	24    44    144
19	20	44    139    144
20	24	25    44    144
20	25	44    45    144
20	44	45    139    144
24	25	44    49    144
25	44	45    49    144
25	45	49    50    144
20	45	139    140    144
19	24	44    143    144
19	44	139    143    144
24	44	49    143    144
20	25	45    144    145
20	45	140    144    145
25	45	50    144    145
21	22	46    141    146
22	46	47    141    146
22	47	141    142    146
22	23	47    142    147
22	47	142    146    147
23	47	48    142    147
23	48	142    143    147
23	24	48    143    148
23	48	143    147    148
24	48	49    143    148
24	49	143    144    148
24	25	49    144    149
24	49	144    148    149
25	49	50    144    149
25	50	144    145    149
25	50	145    149    150
26	27	31    51    151
26	27	31    126    151
27	31	32    51    151
27	31	32    126    151
27	32	51    52    151
31	32	51    56    151
32	51	52    56    151
32	52	56    57    151
27	32	126    127    151
31	32	126    131    151
32	126	127    131    151
32	127	131    132    151
27	28	32    52    152
27	28	32    127    152
28	32	33    52    152
28	32	33    127    152
28	33	52    53    152
32	33	52    57    152
33	52	53    57    152
33	53	57    58    152
28	33	127    128    152
32	33	127    132    152
33	127	128    132    152
33	128	132    133    152
27	32	52    151    152
27	32	127    151    152
32	52	57    151    152
32	127	132    151    152
28	29	33    53    153
28	29	33    128    153
29	33	34    53    153
29	33	34    128    153
29	34	53    54    153
33	34	53    58    153
34	53	54    58    153
34	54	58    59    153
29	34	128    129    153
33	34	128    133    153
34	128	129    133    153
34	129	133    134    153
28	33	53    152    153
28	33	128    152    153
33	53	58    152    153
33	128	133    152    153
29	30	34    54    154
29	30	34    129    154
30	34	35    54    154
30	34	35    129    154
30	35	54    55    154
34	35	54    59    154
35	54	55    59    154
35	55	59    60    154
30	35	129    130    154
34	35	129    134    154
35	129	130    134    154
35	130	134    135    154
29	34	54    153    154
29	34	129    153    154
34	54	59    153    154
34	129	134    153    154
30	35	55    154    155
30	35	130    154    155
35	55	60    154    155
35	130	135    154    155
31	32	36    56    156
31	32	36    131    156
32	36	37    56    156
32	36	37    131    156
32	37	56    57    156
36	37	56    61    156
37	56	57    61    156
37	57	61    62    156
32	37	131    132    156
36	37	131    136    156
37	131	132    136    156
37	132	136    137    156
31	32	56    151    156
31	32	131    151    156
32	56	57    151    156
32	131	132    151    156
32	57	151    152    156
32	132	151    152    156
32	33	37    57    157
32	33	37    132    157
33	37	38    57    157
33	37	38    132    157
33	38	57    58    157
37	38	57    62    157
38	57	58    62    157
38	58	62    63    157
33	38	132    133    157
37	38	132    137    157
38	132	133    137    157
38	133	137    138    157
32	33	57    152    157
32	33	132    152    157
33	57	58    152    157
33	132	133    152    157
33	58	152    153    157
33	133	152    153    157
32	37	57    156    157
32	37	132    156    157
37	57	62    156    157
37	132	137    156    157
32	57	152    156    157
32	132	152    156    157
33	34	38    58    158
33	34	38    133    158
34	38	39    58    158
34	38	39    133    158
34	39	58    59    158
38	39	58    63    158
39	58	59    63    158
39	59	63    64    158
34	39	133    134    158
38	39	133    138    158
39	133	134    138    158
39	134	138    139    158
33	34	58    153    158
33	34	133    153    158
34	58	59    153    158
34	133	134    153    158
34	59	153    154    158
34	134	153    154    158
33	38	58    157    158
33	38	133    157    158
38	58	63    157    158
38	133	138    157    158
33	58	153    157    158
33	133	153    157    158
34	35	39    59    159
34	35	39    134    159
35	39	40    59    159
35	39	40    134    159
35	40	59    60    159
39	40	59    64    159
40	59	60    64    159
40	60	64    65    159
35	40	134    135    159
39	40	134    139    159
40	134	135    139    159
40	135	139    140    159
34	35	59    154    159
34	35	134    154    159
35	59	60    154    159
35	134	135    154    159
35	60	154    155    159
35	135	154    155    159
34	39	59    158    159
34	39	134    158    159
39	59	64    158    159
39	134	139    158    159
34	59	154    158    159
34	134	154    158    159
35	40	60    159    160
35	40	135    159    160
40	60	65    159    160
40	135	140    159    160
35	60	155    159    160
35	135	155    159    160
36	37	41    61    161
36	37	41    136    161
37	41	42    61    161
37	41	42    136    161
37	42	61    62    161
41	42	61    66    161
42	61	62    66    161
42	62	66    67    161
37	42	136    137    161
41	42	136    141    161
42	136	137    141    161
42	137	141    142    161
36	37	61    156    161
36	37	136    156    161
37	61	62    156    161
37	136	137    156    161
37	62	156    157    161
37	137	156    157    161
37	38	42    62    162
37	38	42    137    162
38	42	43    62    162
38	42	43    137    162
38	43	62    63    162
42	43	62    67    162
43	62	63    67    162
43	63	67    68    162
38	43	137    138    162
42	43	137    142    162
43	137	138    142    162
43	138	142    143    162
37	38	62    157    162
37	38	137    157    162
38	62	63    157    162
38	137	138    157    162
38	63	157    158    162
38	138	157    158    162
37	42	62    161    162
37	42	137    161    162
42	62	67    161    162
42	137	142    161    162
37	62	157    161    162
37	137	157    161    162
38	39	43    63    163
38	39	43    138    163
39	43	44    63    163
39	43	44    138    163
39	44	63    64    163
43	44	63    68    163
44	63	64    68    163
44	64	68    69    163
39	44	138    139    163
43	44	138    143    163
44	138	139    143    163
44	139	143    144    163
38	39	63    158    163
38	39	138    158    163
39	63	64    158    163
39	138	139    158    163
39	64	158    159    163
39	139	158    159    163
38	43	63    162    163
38	43	138    162    163
43	63	68    162    163
43	138	143    162    163
38	63	158    162    163
38	138	158    162    163
39	40	44    64    164
39	40	44    139    164
40	44	45    64    164
40	44	45    139    164
40	45	64    65    164
44	45	64    69    164
45	64	65    69    164
45	65	69    70    164
40	45	139    140    164
44	45	139    144    164
45	139	140    144    164
45	140	144    145    164
39	40	64    159    164
39	40	139    159    164
40	64	65    159    164
40	139	140    159    164
40	65	159    160    164
40	140	159    160    164
39	44	64    163    164
39	44	139    163    164
44	64	69    163    164
44	139	144    163    164
39	64	159    163    164
39	139	159    163    164
40	45	65    164    165
40	45	140    164    165
45	65	70    164    165
45	140	145    164    165
40	65	160    164    165
40	140	160    164    165
41	42	46    66    166
41	42	46    141    166
42	46	47    66    166
42	46	47    141    166
42	47	66    67    166
46	47	66    71    166
47	66	67    71    166
47	67	71    72    166
42	47	141    142    166
46	47	141    146    166
47	141	142    146    166
47	142	146    147    166
41	42	66    161    166
41	42	141    161    166
42	66	67    161    166
42	141	142    161    166
42	67	161    162    166
42	142	161    162    166
42	43	47    67    167
42	43	47    142    167
43	47	48    67    167
43	47	48    142    167
43	48	67    68    167
47	48	67    72    167
48	67	68    72    167
48	68	72    73    167
43	48	142    143    167
47	48	142    147    167
48	142	143    147    167
48	143	147    148    167
42	43	67    162    167
42	43	142    162    167
43	67	68    162    167
43	142	143    162    167
43	68	162    163    167
43	143	162    163    167
42	47	67    166    167
42	47	142    166    167
47	67	72    166    167
47	142	147    166    167
42	67	162    166    167
42	142	162    166    167
43	44	48    68    168
43	44	48    143    168
44	48	49    68    168
44	48	49    143    168
44	49	68    69    168
48	49	68    73    168
49	68	69    73    168
49	69	73    74    168
44	49	143    144    168
48	49	143    148    168
49	143	144    148    168
49	144	148    149    168
43	44	68    163    168
43	44	143    163    168
44	68	69    163    168
44	143	144    163    168
44	69	163    164    168
44	144	163    164    168
43	48	68    167    168
43	48	143    167    168
48	68	73    167    168
48	143	148    167    168
43	68	163    167    168
43	143	163    167    168
44	45	49    69    169
44	45	49    144    169
45	49	50    69    169
45	49	50    144    169
45	50	69    70    169
49	50	69    74    169
50	69	70    74    169
50	70	74    75    169
45	50	144    145    169
49	50	144    149    169
50	144	145    149    169
50	145	149    150    169
44	45	69    164    169
44	45	144    164    169
45	69	70    164    169
45	144	145    164    169
45	70	164    165    169
45	145	164    165    169
44	49	69    168    169
44	49	144    168    169
49	69	74    168    169
49	144	149    168    169
44	69	164    168    169
44	144	164    168    169
45	50	70    169    170
45	50	145    169    170
50	70	75    169    170
50	145	150    169    170
45	70	165    169    170
45	145	165    169    170
46	47	71    166    171
46	47	146    166    171
47	71	72    166    171
47	146	147    166    171
47	72	166    167    171
47	147	166    167    171
47	48	72    167    172
47	48	147    167    172
48	72	73    167    172
48	147	148    167    172
48	73	167    168    172
48	148	167    168    172
47	72	167    171    172
47	147	167    171    172
48	49	73    168    173
48	49	148    168    173
49	73	74    168    173
49	148	149    168    173
49	74	168    169    173
49	149	168    169    173
48	73	168    172    173
48	148	168    172    173
49	50	74    169    174
49	50	149    169    174
50	74	75    169    174
50	149	150    169    174
50	75	169    170    174
50	150	169    170    174
49	74	169    173    174
49	149	169    173    174
50	75	170    174    175
50	150	170    174    175
51	52	56    76    176
51	52	56    151    176
52	56	57    76    176
52	56	57    151    176
52	57	76    77    176
56	57	76    81    176
57	76	77    81    176
57	77	81    82    176
52	57	151    152    176
56	57	151    156    176
57	151	152    156    176
57	152	156    157    176
52	53	57    77    177
52	53	57    152    177
53	57	58    77    177
53	57	58    152    177
53	58	77    78    177
57	58	77    82    177
58	77	78    82    177
58	78	82    83    177
53	58	152    153    177
57	58	152    157    177
58	152	153    157    177
58	153	157    158    177
52	57	77    176    177
52	57	152    176    177
57	77	82    176    177
57	152	157    176    177
53	54	58    78    178
53	54	58    153    178
54	58	59    78    178
54	58	59    153    178
54	59	78    79    178
58	59	78    83    178
59	78	79    83    178
59	79	83    84    178
54	59	153    154    178
58	59	153    158    178
59	153	154    158    178
59	154	158    159    178
53	58	78    177    178
53	58	153    177    178
58	78	83    177    178
58	153	158    177    178
54	55	59    79    179
54	55	59    154    179
55	59	60    79    179
55	59	60    154    179
55	60	79    80    179
59	60	79    84    179
60	79	80    84    179
60	80	84    85    179
55	60	154    155    179
59	60	154    159    179
60	154	155    159    179
60	155	159    160    179
54	59	79    178    179
54	59	154    178    179
59	79	84    178    179
59	154	159    178    179
55	60	80    179    180
55	60	155    179    180
60	80	85    179    180
60	155	160    179    180
56	57	61    81    181
56	57	61    156    181
57	61	62    81    181
57	61	62    156    181
57	62	81    82    181
61	62	81    86    181
62	81	82    86    181
62	82	86    87    181
57	62	156    157    181
61	62	156    161    181
62	156	157    161    181
62	157	161    162    181
56	57	81    176    181
56	57	156    176    181
57	81	82    176    181
57	156	157    176    181
57	82	176    177    181
57	157	176    177    181
57	58	62    82    182
57	58	62    157    182
58	62	63    82    182
58	62	63    157    182
58	63	82    83    182
62	63	82    87    182
63	82	83    87    182
63	83	87    88    182
58	63	157    158    182
62	63	157    162    182
63	157	158    162    182
63	158	162    163    182
57	58	82    177    182
57	58	157    177    182
58	82	83    177    182
58	157	158    177    182
58	83	177    178    182
58	158	177    178    182
57	62	82    181    182
57	62	157    181    182
62	82	87    181    182
62	157	162    181    182
57	82	177    181    182
57	157	177    181    182
58	59	63    83    183
58	59	63    158    183
59	63	64    83    183
59	63	64    158    183
59	64	83    84    183
63	64	83    88    183
64	83	84    88    183
64	84	88    89    183
59	64	158    159    183
63	64	158    163    183
64	158	159    163    183
64	159	163    164    183
58	59	83    178    183
58	59	158    178    183
59	83	84    178    183
59	158	159    178    183
59	84	178    179    183
59	159	178    179    183
58	63	83    182    183
58	63	158    182    183
63	83	88    182    183
63	158	163    182    183
58	83	178    182    183
58	158	178    182    183
59	60	64    84    184
59	60	64    159    184
60	64	65    84    184
60	64	65    159    184
60	65	84    85    184
64	65	84    89    184
65	84	85    89    184
65	85	89    90    184
60	65	159    160    184
64	65	159    164    184
65	159	160    164    184
65	160	164    165    184
59	60	84    179    184
59	60	159    179    184
60	84	85    179    184
60	159	160    179    184
60	85	179    180    184
60	160	179    180    184
59	64	84    183    184
59	64	159    183    184
64	84	89    183    184
64	159	164    183    184
59	84	179    183    184
59	159	179    183    184
60	65	85    184    185
60	65	160    184    185
65	85	90    184    185
65	160	165    184    185
60	85	180    184    185
60	160	180    184    185
61	62	66    86    186
61	62	66    161    186
62	66	67    86    186
62	66	67    161    186
62	67	86    87    186
66	67	86    91    186
67	86	87    91    186
67	87	91    92    186
62	67	161    162    186
66	67	161    166    186
67	161	162    166    186
67	162	166    167    186
61	62	86    181    186
61	62	161    181    186
62	86	87    181    186
62	161	162    181    186
62	87	181    182    186
62	162	181    182    186
62	63	67    87    187
62	63	67    162    187
63	67	68    87    187
63	67	68    162    187
63	68	87    88    187
67	68	87    92    187
68	87	88    92    187
68	88	92    93    187
63	68	162    163    187
67	68	162    167    187
68	162	163    167    187
68	163	167    168    187
62	63	87    182    187
62	63	162    182    187
63	87	88    182    187
63	162	163    182    187
63	88	182    183    187
63	163	182    183    187
62	67	87    186    187
62	67	162    186    187
67	87	92    186    187
67	162	167    186    187
62	87	182    186    187
62	162	182    186    187
63	64	68    88    188
63	64	68    163    188
64	68	69    88    188
64	68	69    163    188
64	69	88    89    188
68	69	88    93    188
69	88	89    93    188
69	89	93    94    188
64	69	163    164    188
68	69	163    168    188
69	163	164    168    188
69	164	168    169    188
63	64	88    183    188
63	64	163    183    188
64	88	89    183    188
64	163	164    183    188
64	89	183    184    188
64	164	183    184    188
63	68	88    187    188
63	68	163    187    188
68	88	93    187    188
68	163	168    187    188
63	88	183    187    188
63	163	183    187    188
64	65	69    89    189
64	65	69    164    189
65	69	70    89    189
65	69	70    164    189
65	70	89    90    189
69	70	89    94    189
70	89	90    94    189
70	90	94    95    189
65	70	164    165    189
69	70	164    169    189
70	164	165    169    189
70	165	169    170    189
64	65	89    184    189
64	65	164    184    189
65	89	90    184    189
65	164	165    184    189
65	90	184    185    189
65	165	184    185    189
64	69	89    188    189
64	69	164    188    189
69	89	94    188    189
69	164	169    188    189
64	89	184    188    189
64	164	184    188    189
65	70	90    189    190
65	70	165    189    190
70	90	95    189    190
70	165	170    189    190
65	90	185    189    190
65	165	185    189    190
66	67	71    91    191
66	67	71    166    191
67	71	72    91    191
67	71	72    166    191
67	72	91    92    191
71	72	91    96    191
72	91	92    96    191
72	92	96    97    191
67	72	166    167    191
71	72	166    171    191
72	166	167    171    191
72	167	171    172    191
66	67	91    186    191
66	67	166    186    191
67	91	92    186    191
67	166	167    186    191
67	92	186    187    191
67	167	186    187    191
67	68	72    92    192
67	68	72    167    192
68	72	73    92    192
68	72	73    167    192
68	73	92    93    192
72	73	92    97    192
73	92	93    97    192
73	93	97    98    192
68	73	167    168    192
72	73	167    172    192
73	167	168    172    192
73	168	172    173    192
67	68	92    187    192
67	68	167    187    192
68	92	93    187    192
68	167	168    187    192
68	93	187    188    192
68	168	187    188    192
67	72	92    191    192
67	72	167    191    192
72	92	97    191    192
72	167	172    191    192
67	92	187    191    192
67	167	187    191    192
68	69	73    93    193
68	69	73    168    193
69	73	74    93    193
69	73	74    168    193
69	74	93    94    193
73	74	93    98    193
74	93	94    98    193
74	94	98    99    193
69	74	168    169    193
73	74	168    173    193
74	168	169    173    193
74	169	173    174    193
68	69	93    188    193
68	69	168    188    193
69	93	94    188    193
69	168	169    188    193
69	94	188    189    193
69	169	188    189    193
68	73	93    192    193
68	73	168    192    193
73	93	98    192    193
73	168	173    192    193
68	93	188    192    193
68	168	188    192    193
69	70	74    94    194
69	70	74    169    194
70	74	75    94    194
70	74	75    169    194
70	75	94    95    194
74	75	94    99    194
75	94	95    99    194
75	95	99    100    194
70	75	169    170    194
74	75	169    174    194
75	169	170    174    194
75	170	174    175    194
69	70	94    189    194
69	70	169    189    194
70	94	95    189    194
70	169	170    189    194
70	95	189    190    194
70	170	189    190    194
69	74	94    193    194
69	74	169    193    194
74	94	99    193    194
74	169	174    193    194
69	94	189    193    194
69	169	189    193    194
70	75	95    194    195
70	75	170    194    195
75	95	100    194    195
75	170	175    194    195
70	95	190    194    195
70	170	190    194    195
71	72	96    191    196
71	72	171    191    196
72	96	97    191    196
72	171	172    191    196
72	97	191    192    196
72	172	191    192    196
72	73	97    192    197
72	73	172    192    197
73	97	98    192    197
73	172	173    192    197
73	98	192    193    197
73	173	192    193    197
72	97	192    196    197
72	172	192    196    197
73	74	98    193    198
73	74	173    193    198
74	98	99    193    198
74	173	174    193    198
74	99	193    194    198
74	174	193    194    198
73	98	193    197    198
73	173	193    197    198
74	75	99    194    199
74	75	174    194    199
75	99	100    194    199
75	174	175    194    199
75	100	194    195    199
75	175	194    195    199
74	99	194    198    199
74	174	194    198    199
75	100	195    199    200
75	175	195    199    200
76	77	81    101    201
76	77	81    176    201
77	81	82    101    201
77	81	82    176    201
77	82	101    102    201
81	82	101    106    201
82	101	102    106    201
82	102	106    107    201
77	82	176    177    201
81	82	176    181    201
82	176	177    181    201
82	177	181    182    201
77	78	82    102    202
77	78	82    177    202
78	82	83    102    202
78	82	83    177    202
78	83	102    103    202
82	83	102    107    202
83	102	103    107    202
83	103	107    108    202
78	83	177    178    202
82	83	177    182    202
83	177	178    182    202
83	178	182    183    202
77	82	102    201    202
77	82	177    201    202
82	102	107    201    202
82	177	182    201    202
78	79	83    103    203
78	79	83    178    203
79	83	84    103    203
79	83	84    178    203
79	84	103    104    203
83	84	103    108    203
84	103	104    108    203
84	104	108    109    203
79	84	178    179    203
83	84	178    183    203
84	178	179    183    203
84	179	183    184    203
78	83	103    202    203
78	83	178    202    203
83	103	108    202    203
83	178	183    202    203
79	80	84    104    204
79	80	84    179    204
80	84	85    104    204
80	84	85    179    204
80	85	104    105    204
84	85	104    109    204
85	104	105    109    204
85	105	109    110    204
80	85	179    180    204
84	85	179    184    204
85	179	180    184    204
85	180	184    185    204
79	84	104    203    204
79	84	179    203    204
84	104	109    203    204
84	179	184    203    204
80	85	105    204    205
80	85	180    204    205
85	105	110    204    205
85	180	185    204    205
81	82	86    106    206
81	82	86    181    206
82	86	87    106    206
82	86	87    181    206
82	87	106    107    206
86	87	106    111    206
87	106	107    111    206
87	107	111    112    206
82	87	181    182    206
86	87	181    186    206
87	181	182    186    206
87	182	186    187    206
81	82	106    201    206
81	82	181    201    206
82	106	107    201    206
82	181	182    201    206
82	107	201    202    206
82	182	201    202    206
82	83	87    107    207
82	83	87    182    207
83	87	88    107    207
83	87	88    182    207
83	88	107    108    207
87	88	107    112    207
88	107	108    112    207
88	108	112    113    207
83	88	182    183    207
87	88	182    187    207
88	182	183    187    207
88	183	187    188    207
82	83	107    202    207
82	83	182    202    207
83	107	108    202    207
83	182	183    202    207
83	108	202    203    207
83	183	202    203    207
82	87	107    206    207
82	87	182    206    207
87	107	112    206    207
87	182	187    206    207
82	107	202    206    207
82	182	202    206    207
83	84	88    108    208
83	84	88    183    208
84	88	89    108    208
84	88	89    183    208
84	89	108    109    208
88	89	108    113    208
89	108	109    113    208
89	109	113    114    208
84	89	183    184    208
88	89	183    188    208
89	183	184    188    208
89	184	188    189    208
83	84	108    203    208
83	84	183    203    208
84	108	109    203    208
84	183	184    203    208
84	109	203    204    208
84	184	203    204    208
83	88	108    207    208
83	88	183    207    208
88	108	113    207    208
88	183	188    207    208
83	108	203    207    208
83	183	203    207    208
84	85	89    109    209
84	85	89    184    209
85	89	90    109    209
85	89	90    184    209
85	90	109    110    209
89	90	109    114    209
90	109	110    114    209
90	110	114    115    209
85	90	184    185    209
89	90	184    189    209
90	184	185    189    209
90	185	189    190    209
84	85	109    204    209
84	85	184    204    209
85	109	110    204    209
85	184	185    204    209
85	110	204    205    209
85	185	204    205    209
84	89	109    208    209
84	89	184    208    209
89	109	114    208    209
89	184	189    208    209
84	109	204    208    209
84	184	204    208    209
85	90	110    209    210
85	90	185    209    210
90	110	115    209    210
90	185	190    209    210
85	110	205    209    210
85	185	205    209    210
86	87	91    111    211
86	87	91    186    211
87	91	92    111    211
87	91	92    186    211
87	92	111    112    211
91	92	111    116    211
92	111	112    116    211
92	112	116    117    211
87	92	186    187    211
91	92	186    191    211
92	186	187    191    211
92	187	191    192    211
86	87	111    206    211
86	87	186    206    211
87	111	112    206    211
87	186	187    206    211
87	112	206    207    211
87	187	206    207    211
87	88	92    112    212
87	88	92    187    212
88	92	93    112    212
88	92	93    187    212
88	93	112    113    212
92	93	112    117    212
93	112	113    117    212
93	113	117    118    212
88	93	187    188    212
92	93	187    192    212
93	187	188    192    212
93	188	192    193    212
87	88	112    207    212
87	88	187    207    212
88	112	113    207    212
88	187	188    207    212
88	113	207    208    212
88	188	207    208    212
87	92	112    211    212
87	92	187    211    212
92	112	117    211    212
92	187	192    211    212
87	112	207    211    212
87	187	207    211    212
88	89	93    113    213
88	89	93    188    213
89	93	94    113    213
89	93	94    188    213
89	94	113    114    213
93	94	113    118    213
94	113	114    118    213
94	114	118    119    213
89	94	188    189    213
93	94	188    193    213
94	188	189    193    213
94	189	193    194    213
88	89	113    208    213
88	89	188    208    213
89	113	114    208    213
89	188	189    208    213
89	114	208    209    213
89	189	208    209    213
88	93	113    212    213
88	93	188    212    213
93	113	118    212    213
93	188	193    212    213
88	113	208    212    213
88	188	208    212    213
89	90	94    114    214
89	90	94    189    214
90	94	95    114    214
90	94	95    189    214
90	95	114    115    214
94	95	114    119    214
95	114	115    119    214
95	115	119    120    214
90	95	189    190    214
94	95	189    194    214
95	189	190    194    214
95	190	194    195    214
89	90	114    209    214
89	90	189    209    214
90	114	115    209    214
90	189	190    209    214
90	115	209    210    214
90	190	209    210    214
89	94	114    213    214
89	94	189    213    214
94	114	119    213    214
94	189	194    213    214
89	114	209    213    214
89	189	209    213    214
90	95	115    214    215
90	95	190    214    215
95	115	120    214    215
95	190	195    214    215
90	115	210    214    215
90	190	210    214    215
91	92	96    116    216
91	92	96    191    216
92	96	97    116    216
92	96	97    191    216
92	97	116    117    216
96	97	116    121    216
97	116	117    121    216
97	117	121    122    216
92	97	191    192    216
96	97	191    196    216
97	191	192    196    216
97	192	196    197    216
91	92	116    211    216
91	92	191    211    216
92	116	117    211    216
92	191	192    211    216
92	117	211    212    216
92	192	211    212    216
92	93	97    117    217
92	93	97    192    217
93	97	98    117    217
93	97	98    192    217
93	98	117    118    217
97	98	117    122    217
98	117	118    122    217
98	118	122    123    217
93	98	192    193    217
97	98	192    197    217
98	192	193    197    217
98	193	197    198    217
92	93	117    212    217
92	93	192    212    217
93	117	118    212    217
93	192	193    212    217
93	118	212    213    217
93	193	212    213    217
92	97	117    216    217
92	97	192    216    217
97	117	122    216    217
97	192	197    216    217
92	117	212    216    217
92	192	212    216    217
93	94	98    118    218
93	94	98    193    218
94	98	99    118    218
94	98	99    193    218
94	99	118    119    218
98	99	118    123    218
99	118	119    123    218
99	119	123    124    218
94	99	193    194    218
98	99	193    198    218
99	193	194    198    218
99	194	198    199    218
93	94	118    213    218
93	94	193    213    218
94	118	119    213    218
94	193	194    213    218
94	119	213    214    218
94	194	213    214    218
93	98	118    217    218
93	98	193    217    218
98	118	123    217    218
98	193	198    217    218
93	118	213    217    218
93	193	213    217    218
94	95	99    119    219
94	95	99    194    219
95	99	100    119    219
95	99	100    194    219
95	100	119    120    219
99	100	119    124    219
100	119	120    124    219
100	120	124    125    219
95	100	194    195    219
99	100	194    199    219
100	194	195    199    219
100	195	199    200    219
94	95	119    214    219
94	95	194    214    219
95	119	120    214    219
95	194	195    214    219
95	120	214    215    219
95	195	214    215    219
94	99	119    218    219
94	99	194    218    219
99	119	124    218    219
99	194	199    218    219
94	119	214    218    219
94	194	214    218    219
95	100	120    219    220
95	100	195    219    220
100	120	125    219    220
100	195	200    219    220
95	120	215    219    220
95	195	215    219    220
96	97	121    216    221
96	97	196    216    221
97	121	122    216    221
97	196	197    216    221
97	122	216    217    221
97	197	216    217    221
97	98	122    217    222
97	98	197    217    222
98	122	123    217    222
98	197	198    217    222
98	123	217    218    222
98	198	217    218    222
97	122	217    221    222
97	197	217    221    222
98	99	123    218    223
98	99	198    218    223
99	123	124    218    223
99	198	199    218    223
99	124	218    219    223
99	199	218    219    223
98	123	218    222    223
98	198	218    222    223
99	100	124    219    224
99	100	199    219    224
100	124	125    219    224
100	199	200    219    224
100	125	219    220    224
100	200	219    220    224
99	124	219    223    224
99	199	219    223    224
100	125	220    224    225
100	200	220    224    225
101	102	106    201    226
102	106	107    201    226
102	107	201    202    226
106	107	201    206    226
107	201	202    206    226
107	202	206    207    226
102	103	107    202    227
102	107	202    226    227
103	107	108    202    227
103	108	202    203    227
107	108	202    207    227
107	202	207    226    227
108	202	203    207    227
108	203	207    208    227
103	104	108    203    228
103	108	203    227    228
104	108	109    203    228
104	109	203    204    228
108	109	203    208    228
108	203	208    227    228
109	203	204    208    228
109	204	208    209    228
104	105	109    204    229
104	109	204    228    229
105	109	110    204    229
105	110	204    205    229
109	110	204    209    229
109	204	209    228    229
110	204	205    209    229
110	205	209    210    229
105	110	205    229    230
110	205	210    229    230
106	107	111    206    231
106	107	206    226    231
107	111	112    206    231
107	112	206    207    231
107	206	207    226    231
111	112	206    211    231
112	206	207    211    231
112	207	211    212    231
107	207	226    227    231
107	108	112    207    232
107	108	207    227    232
108	112	113    207    232
108	113	207    208    232
108	207	208    227    232
112	113	207    212    232
113	207	208    212    232
113	208	212    213    232
108	208	227    228    232
107	112	207    231    232
107	207	227    231    232
112	207	212    231    232
108	109	113    208    233
108	109	208    228    233
109	113	114    208    233
109	114	208    209    233
109	208	209    228    233
113	114	208    213    233
114	208	209    213    233
114	209	213    214    233
109	209	228    229    233
108	113	208    232    233
108	208	228    232    233
113	208	213    232    233
109	110	114    209    234
109	110	209    229    234
110	114	115    209    234
110	115	209    210    234
110	209	210    229    234
114	115	209    214    234
115	209	210    214    234
115	210	214    215    234
110	210	229    230    234
109	114	209    233    234
109	209	229    233    234
114	209	214    233    234
110	115	210    234    235
110	210	230    234    235
115	210	215    234    235
111	112	116    211    236
111	112	211    231    236
112	116	117    211    236
112	117	211    212    236
112	211	212    231    236
116	117	211    216    236
117	211	212    216    236
117	212	216    217    236
112	212	231    232    236
112	113	117    212    237
112	113	212    232    237
113	117	118    212    237
113	118	212    213    237
113	212	213    232    237
117	118	212    217    237
118	212	213    217    237
118	213	217    218    237
113	213	232    233    237
112	117	212    236    237
112	212	232    236    237
117	212	217    236    237
113	114	118    213    238
113	114	213    233    238
114	118	119    213    238
114	119	213    214    238
114	213	214    233    238
118	119	213    218    238
119	213	214    218    238
119	214	218    219    238
114	214	233    234    238
113	118	213    237    238
113	213	233    237    238
118	213	218    237    238
114	115	119    214    239
114	115	214    234    239
115	119	120    214    239
115	120	214    215    239
115	214	215    234    239
119	120	214    219    239
120	214	215    219    239
120	215	219    220    239
115	215	234    235    239
114	119	214    238    239
114	214	234    238    239
119	214	219    238    239
115	120	215    239    240
115	215	235    239    240
120	215	220    239    240
116	117	121    216    241
116	117	216    236    241
117	121	122    216    241
117	122	216    217    241
117	216	217    236    241
121	122	216    221    241
122	216	217    221    241
122	217	221    222    241
117	217	236    237    241
117	118	122    217    242
117	118	217    237    242
118	122	123    217    242
118	123	217    218    242
118	217	218    237    242
122	123	217    222    242
123	217	218    222    242
123	218	222    223    242
118	218	237    238    242
117	122	217    241    242
117	217	237    241    242
122	217	222    241    242
118	119	123    218    243
118	119	218    238    243
119	123	124    218    243
119	124	218    219    243
119	218	219    238    243
123	124	218    223    243
124	218	219    223    243
124	219	223    224    243
119	219	238    239    243
118	123	218    242    243
118	218	238    242    243
123	218	223    242    243
119	120	124    219    244
119	120	219    239    244
120	124	125    219    244
120	125	219    220    244
120	219	220    239    244
124	125	219    224    244
125	219	220    224    244
125	220	224    225    244
120	220	239    240    244
119	124	219    243    244
119	219	239    243    244
124	219	224    243    244
120	125	220    244    245
120	220	240    244    245
125	220	225    244    245
121	122	221    241    246
122	221	222    241    246
122	222	241    242    246
122	123	222    242    247
122	222	242    246    247
123	222	223    242    247
123	223	242    243    247
123	124	223    243    248
123	223	243    247    248
124	223	224    243    248
124	224	243    244    248
124	125	224    244    249
124	224	244    248    249
125	224	225    244    249
125	225	244    245    249
125	225	245    249    250
126	127	131    151    251
127	131	132    151    251
127	132	151    152    251
131	132	151    156    251
132	151	152    156    251
132	152	156    157    251
127	128	132    152    252
127	132	152    251    252
128	132	133    152    252
128	133	152    153    252
132	133	152    157    252
132	152	157    251    252
133	152	153    157    252
133	153	157    158    252
128	129	133    153    253
128	133	153    252    253
129	133	134    153    253
129	134	153    154    253
133	134	153    158    253
133	153	158    252    253
134	153	154    158    253
134	154	158    159    253
129	130	134    154    254
129	134	154    253    254
130	134	135    154    254
130	135	154    155    254
134	135	154    159    254
134	154	159    253    254
135	154	155    159    254
135	155	159    160    254
130	135	155    254    255
135	155	160    254    255
131	132	136    156    256
131	132	156    251    256
132	136	137    156    256
132	137	156    157    256
132	156	157    251    256
136	137	156    161    256
137	156	157    161    256
137	157	161    162    256
132	157	251    252    256
132	133	137    157    257
132	133	157    252    257
133	137	138    157    257
133	138	157    158    257
133	157	158    252    257
137	138	157    162    257
138	157	158    162    257
138	158	162    163    257
133	158	252    253    257
132	137	157    256    257
132	157	252    256    257
137	157	162    256    257
133	134	138    158    258
133	134	158    253    258
134	138	139    158    258
134	139	158    159    258
134	158	159    253    258
138	139	158    163    258
139	158	159    163    258
139	159	163    164    258
134	159	253    254    258
133	138	158    257    258
133	158	253    257    258
138	158	163    257    258
134	135	139    159    259
134	135	159    254    259
135	139	140    159    259
135	140	159    160    259
135	159	160    254    259
139	140	159    164    259
140	159	160    164    259
140	160	164    165    259
135	160	254    255    259
134	139	159    258    259
134	159	254    258    259
139	159	164    258    259
135	140	160    259    260
135	160	255    259    260
140	160	165    259    260
136	137	141    161    261
136	137	161    256    261
137	141	142    161    261
137	142	161    162    261
137	161	162    256    261
141	142	161    166    261
142	161	162    166    261
142	162	166    167    261
137	162	256    257    261
137	138	142    162    262
137	138	162    257    262
138	142	143    162    262
138	143	162    163    262
138	162	163    257    262
142	143	162    167    262
143	162	163    167    262
143	163	167    168    262
138	163	257    258    262
137	142	162    261    262
137	162	257    261    262
142	162	167    261    262
138	139	143    163    263
138	139	163    258    263
139	143	144    163    263
139	144	163    164    263
139	163	164    258    263
143	144	163    168    263
144	163	164    168    263
144	164	168    169    263
139	164	258    259    263
138	143	163    262    263
138	163	258    262    263
143	163	168    262    263
139	140	144    164    264
139	140	164    259    264
140	144	145    164    264
140	145	164    165    264
140	164	165    259    264
144	145	164    169    264
145	164	165    169    264
145	165	169    170    264
140	165	259    260    264
139	144	164    263    264
139	164	259    263    264
144	164	169    263    264
140	145	165    264    265
140	165	260    264    265
145	165	170    264    265
141	142	146    166    266
141	142	166    261    266
142	146	147    166    266
142	147	166    167    266
142	166	167    261    266
146	147	166    171    266
147	166	167    171    266
147	167	171    172    266
142	167	261    262    266
142	143	147    167    267
142	143	167    262    267
143	147	148    167    267
143	148	167    168    267
143	167	168    262    267
147	148	167    172    267
148	167	168    172    267
148	168	172    173    267
143	168	262    263    267
142	147	167    266    267
142	167	262    266    267
147	167	172    266    267
143	144	148    168    268
143	144	168    263    268
144	148	149    168    268
144	149	168    169    268
144	168	169    263    268
148	149	168    173    268
149	168	169    173    268
149	169	173    174    268
144	169	263    264    268
143	148	168    267    268
143	168	263    267    268
148	168	173    267    268
144	145	149    169    269
144	145	169    264    269
145	149	150    169    269
145	150	169    170    269
145	169	170    264    269
149	150	169    174    269
150	169	170    174    269
150	170	174    175    269
145	170	264    265    269
144	149	169    268    269
144	169	264    268    269
149	169	174    268    269
145	150	170    269    270
145	170	265    269    270
150	170	175    269    270
146	147	171    266    271
147	171	172    266    271
147	172	266    267    271
147	148	172    267    272
147	172	267    271    272
148	172	173    267    272
148	173	267    268    272
148	149	173    268    273
148	173	268    272    273
149	173	174    268    273
149	174	268    269    273
149	150	174    269    274
149	174	269    273    274
150	174	175    269    274
150	175	269    270    274
150	175	270    274    275
151	152	156    176    276
151	152	156    251    276
152	156	157    176    276
152	156	157    251    276
152	157	176    177    276
156	157	176    181    276
157	176	177    181    276
157	177	181    182    276
152	157	251    252    276
156	157	251    256    276
157	251	252    256    276
157	252	256    257    276
152	153	157    177    277
152	153	157    252    277
153	157	158    177    277
153	157	158    252    277
153	158	177    178    277
157	158	177    182    277
158	177	178    182    277
158	178	182    183    277
153	158	252    253    277
157	158	252    257    277
158	252	253    257    277
158	253	257    258    277
152	157	177    276    277
152	157	252    276    277
157	177	182    276    277
157	252	257    276    277
153	154	158    178    278
153	154	158    253    278
154	158	159    178    278
154	158	159    253    278
154	159	178    179    278
158	159	178    183    278
159	178	179    183    278
159	179	183    184    278
154	159	253    254    278
158	159	253    258    278
159	253	254    258    278
159	254	258    259    278
153	158	178    277    278
153	158	253    277    278
158	178	183    277    278
158	253	258    277    278
154	155	159    179    279
154	155	159    254    279
155	159	160    179    279
155	159	160    254    279
155	160	179    180    279
159	160	179    184    279
160	179	180    184    279
160	180	184    185    279
155	160	254    255    279
159	160	254    259    279
160	254	255    259    279
160	255	259    260    279
154	159	179    278    279
154	159	254    278    279
159	179	184    278    279
159	254	259    278    279
155	160	180    279    280
155	160	255    279    280
160	180	185    279    280
160	255	260    279    280
156	157	161    181    281
156	157	161    256    281
157	161	162    181    281
157	161	162    256    281
157	162	181    182    281
161	162	181    186    281
162	181	182    186    281
162	182	186    187    281
157	162	256    257    281
161	162	256    261    281
162	256	257    261    281
162	257	261    262    281
156	157	181    276    281
156	157	256    276    281
157	181	182    276    281
157	256	257    276    281
157	182	276    277    281
157	257	276    277    281
157	158	162    182    282
157	158	162    257    282
158	162	163    182    282
158	162	163    257    282
158	163	182    183    282
162	163	182    187    282
163	182	183    187    282
163	183	187    188    282
158	163	257    258    282
162	163	257    262    282
163	257	258    262    282
163	258	262    263    282
157	158	182    277    282
157	158	257    277    282
158	182	183    277    282
158	257	258    277    282
158	183	277    278    282
158	258	277    278    282
157	162	182    281    282
157	162	257    281    282
162	182	187    281    282
162	257	262    281    282
157	182	277    281    282
157	257	277    281    282
158	159	163    183    283
158	159	163    258    283
159	163	164    183    283
159	163	164    258    283
159	164	183    184    283
163	164	183    188    283
164	183	184    188    283
164	184	188    189    283
159	164	258    259    283
163	164	258    263    283
164	258	259    263    283
164	259	263    264    283
158	159	183    278    283
158	159	258    278    283
159	183	184    278    283
159	258	259    278    283
159	184	278    279    283
159	259	278    279    283
158	163	183    282    283
158	163	258    282    283
163	183	188    282    283
163	258	263    282    283
158	183	278    282    283
158	258	278    282    283
159	160	164    184    284
159	160	164    259    284
160	164	165    184    284
160	164	165    259    284
160	165	184    185    284
164	165	184    189    284
165	184	185    189    284
165	185	189    190    284
160	165	259    260    284
164	165	259    264    284
165	259	260    264    284
165	260	264    265    284
159	160	184    279    284
159	160	259    279    284
160	184	185    279    284
160	259	260    279    284
160	185	279    280    284
160	260	279    280    284
159	164	184    283    284
159	164	259    283    284
164	184	189    283    284
164	259	264    283    284
159	184	279    283    284
159	259	279    283    284
160	165	185    284    285
160	165	260    284    285
165	185	190    284    285
165	260	265    284    285
160	185	280    284    285
160	260	280    284    285
161	162	166    186    286
161	162	166    261    286
162	166	167    186    286
162	166	167    261    286
162	167	186    187    286
166	167	186    191    286
167	186	187    191    286
167	187	191    192    286
162	167	261    262    286
166	167	261    266    286
167	261	262    266    286
167	262	266    267    286
161	162	186    281    286
161	162	261    281    286
162	186	187    281    286
162	261	262    281    286
162	187	281    282    286
162	262	281    282    286
162	163	167    187    287
162	163	167    262    287
163	167	168    187    287
163	167	168    262    287
163	168	187    188    287
167	168	187    192    287
168	187	188    192    287
168	188	192    193    287
163	168	262    263    287
167	168	262    267    287
168	262	263    267    287
168	263	267    268    287
162	163	187    282    287
162	163	262    282    287
163	187	188    282    287
163	262	263    282    287
163	188	282    283    287
163	263	282    283    287
162	167	187    286    287
162	167	262    286    287
167	187	192    286    287
167	262	267    286    287
162	187	282    286    287
162	262	282    286    287
163	164	168    188    288
163	164	168    263    288
164	168	169    188    288
164	168	169    263    288
164	169	188    189    288
168	169	188    193    288
169	188	189    193    288
169	189	193    194    288
164	169	263    264    288
168	169	263    268    288
169	263	264    268    288
169	264	268    269    288
163	164	188    283    288
163	164	263    283    288
164	188	189    283    288
164	263	264    283    288
164	189	283    284    288
164	264	283    284    288
163	168	188    287    288
163	168	263    287    288
168	188	193    287    288
168	263	268    287    288
163	188	283    287    288
163	263	283    287    288
164	165	169    189    289
164	165	169    264    289
165	169	170    189    289
165	169	170    264    289
165	170	189    190    289
169	170	189    194    289
170	189	190    194    289
170	190	194    195    289
165	170	264    265    289
169	170	264    269    289
170	264	265    269    289
170	265	269    270    289
164	165	189    284    289
164	165	264    284    289
165	189	190    284    289
165	264	265    284    289
165	190	284    285    289
165	265	284    285    289
164	169	189    288    289
164	169	264    288    289
169	189	194    288    289
169	264	269    288    289
164	189	284    288    289
164	264	284    288    289
165	170	190    289    290
165	170	265    289    290
170	190	195    289    290
170	265	270    289    290
165	190	285    289    290
165	265	285    289    290
166	167	171    191    291
166	167	171    266    291
167	171	172    191    291
167	171	172    266    291
167	172	191    192    291
171	172	191    196    291
172	191	192    196    291
172	192	196    197    291
167	172	266    267    291
171	172	266    271    291
172	266	267    271    291
172	267	271    272    291
166	167	191    286    291
166	167	266    286    291
167	191	192    286    291
167	266	267    286    291
167	192	286    287    291
167	267	286    287    291
167	168	172    192    292
167	168	172    267    292
168	172	173    192    292
168	172	173    267    292
168	173	192    193    292
172	173	192    197    292
173	192	193    197    292
173	193	197    198    292
168	173	267    268    292
172	173	267    272    292
173	267	268    272    292
173	268	272    273    292
167	168	192    287    292
167	168	267    287    292
168	192	193    287    292
168	267	268    287    292
168	193	287    288    292
168	268	287    288    292
167	172	192    291    292
167	172	267    291    292
172	192	197    291    292
172	267	272    291    292
167	192	287    291    292
167	267	287    291    292
168	169	173    193    293
168	169	173    268    293
169	173	174    193    293
169	173	174    268    293
169	174	193    194    293
173	174	193    198    293
174	193	194    198    293
174	194	198    199    293
169	174	268    269    293
173	174	268    273    293
174	268	269    273    293
174	269	273    274    293
168	169	193    288    293
168	169	268    288    293
169	193	194    288    293
169	268	269    288    293
169	194	288    289    293
169	269	288    289    293
168	173	193    292    293
168	173	268    292    293
173	193	198    292    293
173	268	273    292    293
168	193	288    292    293
168	268	288    292    293
169	170	174    194    294
169	170	174    269    294
170	174	175    194    294
170	174	175    269    294
170	175	194    195    294
174	175	194    199    294
175	194	195    199    294
175	195	199    200    294
170	175	269    270    294
174	175	269    274    294
175	269	270    274    294
175	270	274    275    294
169	170	194    289    294
169	170	269    289    294
170	194	195    289    294
170	269	270    289    294
170	195	289    290    294
170	270	289    290    294
169	174	194    293    294
169	174	269    293    294
174	194	199    293    294
174	269	274    293    294
169	194	289    293    294
169	269	289    293    294
170	175	195    294    295
170	175	270    294    295
175	195	200    294    295
175	270	275    294    295
170	195	290    294    295
170	270	290    294    295
171	172	196    291    296
171	172	271    291    296
172	196	197    291    296
172	271	272    291    296
172	197	291    292    296
172	272	291    292    296
172	173	197    292    297
172	173	272    292    297
173	197	198    292    297
173	272	273    292    297
173	198	292    293    297
173	273	292    293    297
172	197	292    296    297
172	272	292    296    297
173	174	198    293    298
173	174	273    293    298
174	198	199    293    298
174	273	274    293    298
174	199	293    294    298
174	274	293    294    298
173	198	293    297    298
173	273	293    297    298
174	175	199    294    299
174	175	274    294    299
175	199	200    294    299
175	274	275    294    299
175	200	294    295    299
175	275	294    295    299
174	199	294    298    299
174	274	294    298    299
175	200	295    299    300
175	275	295    299    300
176	177	181    201    301
176	177	181    276    301
177	181	182    201    301
177	181	182    276    301
177	182	201    202    301
181	182	201    206    301
182	201	202    206    301
182	202	206    207    301
177	182	276    277    301
181	182	276    281    301
182	276	277    281    301
182	277	281    282    301
177	178	182    202    302
177	178	182    277    302
178	182	183    202    302
178	182	183    277    302
178	183	202    203    302
182	183	202    207    302
183	202	203    207    302
183	203	207    208    302
178	183	277    278    302
182	183	277    282    302
183	277	278    282    302
183	278	282    283    302
177	182	202    301    302
177	182	277    301    302
182	202	207    301    302
182	277	282    301    302
178	179	183    203    303
178	179	183    278    303
179	183	184    203    303
179	183	184    278    303
179	184	203    204    303
183	184	203    208    303
184	203	204    208    303
184	204	208    209    303
179	184	278    279    303
183	184	278    283    303
184	278	279    283    303
184	279	283    284    303
178	183	203    302    303
178	183	278    302    303
183	203	208    302    303
183	278	283    302    303
179	180	184    204    304
179	180	184    279    304
180	184	185    204    304
180	184	185    279    304
180	185	204    205    304
184	185	204    209    304
185	204	205    209    304
185	205	209    210    304
180	185	279    280    304
184	185	279    284    304
185	279	280    284    304
185	280	284    285    304
179	184	204    303    304
179	184	279    303    304
184	204	209    303    304
184	279	284    303    304
180	185	205    304    305
180	185	280    304    305
185	205	210    304    305
185	280	285    304    305
181	182	186    206    306
181	182	186    281    306
182	186	187    206    306
182	186	187    281    306
182	187	206    207    306
186	187	206    211    306
187	206	207    211    306
187	207	211    212    306
182	187	281    282    306
186	187	281    286    306
187	281	282    286    306
187	282	286    287    306
181	182	206    301    306
181	182	281    301    306
182	206	207    301    306
182	281	282    301    306
182	207	301    302    306
182	282	301    302    306
182	183	187    207    307
182	183	187    282    307
183	187	188    207    307
183	187	188    282    307
183	188	207    208    307
187	188	207    212    307
188	207	208    212    307
188	208	212    213    307
183	188	282    283    307
187	188	282    287    307
188	282	283    287    307
188	283	287    288    307
182	183	207    302    307
182	183	282    302    307
183	207	208    302    307
183	282	283    302    307
183	208	302    303    307
183	283	302    303    307
182	187	207    306    307
182	187	282    306    307
187	207	212    306    307
187	282	287    306    307
182	207	302    306    307
182	282	302    306    307
183	184	188    208    308
183	184	188    283    308
184	188	189    208    308
184	188	189    283    308
184	189	208    209    308
188	189	208    213    308
189	208	209    213    308
189	209	213    214    308
184	189	283    284    308
188	189	283    288    308
189	283	284    288    308
189	284	288    289    308
183	184	208    303    308
183	184	283    303    308
184	208	209    303    308
184	283	284    303    308
184	209	303    304    308
184	284	303    304    308
183	188	208    307    308
183	188	283    307    308
188	208	213    307    308
188	283	288    307    308
183	208	303    307    308
183	283	303    307    308
184	185	189    209    309
184	185	189    284    309
185	189	190    209    309
185	189	190    284    309
185	190	209    210    309
189	190	209    214    309
190	209	210    214    309
190	210	214    215    309
185	190	284    285    309
189	190	284    289    309
190	284	285    289    309
190	285	289    290    309
184	185	209    304    309
184	185	284    304    309
185	209	210    304    309
185	284	285    304    309
185	210	304    305    309
185	285	304    305    309
184	189	209    308    309
184	189	284    308    309
189	209	214    308    309
189	284	289    308    309
184	209	304    308    309
184	284	304    308    309
185	190	210    309    310
185	190	285    309    310
190	210	215    309    310
190	285	290    309    310
185	210	305    309    310
185	285	305    309    310
186	187	191    211    311
186	187	191    286    311
187	191	192    211    311
187	191	192    286    311
187	192	211    212    311
191	192	211    216    311
192	211	212    216    311
192	212	216    217    311
187	192	286    287    311
191	192	286    291    311
192	286	287    291    311
192	287	291    292    311
186	187	211    306    311
186	187	286    306    311
187	211	212    306    311
187	286	287    306    311
187	212	306    307    311
187	287	306    307    311
187	188	192    212    312
187	188	192    287    312
188	192	193    212    312
188	192	193    287    312
188	193	212    213    312
192	193	212    217    312
193	212	213    217    312
193	213	217    218    312
188	193	287    288    312
192	193	287    292    312
193	287	288    292    312
193	288	292    293    312
187	188	212    307    312
187	188	287    307    312
188	212	213    307    312
188	287	288    307    312
188	213	307    308    312
188	288	307    308    312
187	192	212    311    312
187	192	287    311    312
192	212	217    311    312
192	287	292    311    312
187	212	307    311    312
187	287	307    311    312
188	189	193    213    313
188	189	193    288    313
189	193	194    213    313
189	193	194    288    313
189	194	213    214    313
193	194	213    218    313
194	213	214    218    313
194	214	218    219    313
189	194	288    289    313
193	194	288    293    313
194	288	289    293    313
194	289	293    294    313
188	189	213    308    313
188	189	288    308    313
189	213	214    308    313
189	288	289    308    313
189	214	308    309    313
189	289	308    309    313
188	193	213    312    313
188	193	288    312    313
193	213	218    312    313
193	288	293    312    313
188	213	308    312    313
188	288	308    312    313
189	190	194    214    314
189	190	194    289    314
190	194	195    214    314
190	194	195    289    314
190	195	214    215    314
194	195	214    219    314
195	214	215    219    314
195	215	219    220    314
190	195	289    290    314
194	195	289    294    314
195	289	290    294    314
195	290	294    295    314
189	190	214    309    314
189	190	289    309    314
190	214	215    309    314
190	289	290    309    314
190	215	309    310    314
190	290	309    310    314
189	194	214    313    314
189	194	289    313    314
194	214	219    313    314
194	289	294    313    314
189	214	309    313    314
189	289	309    313    314
190	195	215    314    315
190	195	290    314    315
195	215	220    314    315
195	290	295    314    315
190	215	310    314    315
190	290	310    314    315
191	192	196    216    316
191	192	196    291    316
192	196	197    216    316
192	196	197    291    316
192	197	216    217    316
196	197	216    221    316
197	216	217    221    316
197	217	221    222    316
192	197	291    292    316
196	197	291    296    316
197	291	292    296    316
197	292	296    297    316
191	192	216    311    316
191	192	291    311    316
192	216	217    311    316
192	291	292    311    316
192	217	311    312    316
192	292	311    312    316
192	193	197    217    317
192	193	197    292    317
193	197	198    217    317
193	197	198    292    317
193	198	217    218    317
197	198	217    222    317
198	217	218    222    317
198	218	222    223    317
193	198	292    293    317
197	198	292    297    317
198	292	293    297    317
198	293	297    298    317
192	193	217    312    317
192	193	292    312    317
193	217	218    312    317
193	292	293    312    317
193	218	312    313    317
193	293	312    313    317
192	197	217    316    317
192	197	292    316    317
197	217	222    316    317
197	292	297    316    317
192	217	312    316    317
192	292	312    316    317
193	194	198    218    318
193	194	198    293    318
194	198	199    218    318
194	198	199    293    318
194	199	218    219    318
198	199	218    223    318
199	218	219    223    318
199	219	223    224    318
194	199	293    294    318
198	199	293    298    318
199	293	294    298    318
199	294	298    299    318
193	194	218    313    318
193	194	293    313    318
194	218	219    313    318
194	293	294    313    318
194	219	313    314    318
194	294	313    314    318
193	198	218    317    318
193	198	293    317    318
198	218	223    317    318
198	293	298    317    318
193	218	313    317    318
193	293	313    317    318
194	195	199    219    319
194	195	199    294    319
195	199	200    219    319
195	199	200    294    319
195	200	219    220    319
199	200	219    224    319
200	219	220    224    319
200	220	224    225    319
195	200	294    295    319
199	200	294    299    319
200	294	295    299    319
200	295	299    300    319
194	195	219    314    319
194	195	294    314    319
195	219	220    314    319
195	294	295    314    319
195	220	314    315    319
195	295	314    315    319
194	199	219    318    319
194	199	294    318    319
199	219	224    318    319
199	294	299    318    319
194	219	314    318    319
194	294	314    318    319
195	200	220    319    320
195	200	295    319    320
200	220	225    319    320
200	295	300    319    320
195	220	315    319    320
195	295	315    319    320
196	197	221    316    321
196	197	296    316    321
197	221	222    316    321
197	296	297    316    321
197	222	316    317    321
197	297	316    317    321
197	198	222    317    322
197	198	297    317    322
198	222	223    317    322
198	297	298    317    322
198	223	317    318    322
198	298	317    318    322
197	222	317    321    322
197	297	317    321    322
198	199	223    318    323
198	199	298    318    323
199	223	224    318    323
199	298	299    318    323
199	224	318    319    323
199	299	318    319    323
198	223	318    322    323
198	298	318    322    323
199	200	224    319    324
199	200	299    319    324
200	224	225    319    324
200	299	300    319    324
200	225	319    320    324
200	300	319    320    324
199	224	319    323    324
199	299	319    323    324
200	225	320    324    325
200	300	320    324    325
201	202	206    226    326
201	202	206    301    326
202	206	207    226    326
202	206	207    301    326
202	207	226    227    326
206	207	226    231    326
207	226	227    231    326
207	227	231    232    326
202	207	301    302    326
206	207	301    306    326
207	301	302    306    326
207	302	306    307    326
202	203	207    227    327
202	203	207    302    327
203	207	208    227    327
203	207	208    302    327
203	208	227    228    327
207	208	227    232    327
208	227	228    232    327
208	228	232    233    327
203	208	302    303    327
207	208	302    307    327
208	302	303    307    327
208	303	307    308    327
202	207	227    326    327
202	207	302    326    327
207	227	232    326    327
207	302	307    326    327
203	204	208    228    328
203	204	208    303    328
204	208	209    228    328
204	208	209    303    328
204	209	228    229    328
208	209	228    233    328
209	228	229    233    328
209	229	233    234    328
204	209	303    304    328
208	209	303    308    328
209	303	304    308    328
209	304	308    309    328
203	208	228    327    328
203	208	303    327    328
208	228	233    327    328
208	303	308    327    328
204	205	209    229    329
204	205	209    304    329
205	209	210    229    329
205	209	210    304    329
205	210	229    230    329
209	210	229    234    329
210	229	230    234    329
210	230	234    235    329
205	210	304    305    329
209	210	304    309    329
210	304	305    309    329
210	305	309    310    329
204	209	229    328    329
204	209	304    328    329
209	229	234    328    329
209	304	309    328    329
205	210	230    329    330
205	210	305    329    330
210	230	235    329    330
210	305	310    329    330
206	207	211    231    331
206	207	211    306    331
207	211	212    231    331
207	211	212    306    331
207	212	231    232    331
211	212	231    236    331
212	231	232    236    331
212	232	236    237    331
207	212	306    307    331
211	212	306    311    331
212	306	307    311    331
212	307	311    312    331
206	207	231    326    331
206	207	306    326    331
207	231	232    326    331
207	306	307    326    331
207	232	326    327    331
207	307	326    327    331
207	208	212    232    332
207	208	212    307    332
208	212	213    232    332
208	212	213    307    332
208	213	232    233    332
212	213	232    237    332
213	232	233    237    332
213	233	237    238    332
208	213	307    308    332
212	213	307    312    332
213	307	308    312    332
213	308	312    313    332
207	208	232    327    332
207	208	307    327    332
208	232	233    327    332
208	307	308    327    332
208	233	327    328    332
208	308	327    328    332
207	212	232    331    332
207	212	307    331    332
212	232	237    331    332
212	307	312    331    332
207	232	327    331    332
207	307	327    331    332
208	209	213    233    333
208	209	213    308    333
209	213	214    233    333
209	213	214    308    333
209	214	233    234    333
213	214	233    238    333
214	233	234    238    333
214	234	238    239    333
209	214	308    309    333
213	214	308    313    333
214	308	309    313    333
214	309	313    314    333
208	209	233    328    333
208	209	308    328    333
209	233	234    328    333
209	308	309    328    333
209	234	328    329    333
209	309	328    329    333
208	213	233    332    333
208	213	308    332    333
213	233	238    332    333
213	308	313    332    333
208	233	328    332    333
208	308	328    332    333
209	210	214    234    334
209	210	214    309    334
210	214	215    234    334
210	214	215    309    334
210	215	234    235    334
214	215	234    239    334
215	234	235    239    334
215	235	239    240    334
210	215	309    310    334
214	215	309    314    334
215	309	310    314    334
215	310	314    315    334
209	210	234    329    334
209	210	309    329    334
210	234	235    329    334
210	309	310    329    334
210	235	329    330    334
210	310	329    330    334
209	214	234    333    334
209	214	309    333    334
214	234	239    333    334
214	309	314    333    334
209	234	329    333    334
209	309	329    333    334
210	215	235    334    335
210	215	310    334    335
215	235	240    334    335
215	310	315    334    335
210	235	330    334    335
210	310	330    334    335
211	212	216    236    336
211	212	216    311    336
212	216	217    236    336
212	216	217    311    336
212	217	236    237    336
216	217	236    241    336
217	236	237    241    336
217	237	241    242    336
212	217	311    312    336
216	217	311    316    336
217	311	312    316    336
217	312	316    317    336
211	212	236    331    336
211	212	311    331    336
212	236	237    331    336
212	311	312    331    336
212	237	331    332    336
212	312	331    332    336
212	213	217    237    337
212	213	217    312    337
213	217	218    237    337
213	217	218    312    337
213	218	237    238    337
217	218	237    242    337
218	237	238    242    337
218	238	242    243    337
213	218	312    313    337
217	218	312    317    337
218	312	313    317    337
218	313	317    318    337
212	213	237    332    337
212	213	312    332    337
213	237	238    332    337
213	312	313    332    337
213	238	332    333    337
213	313	332    333    337
212	217	237    336    337
212	217	312    336    337
217	237	242    336    337
217	312	317    336    337
212	237	332    336    337
212	312	332    336    337
213	214	218    238    338
213	214	218    313    338
214	218	219    238    338
214	218	219    313    338
214	219	238    239    338
218	219	238    243    338
219	238	239    243    338
219	239	243    244    338
214	219	313    314    338
218	219	313    318    338
219	313	314    318    338
219	314	318    319    338
213	214	238    333    338
213	214	313    333    338
214	238	239    333    338
214	313	314    333    338
214	239	333    334    338
214	314	333    334    338
213	218	238    337    338
213	218	313    337    338
218	238	243    337    338
218	313	318    337    338
213	238	333    337    338
213	313	333    337    338
214	215	219    239    339
214	215	219    314    339
215	219	220    239    339
215	219	220    314    339
215	220	239    240    339
219	220	239    244    339
220	239	240    244    339
220	240	244    245    339
215	220	314    315    339
219	220	314    319    339
220	314	315    319    339
220	315	319    320    339
214	215	239    334    339
214	215	314    334    339
215	239	240    334    339
215	314	315    334    339
215	240	334    335    339
215	315	334    335    339
214	219	239    338    339
214	219	314    338    339
219	239	244    338    339
219	314	319    338    339
214	239	334    338    339
214	314	334    338    339
215	220	240    339    340
215	220	315    339    340
220	240	245    339    340
220	315	320    339    340
215	240	335    339    340
215	315	335    339    340
216	217	221    241    341
216	217	221    316    341
217	221	222    241    341
217	221	222    316    341
217	222	241    242    341
221	222	241    246    341
222	241	242    246    341
222	242	246    247    341
217	222	316    317    341
221	222	316    321    341
222	316	317    321    341
222	317	321    322    341
216	217	241    336    341
216	217	316    336    341
217	241	242    336    341
217	316	317    336    341
217	242	336    337    341
217	317	336    337    341
217	218	222    242    342
217	218	222    317    342
218	222	223    242    342
218	222	223    317    342
218	223	242    243    342
222	223	242    247    342
223	242	243    247    342
223	243	247    248    342
218	223	317    318    342
222	223	317    322    342
223	317	318    322    342
223	318	322    323    342
217	218	242    337    342
217	218	317    337    342
218	242	243    337    342
218	317	318    337    342
218	243	337    338    342
218	318	337    338    342
217	222	242    341    342
217	222	317    341    342
222	242	247    341    342
222	317	322    341    342
217	242	337    341    342
217	317	337    341    342
218	219	223    243    343
218	219	223    318    343
219	223	224    243    343
219	223	224    318    343
219	224	243    244    343
223	224	243    248    343
224	243	244    248    343
224	244	248    249    343
219	224	318    319    343
223	224	318    323    343
224	318	319    323    343
224	319	323    324    343
218	219	243    338    343
218	219	318    338    343
219	243	244    338    343
219	318	319    338    343
219	244	338    339    343
219	319	338    339    343
218	223	243    342    343
218	223	318    342    343
223	243	248    342    343
223	318	323    342    343
218	243	338    342    343
218	318	338    342    343
219	220	224    244    344
219	220	224    319    344
220	224	225    244    344
220	224	225    319    344
220	225	244    245    344
224	225	244    249    344
225	244	245    249    344
225	245	249    250    344
220	225	319    320    344
224	225	319    324    344
225	319	320    324    344
225	320	324    325    344
219	220	244    339    344
219	220	319    339    344
220	244	245    339    344
220	319	320    339    344
220	245	339    340    344
220	320	339    340    344
219	224	244    343    344
219	224	319    343    344
224	244	249    343    344
224	319	324    343    344
219	244	339    343    344
219	319	339    343    344
220	225	245    344    345
220	225	320    344    345
225	245	250    344    345
225	320	325    344    345
220	245	340    344    345
220	320	340    344    345
221	222	246    341    346
221	222	321    341    346
222	246	247    341    346
222	321	322    341    346
222	247	341    342    346
222	322	341    342    346
222	223	247    342    347
222	223	322    342    347
223	247	248    342    347
223	322	323    342    347
223	248	342    343    347
223	323	342    343    347
222	247	342    346    347
222	322	342    346    347
223	224	248    343    348
223	224	323    343    348
224	248	249    343    348
224	323	324    343    348
224	249	343    344    348
224	324	343    344    348
223	248	343    347    348
223	323	343    347    348
224	225	249    344    349
224	225	324    344    349
225	249	250    344    349
225	324	325    344    349
225	250	344    345    349
225	325	344    345    349
224	249	344    348    349
224	324	344    348    349
225	250	345    349    350
225	325	345    349    350
226	227	231    326    351
227	231	232    326    351
227	232	326    327    351
231	232	326    331    351
232	326	327    331    351
232	327	331    332    351
227	228	232    327    352
227	232	327    351    352
228	232	233    327    352
228	233	327    328    352
232	233	327    332    352
232	327	332    351    352
233	327	328    332    352
233	328	332    333    352
228	229	233    328    353
228	233	328    352    353
229	233	234    328    353
229	234	328    329    353
233	234	328    333    353
233	328	333    352    353
234	328	329    333    353
234	329	333    334    353
229	230	234    329    354
229	234	329    353    354
230	234	235    329    354
230	235	329    330    354
234	235	329    334    354
234	329	334    353    354
235	329	330    334    354
235	330	334    335    354
230	235	330    354    355
235	330	335    354    355
231	232	236    331    356
231	232	331    351    356
232	236	237    331    356
232	237	331    332    356
232	331	332    351    356
236	237	331    336    356
237	331	332    336    356
237	332	336    337    356
232	332	351    352    356
232	233	237    332    357
232	233	332    352    357
233	237	238    332    357
233	238	332    333    357
233	332	333    352    357
237	238	332    337    357
238	332	333    337    357
238	333	337    338    357
233	333	352    353    357
232	237	332    356    357
232	332	352    356    357
237	332	337    356    357
233	234	238    333    358
233	234	333    353    358
234	238	239    333    358
234	239	333    334    358
234	333	334    353    358
238	239	333    338    358
239	333	334    338    358
239	334	338    339    358
234	334	353    354    358
233	238	333    357    358
233	333	353    357    358
238	333	338    357    358
234	235	239    334    359
234	235	334    354    359
235	239	240    334    359
235	240	334    335    359
235	334	335    354    359
239	240	334    339    359
240	334	335    339    359
240	335	339    340    359
235	335	354    355    359
234	239	334    358    359
234	334	354    358    359
239	334	339    358    359
235	240	335    359    360
235	335	355    359    360
240	335	340    359    360
236	237	241    336    361
236	237	336    356    361
237	241	242    336    361
237	242	336    337    361
237	336	337    356    361
241	242	336    341    361
242	336	337    341    361
242	337	341    342    361
237	337	356    357    361
237	238	242    337    362
237	238	337    357    362
238	242	243    337    362
238	243	337    338    362
238	337	338    357    362
242	243	337    342    362
243	337	338    342    362
243	338	342    343    362
238	338	357    358    362
237	242	337    361    362
237	337	357    361    362
242	337	342    361    362
238	239	243    338    363
238	239	338    358    363
239	243	244    338    363
239	244	338    339    363
239	338	339    358    363
243	244	338    343    363
244	338	339    343    363
244	339	343    344    363
239	339	358    359    363
238	243	338    362    363
238	338	358    362    363
243	338	343    362    363
239	240	244    339    364
239	240	339    359    364
240	244	245    339    364
240	245	339    340    364
240	339	340    359    364
244	245	339    344    364
245	339	340    344    364
245	340	344    345    364
240	340	359    360    364
239	244	339    363    364
239	339	359    363    364
244	339	344    363    364
240	245	340    364    365
240	340	360    364    365
245	340	345    364    365
241	242	246    341    366
241	242	341    361    366
242	246	247    341    366
242	247	341    342    366
242	341	342    361    366
246	247	341    346    366
247	341	342    346    366
247	342	346    347    366
242	342	361    362    366
242	243	247    342    367
242	243	342    362    367
243	247	248    342    367
243	248	342    343    367
243	342	343    362    367
247	248	342    347    367
248	342	343    347    367
248	343	347    348    367
243	343	362    363    367
242	247	342    366    367
242	342	362    366    367
247	342	347    366    367
243	244	248    343    368
243	244	343    363    368
244	248	249    343    368
244	249	343    344    368
244	343	344    363    368
248	249	343    348    368
249	343	344    348    368
249	344	348    349    368
244	344	363    364    368
243	248	343    367    368
243	343	363    367    368
248	343	348    367    368
244	245	249    344    369
244	245	344    364    369
245	249	250    344    369
245	250	344    345    369
245	344	345    364    369
249	250	344    349    369
250	344	345    349    369
250	345	349    350    369
245	345	364    365    369
244	249	344    368    369
244	344	364    368    369
249	344	349    368    369
245	250	345    369    370
245	345	365    369    370
250	345	350    369    370
246	247	346    366    371
247	346	347    366    371
247	347	366    367    371
247	248	347    367    372
247	347	367    371    372
248	347	348    367    372
248	348	367    368    372
248	249	348    368    373
248	348	368    372    373
249	348	349    368    373
249	349	368    369    373
249	250	349    369    374
249	349	369    373    374
250	349	350    369    374
250	350	369    370    374
250	350	370    374    375
251	252	256    276    376
252	256	257    276    376
252	257	276    277    376
256	257	276    281    376
257	276	277    281    376
257	277	281    282    376
252	253	257    277    377
252	257	277    376    377
253	257	258    277    377
253	258	277    278    377
257	258	277    282    377
257	277	282    376    377
258	277	278    282    377
258	278	282    283    377
253	254	258    278    378
253	258	278    377    378
254	258	259    278    378
254	259	278    279    378
258	259	278    283    378
258	278	283    377    378
259	278	279    283    378
259	279	283    284    378
254	255	259    279    379
254	259	279    378    379
255	259	260    279    379
255	260	279    280    379
259	260	279    284    379
259	279	284    378    379
260	279	280    284    379
260	280	284    285    379
255	260	280    379    380
260	280	285    379    380
256	257	261    281    381
256	257	281    376    381
257	261	262    281    381
257	262	281    282    381
257	281	282    376    381
261	262	281    286    381
262	281	282    286    381
262	282	286    287    381
257	282	376    377    381
257	258	262    282    382
257	258	282    377    382
258	262	263    282    382
258	263	282    283    382
258	282	283    377    382
262	263	282    287    382
263	282	283    287    382
263	283	287    288    382
258	283	377    378    382
257	262	282    381    382
257	282	377    381    382
262	282	287    381    382
258	259	263    283    383
258	259	283    378    383
259	263	264    283    383
259	264	283    284    383
259	283	284    378    383
263	264	283    288    383
264	283	284    288    383
264	284	288    289    383
259	284	378    379    383
258	263	283    382    383
258	283	378    382    383
263	283	288    382    383
259	260	264    284    384
259	260	284    379    384
260	264	265    284    384
260	265	284    285    384
260	284	285    379    384
264	265	284    289    384
265	284	285    289    384
265	285	289    290    384
260	285	379    380    384
259	264	284    383    384
259	284	379    383    384
264	284	289    383    384
260	265	285    384    385
260	285	380    384    385
265	285	290    384    385
261	262	266    286    386
261	262	286    381    386
262	266	267    286    386
262	267	286    287    386
262	286	287    381    386
266	267	286    291    386
267	286	287    291    386
267	287	291    292    386
262	287	381    382    386
262	263	267    287    387
262	263	287    382    387
263	267	268    287    387
263	268	287    288    387
263	287	288    382    387
267	268	287    292    387
268	287	288    292    387
268	288	292    293    387
263	288	382    383    387
262	267	287    386    387
262	287	382    386    387
267	287	292    386    387
263	264	268    288    388
263	264	288    383    388
264	268	269    288    388
264	269	288    289    388
264	288	289    383    388
268	269	288    293    388
269	288	289    293    388
269	289	293    294    388
264	289	383    384    388
263	268	288    387    388
263	288	383    387    388
268	288	293    387    388
264	265	269    289    389
264	265	289    384    389
265	269	270    289    389
265	270	289    290    389
265	289	290    384    389
269	270	289    294    389
270	289	290    294    389
270	290	294    295    389
265	290	384    385    389
264	269	289    388    389
264	289	384    388    389
269	289	294    388    389
265	270	290    389    390
265	290	385    389    390
270	290	295    389    390
266	267	271    291    391
266	267	291    386    391
267	271	272    291    391
267	272	291    292    391
267	291	292    386    391
271	272	291    296    391
272	291	292    296    391
272	292	296    297    391
267	292	386    387    391
267	268	272    292    392
267	268	292    387    392
268	272	273    292    392
268	273	292    293    392
268	292	293    387    392
272	273	292    297    392
273	292	293    297    392
273	293	297    298    392
268	293	387    388    392
267	272	292    391    392
267	292	387    391    392
272	292	297    391    392
268	269	273    293    393
268	269	293    388    393
269	273	274    293    393
269	274	293    294    393
269	293	294    388    393
273	274	293    298    393
274	293	294    298    393
274	294	298    299    393
269	294	388    389    393
268	273	293    392    393
268	293	388    392    393
273	293	298    392    393
269	270	274    294    394
269	270	294    389    394
270	274	275    294    394
270	275	294    295    394
270	294	295    389    394
274	275	294    299    394
275	294	295    299    394
275	295	299    300    394
270	295	389    390    394
269	274	294    393    394
269	294	389    393    394
274	294	299    393    394
270	275	295    394    395
270	295	390    394    395
275	295	300    394    395
271	272	296    391    396
272	296	297    391    396
272	297	391    392    396
272	273	297    392    397
272	297	392    396    397
273	297	298    392    397
273	298	392    393    397
273	274	298    393    398
273	298	393    397    398
274	298	299    393    398
274	299	393    394    398
274	275	299    394    399
274	299	394    398    399
275	299	300    394    399
275	300	394    395    399
275	300	395    399    400
276	277	281    301    401
276	277	281    376    401
277	281	282    301    401
277	281	282    376    401
277	282	301    302    401
281	282	301    306    401
282	301	302    306    401
282	302	306    307    401
277	282	376    377    401
281	282	376    381    401
282	376	377    381    401
282	377	381    382    401
277	278	282    302    402
277	278	282    377    402
278	282	283    302    402
278	282	283    377    402
278	283	302    303    402
282	283	302    307    402
283	302	303    307    402
283	303	307    308    402
278	283	377    378    402
282	283	377    382    402
283	377	378    382    402
283	378	382    383    402
277	282	302    401    402
277	282	377    401    402
282	302	307    401    402
282	377	382    401    402
278	279	283    303    403
278	279	283    378    403
279	283	284    303    403
279	283	284    378    403
279	284	303    304    403
283	284	303    308    403
284	303	304    308    403
284	304	308    309    403
279	284	378    379    403
283	284	378    383    403
284	378	379    383    403
284	379	383    384    403
278	283	303    402    403
278	283	378    402    403
283	303	308    402    403
283	378	383    402    403
279	280	284    304    404
279	280	284    379    404
280	284	285    304    404
280	284	285    379    404
280	285	304    305    404
284	285	304    309    404
285	304	305    309    404
285	305	309    310    404
280	285	379    380    404
284	285	379    384    404
285	379	380    384    404
285	380	384    385    404
279	284	304    403    404
279	284	379    403    404
284	304	309    403    404
284	379	384    403    404
280	285	305    404    405
280	285	380    404    405
285	305	310    404    405
285	380	385    404    405
281	282	286    306    406
281	282	286    381    406
282	286	287    306    406
282	286	287    381    406
282	287	306    307    406
286	287	306    311    406
287	306	307    311    406
287	307	311    312    406
282	287	381    382    406
286	287	381    386    406
287	381	382    386    406
287	382	386    387    406
281	282	306    401    406
281	282	381    401    406
282	306	307    401    406
282	381	382    401    406
282	307	401    402    406
282	382	401    402    406
282	283	287    307    407
282	283	287    382    407
283	287	288    307    407
283	287	288    382    407
283	288	307    308    407
287	288	307    312    407
288	307	308    312    407
288	308	312    313    407
283	288	382    383    407
287	288	382    387    407
288	382	383    387    407
288	383	387    388    407
282	283	307    402    407
282	283	382    402    407
283	307	308    402    407
283	382	383    402    407
283	308	402    403    407
283	383	402    403    407
282	287	307    406    407
282	287	382    406    407
287	307	312    406    407
287	382	387    406    407
282	307	402    406    407
282	382	402    406    407
283	284	288    308    408
283	284	288    383    408
284	288	289    308    408
284	288	289    383    408
284	289	308    309    408
288	289	308    313    408
289	308	309    313    408
289	309	313    314    408
284	289	383    384    408
288	289	383    388    408
289	383	384    388    408
289	384	388    389    408
283	284	308    403    408
283	284	383    403    408
284	308	309    403    408
284	383	384    403    408
284	309	403    404    408
284	384	403    404    408
283	288	308    407    408
283	288	383    407    408
288	308	313    407    408
288	383	388    407    408
283	308	403    407    408
283	383	403    407    408
284	285	289    309    409
284	285	289    384    409
285	289	290    309    409
285	289	290    384    409
285	290	309    310    409
289	290	309    314    409
290	309	310    314    409
290	310	314    315    409
285	290	384    385    409
289	290	384    389    409
290	384	385    389    409
290	385	389    390    409
284	285	309    404    409
284	285	384    404    409
285	309	310    404    409
285	384	385    404    409
285	310	404    405    409
285	385	404    405    409
284	289	309    408    409
284	289	384    408    409
289	309	314    408    409
289	384	389    408    409
284	309	404    408    409
284	384	404    408    409
285	290	310    409    410
285	290	385    409    410
290	310	315    409    410
290	385	390    409    410
285	310	405    409    410
285	385	405    409    410
286	287	291    311    411
286	287	291    386    411
287	291	292    311    411
287	291	292    386    411
287	292	311    312    411
291	292	311    316    411
292	311	312    316    411
292	312	316    317    411
287	292	386    387    411
291	292	386    391    411
292	386	387    391    411
292	387	391    392    411
286	287	311    406    411
286	287	386    406    411
287	311	312    406    411
287	386	387    406    411
287	312	406    407    411
287	387	406    407    411
287	288	292    312    412
287	288	292    387    412
288	292	293    312    412
288	292	293    387    412
288	293	312    313    412
292	293	312    317    412
293	312	313    317    412
293	313	317    318    412
288	293	387    388    412
292	293	387    392    412
293	387	388    392    412
293	388	392    393    412
287	288	312    407    412
287	288	387    407    412
288	312	313    407    412
288	387	388    407    412
288	313	407    408    412
288	388	407    408    412
287	292	312    411    412
287	292	387    411    412
292	312	317    411    412
292	387	392    411    412
287	312	407    411    412
287	387	407    411    412
288	289	293    313    413
288	289	293    388    413
289	293	294    313    413
289	293	294    388    413
289	294	313    314    413
293	294	313    318    413
294	313	314    318    413
294	314	318    319    413
289	294	388    389    413
293	294	388    393    413
294	388	389    393    413
294	389	393    394    413
288	289	313    408    413
288	289	388    408    413
289	313	314    408    413
289	388	389    408    413
289	314	408    409    413
289	389	408    409    413
288	293	313    412    413
288	293	388    412    413
293	313	318    412    413
293	388	393    412    413
288	313	408    412    413
288	388	408    412    413
289	290	294    314    414
289	290	294    389    414
290	294	295    314    414
290	294	295    389    414
290	295	314    315    414
294	295	314    319    414
295	314	315    319    414
295	315	319    320    414
290	295	389    390    414
294	295	389    394    414
295	389	390    394    414
295	390	394    395    414
289	290	314    409    414
289	290	389    409    414
290	314	315    409    414
290	389	390    409    414
290	315	409    410    414
290	390	409    410    414
289	294	314    413    414
289	294	389    413    414
294	314	319    413    414
294	389	394    413    414
289	314	409    413    414
289	389	409    413    414
290	295	315    414    415
290	295	390    414    415
295	315	320    414    415
295	390	395    414    415
290	315	410    414    415
290	390	410    414    415
291	292	296    316    416
291	292	296    391    416
292	296	297    316    416
292	296	297    391    416
292	297	316    317    416
296	297	316    321    416
297	316	317    321    416
297	317	321    322    416
292	297	391    392    416
296	297	391    396    416
297	391	392    396    416
297	392	396    397    416
291	292	316    411    416
291	292	391    411    416
292	316	317    411    416
292	391	392    411    416
292	317	411    412    416
292	392	411    412    416
292	293	297    317    417
292	293	297    392    417
293	297	298    317    417
293	297	298    392    417
293	298	317    318    417
297	298	317    322    417
298	317	318    322    417
298	318	322    323    417
293	298	392    393    417
297	298	392    397    417
298	392	393    397    417
298	393	397    398    417
292	293	317    412    417
292	293	392    412    417
293	317	318    412    417
293	392	393    412    417
293	318	412    413    417
293	393	412    413    417
292	297	317    416    417
292	297	392    416    417
297	317	322    416    417
297	392	397    416    417
292	317	412    416    417
292	392	412    416    417
293	294	298    318    418
293	294	298    393    418
294	298	299    318    418
294	298	299    393    418
294	299	318    319    418
298	299	318    323    418
299	318	319    323    418
299	319	323    324    418
294	299	393    394    418
298	299	393    398    418
299	393	394    398    418
299	394	398    399    418
293	294	318    413    418
293	294	393    413    418
294	318	319    413    418
294	393	394    413    418
294	319	413    414    418
294	394	413    414    418
293	298	318    417    418
293	298	393    417    418
298	318	323    417    418
298	393	398    417    418
293	318	413    417    418
293	393	413    417    418
294	295	299    319    419
294	295	299    394    419
295	299	300    319    419
295	299	300    394    419
295	300	319    320    419
299	300	319    324    419
300	319	320    324    419
300	320	324    325    419
295	300	394    395    419
299	300	394    399    419
300	394	395    399    419
300	395	399    400    419
294	295	319    414    419
294	295	394    414    419
295	319	320    414    419
295	394	395    414    419
295	320	414    415    419
295	395	414    415    419
294	299	319    418    419
294	299	394    418    419
299	319	324    418    419
299	394	399    418    419
294	319	414    418    419
294	394	414    418    419
295	300	320    419    420
295	300	395    419    420
300	320	325    419    420
300	395	400    419    420
295	320	415    419    420
295	395	415    419    420
296	297	321    416    421
296	297	396    416    421
297	321	322    416    421
297	396	397    416    421
297	322	416    417    421
297	397	416    417    421
297	298	322    417    422
297	298	397    417    422
298	322	323    417    422
298	397	398    417    422
298	323	417    418    422
298	398	417    418    422
297	322	417    421    422
297	397	417    421    422
298	299	323    418    423
298	299	398    418    423
299	323	324    418    423
299	398	399    418    423
299	324	418    419    423
299	399	418    419    423
298	323	418    422    423
298	398	418    422    423
299	300	324    419    424
299	300	399    419    424
300	324	325    419    424
300	399	400    419    424
300	325	419    420    424
300	400	419    420    424
299	324	419    423    424
299	399	419    423    424
300	325	420    424    425
300	400	420    424    425
301	302	306    326    426
301	302	306    401    426
302	306	307    326    426
302	306	307    401    426
302	307	326    327    426
306	307	326    331    426
307	326	327    331    426
307	327	331    332    426
302	307	401    402    426
306	307	401    406    426
307	401	402    406    426
307	402	406    407    426
302	303	307    327    427
302	303	307    402    427
303	307	308    327    427
303	307	308    402    427
303	308	327    328    427
307	308	327    332    427
308	327	328    332    427
308	328	332    333    427
303	308	402    403    427
307	308	402    407    427
308	402	403    407    427
308	403	407    408    427
302	307	327    426    427
302	307	402    426    427
307	327	332    426    427
307	402	407    426    427
303	304	308    328    428
303	304	308    403    428
304	308	309    328    428
304	308	309    403    428
304	309	328    329    428
308	309	328    333    428
309	328	329    333    428
309	329	333    334    428
304	309	403    404    428
308	309	403    408    428
309	403	404    408    428
309	404	408    409    428
303	308	328    427    428
303	308	403    427    428
308	328	333    427    428
308	403	408    427    428
304	305	309    329    429
304	305	309    404    429
305	309	310    329    429
305	309	310    404    429
305	310	329    330    429
309	310	329    334    429
310	329	330    334    429
310	330	334    335    429
305	310	404    405    429
309	310	404    409    429
310	404	405    409    429
310	405	409    410    429
304	309	329    428    429
304	309	404    428    429
309	329	334    428    429
309	404	409    428    429
305	310	330    429    430
305	310	405    429    430
310	330	335    429    430
310	405	410    429    430
306	307	311    331    431
306	307	311    406    431
307	311	312    331    431
307	311	312    406    431
307	312	331    332    431
311	312	331    336    431
312	331	332    336    431
312	332	336    337    431
307	312	406    407    431
311	312	406    411    431
312	406	407    411    431
312	407	411    412    431
306	307	331    426    431
306	307	406    426    431
307	331	332    426    431
307	406	407    426    431
307	332	426    427    431
307	407	426    427    431
307	308	312    332    432
307	308	312    407    432
308	312	313    332    432
308	312	313    407    432
308	313	332    333    432
312	313	332    337    432
313	332	333    337    432
313	333	337    338    432
308	313	407    408    432
312	313	407    412    432
313	407	408    412    432
313	408	412    413    432
307	308	332    427    432
307	308	407    427    432
308	332	333    427    432
308	407	408    427    432
308	333	427    428    432
308	408	427    428    432
307	312	332    431    432
307	312	407    431    432
312	332	337    431    432
312	407	412    431    432
307	332	427    431    432
307	407	427    431    432
308	309	313    333    433
308	309	313    408    433
309	313	314    333    433
309	313	314    408    433
309	314	333    334    433
313	314	333    338    433
314	333	334    338    433
314	334	338    339    433
309	314	408    409    433
313	314	408    413    433
314	408	409    413    433
314	409	413    414    433
308	309	333    428    433
308	309	408    428    433
309	333	334    428    433
309	408	409    428    433
309	334	428    429    433
309	409	428    429    433
308	313	333    432    433
308	313	408    432    433
313	333	338    432    433
313	408	413    432    433
308	333	428    432    433
308	408	428    432    433
309	310	314    334    434
309	310	314    409    434
310	314	315    334    434
310	314	315    409    434
310	315	334    335    434
314	315	334    339    434
315	334	335    339    434
315	335	339    340    434
310	315	409    410    434
314	315	409    414    434
315	409	410    414    434
315	410	414    415    434
309	310	334    429    434
309	310	409    429    434
310	334	335    429    434
310	409	410    429    434
310	335	429    430    434
310	410	429    430    434
309	314	334    433    434
309	314	409    433    434
314	334	339    433    434
314	409	414    433    434
309	334	429    433    434
309	409	429    433    434
310	315	335    434    435
310	315	410    434    435
315	335	340    434    435
315	410	415    434    435
310	335	430    434    435
310	410	430    434    435
311	312	316    336    436
311	312	316    411    436
312	316	317    336    436
312	316	317    411    436
312	317	336    337    436
316	317	336    341    436
317	336	337    341    436
317	337	341    342    436
312	317	411    412    436
316	317	411    416    436
317	411	412    416    436
317	412	416    417    436
311	312	336    431    436
311	312	411    431    436
312	336	337    431    436
312	411	412    431    436
312	337	431    432    436
312	412	431    432    436
312	313	317    337    437
312	313	317    412    437
313	317	318    337    437
313	317	318    412    437
313	318	337    338    437
317	318	337    342    437
318	337	338    342    437
318	338	342    343    437
313	318	412    413    437
317	318	412    417    437
318	412	413    417    437
318	413	417    418    437
312	313	337    432    437
312	313	412    432    437
313	337	338    432    437
313	412	413    432    437
313	338	432    433    437
313	413	432    433    437
312	317	337    436    437
312	317	412    436    437
317	337	342    436    437
317	412	417    436    437
312	337	432    436    437
312	412	432    436    437
313	314	318    338    438
313	314	318    413    438
314	318	319    338    438
314	318	319    413    438
314	319	338    339    438
318	319	338    343    438
319	338	339    343    438
319	339	343    344    438
314	319	413    414    438
318	319	413    418    438
319	413	414    418    438
319	414	418    419    438
313	314	338    433    438
313	314	413    433    438
314	338	339    433    438
314	413	414    433    438
314	339	433    434    438
314	414	433    434    438
313	318	338    437    438
313	318	413    437    438
318	338	343    437    438
318	413	418    437    438
313	338	433    437    438
313	413	433    437    438
314	315	319    339    439
314	315	319    414    439
315	319	320    339    439
315	319	320    414    439
315	320	339    340    439
319	320	339    344    439
320	339	340    344    439
320	340	344    345    439
315	320	414    415    439
319	320	414    419    439
320	414	415    419    439
320	415	419    420    439
314	315	339    434    439
314	315	414    434    439
315	339	340    434    439
315	414	415    434    439
315	340	434    435    439
315	415	434    435    439
314	319	339    438    439
314	319	414    438    439
319	339	344    438    439
319	414	419    438    439
314	339	434    438    439
314	414	434    438    439
315	320	340    439    440
315	320	415    439    440
320	340	345    439    440
320	415	420    439    440
315	340	435    439    440
315	415	435    439    440
316	317	321    341    441
316	317	321    416    441
317	321	322    341    441
317	321	322    416    441
317	322	341    342    441
321	322	341    346    441
322	341	342    346    441
322	342	346    347    441
317	322	416    417    441
321	322	416    421    441
322	416	417    421    441
322	417	421    422    441
316	317	341    436    441
316	317	416    436    441
317	341	342    436    441
317	416	417    436    441
317	342	436    437    441
317	417	436    437    441
317	318	322    342    442
317	318	322    417    442
318	322	323    342    442
318	322	323    417    442
318	323	342    343    442
322	323	342    347    442
323	342	343    347    442
323	343	347    348    442
318	323	417    418    442
322	323	417    422    442
323	417	418    422    442
323	418	422    423    442
317	318	342    437    442
317	318	417    437    442
318	342	343    437    442
318	417	418    437    442
318	343	437    438    442
318	418	437    438    442
317	322	342    441    442
317	322	417    441    442
322	342	347    441    442
322	417	422    441    442
317	342	437    441    442
317	417	437    441    442
318	319	323    343    443
318	319	323    418    443
319	323	324    343    443
319	323	324    418    443
319	324	343    344    443
323	324	343    348    443
324	343	344    348    443
324	344	348    349    443
319	324	418    419    443
323	324	418    423    443
324	418	419    423    443
324	419	423    424    443
318	319	343    438    443
318	319	418    438    443
319	343	344    438    443
319	418	419    438    443
319	344	438    439    443
319	419	438    439    443
318	323	343    442    443
318	323	418    442    443
323	343	348    442    443
323	418	423    442    443
318	343	438    442    443
318	418	438    442    443
319	320	324    344    444
319	320	324    419    444
320	324	325    344    444
320	324	325    419    444
320	325	344    345    444
324	325	344    349    444
325	344	345    349    444
325	345	349    350    444
320	325	419    420    444
324	325	419    424    444
325	419	420    424    444
325	420	424    425    444
319	320	344    439    444
319	320	419    439    444
320	344	345    439    444
320	419	420    439    444
320	345	439    440    444
320	420	439    440    444
319	324	344    443    444
319	324	419    443    444
324	344	349    443    444
324	419	424    443    444
319	344	439    443    444
319	419	439    443    444
320	325	345    444    445
320	325	420    444    445
325	345	350    444    445
325	420	425    444    445
320	345	440    444    445
320	420	440    444    445
321	322	346    441    446
321	322	421    441    446
322	346	347    441    446
322	421	422    441    446
322	347	441    442    446
322	422	441    442    446
322	323	347    442    447
322	323	422    442    447
323	347	348    442    447
323	422	423    442    447
323	348	442    443    447
323	423	442    443    447
322	347	442    446    447
322	422	442    446    447
323	324	348    443    448
323	324	423    443    448
324	348	349    443    448
324	423	424    443    448
324	349	443    444    448
324	424	443    444    448
323	348	443    447    448
323	423	443    447    448
324	325	349    444    449
324	325	424    444    449
325	349	350    444    449
325	424	425    444    449
325	350	444    445    449
325	425	444    445    449
324	349	444    448    449
324	424	444    448    449
325	350	445    449    450
325	425	445    449    450
326	327	331    351    451
326	327	331    426    451
327	331	332    351    451
327	331	332    426    451
327	332	351    352    451
331	332	351    356    451
332	351	352    356    451
332	352	356    357    451
327	332	426    427    451
331	332	426    431    451
332	426	427    431    451
332	427	431    432    451
327	328	332    352    452
327	328	332    427    452
328	332	333    352    452
328	332	333    427    452
328	333	352    353    452
332	333	352    357    452
333	352	353    357    452
333	353	357    358    452
328	333	427    428    452
332	333	427    432    452
333	427	428    432    452
333	428	432    433    452
327	332	352    451    452
327	332	427    451    452
332	352	357    451    452
332	427	432    451    452
328	329	333    353    453
328	329	333    428    453
329	333	334    353    453
329	333	334    428    453
329	334	353    354    453
333	334	353    358    453
334	353	354    358    453
334	354	358    359    453
329	334	428    429    453
333	334	428    433    453
334	428	429    433    453
334	429	433    434    453
328	333	353    452    453
328	333	428    452    453
333	353	358    452    453
333	428	433    452    453
329	330	334    354    454
329	330	334    429    454
330	334	335    354    454
330	334	335    429    454
330	335	354    355    454
334	335	354    359    454
335	354	355    359    454
335	355	359    360    454
330	335	429    430    454
334	335	429    434    454
335	429	430    434    454
335	430	434    435    454
329	334	354    453    454
329	334	429    453    454
334	354	359    453    454
334	429	434    453    454
330	335	355    454    455
330	335	430    454    455
335	355	360    454    455
335	430	435    454    455
331	332	336    356    456
331	332	336    431    456
332	336	337    356    456
332	336	337    431    456
332	337	356    357    456
336	337	356    361    456
337	356	357    361    456
337	357	361    362    456
332	337	431    432    456
336	337	431    436    456
337	431	432    436    456
337	432	436    437    456
331	332	356    451    456
331	332	431    451    456
332	356	357    451    456
332	431	432    451    456
332	357	451    452    456
332	432	451    452    456
332	333	337    357    457
332	333	337    432    457
333	337	338    357    457
333	337	338    432    457
333	338	357    358    457
337	338	357    362    457
338	357	358    362    457
338	358	362    363    457
333	338	432    433    457
337	338	432    437    457
338	432	433    437    457
338	433	437    438    457
332	333	357    452    457
332	333	432    452    457
333	357	358    452    457
333	432	433    452    457
333	358	452    453    457
333	433	452    453    457
332	337	357    456    457
332	337	432    456    457
337	357	362    456    457
337	432	437    456    457
332	357	452    456    457
332	432	452    456    457
333	334	338    358    458
333	334	338    433    458
334	338	339    358    458
334	338	339    433    458
334	339	358    359    458
338	339	358    363    458
339	358	359    363    458
339	359	363    364    458
334	339	433    434    458
338	339	433    438    458
339	433	434    438    458
339	434	438    439    458
333	334	358    453    458
333	334	433    453    458
334	358	359    453    458
334	433	434    453    458
334	359	453    454    458
334	434	453    454    458
333	338	358    457    458
333	338	433    457    458
338	358	363    457    458
338	433	438    457    458
333	358	453    457    458
333	433	453    457    458
334	335	339    359    459
334	335	339    434    459
335	339	340    359    459
335	339	340    434    459
335	340	359    360    459
339	340	359    364    459
340	359	360    364    459
340	360	364    365    459
335	340	434    435    459
339	340	434    439    459
340	434	435    439    459
340	435	439    440    459
334	335	359    454    459
334	335	434    454    459
335	359	360    454    459
335	434	435    454    459
335	360	454    455    459
335	435	454    455    459
334	339	359    458    459
334	339	434    458    459
339	359	364    458    459
339	434	439    458    459
334	359	454    458    459
334	434	454    458    459
335	340	360    459    460
335	340	435    459    460
340	360	365    459    460
340	435	440    459    460
335	360	455    459    460
335	435	455    459    460
336	337	341    361    461
336	337	341    436    461
337	341	342    361    461
337	341	342    436    461
337	342	361    362    461
341	342	361    366    461
342	361	362    366    461
342	362	366    367    461
337	342	436    437    461
341	342	436    441    461
342	436	437    441    461
342	437	441    442    461
336	337	361    456    461
336	337	436    456    461
337	361	362    456    461
337	436	437    456    461
337	362	456    457    461
337	437	456    457    461
337	338	342    362    462
337	338	342    437    462
338	342	343    362    462
338	342	343    437    462
338	343	362    363    462
342	343	362    367    462
343	362	363    367    462
343	363	367    368    462
338	343	437    438    462
342	343	437    442    462
343	437	438    442    462
343	438	442    443    462
337	338	362    457    462
337	338	437    457    462
338	362	363    457    462
338	437	438    457    462
338	363	457    458    462
338	438	457    458    462
337	342	362    461    462
337	342	437    461    462
342	362	367    461    462
342	437	442    461    462
337	362	457    461    462
337	437	457    461    462
338	339	343    363    463
338	339	343    438    463
339	343	344    363    463
339	343	344    438    463
339	344	363    364    463
343	344	363    368    463
344	363	364    368    463
344	364	368    369    463
339	344	438    439    463
343	344	438    443    463
344	438	439    443    463
344	439	443    444    463
338	339	363    458    463
338	339	438    458    463
339	363	364    458    463
339	438	439    458    463
339	364	458    459    463
339	439	458    459    463
338	343	363    462    463
338	343	438    462    463
343	363	368    462    463
343	438	443    462    463
338	363	458    462    463
338	438	458    462    463
339	340	344    364    464
339	340	344    439    464
340	344	345    364    464
340	344	345    439    464
340	345	364    365    464
344	345	364    369    464
345	364	365    369    464
345	365	369    370    464
340	345	439    440    464
344	345	439    444    464
345	439	440    444    464
345	440	444    445    464
339	340	364    459    464
339	340	439    459    464
340	364	365    459    464
340	439	440    459    464
340	365	459    460    464
340	440	459    460    464
339	344	364    463    464
339	344	439    463    464
344	364	369    463    464
344	439	444    463    464
339	364	459    463    464
339	439	459    463    464
340	345	365    464    465
340	345	440    464    465
345	365	370    464    465
345	440	445    464    465
340	365	460    464    465
340	440	460    464    465
341	342	346    366    466
341	342	346    441    466
342	346	347    366    466
342	346	347    441    466
342	347	366    367    466
346	347	366    371    466
347	366	367    371    466
347	367	371    372    466
342	347	441    442    466
346	347	441    446    466
347	441	442    446    466
347	442	446    447    466
341	342	366    461    466
341	342	441    461    466
342	366	367    461    466
342	441	442    461    466
342	367	461    462    466
342	442	461    462    466
342	343	347    367    467
342	343	347    442    467
343	347	348    367    467
343	347	348    442    467
343	348	367    368    467
347	348	367    372    467
348	367	368    372    467
348	368	372    373    467
343	348	442    443    467
347	348	442    447    467
348	442	443    447    467
348	443	447    448    467
342	343	367    462    467
342	343	442    462    467
343	367	368    462    467
343	442	443    462    467
343	368	462    463    467
343	443	462    463    467
342	347	367    466    467
342	347	442    466    467
347	367	372    466    467
347	442	447    466    467
342	367	462    466    467
342	442	462    466    467
343	344	348    368    468
343	344	348    443    468
344	348	349    368    468
344	348	349    443    468
344	349	368    369    468
348	349	368    373    468
349	368	369    373    468
349	369	373    374    468
344	349	443    444    468
348	349	443    448    468
349	443	444    448    468
349	444	448    449    468
343	344	368    463    468
343	344	443    463    468
344	368	369    463    468
344	443	444    463    468
344	369	463    464    468
344	444	463    464    468
343	348	368    467    468
343	348	443    467    468
348	368	373    467    468
348	443	448    467    468
343	368	463    467    468
343	443	463    467    468
344	345	349    369    469
344	345	349    444    469
345	349	350    369    469
345	349	350    444    469
345	350	369    370    469
349	350	369    374    469
350	369	370    374    469
350	370	374    375    469
345	350	444    445    469
349	350	444    449    469
350	444	445    449    469
350	445	449    450    469
344	345	369    464    469
344	345	444    464    469
345	369	370    464    469
345	444	445    464    469
345	370	464    465    469
345	445	464    465    469
344	349	369    468    469
344	349	444    468    469
349	369	374    468    469
349	444	449    468    469
344	369	464    468    469
344	444	464    468    469
345	350	370    469    470
345	350	445    469    470
350	370	375    469    470
350	445	450    469    470
345	370	465    469    470
345	445	465    469    470
346	347	371    466    471
346	347	446    466    471
347	371	372    466    471
347	446	447    466    471
347	372	466    467    471
347	447	466    467    471
347	348	372    467    472
347	348	447    467    472
348	372	373    467    472
348	447	448    467    472
348	373	467    468    472
348	448	467    468    472
347	372	467    471    472
347	447	467    471    472
348	349	373    468    473
348	349	448    468    473
349	373	374    468    473
349	448	449    468    473
349	374	468    469    473
349	449	468    469    473
348	373	468    472    473
348	448	468    472    473
349	350	374    469    474
349	350	449    469    474
350	374	375    469    474
350	449	450    469    474
350	375	469    470    474
350	450	469    470    474
349	374	469    473    474
349	449	469    473    474
350	375	470    474    475
350	450	470    474    475
351	352	356    451    476
352	356	357    451    476
352	357	451    452    476
356	357	451    456    476
357	451	452    456    476
357	452	456    457    476
352	353	357    452    477
352	357	452    476    477
353	357	358    452    477
353	358	452    453    477
357	358	452    457    477
357	452	457    476    477
358	452	453    457    477
358	453	457    458    477
353	354	358    453    478
353	358	453    477    478
354	358	359    453    478
354	359	453    454    478
358	359	453    458    478
358	453	458    477    478
359	453	454    458    478
359	454	458    459    478
354	355	359    454    479
354	359	454    478    479
355	359	360    454    479
355	360	454    455    479
359	360	454    459    479
359	454	459    478    479
360	454	455    459    479
360	455	459    460    479
355	360	455    479    480
360	455	460    479    480
356	357	361    456    481
356	357	456    476    481
357	361	362    456    481
357	362	456    457    481
357	456	457    476    481
361	362	456    461    481
362	456	457    461    481
362	457	461    462    481
357	457	476    477    481
357	358	362    457    482
357	358	457    477    482
358	362	363    457    482
358	363	457    458    482
358	457	458    477    482
362	363	457    462    482
363	457	458    462    482
363	458	462    463    482
358	458	477    478    482
357	362	457    481    482
357	457	477    481    482
362	457	462    481    482
358	359	363    458    483
358	359	458    478    483
359	363	364    458    483
359	364	458    459    483
359	458	459    478    483
363	364	458    463    483
364	458	459    463    483
364	459	463    464    483
359	459	478    479    483
358	363	458    482    483
358	458	478    482    483
363	458	463    482    483
359	360	364    459    484
359	360	459    479    484
360	364	365    459    484
360	365	459    460    484
360	459	460    479    484
364	365	459    464    484
365	459	460    464    484
365	460	464    465    484
360	460	479    480    484
359	364	459    483    484
359	459	479    483    484
364	459	464    483    484
360	365	460    484    485
360	460	480    484    485
365	460	465    484    485
361	362	366    461    486
361	362	461    481    486
362	366	367    461    486
362	367	461    462    486
362	461	462    481    486
366	367	461    466    486
367	461	462    466    486
367	462	466    467    486
362	462	481    482    486
362	363	367    462    487
362	363	462    482    487
363	367	368    462    487
363	368	462    463    487
363	462	463    482    487
367	368	462    467    487
368	462	463    467    487
368	463	467    468    487
363	463	482    483    487
362	367	462    486    487
362	462	482    486    487
367	462	467    486    487
363	364	368    463    488
363	364	463    483    488
364	368	369    463    488
364	369	463    464    488
364	463	464    483    488
368	369	463    468    488
369	463	464    468    488
369	464	468    469    488
364	464	483    484    488
363	368	463    487    488
363	463	483    487    488
368	463	468    487    488
364	365	369    464    489
364	365	464    484    489
365	369	370    464    489
365	370	464    465    489
365	464	465    484    489
369	370	464    469    489
370	464	465    469    489
370	465	469    470    489
365	465	484    485    489
364	369	464    488    489
364	464	484    488    489
369	464	469    488    489
365	370	465    489    490
365	465	485    489    490
370	465	470    489    490
366	367	371    466    491
366	367	466    486    491
367	371	372    466    491
367	372	466    467    491
367	466	467    486    491
371	372	466    471    491
372	466	467    471    491
372	467	471    472    491
367	467	486    487    491
367	368	372    467    492
367	368	467    487    492
368	372	373    467    492
368	373	467    468    492
368	467	468    487    492
372	373	467    472    492
373	467	468    472    492
373	468	472    473    492
368	468	487    488    492
367	372	467    491    492
367	467	487    491    492
372	467	472    491    492
368	369	373    468    493
368	369	468    488    493
369	373	374    468    493
369	374	468    469    493
369	468	469    488    493
373	374	468    473    493
374	468	469    473    493
374	469	473    474    493
369	469	488    489    493
368	373	468    492    493
368	468	488    492    493
373	468	473    492    493
369	370	374    469    494
369	370	469    489    494
370	374	375    469    494
370	375	469    470    494
370	469	470    489    494
374	375	469    474    494
375	469	470    474    494
375	470	474    475    494
370	470	489    490    494
369	374	469    493    494
369	469	489    493    494
374	469	474    493    494
370	375	470    494    495
370	470	490    494    495
375	470	475    494    495
371	372	471    491    496
372	471	472    491    496
372	472	491    492    496
372	373	472    492    497
372	472	492    496    497
373	472	473    492    497
373	473	492    493    497
373	374	473    493    498
373	473	493    497    498
374	473	474    493    498
374	474	493    494    498
374	375	474    494    499
374	474	494    498    499
375	474	475    494    499
375	475	494    495    499
375	475	495    499    500
376	377	381    401    501
377	381	382    401    501
377	382	401    402    501
381	382	401    406    501
382	401	402    406    501
382	402	406    407    501
377	378	382    402    502
377	382	402    501    502
378	382	383    402    502
378	383	402    403    502
382	383	402    407    502
382	402	407    501    502
383	402	403    407    502
383	403	407    408    502
378	379	383    403    503
378	383	403    502    503
379	383	384    403    503
379	384	403    404    503
383	384	403    408    503
383	403	408    502    503
384	403	404    408    503
384	404	408    409    503
379	380	384    404    504
379	384	404    503    504
380	384	385    404    504
380	385	404    405    504
384	385	404    409    504
384	404	409    503    504
385	404	405    409    504
385	405	409    410    504
380	385	405    504    505
385	405	410    504    505
381	382	386    406    506
381	382	406    501    506
382	386	387    406    506
382	387	406    407    506
382	406	407    501    506
386	387	406    411    506
387	406	407    411    506
387	407	411    412    506
382	407	501    502    506
382	383	387    407    507
382	383	407    502    507
383	387	388    407    507
383	388	407    408    507
383	407	408    502    507
387	388	407    412    507
388	407	408    412    507
388	408	412    413    507
383	408	502    503    507
382	387	407    506    507
382	407	502    506    507
387	407	412    506    507
383	384	388    408    508
383	384	408    503    508
384	388	389    408    508
384	389	408    409    508
384	408	409    503    508
388	389	408    413    508
389	408	409    413    508
389	409	413    414    508
384	409	503    504    508
383	388	408    507    508
383	408	503    507    508
388	408	413    507    508
384	385	389    409    509
384	385	409    504    509
385	389	390    409    509
385	390	409    410    509
385	409	410    504    509
389	390	409    414    509
390	409	410    414    509
390	410	414    415    509
385	410	504    505    509
384	389	409    508    509
384	409	504    508    509
389	409	414    508    509
385	390	410    509    510
385	410	505    509    510
390	410	415    509    510
386	387	391    411    511
386	387	411    506    511
387	391	392    411    511
387	392	411    412    511
387	411	412    506    511
391	392	411    416    511
392	411	412    416    511
392	412	416    417    511
387	412	506    507    511
387	388	392    412    512
387	388	412    507    512
388	392	393    412    512
388	393	412    413    512
388	412	413    507    512
392	393	412    417    512
393	412	413    417    512
393	413	417    418    512
388	413	507    508    512
387	392	412    511    512
387	412	507    511    512
392	412	417    511    512
388	389	393    413    513
388	389	413    508    513
389	393	394    413    513
389	394	413    414    513
389	413	414    508    513
393	394	413    418    513
394	413	414    418    513
394	414	418    419    513
389	414	508    509    513
388	393	413    512    513
388	413	508    512    513
393	413	418    512    513
389	390	394    414    514
389	390	414    509    514
390	394	395    414    514
390	395	414    415    514
390	414	415    509    514
394	395	414    419    514
395	414	415    419    514
395	415	419    420    514
390	415	509    510    514
389	394	414    513    514
389	414	509    513    514
394	414	419    513    514
390	395	415    514    515
390	415	510    514    515
395	415	420    514    515
391	392	396    416    516
391	392	416    511    516
392	396	397    416    516
392	397	416    417    516
392	416	417    511    516
396	397	416    421    516
397	416	417    421    516
397	417	421    422    516
392	417	511    512    516
392	393	397    417    517
392	393	417    512    517
393	397	398    417    517
393	398	417    418    517
393	417	418    512    517
397	398	417    422    517
398	417	418    422    517
398	418	422    423    517
393	418	512    513    517
392	397	417    516    517
392	417	512    516    517
397	417	422    516    517
393	394	398    418    518
393	394	418    513    518
394	398	399    418    518
394	399	418    419    518
394	418	419    513    518
398	399	418    423    518
399	418	419    423    518
399	419	423    424    518
394	419	513    514    518
393	398	418    517    518
393	418	513    517    518
398	418	423    517    518
394	395	399    419    519
394	395	419    514    519
395	399	400    419    519
395	400	419    420    519
395	419	420    514    519
399	400	419    424    519
400	419	420    424    519
400	420	424    425    519
395	420	514    515    519
394	399	419    518    519
394	419	514    518    519
399	419	424    518    519
395	400	420    519    520
395	420	515    519    520
400	420	425    519    520
396	397	421    516    521
397	421	422    516    521
397	422	516    517    521
397	398	422    517    522
397	422	517    521    522
398	422	423    517    522
398	423	517    518    522
398	399	423    518    523
398	423	518    522    523
399	423	424    518    523
399	424	518    519    523
399	400	424    519    524
399	424	519    523    524
400	424	425    519    524
400	425	519    520    524
400	425	520    524    525
401	402	406    426    526
401	402	406    501    526
402	406	407    426    526
402	406	407    501    526
402	407	426    427    526
406	407	426    431    526
407	426	427    431    526
407	427	431    432    526
402	407	501    502    526
406	407	501    506    526
407	501	502    506    526
407	502	506    507    526
402	403	407    427    527
402	403	407    502    527
403	407	408    427    527
403	407	408    502    527
403	408	427    428    527
407	408	427    432    527
408	427	428    432    527
408	428	432    433    527
403	408	502    503    527
407	408	502    507    527
408	502	503    507    527
408	503	507    508    527
402	407	427    526    527
402	407	502    526    527
407	427	432    526    527
407	502	507    526    527
403	404	408    428    528
403	404	408    503    528
404	408	409    428    528
404	408	409    503    528
404	409	428    429    528
408	409	428    433    528
409	428	429    433    528
409	429	433    434    528
404	409	503    504    528
408	409	503    508    528
409	503	504    508    528
409	504	508    509    528
403	408	428    527    528
403	408	503    527    528
408	428	433    527    528
408	503	508    527    528
404	405	409    429    529
404	405	409    504    529
405	409	410    429    529
405	409	410    504    529
405	410	429    430    529
409	410	429    434    529
410	429	430    434    529
410	430	434    435    529
405	410	504    505    529
409	410	504    509    529
410	504	505    509    529
410	505	509    510    529
404	409	429    528    529
404	409	504    528    529
409	429	434    528    529
409	504	509    528    529
405	410	430    529    530
405	410	505    529    530
410	430	435    529    530
410	505	510    529    530
406	407	411    431    531
406	407	411    506    531
407	411	412    431    531
407	411	412    506    531
407	412	431    432    531
411	412	431    436    531
412	431	432    436    531
412	432	436    437    531
407	412	506    507    531
411	412	506    511    531
412	506	507    511    531
412	507	511    512    531
406	407	431    526    531
406	407	506    526    531
407	431	432    526    531
407	506	507    526    531
407	432	526    527    531
407	507	526    527    531
407	408	412    432    532
407	408	412    507    532
408	412	413    432    532
408	412	413    507    532
408	413	432    433    532
412	413	432    437    532
413	432	433    437    532
413	433	437    438    532
408	413	507    508    532
412	413	507    512    532
413	507	508    512    532
413	508	512    513    532
407	408	432    527    532
407	408	507    527    532
408	432	433    527    532
408	507	508    527    532
408	433	527    528    532
408	508	527    528    532
407	412	432    531    532
407	412	507    531    532
412	432	437    531    532
412	507	512    531    532
407	432	527    531    532
407	507	527    531    532
408	409	413    433    533
408	409	413    508    533
409	413	414    433    533
409	413	414    508    533
409	414	433    434    533
413	414	433    438    533
414	433	434    438    533
414	434	438    439    533
409	414	508    509    533
413	414	508    513    533
414	508	509    513    533
414	509	513    514    533
408	409	433    528    533
408	409	508    528    533
409	433	434    528    533
409	508	509    528    533
409	434	528    529    533
409	509	528    529    533
408	413	433    532    533
408	413	508    532    533
413	433	438    532    533
413	508	513    532    533
408	433	528    532    533
408	508	528    532    533
409	410	414    434    534
409	410	414    509    534
410	414	415    434    534
410	414	415    509    534
410	415	434    435    534
414	415	434    439    534
415	434	435    439    534
415	435	439    440    534
410	415	509    510    534
414	415	509    514    534
415	509	510    514    534
415	510	514    515    534
409	410	434    529    534
409	410	509    529    534
410	434	435    529    534
410	509	510    529    534
410	435	529    530    534
410	510	529    530    534
409	414	434    533    534
409	414	509    533    534
414	434	439    533    534
414	509	514    533    534
409	434	529    533    534
409	509	529    533    534
410	415	435    534    535
410	415	510    534    535
415	435	440    534    535
415	510	515    534    535
410	435	530    534    535
410	510	530    534    535
411	412	416    436    536
411	412	416    511    536
412	416	417    436    536
412	416	417    511    536
412	417	436    437    536
416	417	436    441    536
417	436	437    441    536
417	437	441    442    536
412	417	511    512    536
416	417	511    516    536
417	511	512    516    536
417	512	516    517    536
411	412	436    531    536
411	412	511    531    536
412	436	437    531    536
412	511	512    531    536
412	437	531    532    536
412	512	531    532    536
412	413	417    437    537
412	413	417    512    537
413	417	418    437    537
413	417	418    512    537
413	418	437    438    537
417	418	437    442    537
418	437	438    442    537
418	438	442    443    537
413	418	512    513    537
417	418	512    517    537
418	512	513    517    537
418	513	517    518    537
412	413	437    532    537
412	413	512    532    537
413	437	438    532    537
413	512	513    532    537
413	438	532    533    537
413	513	532    533    537
412	417	437    536    537
412	417	512    536    537
417	437	442    536    537
417	512	517    536    537
412	437	532    536    537
412	512	532    536    537
413	414	418    438    538
413	414	418    513    538
414	418	419    438    538
414	418	419    513    538
414	419	438    439    538
418	419	438    443    538
419	438	439    443    538
419	439	443    444    538
414	419	513    514    538
418	419	513    518    538
419	513	514    518    538
419	514	518    519    538
413	414	438    533    538
413	414	513    533    538
414	438	439    533    538
414	513	514    533    538
414	439	533    534    538
414	514	533    534    538
413	418	438    537    538
413	418	513    537    538
418	438	443    537    538
418	513	518    537    538
413	438	533    537    538
413	513	533    537    538
414	415	419    439    539
414	415	419    514    539
415	419	420    439    539
415	419	420    514    539
415	420	439    440    539
419	420	439    444    539
420	439	440    444    539
420	440	444    445    539
415	420	514    515    539
419	420	514    519    539
420	514	515    519    539
420	515	519    520    539
414	415	439    534    539
414	415	514    534    539
415	439	440    534    539
415	514	515    534    539
415	440	534    535    539
415	515	534    535    539
414	419	439    538    539
414	419	514    538    539
419	439	444    538    539
419	514	519    538    539
414	439	534    538    539
414	514	534    538    539
415	420	440    539    540
415	420	515    539    540
420	440	445    539    540
420	515	520    539    540
415	440	535    539    540
415	515	535    539    540
416	417	421    441    541
416	417	421    516    541
417	421	422    441    541
417	421	422    516    541
417	422	441    442    541
421	422	441    446    541
422	441	442    446    541
422	442	446    447    541
417	422	516    517    541
421	422	516    521    541
422	516	517    521    541
422	517	521    522    541
416	417	441    536    541
416	417	516    536    541
417	441	442    536    541
417	516	517    536    541
417	442	536    537    541
417	517	536    537    541
417	418	422    442    542
417	418	422    517    542
418	422	423    442    542
418	422	423    517    542
418	423	442    443    542
422	423	442    447    542
423	442	443    447    542
423	443	447    448    542
418	423	517    518    542
422	423	517    522    542
423	517	518    522    542
423	518	522    523    542
417	418	442    537    542
417	418	517    537    542
418	442	443    537    542
418	517	518    537    542
418	443	537    538    542
418	518	537    538    542
417	422	442    541    542
417	422	517    541    542
422	442	447    541    542
422	517	522    541    542
417	442	537    541    542
417	517	537    541    542
418	419	423    443    543
418	419	423    518    543
419	423	424    443    543
419	423	424    518    543
419	424	443    444    543
423	424	443    448    543
424	443	444    448    543
424	444	448    449    543
419	424	518    519    543
423	424	518    523    543
424	518	519    523    543
424	519	523    524    543
418	419	443    538    543
418	419	518    538    543
419	443	444    538    543
419	518	519    538    543
419	444	538    539    543
419	519	538    539    543
418	423	443    542    543
418	423	518    542    543
423	443	448    542    543
423	518	523    542    543
418	443	538    542    543
418	518	538    542    543
419	420	424    444    544
419	420	424    519    544
420	424	425    444    544
420	424	425    519    544
420	425	444    445    544
424	425	444    449    544
425	444	445    449    544
425	445	449    450    544
420	425	519    520    544
424	425	519    524    544
425	519	520    524    544
425	520	524    525    544
419	420	444    539    544
419	420	519    539    544
420	444	445    539    544
420	519	520    539    544
420	445	539    540    544
420	520	539    540    544
419	424	444    543    544
419	424	519    543    544
424	444	449    543    544
424	519	524    543    544
419	444	539    543    544
419	519	539    543    544
420	425	445    544    545
420	425	520    544    545
425	445	450    544    545
425	520	525    544    545
420	445	540    544    545
420	520	540    544    545
421	422	446    541    546
421	422	521    541    546
422	446	447    541    546
422	521	522    541    546
422	447	541    542    546
422	522	541    542    546
422	423	447    542    547
422	423	522    542    547
423	447	448    542    547
423	522	523    542    547
423	448	542    543    547
423	523	542    543    547
422	447	542    546    547
422	522	542    546    547
423	424	448    543    548
423	424	523    543    548
424	448	449    543    548
424	523	524    543    548
424	449	543    544    548
424	524	543    544    548
423	448	543    547    548
423	523	543    547    548
424	425	449    544    549
424	425	524    544    549
425	449	450    544    549
425	524	525    544    549
425	450	544    545    549
425	525	544    545    549
424	449	544    548    549
424	524	544    548    549
425	450	545    549    550
425	525	545    549    550
426	427	431    451    551
426	427	431    526    551
427	431	432    451    551
427	431	432    526    551
427	432	451    452    551
431	432	451    456    551
432	451	452    456    551
432	452	456    457    551
427	432	526    527    551
431	432	526    531    551
432	526	527    531    551
432	527	531    532    551
427	428	432    452    552
427	428	432    527    552
428	432	433    452    552
428	432	433    527    552
428	433	452    453    552
432	433	452    457    552
433	452	453    457    552
433	453	457    458    552
428	433	527    528    552
432	433	527    532    552
433	527	528    532    552
433	528	532    533    552
427	432	452    551    552
427	432	527    551    552
432	452	457    551    552
432	527	532    551    552
428	429	433    453    553
428	429	433    528    553
429	433	434    453    553
429	433	434    528    553
429	434	453    454    553
433	434	453    458    553
434	453	454    458    553
434	454	458    459    553
429	434	528    529    553
433	434	528    533    553
434	528	529    533    553
434	529	533    534    553
428	433	453    552    553
428	433	528    552    553
433	453	458    552    553
433	528	533    552    553
429	430	434    454    554
429	430	434    529    554
430	434	435    454    554
430	434	435    529    554
430	435	454    455    554
434	435	454    459    554
435	454	455    459    554
435	455	459    460    554
430	435	529    530    554
434	435	529    534    554
435	529	530    534    554
435	530	534    535    554
429	434	454    553    554
429	434	529    553    554
434	454	459    553    554
434	529	534    553    554
430	435	455    554    555
430	435	530    554    555
435	455	460    554    555
435	530	535    554    555
431	432	436    456    556
431	432	436    531    556
432	436	437    456    556
432	436	437    531    556
432	437	456    457    556
436	437	456    461    556
437	456	457    461    556
437	457	461    462    556
432	437	531    532    556
436	437	531    536    556
437	531	532    536    556
437	532	536    537    556
431	432	456    551    556
431	432	531    551    556
432	456	457    551    556
432	531	532    551    556
432	457	551    552    556
432	532	551    552    556
432	433	437    457    557
432	433	437    532    557
433	437	438    457    557
433	437	438    532    557
433	438	457    458    557
437	438	457    462    557
438	457	458    462    557
438	458	462    463    557
433	438	532    533    557
437	438	532    537    557
438	532	533    537    557
438	533	537    538    557
432	433	457    552    557
432	433	532    552    557
433	457	458    552    557
433	532	533    552    557
433	458	552    553    557
433	533	552    553    557
432	437	457    556    557
432	437	532    556    557
437	457	462    556    557
437	532	537    556    557
432	457	552    556    557
432	532	552    556    557
433	434	438    458    558
433	434	438    533    558
434	438	439    458    558
434	438	439    533    558
434	439	458    459    558
438	439	458    463    558
439	458	459    463    558
439	459	463    464    558
434	439	533    534    558
438	439	533    538    558
439	533	534    538    558
439	534	538    539    558
433	434	458    553    558
433	434	533    553    558
434	458	459    553    558
434	533	534    553    558
434	459	553    554    558
434	534	553    554    558
433	438	458    557    558
433	438	533    557    558
438	458	463    557    558
438	533	538    557    558
433	458	553    557    558
433	533	553    557    558
434	435	439    459    559
434	435	439    534    559
435	439	440    459    559
435	439	440    534    559
435	440	459    460    559
439	440	459    464    559
440	459	460    464    559
440	460	464    465    559
435	440	534    535    559
439	440	534    539    559
440	534	535    539    559
440	535	539    540    559
434	435	459    554    559
434	435	534    554    559
435	459	460    554    559
435	534	535    554    559
435	460	554    555    559
435	535	554    555    559
434	439	459    558    559
434	439	534    558    559
439	459	464    558    559
439	534	539    558    559
434	459	554    558    559
434	534	554    558    559
435	440	460    559    560
435	440	535    559    560
440	460	465    559    560
440	535	540    559    560
435	460	555    559    560
435	535	555    559    560
436	437	441    461    561
436	437	441    536    561
437	441	442    461    561
437	441	442    536    561
437	442	461    462    561
441	442	461    466    561
442	461	462    466    561
442	462	466    467    561
437	442	536    537    561
441	442	536    541    561
442	536	537    541    561
442	537	541    542    561
436	437	461    556    561
436	437	536    556    561
437	461	462    556    561
437	536	537    556    561
437	462	556    557    561
437	537	556    557    561
437	438	442    462    562
437	438	442    537    562
438	442	443    462    562
438	442	443    537    562
438	443	462    463    562
442	443	462    467    562
443	462	463    467    562
443	463	467    468    562
438	443	537    538    562
442	443	537    542    562
443	537	538    542    562
443	538	542    543    562
437	438	462    557    562
437	438	537    557    562
438	462	463    557    562
438	537	538    557    562
438	463	557    558    562
438	538	557    558    562
437	442	462    561    562
437	442	537    561    562
442	462	467    561    562
442	537	542    561    562
437	462	557    561    562
437	537	557    561    562
438	439	443    463    563
438	439	443    538    563
439	443	444    463    563
439	443	444    538    563
439	444	463    464    563
443	444	463    468    563
444	463	464    468    563
444	464	468    469    563
439	444	538    539    563
443	444	538    543    563
444	538	539    543    563
444	539	543    544    563
438	439	463    558    563
438	439	538    558    563
439	463	464    558    563
439	538	539    558    563
439	464	558    559    563
439	539	558    559    563
438	443	463    562    563
438	443	538    562    563
443	463	468    562    563
443	538	543    562    563
438	463	558    562    563
438	538	558    562    563
439	440	444    464    564
439	440	444    539    564
440	444	445    464    564
440	444	445    539    564
440	445	464    465    564
444	445	464    469    564
445	464	465    469    564
445	465	469    470    564
440	445	539    540    564
444	445	539    544    564
445	539	540    544    564
445	540	544    545    564
439	440	464    559    564
439	440	539    559    564
440	464	465    559    564
440	539	540    559    564
440	465	559    560    564
440	540	559    560    564
439	444	464    563    564
439	444	539    563    564
444	464	469    563    564
444	539	544    563    564
439	464	559    563    564
439	539	559    563    564
440	445	465    564    565
440	445	540    564    565
445	465	470    564    565
445	540	545    564    565
440	465	560    564    565
440	540	560    564    565
441	442	446    466    566
441	442	446    541    566
442	446	447    466    566
442	446	447    541    566
442	447	466    467    566
446	447	466    471    566
447	466	467    471    566
447	467	471    472    566
442	447	541    542    566
446	447	541    546    566
447	541	542    546    566
447	542	546    547    566
441	442	466    561    566
441	442	541    561    566
442	466	467    561    566
442	541	542    561    566
442	467	561    562    566
442	542	561    562    566
442	443	447    467    567
442	443	447    542    567
443	447	448    467    567
443	447	448    542    567
443	448	467    468    567
447	448	467    472    567
448	467	468    472    567
448	468	472    473    567
443	448	542    543    567
447	448	542    547    567
448	542	543    547    567
448	543	547    548    567
442	443	467    562    567
442	443	542    562    567
443	467	468    562    567
443	542	543    562    567
443	468	562    563    567
443	543	562    563    567
442	447	467    566    567
442	447	542    566    567
447	467	472    566    567
447	542	547    566    567
442	467	562    566    567
442	542	562    566    567
443	444	448    468    568
443	444	448    543    568
444	448	449    468    568
444	448	449    543    568
444	449	468    469    568
448	449	468    473    568
449	468	469    473    568
449	469	473    474    568
444	449	543    544    568
448	449	543    548    568
449	543	544    548    568
449	544	548    549    568
443	444	468    563    568
443	444	543    563    568
444	468	469    563    568
444	543	544    563    568
444	469	563    564    568
444	544	563    564    568
443	448	468    567    568
443	448	543    567    568
448	468	473    567    568
448	543	548    567    568
443	468	563    567    568
443	543	563    567    568
444	445	449    469    569
444	445	449    544    569
445	449	450    469    569
445	449	450    544    569
445	450	469    470    569
449	450	469    474    569
450	469	470    474    569
450	470	474    475    569
445	450	544    545    569
449	450	544    549    569
450	544	545    549    569
450	545	549    550    569
444	445	469    564    569
444	445	544    564    569
445	469	470    564    569
445	544	545    564    569
445	470	564    565    569
445	545	564    565    569
444	449	469    568    569
444	449	544    568    569
449	469	474    568    569
449	544	549    568    569
444	469	564    568    569
444	544	564    568    569
445	450	470    569    570
445	450	545    569    570
450	470	475    569    570
450	545	550    569    570
445	470	565    569    570
445	545	565    569    570
446	447	471    566    571
446	447	546    566    571
447	471	472    566    571
447	546	547    566    571
447	472	566    567    571
447	547	566    567    571
447	448	472    567    572
447	448	547    567    572
448	472	473    567    572
448	547	548    567    572
448	473	567    568    572
448	548	567    568    572
447	472	567    571    572
447	547	567    571    572
448	449	473    568    573
448	449	548    568    573
449	473	474    568    573
449	548	549    568    573
449	474	568    569    573
449	549	568    569    573
448	473	568    572    573
448	548	568    572    573
449	450	474    569    574
449	450	549    569    574
450	474	475    569    574
450	549	550    569    574
450	475	569    570    574
450	550	569    570    574
449	474	569    573    574
449	549	569    573    574
450	475	570    574    575
450	550	570    574    575
451	452	456    476    576
451	452	456    551    576
452	456	457    476    576
452	456	457    551    576
452	457	476    477    576
456	457	476    481    576
457	476	477    481    576
457	477	481    482    576
452	457	551    552    576
456	457	551    556    576
457	551	552    556    576
457	552	556    557    576
452	453	457    477    577
452	453	457    552    577
453	457	458    477    577
453	457	458    552    577
453	458	477    478    577
457	458	477    482    577
458	477	478    482    577
458	478	482    483    577
453	458	552    553    577
457	458	552    557    577
458	552	553    557    577
458	553	557    558    577
452	457	477    576    577
452	457	552    576    577
457	477	482    576    577
457	552	557    576    577
453	454	458    478    578
453	454	458    553    578
454	458	459    478    578
454	458	459    553    578
454	459	478    479    578
458	459	478    483    578
459	478	479    483    578
459	479	483    484    578
454	459	553    554    578
458	459	553    558    578
459	553	554    558    578
459	554	558    559    578
453	458	478    577    578
453	458	553    577    578
458	478	483    577    578
458	553	558    577    578
454	455	459    479    579
454	455	459    554    579
455	459	460    479    579
455	459	460    554    579
455	460	479    480    579
459	460	479    484    579
460	479	480    484    579
460	480	484    485    579
455	460	554    555    579
459	460	554    559    579
460	554	555    559    579
460	555	559    560    579
454	459	479    578    579
454	459	554    578    579
459	479	484    578    579
459	554	559    578    579
455	460	480    579    580
455	460	555    579    580
460	480	485    579    580
460	555	560    579    580
456	457	461    481    581
456	457	461    556    581
457	461	462    481    581
457	461	462    556    581
457	462	481    482    581
461	462	481    486    581
462	481	482    486    581
462	482	486    487    581
457	462	556    557    581
461	462	556    561    581
462	556	557    561    581
462	557	561    562    581
456	457	481    576    581
456	457	556    576    581
457	481	482    576    581
457	556	557    576    581
457	482	576    577    581
457	557	576    577    581
457	458	462    482    582
457	458	462    557    582
458	462	463    482    582
458	462	463    557    582
458	463	482    483    582
462	463	482    487    582
463	482	483    487    582
463	483	487    488    582
458	463	557    558    582
462	463	557    562    582
463	557	558    562    582
463	558	562    563    582
457	458	482    577    582
457	458	557    577    582
458	482	483    577    582
458	557	558    577    582
458	483	577    578    582
458	558	577    578    582
457	462	482    581    582
457	462	557    581    582
462	482	487    581    582
462	557	562    581    582
457	482	577    581    582
457	557	577    581    582
458	459	463    483    583
458	459	463    558    583
459	463	464    483    583
459	463	464    558    583
459	464	483    484    583
463	464	483    488    583
464	483	484    488    583
464	484	488    489    583
459	464	558    559    583
463	464	558    563    583
464	558	559    563    583
464	559	563    564    583
458	459	483    578    583
458	459	558    578    583
459	483	484    578    583
459	558	559    578    583
459	484	578    579    583
459	559	578    579    583
458	463	483    582    583
458	463	558    582    583
463	483	488    582    583
463	558	563    582    583
458	483	578    582    583
458	558	578    582    583
459	460	464    484    584
459	460	464    559    584
460	464	465    484    584
460	464	465    559    584
460	465	484    485    584
464	465	484    489    584
465	484	485    489    584
465	485	489    490    584
460	465	559    560    584
464	465	559    564    584
465	559	560    564    584
465	560	564    565    584
459	460	484    579    584
459	460	559    579    584
460	484	485    579    584
460	559	560    579    584
460	485	579    580    584
460	560	579    580    584
459	464	484    583    584
459	464	559    583    584
464	484	489    583    584
464	559	564    583    584
459	484	579    583    584
459	559	579    583    584
460	465	485    584    585
460	465	560    584    585
465	485	490    584    585
465	560	565    584    585
460	485	580    584    585
460	560	580    584    585
461	462	466    486    586
461	462	466    561    586
462	466	467    486    586
462	466	467    561    586
462	467	486    487    586
466	467	486    491    586
467	486	487    491    586
467	487	491    492    586
462	467	561    562    586
466	467	561    566    586
467	561	562    566    586
467	562	566    567    586
461	462	486    581    586
461	462	561    581    586
462	486	487    581    586
462	561	562    581    586
462	487	581    582    586
462	562	581    582    586
462	463	467    487    587
462	463	467    562    587
463	467	468    487    587
463	467	468    562    587
463	468	487    488    587
467	468	487    492    587
468	487	488    492    587
468	488	492    493    587
463	468	562    563    587
467	468	562    567    587
468	562	563    567    587
468	563	567    568    587
462	463	487    582    587
462	463	562    582    587
463	487	488    582    587
463	562	563    582    587
463	488	582    583    587
463	563	582    583    587
462	467	487    586    587
462	467	562    586    587
467	487	492    586    587
467	562	567    586    587
462	487	582    586    587
462	562	582    586    587
463	464	468    488    588
463	464	468    563    588
464	468	469    488    588
464	468	469    563    588
464	469	488    489    588
468	469	488    493    588
469	488	489    493    588
469	489	493    494    588
464	469	563    564    588
468	469	563    568    588
469	563	564    568    588
469	564	568    569    588
463	464	488    583    588
463	464	563    583    588
464	488	489    583    588
464	563	564    583    588
464	489	583    584    588
464	564	583    584    588
463	468	488    587    588
463	468	563    587    588
468	488	493    587    588
468	563	568    587    588
463	488	583    587    588
463	563	583    587    588
464	465	469    489    589
464	465	469    564    589
465	469	470    489    589
465	469	470    564    589
465	470	489    490    589
469	470	489    494    589
470	489	490    494    589
470	490	494    495    589
465	470	564    565    589
469	470	564    569    589
470	564	565    569    589
470	565	569    570    589
464	465	489    584    589
464	465	564    584    589
465	489	490    584    589
465	564	565    584    589
465	490	584    585    589
465	565	584    585    589
464	469	489    588    589
464	469	564    588    589
469	489	494    588    589
469	564	569    588    589
464	489	584    588    589
464	564	584    588    589
465	470	490    589    590
465	470	565    589    590
470	490	495    589    590
470	565	570    589    590
465	490	585    589    590
465	565	585    589    590
466	467	471    491    591
466	467	471    566    591
467	471	472    491    591
467	471	472    566    591
467	472	491    492    591
471	472	491    496    591
472	491	492    496    591
472	492	496    497    591
467	472	566    567    591
471	472	566    571    591
472	566	567    571    591
472	567	571    572    591
466	467	491    586    591
466	467	566    586    591
467	491	492    586    591
467	566	567    586    591
467	492	586    587    591
467	567	586    587    591
467	468	472    492    592
467	468	472    567    592
468	472	473    492    592
468	472	473    567    592
468	473	492    493    592
472	473	492    497    592
473	492	493    497    592
473	493	497    498    592
468	473	567    568    592
472	473	567    572    592
473	567	568    572    592
473	568	572    573    592
467	468	492    587    592
467	468	567    587    592
468	492	493    587    592
468	567	568    587    592
468	493	587    588    592
468	568	587    588    592
467	472	492    591    592
467	472	567    591    592
472	492	497    591    592
472	567	572    591    592
467	492	587    591    592
467	567	587    591    592
468	469	473    493    593
468	469	473    568    593
469	473	474    493    593
469	473	474    568    593
469	474	493    494    593
473	474	493    498    593
474	493	494    498    593
474	494	498    499    593
469	474	568    569    593
473	474	568    573    593
474	568	569    573    593
474	569	573    574    593
468	469	493    588    593
468	469	568    588    593
469	493	494    588    593
469	568	569    588    593
469	494	588    589    593
469	569	588    589    593
468	473	493    592    593
468	473	568    592    593
473	493	498    592    593
473	568	573    592    593
468	493	588    592    593
468	568	588    592    593
469	470	474    494    594
469	470	474    569    594
470	474	475    494    594
470	474	475    569    594
470	475	494    495    594
474	475	494    499    594
475	494	495    499    594
475	495	499    500    594
470	475	569    570    594
474	475	569    574    594
475	569	570    574    594
475	570	574    575    594
469	470	494    589    594
469	470	569    589    594
470	494	495    589    594
470	569	570    589    594
470	495	589    590    594
470	570	589    590    594
469	474	494    593    594
469	474	569    593    594
474	494	499    593    594
474	569	574    593    594
469	494	589    593    594
469	569	589    593    594
470	475	495    594    595
470	475	570    594    595
475	495	500    594    595
475	570	575    594    595
470	495	590    594    595
470	570	590    594    595
471	472	496    591    596
471	472	571    591    596
472	496	497    591    596
472	571	572    591    596
472	497	591    592    596
472	572	591    592    596
472	473	497    592    597
472	473	572    592    597
473	497	498    592    597
473	572	573    592    597
473	498	592    593    597
473	573	592    593    597
472	497	592    596    597
472	572	592    596    597
473	474	498    593    598
473	474	573    593    598
474	498	499    593    598
474	573	574    593    598
474	499	593    594    598
474	574	593    594    598
473	498	593    597    598
473	573	593    597    598
474	475	499    594    599
474	475	574    594    599
475	499	500    594    599
475	574	575    594    599
475	500	594    595    599
475	575	594    595    599
474	499	594    598    599
474	574	594    598    599
475	500	595    599    600
475	575	595    599    600
476	477	481    576    601
477	481	482    576    601
477	482	576    577    601
481	482	576    581    601
482	576	577    581    601
482	577	581    582    601
477	478	482    577    602
477	482	577    601    602
478	482	483    577    602
478	483	577    578    602
482	483	577    582    602
482	577	582    601    602
483	577	578    582    602
483	578	582    583    602
478	479	483    578    603
478	483	578    602    603
479	483	484    578    603
479	484	578    579    603
483	484	578    583    603
483	578	583    602    603
484	578	579    583    603
484	579	583    584    603
479	480	484    579    604
479	484	579    603    604
480	484	485    579    604
480	485	579    580    604
484	485	579    584    604
484	579	584    603    604
485	579	580    584    604
485	580	584    585    604
480	485	580    604    605
485	580	585    604    605
481	482	486    581    606
481	482	581    601    606
482	486	487    581    606
482	487	581    582    606
482	581	582    601    606
486	487	581    586    606
487	581	582    586    606
487	582	586    587    606
482	582	601    602    606
482	483	487    582    607
482	483	582    602    607
483	487	488    582    607
483	488	582    583    607
483	582	583    602    607
487	488	582    587    607
488	582	583    587    607
488	583	587    588    607
483	583	602    603    607
482	487	582    606    607
482	582	602    606    607
487	582	587    606    607
483	484	488    583    608
483	484	583    603    608
484	488	489    583    608
484	489	583    584    608
484	583	584    603    608
488	489	583    588    608
489	583	584    588    608
489	584	588    589    608
484	584	603    604    608
483	488	583    607    608
483	583	603    607    608
488	583	588    607    608
484	485	489    584    609
484	485	584    604    609
485	489	490    584    609
485	490	584    585    609
485	584	585    604    609
489	490	584    589    609
490	584	585    589    609
490	585	589    590    609
485	585	604    605    609
484	489	584    608    609
484	584	604    608    609
489	584	589    608    609
485	490	585    609    610
485	585	605    609    610
490	585	590    609    610
486	487	491    586    611
486	487	586    606    611
487	491	492    586    611
487	492	586    587    611
487	586	587    606    611
491	492	586    591    611
492	586	587    591    611
492	587	591    592    611
487	587	606    607    611
487	488	492    587    612
487	488	587    607    612
488	492	493    587    612
488	493	587    588    612
488	587	588    607    612
492	493	587    592    612
493	587	588    592    612
493	588	592    593    612
488	588	607    608    612
487	492	587    611    612
487	587	607    611    612
492	587	592    611    612
488	489	493    588    613
488	489	588    608    613
489	493	494    588    613
489	494	588    589    613
489	588	589    608    613
493	494	588    593    613
494	588	589    593    613
494	589	593    594    613
489	589	608    609    613
488	493	588    612    613
488	588	608    612    613
493	588	593    612    613
489	490	494    589    614
489	490	589    609    614
490	494	495    589    614
490	495	589    590    614
490	589	590    609    614
494	495	589    594    614
495	589	590    594    614
495	590	594    595    614
490	590	609    610    614
489	494	589    613    614
489	589	609    613    614
494	589	594    613    614
490	495	590    614    615
490	590	610    614    615
495	590	595    614    615
491	492	496    591    616
491	492	591    611    616
492	496	497    591    616
492	497	591    592    616
492	591	592    611    616
496	497	591    596    616
497	591	592    596    616
497	592	596    597    616
492	592	611    612    616
492	493	497    592    617
492	493	592    612    617
493	497	498    592    617
493	498	592    593    617
493	592	593    612    617
497	498	592    597    617
498	592	593    597    617
498	593	597    598    617
493	593	612    613    617
492	497	592    616    617
492	592	612    616    617
497	592	597    616    617
493	494	498    593    618
493	494	593    613    618
494	498	499    593    618
494	499	593    594    618
494	593	594    613    618
498	499	593    598    618
499	593	594    598    618
499	594	598    599    618
494	594	613    614    618
493	498	593    617    618
493	593	613    617    618
498	593	598    617    618
494	495	499    594    619
494	495	594    614    619
495	499	500    594    619
495	500	594    595    619
495	594	595    614    619
499	500	594    599    619
500	594	595    599    619
500	595	599    600    619
495	595	614    615    619
494	499	594    618    619
494	594	614    618    619
499	594	599    618    619
495	500	595    619    620
495	595	615    619    620
500	595	600    619    620
496	497	596    616    621
497	596	597    616    621
497	597	616    617    621
497	498	597    617    622
497	597	617    621    622
498	597	598    617    622
498	598	617    618    622
498	499	598    618    623
498	598	618    622    623
499	598	599    618    623
499	599	618    619    623
499	500	599    619    624
499	599	619    623    624
500	599	600    619    624
500	600	619    620    624
500	600	620    624    625
