1
1.003129887902739
1.006269572003762
1.009419082964071
1.012578451540634
1.015747708586686
1.018926885052026
1.022116011983326
1.025315120524429
1.003129887902739
1.006269572003762
1.009419082964071
1.012578451540634
1.015747708586686
1.018926885052026
1.022116011983326
1.025315120524429
1.028524241916654
1.006269572003762
1.009419082964071
1.012578451540634
1.015747708586686
1.018926885052026
1.022116011983326
1.025315120524429
1.028524241916654
1.031743407499103
1.009419082964071
1.012578451540634
1.015747708586686
1.018926885052026
1.022116011983326
1.025315120524429
1.028524241916654
1.031743407499103
1.034972648708965
1.012578451540634
1.015747708586686
1.018926885052026
1.022116011983326
1.025315120524429
1.028524241916654
1.031743407499103
1.034972648708965
1.038211997081825
1.015747708586686
1.018926885052026
1.022116011983326
1.025315120524429
1.028524241916654
1.031743407499103
1.034972648708965
1.038211997081825
1.04146148425197
1.018926885052026
1.022116011983326
1.025315120524429
1.028524241916654
1.031743407499103
1.034972648708965
1.038211997081825
1.04146148425197
1.044721141952699
1.022116011983326
1.025315120524429
1.028524241916654
1.031743407499103
1.034972648708965
1.038211997081825
1.04146148425197
1.044721141952699
1.047991002016633
1.025315120524429
1.028524241916654
1.031743407499103
1.034972648708965
1.038211997081825
1.04146148425197
1.044721141952699
1.047991002016633
1.051271096376024
1.003129887902739
1.006269572003762
1.009419082964071
1.012578451540634
1.015747708586686
1.018926885052026
1.022116011983326
1.025315120524429
1.028524241916654
1.006269572003762
1.009419082964071
1.012578451540634
1.015747708586686
1.018926885052026
1.022116011983326
1.025315120524429
1.028524241916654
1.031743407499103
1.009419082964071
1.012578451540634
1.015747708586686
1.018926885052026
1.022116011983326
1.025315120524429
1.028524241916654
1.031743407499103
1.034972648708965
1.012578451540634
1.015747708586686
1.018926885052026
1.022116011983326
1.025315120524429
1.028524241916654
1.031743407499103
1.034972648708965
1.038211997081825
1.015747708586686
1.018926885052026
1.022116011983326
1.025315120524429
1.028524241916654
1.031743407499103
1.034972648708965
1.038211997081825
1.04146148425197
1.018926885052026
1.022116011983326
1.025315120524429
1.028524241916654
1.031743407499103
1.034972648708965
1.038211997081825
1.04146148425197
1.044721141952699
1.022116011983326
1.025315120524429
1.028524241916654
1.031743407499103
1.034972648708965
1.038211997081825
1.04146148425197
1.044721141952699
1.047991002016633
1.025315120524429
1.028524241916654
1.031743407499103
1.034972648708965
1.038211997081825
1.04146148425197
1.044721141952699
1.047991002016633
1.051271096376024
1.028524241916654
1.031743407499103
1.034972648708965
1.038211997081825
1.04146148425197
1.044721141952699
1.047991002016633
1.051271096376024
1.054561457063071
1.006269572003762
1.009419082964071
1.012578451540634
1.015747708586686
1.018926885052026
1.022116011983326
1.025315120524429
1.028524241916654
1.031743407499103
1.009419082964071
1.012578451540634
1.015747708586686
1.018926885052026
1.022116011983326
1.025315120524429
1.028524241916654
1.031743407499103
1.034972648708965
1.012578451540634
1.015747708586686
1.018926885052026
1.022116011983326
1.025315120524429
1.028524241916654
1.031743407499103
1.034972648708965
1.038211997081825
1.015747708586686
1.018926885052026
1.022116011983326
1.025315120524429
1.028524241916654
1.031743407499103
1.034972648708965
1.038211997081825
1.04146148425197
1.018926885052026
1.022116011983326
1.025315120524429
1.028524241916654
1.031743407499103
1.034972648708965
1.038211997081825
1.04146148425197
1.044721141952699
1.022116011983326
1.025315120524429
1.028524241916654
1.031743407499103
1.034972648708965
1.038211997081825
1.04146148425197
1.044721141952699
1.047991002016633
1.025315120524429
1.028524241916654
1.031743407499103
1.034972648708965
1.038211997081825
1.04146148425197
1.044721141952699
1.047991002016633
1.051271096376024
1.028524241916654
1.031743407499103
1.034972648708965
1.038211997081825
1.04146148425197
1.044721141952699
1.047991002016633
1.051271096376024
1.054561457063071
1.031743407499103
1.034972648708965
1.038211997081825
1.04146148425197
1.044721141952699
1.047991002016633
1.051271096376024
1.054561457063071
1.057862116210227
1.009419082964071
1.012578451540634
1.015747708586686
1.018926885052026
1.022116011983326
1.025315120524429
1.028524241916654
1.031743407499103
1.034972648708965
1.012578451540634
1.015747708586686
1.018926885052026
1.022116011983326
1.025315120524429
1.028524241916654
1.031743407499103
1.034972648708965
1.038211997081825
1.015747708586686
1.018926885052026
1.022116011983326
1.025315120524429
1.028524241916654
1.031743407499103
1.034972648708965
1.038211997081825
1.04146148425197
1.018926885052026
1.022116011983326
1.025315120524429
1.028524241916654
1.031743407499103
1.034972648708965
1.038211997081825
1.04146148425197
1.044721141952699
1.022116011983326
1.025315120524429
1.028524241916654
1.031743407499103
1.034972648708965
1.038211997081825
1.04146148425197
1.044721141952699
1.047991002016633
1.025315120524429
1.028524241916654
1.031743407499103
1.034972648708965
1.038211997081825
1.04146148425197
1.044721141952699
1.047991002016633
1.051271096376024
1.028524241916654
1.031743407499103
1.034972648708965
1.038211997081825
1.04146148425197
1.044721141952699
1.047991002016633
1.051271096376024
1.054561457063071
1.031743407499103
1.034972648708965
1.038211997081825
1.04146148425197
1.044721141952699
1.047991002016633
1.051271096376024
1.054561457063071
1.057862116210227
1.034972648708965
1.038211997081825
1.04146148425197
1.044721141952699
1.047991002016633
1.051271096376024
1.054561457063071
1.057862116210227
1.06117310605052
1.012578451540634
1.015747708586686
1.018926885052026
1.022116011983326
1.025315120524429
1.028524241916654
1.031743407499103
1.034972648708965
1.038211997081825
1.015747708586686
1.018926885052026
1.022116011983326
1.025315120524429
1.028524241916654
1.031743407499103
1.034972648708965
1.038211997081825
1.04146148425197
1.018926885052026
1.022116011983326
1.025315120524429
1.028524241916654
1.031743407499103
1.034972648708965
1.038211997081825
1.04146148425197
1.044721141952699
1.022116011983326
1.025315120524429
1.028524241916654
1.031743407499103
1.034972648708965
1.038211997081825
1.04146148425197
1.044721141952699
1.047991002016633
1.025315120524429
1.028524241916654
1.031743407499103
1.034972648708965
1.038211997081825
1.04146148425197
1.044721141952699
1.047991002016633
1.051271096376024
1.028524241916654
1.031743407499103
1.034972648708965
1.038211997081825
1.04146148425197
1.044721141952699
1.047991002016633
1.051271096376024
1.054561457063071
1.031743407499103
1.034972648708965
1.038211997081825
1.04146148425197
1.044721141952699
1.047991002016633
1.051271096376024
1.054561457063071
1.057862116210227
1.034972648708965
1.038211997081825
1.04146148425197
1.044721141952699
1.047991002016633
1.051271096376024
1.054561457063071
1.057862116210227
1.06117310605052
1.038211997081825
1.04146148425197
1.044721141952699
1.047991002016633
1.051271096376024
1.054561457063071
1.057862116210227
1.06117310605052
1.064494458917859
1.015747708586686
1.018926885052026
1.022116011983326
1.025315120524429
1.028524241916654
1.031743407499103
1.034972648708965
1.038211997081825
1.04146148425197
1.018926885052026
1.022116011983326
1.025315120524429
1.028524241916654
1.031743407499103
1.034972648708965
1.038211997081825
1.04146148425197
1.044721141952699
1.022116011983326
1.025315120524429
1.028524241916654
1.031743407499103
1.034972648708965
1.038211997081825
1.04146148425197
1.044721141952699
1.047991002016633
1.025315120524429
1.028524241916654
1.031743407499103
1.034972648708965
1.038211997081825
1.04146148425197
1.044721141952699
1.047991002016633
1.051271096376024
1.028524241916654
1.031743407499103
1.034972648708965
1.038211997081825
1.04146148425197
1.044721141952699
1.047991002016633
1.051271096376024
1.054561457063071
1.031743407499103
1.034972648708965
1.038211997081825
1.04146148425197
1.044721141952699
1.047991002016633
1.051271096376024
1.054561457063071
1.057862116210227
1.034972648708965
1.038211997081825
1.04146148425197
1.044721141952699
1.047991002016633
1.051271096376024
1.054561457063071
1.057862116210227
1.06117310605052
1.038211997081825
1.04146148425197
1.044721141952699
1.047991002016633
1.051271096376024
1.054561457063071
1.057862116210227
1.06117310605052
1.064494458917859
1.04146148425197
1.044721141952699
1.047991002016633
1.051271096376024
1.054561457063071
1.057862116210227
1.06117310605052
1.064494458917859
1.067826207247359
1.018926885052026
1.022116011983326
1.025315120524429
1.028524241916654
1.031743407499103
1.034972648708965
1.038211997081825
1.04146148425197
1.044721141952699
1.022116011983326
1.025315120524429
1.028524241916654
1.031743407499103
1.034972648708965
1.038211997081825
1.04146148425197
1.044721141952699
1.047991002016633
1.025315120524429
1.028524241916654
1.031743407499103
1.034972648708965
1.038211997081825
1.04146148425197
1.044721141952699
1.047991002016633
1.051271096376024
1.028524241916654
1.031743407499103
1.034972648708965
1.038211997081825
1.04146148425197
1.044721141952699
1.047991002016633
1.051271096376024
1.054561457063071
1.031743407499103
1.034972648708965
1.038211997081825
1.04146148425197
1.044721141952699
1.047991002016633
1.051271096376024
1.054561457063071
1.057862116210227
1.034972648708965
1.038211997081825
1.04146148425197
1.044721141952699
1.047991002016633
1.051271096376024
1.054561457063071
1.057862116210227
1.06117310605052
1.038211997081825
1.04146148425197
1.044721141952699
1.047991002016633
1.051271096376024
1.054561457063071
1.057862116210227
1.06117310605052
1.064494458917859
1.04146148425197
1.044721141952699
1.047991002016633
1.051271096376024
1.054561457063071
1.057862116210227
1.06117310605052
1.064494458917859
1.067826207247359
1.044721141952699
1.047991002016633
1.051271096376024
1.054561457063071
1.057862116210227
1.06117310605052
1.064494458917859
1.067826207247359
1.071168383575651
1.022116011983326
1.025315120524429
1.028524241916654
1.031743407499103
1.034972648708965
1.038211997081825
1.04146148425197
1.044721141952699
1.047991002016633
1.025315120524429
1.028524241916654
1.031743407499103
1.034972648708965
1.038211997081825
1.04146148425197
1.044721141952699
1.047991002016633
1.051271096376024
1.028524241916654
1.031743407499103
1.034972648708965
1.038211997081825
1.04146148425197
1.044721141952699
1.047991002016633
1.051271096376024
1.054561457063071
1.031743407499103
1.034972648708965
1.038211997081825
1.04146148425197
1.044721141952699
1.047991002016633
1.051271096376024
1.054561457063071
1.057862116210227
1.034972648708965
1.038211997081825
1.04146148425197
1.044721141952699
1.047991002016633
1.051271096376024
1.054561457063071
1.057862116210227
1.06117310605052
1.038211997081825
1.04146148425197
1.044721141952699
1.047991002016633
1.051271096376024
1.054561457063071
1.057862116210227
1.06117310605052
1.064494458917859
1.04146148425197
1.044721141952699
1.047991002016633
1.051271096376024
1.054561457063071
1.057862116210227
1.06117310605052
1.064494458917859
1.067826207247359
1.044721141952699
1.047991002016633
1.051271096376024
1.054561457063071
1.057862116210227
1.06117310605052
1.064494458917859
1.067826207247359
1.071168383575651
1.047991002016633
1.051271096376024
1.054561457063071
1.057862116210227
1.06117310605052
1.064494458917859
1.067826207247359
1.071168383575651
1.074521020541201
1.025315120524429
1.028524241916654
1.031743407499103
1.034972648708965
1.038211997081825
1.04146148425197
1.044721141952699
1.047991002016633
1.051271096376024
1.028524241916654
1.031743407499103
1.034972648708965
1.038211997081825
1.04146148425197
1.044721141952699
1.047991002016633
1.051271096376024
1.054561457063071
1.031743407499103
1.034972648708965
1.038211997081825
1.04146148425197
1.044721141952699
1.047991002016633
1.051271096376024
1.054561457063071
1.057862116210227
1.034972648708965
1.038211997081825
1.04146148425197
1.044721141952699
1.047991002016633
1.051271096376024
1.054561457063071
1.057862116210227
1.06117310605052
1.038211997081825
1.04146148425197
1.044721141952699
1.047991002016633
1.051271096376024
1.054561457063071
1.057862116210227
1.06117310605052
1.064494458917859
1.04146148425197
1.044721141952699
1.047991002016633
1.051271096376024
1.054561457063071
1.057862116210227
1.06117310605052
1.064494458917859
1.067826207247359
1.044721141952699
1.047991002016633
1.051271096376024
1.054561457063071
1.057862116210227
1.06117310605052
1.064494458917859
1.067826207247359
1.071168383575651
1.047991002016633
1.051271096376024
1.054561457063071
1.057862116210227
1.06117310605052
1.064494458917859
1.067826207247359
1.071168383575651
1.074521020541201
1.051271096376024
1.054561457063071
1.057862116210227
1.06117310605052
1.064494458917859
1.067826207247359
1.071168383575651
1.074521020541201
1.077884150884632
1.003129887902739
1.006269572003762
1.009419082964071
1.012578451540634
1.015747708586686
1.018926885052026
1.022116011983326
1.025315120524429
1.028524241916654
1.006269572003762
1.009419082964071
1.012578451540634
1.015747708586686
1.018926885052026
1.022116011983326
1.025315120524429
1.028524241916654
1.031743407499103
1.009419082964071
1.012578451540634
1.015747708586686
1.018926885052026
1.022116011983326
1.025315120524429
1.028524241916654
1.031743407499103
1.034972648708965
1.012578451540634
1.015747708586686
1.018926885052026
1.022116011983326
1.025315120524429
1.028524241916654
1.031743407499103
1.034972648708965
1.038211997081825
1.015747708586686
1.018926885052026
1.022116011983326
1.025315120524429
1.028524241916654
1.031743407499103
1.034972648708965
1.038211997081825
1.04146148425197
1.018926885052026
1.022116011983326
1.025315120524429
1.028524241916654
1.031743407499103
1.034972648708965
1.038211997081825
1.04146148425197
1.044721141952699
1.022116011983326
1.025315120524429
1.028524241916654
1.031743407499103
1.034972648708965
1.038211997081825
1.04146148425197
1.044721141952699
1.047991002016633
1.025315120524429
1.028524241916654
1.031743407499103
1.034972648708965
1.038211997081825
1.04146148425197
1.044721141952699
1.047991002016633
1.051271096376024
1.028524241916654
1.031743407499103
1.034972648708965
1.038211997081825
1.04146148425197
1.044721141952699
1.047991002016633
1.051271096376024
1.054561457063071
1.006269572003762
1.009419082964071
1.012578451540634
1.015747708586686
1.018926885052026
1.022116011983326
1.025315120524429
1.028524241916654
1.031743407499103
1.009419082964071
1.012599750821752
1.015769958498254
1.018949234489838
1.022138402310395
1.02533770562444
1.028546305277626
1.031768605588544
1.034972648708965
1.012578451540634
1.015769958498254
1.01894996985884
1.022139160924501
1.025338299347739
1.028547660459419
1.031766121875906
1.034999256677634
1.038211997081825
1.015747708586686
1.018949234489838
1.022139160924501
1.025338227038833
1.028547357872978
1.031766770257859
1.034995267701779
1.03823860280721
1.04146148425197
1.018926885052026
1.022138402310395
1.02533829934774
1.028547357872978
1.03176652415688
1.034996021513565
1.038234635911901
1.041488128362269
1.044721141952699
1.022116011983326
1.02533770562444
1.028547660459419
1.031766770257859
1.034996021513565
1.038235605477958
1.041484294186937
1.044747897558093
1.047991002016633
1.025315120524429
1.028546305277626
1.031766121875906
1.034995267701779
1.038234635911901
1.041484294186937
1.044743412554739
1.048017628109024
1.051271096376024
1.028524241916654
1.031768605588544
1.034999256677633
1.03823860280721
1.041488128362269
1.044747897558093
1.048017628109024
1.051299355075601
1.054561457063071
1.031743407499103
1.034972648708965
1.038211997081825
1.04146148425197
1.044721141952699
1.047991002016633
1.051271096376024
1.054561457063071
1.057862116210227
1.009419082964071
1.012578451540634
1.015747708586686
1.018926885052026
1.022116011983326
1.025315120524429
1.028524241916654
1.031743407499103
1.034972648708965
1.012578451540634
1.015769958498254
1.01894996985884
1.022139160924501
1.02533829934774
1.028547660459419
1.031766121875906
1.034999256677634
1.038211997081825
1.015747708586686
1.01894996985884
1.022140133814193
1.025339273111908
1.028548403762535
1.031767881742429
1.034996119494726
1.038240687099289
1.04146148425197
1.018926885052026
1.022139160924501
1.025339273111908
1.02854818264385
1.031767303819105
1.03499686905501
1.038235141760067
1.041490030481712
1.044721141952699
1.022116011983326
1.02533829934774
1.028548403762535
1.031767303819105
1.0349964621009
1.038236142388396
1.041484566010566
1.044749642867701
1.047991002016633
1.025315120524429
1.028547660459419
1.031767881742429
1.03499686905501
1.038236142388396
1.041485935651204
1.04474444549593
1.048019627864192
1.051271096376024
1.028524241916654
1.031766121875906
1.034996119494726
1.038235141760067
1.041484566010566
1.04474444549593
1.04801346968081
1.051299455968944
1.054561457063071
1.031743407499103
1.034999256677634
1.038240687099289
1.041490030481712
1.0447496428677
1.048019627864193
1.051299455968944
1.054592403670887
1.057862116210227
1.034972648708965
1.038211997081825
1.04146148425197
1.044721141952699
1.047991002016633
1.051271096376024
1.054561457063071
1.057862116210227
1.06117310605052
1.012578451540634
1.015747708586686
1.018926885052026
1.022116011983326
1.025315120524429
1.028524241916654
1.031743407499103
1.034972648708965
1.038211997081825
1.015747708586686
1.018949234489838
1.022139160924501
1.025338227038833
1.028547357872978
1.031766770257859
1.034995267701779
1.03823860280721
1.04146148425197
1.018926885052026
1.022139160924501
1.025339273111908
1.028548182643849
1.031767303819105
1.03499686905501
1.038235141760067
1.041490030481712
1.044721141952699
1.022116011983326
1.025338227038833
1.028548182643849
1.031766760159933
1.034995860319852
1.038235541780181
1.0414838685995
1.044749131713256
1.047991002016633
1.025315120524429
1.028547357872978
1.031767303819105
1.034995860319852
1.038234991251089
1.041484811884196
1.044743323832951
1.048018785606931
1.051271096376024
1.028524241916654
1.031766770257859
1.03499686905501
1.038235541780181
1.041484811884196
1.044744772867161
1.048013402596377
1.051298978048558
1.054561457063071
1.031743407499103
1.034995267701779
1.038235141760067
1.0414838685995
1.044743323832951
1.048013402596377
1.05129258463446
1.054589023189176
1.057862116210227
1.034972648708965
1.03823860280721
1.041490030481712
1.044749131713257
1.048018785606931
1.051298978048558
1.054589023189175
1.057892452935915
1.06117310605052
1.038211997081825
1.04146148425197
1.044721141952699
1.047991002016633
1.051271096376024
1.054561457063071
1.057862116210227
1.06117310605052
1.064494458917859
1.015747708586686
1.018926885052026
1.022116011983326
1.025315120524429
1.028524241916654
1.031743407499103
1.034972648708965
1.038211997081825
1.04146148425197
1.018926885052026
1.022138402310395
1.02533829934774
1.028547357872978
1.03176652415688
1.034996021513565
1.038234635911901
1.041488128362269
1.044721141952699
1.022116011983326
1.02533829934774
1.028548403762535
1.031767303819105
1.0349964621009
1.038236142388396
1.041484566010566
1.0447496428677
1.047991002016633
1.025315120524429
1.028547357872978
1.031767303819105
1.034995860319853
1.038234991251089
1.041484811884196
1.04474332383295
1.048018785606931
1.051271096376024
1.028524241916654
1.03176652415688
1.0349964621009
1.038234991251089
1.041484152743727
1.044744133797406
1.048012865812546
1.051298528542116
1.054561457063071
1.031743407499103
1.034996021513565
1.038236142388396
1.041484811884197
1.044744133797406
1.048014278193773
1.051293159238586
1.054588944310495
1.057862116210227
1.034972648708965
1.038234635911901
1.041484566010566
1.044743323832951
1.048012865812546
1.051293159238586
1.05458261646876
1.057889280108862
1.06117310605052
1.038211997081825
1.041488128362269
1.044749642867701
1.048018785606931
1.051298528542116
1.054588944310495
1.057889280108862
1.061203019806958
1.064494458917859
1.04146148425197
1.044721141952699
1.047991002016633
1.051271096376024
1.054561457063071
1.057862116210227
1.06117310605052
1.064494458917859
1.067826207247359
1.018926885052026
1.022116011983326
1.025315120524429
1.028524241916654
1.031743407499103
1.034972648708965
1.038211997081825
1.04146148425197
1.044721141952699
1.022116011983326
1.02533770562444
1.028547660459419
1.031766770257859
1.034996021513565
1.038235605477958
1.041484294186937
1.044747897558093
1.047991002016633
1.025315120524429
1.028547660459419
1.031767881742429
1.03499686905501
1.038236142388396
1.041485935651204
1.04474444549593
1.048019627864192
1.051271096376024
1.028524241916654
1.031766770257859
1.03499686905501
1.038235541780181
1.041484811884196
1.044744772867162
1.048013402596377
1.051298978048558
1.054561457063071
1.031743407499103
1.034996021513565
1.038236142388396
1.041484811884196
1.044744133797406
1.048014278193773
1.051293159238586
1.054588944310495
1.057862116210227
1.034972648708965
1.038235605477958
1.041485935651204
1.044744772867162
1.048014278193773
1.051294611857984
1.054583685687279
1.057889624404281
1.06117310605052
1.038211997081825
1.041484294186937
1.04474444549593
1.048013402596377
1.051293159238586
1.054583685687279
1.057883399717153
1.061200271646366
1.064494458917859
1.04146148425197
1.044747897558093
1.048019627864193
1.051298978048558
1.054588944310495
1.057889624404281
1.061200271646366
1.06452431663335
1.067826207247359
1.044721141952699
1.047991002016633
1.051271096376024
1.054561457063071
1.057862116210227
1.06117310605052
1.064494458917859
1.067826207247359
1.071168383575651
1.022116011983326
1.025315120524429
1.028524241916654
1.031743407499103
1.034972648708965
1.038211997081825
1.04146148425197
1.044721141952699
1.047991002016633
1.025315120524429
1.028546305277626
1.031766121875906
1.03499526770178
1.038234635911902
1.041484294186936
1.044743412554739
1.048017628109024
1.051271096376024
1.028524241916654
1.031766121875906
1.034996119494727
1.038235141760067
1.041484566010566
1.04474444549593
1.04801346968081
1.051299455968944
1.054561457063071
1.031743407499103
1.034995267701779
1.038235141760067
1.0414838685995
1.04474332383295
1.048013402596377
1.05129258463446
1.054589023189175
1.057862116210227
1.034972648708965
1.038234635911901
1.041484566010566
1.044743323832951
1.048012865812546
1.051293159238586
1.05458261646876
1.057889280108862
1.06117310605052
1.038211997081825
1.041484294186937
1.04474444549593
1.048013402596377
1.051293159238586
1.054583685687279
1.057883399717152
1.061200271646366
1.064494458917859
1.04146148425197
1.044743412554739
1.04801346968081
1.051292584634461
1.05458261646876
1.057883399717153
1.061193724181099
1.064521392206255
1.067826207247359
1.044721141952699
1.048017628109024
1.051299455968944
1.054589023189176
1.057889280108863
1.061200271646366
1.064521392206255
1.067855983535976
1.071168383575651
1.047991002016633
1.051271096376024
1.054561457063071
1.057862116210227
1.06117310605052
1.064494458917859
1.067826207247359
1.071168383575651
1.074521020541201
1.025315120524429
1.028524241916654
1.031743407499103
1.034972648708965
1.038211997081825
1.04146148425197
1.044721141952699
1.047991002016633
1.051271096376024
1.028524241916654
1.031768605588544
1.034999256677633
1.03823860280721
1.041488128362269
1.044747897558093
1.048017628109024
1.051299355075601
1.054561457063071
1.031743407499103
1.034999256677633
1.038240687099289
1.041490030481712
1.044749642867701
1.048019627864192
1.051299455968944
1.054592403670887
1.057862116210227
1.034972648708965
1.03823860280721
1.041490030481712
1.044749131713257
1.048018785606931
1.051298978048558
1.054589023189176
1.057892452935915
1.06117310605052
1.038211997081825
1.041488128362269
1.0447496428677
1.048018785606932
1.051298528542116
1.054588944310495
1.057889280108862
1.061203019806958
1.064494458917859
1.04146148425197
1.044747897558093
1.048019627864193
1.051298978048558
1.054588944310495
1.05788962440428
1.061200271646366
1.06452431663335
1.067826207247359
1.044721141952699
1.048017628109024
1.051299455968944
1.054589023189176
1.057889280108862
1.061200271646366
1.064521392206255
1.067855983535976
1.071168383575651
1.047991002016633
1.051299355075601
1.054592403670887
1.057892452935915
1.061203019806958
1.06452431663335
1.067855983535975
1.071199293277152
1.074521020541201
1.051271096376024
1.054561457063071
1.057862116210227
1.06117310605052
1.064494458917859
1.067826207247359
1.071168383575651
1.074521020541201
1.077884150884632
1.028524241916654
1.031743407499103
1.034972648708965
1.038211997081825
1.04146148425197
1.044721141952699
1.047991002016633
1.051271096376024
1.054561457063071
1.031743407499103
1.034972648708965
1.038211997081825
1.04146148425197
1.044721141952699
1.047991002016633
1.051271096376024
1.054561457063071
1.057862116210227
1.034972648708965
1.038211997081825
1.04146148425197
1.044721141952699
1.047991002016633
1.051271096376024
1.054561457063071
1.057862116210227
1.06117310605052
1.038211997081825
1.04146148425197
1.044721141952699
1.047991002016633
1.051271096376024
1.054561457063071
1.057862116210227
1.06117310605052
1.064494458917859
1.04146148425197
1.044721141952699
1.047991002016633
1.051271096376024
1.054561457063071
1.057862116210227
1.06117310605052
1.064494458917859
1.067826207247359
1.044721141952699
1.047991002016633
1.051271096376024
1.054561457063071
1.057862116210227
1.06117310605052
1.064494458917859
1.067826207247359
1.071168383575651
1.047991002016633
1.051271096376024
1.054561457063071
1.057862116210227
1.06117310605052
1.064494458917859
1.067826207247359
1.071168383575651
1.074521020541201
1.051271096376024
1.054561457063071
1.057862116210227
1.06117310605052
1.064494458917859
1.067826207247359
1.071168383575651
1.074521020541201
1.077884150884632
1.054561457063071
1.057862116210227
1.06117310605052
1.064494458917859
1.067826207247359
1.071168383575651
1.074521020541201
1.077884150884632
1.08125780744904
1.006269572003762
1.009419082964071
1.012578451540634
1.015747708586686
1.018926885052026
1.022116011983326
1.025315120524429
1.028524241916654
1.031743407499103
1.009419082964071
1.012578451540634
1.015747708586686
1.018926885052026
1.022116011983326
1.025315120524429
1.028524241916654
1.031743407499103
1.034972648708965
1.012578451540634
1.015747708586686
1.018926885052026
1.022116011983326
1.025315120524429
1.028524241916654
1.031743407499103
1.034972648708965
1.038211997081825
1.015747708586686
1.018926885052026
1.022116011983326
1.025315120524429
1.028524241916654
1.031743407499103
1.034972648708965
1.038211997081825
1.04146148425197
1.018926885052026
1.022116011983326
1.025315120524429
1.028524241916654
1.031743407499103
1.034972648708965
1.038211997081825
1.04146148425197
1.044721141952699
1.022116011983326
1.025315120524429
1.028524241916654
1.031743407499103
1.034972648708965
1.038211997081825
1.04146148425197
1.044721141952699
1.047991002016633
1.025315120524429
1.028524241916654
1.031743407499103
1.034972648708965
1.038211997081825
1.04146148425197
1.044721141952699
1.047991002016633
1.051271096376024
1.028524241916654
1.031743407499103
1.034972648708965
1.038211997081825
1.04146148425197
1.044721141952699
1.047991002016633
1.051271096376024
1.054561457063071
1.031743407499103
1.034972648708965
1.038211997081825
1.04146148425197
1.044721141952699
1.047991002016633
1.051271096376024
1.054561457063071
1.057862116210227
1.009419082964071
1.012578451540634
1.015747708586686
1.018926885052026
1.022116011983326
1.025315120524429
1.028524241916654
1.031743407499103
1.034972648708965
1.012578451540634
1.015769958498254
1.01894996985884
1.022139160924501
1.02533829934774
1.028547660459419
1.031766121875906
1.034999256677634
1.038211997081825
1.015747708586686
1.01894996985884
1.022140133814193
1.025339273111908
1.028548403762535
1.031767881742429
1.034996119494727
1.03824068709929
1.04146148425197
1.018926885052026
1.022139160924501
1.025339273111908
1.028548182643849
1.031767303819105
1.03499686905501
1.038235141760067
1.041490030481712
1.044721141952699
1.022116011983326
1.025338299347739
1.028548403762535
1.031767303819105
1.0349964621009
1.038236142388396
1.041484566010566
1.0447496428677
1.047991002016633
1.025315120524429
1.028547660459419
1.031767881742429
1.03499686905501
1.038236142388395
1.041485935651205
1.04474444549593
1.048019627864193
1.051271096376024
1.028524241916654
1.031766121875906
1.034996119494726
1.038235141760067
1.041484566010566
1.04474444549593
1.04801346968081
1.051299455968944
1.054561457063071
1.031743407499103
1.034999256677634
1.038240687099289
1.041490030481712
1.0447496428677
1.048019627864193
1.051299455968944
1.054592403670887
1.057862116210227
1.034972648708965
1.038211997081825
1.04146148425197
1.044721141952699
1.047991002016633
1.051271096376024
1.054561457063071
1.057862116210227
1.06117310605052
1.012578451540634
1.015747708586686
1.018926885052026
1.022116011983326
1.025315120524429
1.028524241916654
1.031743407499103
1.034972648708965
1.038211997081825
1.015747708586686
1.01894996985884
1.022140133814193
1.025339273111908
1.028548403762535
1.031767881742429
1.034996119494727
1.03824068709929
1.04146148425197
1.018926885052026
1.022140133814193
1.025344360732928
1.028554080305774
1.031773268281236
1.035002958880314
1.038240799777524
1.041497924962975
1.044721141952699
1.022116011983326
1.025339273111908
1.028554080305774
1.031773599153096
1.035002759656831
1.038242577385819
1.041490417498195
1.044758124281261
1.047991002016633
1.025315120524429
1.028548403762535
1.031773268281236
1.035002759656831
1.038241869914044
1.041491810609804
1.044749831475154
1.048027767822485
1.051271096376024
1.028524241916654
1.031767881742429
1.035002958880314
1.038242577385819
1.041491810609804
1.044751875821117
1.04801998272523
1.051307985603157
1.054561457063071
1.031743407499103
1.034996119494727
1.038240799777524
1.041490417498195
1.044749831475154
1.04801998272523
1.051298700945572
1.054597805899731
1.057862116210227
1.034972648708965
1.038240687099289
1.041497924962975
1.044758124281261
1.048027767822485
1.051307985603157
1.054597805899731
1.057903035492607
1.06117310605052
1.038211997081825
1.04146148425197
1.044721141952699
1.047991002016633
1.051271096376024
1.054561457063071
1.057862116210227
1.06117310605052
1.064494458917859
1.015747708586686
1.018926885052026
1.022116011983326
1.025315120524429
1.028524241916654
1.031743407499103
1.034972648708965
1.038211997081825
1.04146148425197
1.018926885052026
1.022139160924501
1.025339273111908
1.028548182643849
1.031767303819105
1.03499686905501
1.038235141760067
1.041490030481712
1.044721141952699
1.022116011983326
1.025339273111908
1.028554080305775
1.031773599153096
1.035002759656831
1.038242577385819
1.041490417498195
1.044758124281261
1.047991002016633
1.025315120524429
1.028548182643849
1.031773599153096
1.03500310786059
1.038242259524023
1.041492232048033
1.044750071126474
1.048028512736601
1.051271096376024
1.028524241916654
1.031767303819105
1.035002759656831
1.038242259524023
1.041491279946219
1.044751365268457
1.048019410901965
1.051308103767675
1.054561457063071
1.031743407499103
1.03499686905501
1.038242577385819
1.041492232048032
1.044751365268457
1.048021567831453
1.051299721398152
1.054598464904112
1.057862116210227
1.034972648708965
1.038235141760067
1.041490417498195
1.044750071126474
1.048019410901965
1.051299721398152
1.054588526804594
1.057898453518801
1.06117310605052
1.038211997081825
1.041490030481712
1.04475812428126
1.048028512736601
1.051308103767675
1.054598464904112
1.057898453518801
1.061214465655138
1.064494458917859
1.04146148425197
1.044721141952699
1.047991002016633
1.051271096376024
1.054561457063071
1.057862116210227
1.06117310605052
1.064494458917859
1.067826207247359
1.018926885052026
1.022116011983326
1.025315120524429
1.028524241916654
1.031743407499103
1.034972648708965
1.038211997081825
1.04146148425197
1.044721141952699
1.022116011983326
1.025338299347739
1.028548403762535
1.031767303819105
1.0349964621009
1.038236142388395
1.041484566010566
1.0447496428677
1.047991002016633
1.025315120524429
1.028548403762535
1.031773268281236
1.035002759656831
1.038241869914044
1.041491810609804
1.044749831475154
1.048027767822485
1.051271096376024
1.028524241916654
1.031767303819105
1.035002759656831
1.038242259524023
1.041491279946219
1.044751365268457
1.048019410901965
1.051308103767675
1.054561457063071
1.031743407499103
1.0349964621009
1.038241869914044
1.041491279946219
1.044750088182058
1.048020263241986
1.051298541533248
1.054597477430943
1.057862116210227
1.034972648708965
1.038236142388396
1.041491810609804
1.044751365268456
1.048020263241986
1.051300536154655
1.054588941677078
1.057897908726444
1.06117310605052
1.038211997081825
1.041484566010566
1.044749831475154
1.048019410901965
1.051298541533249
1.054588941677078
1.057888016027515
1.061208162587963
1.064494458917859
1.04146148425197
1.0447496428677
1.048027767822485
1.051308103767675
1.054597477430943
1.057897908726444
1.061208162587963
1.064534503319944
1.067826207247359
1.044721141952699
1.047991002016633
1.051271096376024
1.054561457063071
1.057862116210227
1.06117310605052
1.064494458917859
1.067826207247359
1.071168383575651
1.022116011983326
1.025315120524429
1.028524241916654
1.031743407499103
1.034972648708965
1.038211997081825
1.04146148425197
1.044721141952699
1.047991002016633
1.025315120524429
1.028547660459419
1.031767881742428
1.03499686905501
1.038236142388395
1.041485935651205
1.04474444549593
1.048019627864193
1.051271096376024
1.028524241916654
1.031767881742429
1.035002958880314
1.03824257738582
1.041491810609804
1.044751875821117
1.04801998272523
1.051307985603156
1.054561457063071
1.031743407499103
1.03499686905501
1.038242577385819
1.041492232048033
1.044751365268457
1.048021567831454
1.051299721398152
1.054598464904112
1.057862116210227
1.034972648708965
1.038236142388395
1.041491810609804
1.044751365268457
1.048020263241986
1.051300536154655
1.054588941677078
1.057897908726444
1.06117310605052
1.038211997081825
1.041485935651205
1.044751875821117
1.048021567831454
1.051300536154655
1.054590894319995
1.057889460450703
1.06120846352076
1.064494458917859
1.04146148425197
1.04474444549593
1.04801998272523
1.051299721398152
1.054588941677078
1.057889460450702
1.06119876207882
1.064528988983272
1.067826207247359
1.044721141952699
1.048019627864192
1.051307985603157
1.054598464904112
1.057897908726444
1.06120846352076
1.064528988983272
1.067865574828204
1.071168383575651
1.047991002016633
1.051271096376024
1.054561457063071
1.057862116210227
1.06117310605052
1.064494458917859
1.067826207247359
1.071168383575651
1.074521020541201
1.025315120524429
1.028524241916654
1.031743407499103
1.034972648708965
1.038211997081825
1.04146148425197
1.044721141952699
1.047991002016633
1.051271096376024
1.028524241916654
1.031766121875906
1.034996119494727
1.038235141760067
1.041484566010566
1.04474444549593
1.04801346968081
1.051299455968944
1.054561457063071
1.031743407499103
1.034996119494727
1.038240799777524
1.041490417498195
1.044749831475154
1.04801998272523
1.051298700945572
1.054597805899731
1.057862116210227
1.034972648708965
1.038235141760067
1.041490417498195
1.044750071126474
1.048019410901965
1.051299721398152
1.054588526804594
1.057898453518801
1.06117310605052
1.038211997081825
1.041484566010566
1.044749831475154
1.048019410901965
1.051298541533248
1.054588941677078
1.057888016027516
1.061208162587962
1.064494458917859
1.04146148425197
1.04474444549593
1.04801998272523
1.051299721398152
1.054588941677078
1.057889460450703
1.061198762078819
1.064528988983272
1.067826207247359
1.044721141952699
1.04801346968081
1.051298700945572
1.054588526804594
1.057888016027516
1.06119876207882
1.064518763881846
1.067860025180003
1.071168383575651
1.047991002016633
1.051299455968944
1.054597805899731
1.057898453518801
1.061208162587962
1.064528988983272
1.067860025180003
1.071207283405184
1.074521020541201
1.051271096376024
1.054561457063071
1.057862116210227
1.06117310605052
1.064494458917859
1.067826207247359
1.071168383575651
1.074521020541201
1.077884150884632
1.028524241916654
1.031743407499103
1.034972648708965
1.038211997081825
1.04146148425197
1.044721141952699
1.047991002016633
1.051271096376024
1.054561457063071
1.031743407499103
1.034999256677634
1.03824068709929
1.041490030481712
1.044749642867701
1.048019627864193
1.051299455968944
1.054592403670887
1.057862116210227
1.034972648708965
1.03824068709929
1.041497924962975
1.04475812428126
1.048027767822485
1.051307985603157
1.054597805899731
1.057903035492607
1.06117310605052
1.038211997081825
1.041490030481712
1.04475812428126
1.048028512736601
1.051308103767675
1.054598464904112
1.057898453518801
1.061214465655138
1.064494458917859
1.04146148425197
1.0447496428677
1.048027767822485
1.051308103767675
1.054597477430943
1.057897908726444
1.061208162587963
1.064534503319944
1.067826207247359
1.044721141952699
1.048019627864192
1.051307985603157
1.054598464904112
1.057897908726444
1.06120846352076
1.064528988983272
1.067865574828204
1.071168383575651
1.047991002016633
1.051299455968944
1.054597805899731
1.057898453518801
1.061208162587963
1.064528988983272
1.067860025180002
1.071207283405184
1.074521020541201
1.051271096376024
1.054592403670887
1.057903035492607
1.061214465655138
1.064534503319944
1.067865574828204
1.071207283405184
1.074562670911389
1.077884150884632
1.054561457063071
1.057862116210227
1.06117310605052
1.064494458917859
1.067826207247359
1.071168383575651
1.074521020541201
1.077884150884632
1.08125780744904
1.031743407499103
1.034972648708965
1.038211997081825
1.04146148425197
1.044721141952699
1.047991002016633
1.051271096376024
1.054561457063071
1.057862116210227
1.034972648708965
1.038211997081825
1.04146148425197
1.044721141952699
1.047991002016633
1.051271096376024
1.054561457063071
1.057862116210227
1.06117310605052
1.038211997081825
1.04146148425197
1.044721141952699
1.047991002016633
1.051271096376024
1.054561457063071
1.057862116210227
1.06117310605052
1.064494458917859
1.04146148425197
1.044721141952699
1.047991002016633
1.051271096376024
1.054561457063071
1.057862116210227
1.06117310605052
1.064494458917859
1.067826207247359
1.044721141952699
1.047991002016633
1.051271096376024
1.054561457063071
1.057862116210227
1.06117310605052
1.064494458917859
1.067826207247359
1.071168383575651
1.047991002016633
1.051271096376024
1.054561457063071
1.057862116210227
1.06117310605052
1.064494458917859
1.067826207247359
1.071168383575651
1.074521020541201
1.051271096376024
1.054561457063071
1.057862116210227
1.06117310605052
1.064494458917859
1.067826207247359
1.071168383575651
1.074521020541201
1.077884150884632
1.054561457063071
1.057862116210227
1.06117310605052
1.064494458917859
1.067826207247359
1.071168383575651
1.074521020541201
1.077884150884632
1.08125780744904
1.057862116210227
1.06117310605052
1.064494458917859
1.067826207247359
1.071168383575651
1.074521020541201
1.077884150884632
1.08125780744904
1.084642023180317
1.009419082964071
1.012578451540634
1.015747708586686
1.018926885052026
1.022116011983326
1.025315120524429
1.028524241916654
1.031743407499103
1.034972648708965
1.012578451540634
1.015747708586686
1.018926885052026
1.022116011983326
1.025315120524429
1.028524241916654
1.031743407499103
1.034972648708965
1.038211997081825
1.015747708586686
1.018926885052026
1.022116011983326
1.025315120524429
1.028524241916654
1.031743407499103
1.034972648708965
1.038211997081825
1.04146148425197
1.018926885052026
1.022116011983326
1.025315120524429
1.028524241916654
1.031743407499103
1.034972648708965
1.038211997081825
1.04146148425197
1.044721141952699
1.022116011983326
1.025315120524429
1.028524241916654
1.031743407499103
1.034972648708965
1.038211997081825
1.04146148425197
1.044721141952699
1.047991002016633
1.025315120524429
1.028524241916654
1.031743407499103
1.034972648708965
1.038211997081825
1.04146148425197
1.044721141952699
1.047991002016633
1.051271096376024
1.028524241916654
1.031743407499103
1.034972648708965
1.038211997081825
1.04146148425197
1.044721141952699
1.047991002016633
1.051271096376024
1.054561457063071
1.031743407499103
1.034972648708965
1.038211997081825
1.04146148425197
1.044721141952699
1.047991002016633
1.051271096376024
1.054561457063071
1.057862116210227
1.034972648708965
1.038211997081825
1.04146148425197
1.044721141952699
1.047991002016633
1.051271096376024
1.054561457063071
1.057862116210227
1.06117310605052
1.012578451540634
1.015747708586686
1.018926885052026
1.022116011983326
1.025315120524429
1.028524241916654
1.031743407499103
1.034972648708965
1.038211997081825
1.015747708586686
1.018949234489838
1.022139160924501
1.025338227038833
1.028547357872978
1.031766770257859
1.034995267701779
1.03823860280721
1.04146148425197
1.018926885052026
1.022139160924501
1.025339273111908
1.028548182643849
1.031767303819105
1.03499686905501
1.038235141760067
1.041490030481712
1.044721141952699
1.022116011983326
1.025338227038834
1.028548182643849
1.031766760159933
1.034995860319852
1.038235541780181
1.0414838685995
1.044749131713257
1.047991002016633
1.025315120524429
1.028547357872978
1.031767303819105
1.034995860319853
1.038234991251089
1.041484811884197
1.044743323832951
1.048018785606931
1.051271096376024
1.028524241916654
1.031766770257859
1.03499686905501
1.038235541780181
1.041484811884196
1.044744772867162
1.048013402596377
1.051298978048559
1.054561457063071
1.031743407499103
1.034995267701779
1.038235141760067
1.0414838685995
1.044743323832951
1.048013402596377
1.05129258463446
1.054589023189175
1.057862116210227
1.034972648708965
1.03823860280721
1.041490030481712
1.044749131713257
1.048018785606931
1.051298978048559
1.054589023189175
1.057892452935915
1.06117310605052
1.038211997081825
1.04146148425197
1.044721141952699
1.047991002016633
1.051271096376024
1.054561457063071
1.057862116210227
1.06117310605052
1.064494458917859
1.015747708586686
1.018926885052026
1.022116011983326
1.025315120524429
1.028524241916654
1.031743407499103
1.034972648708965
1.038211997081825
1.04146148425197
1.018926885052026
1.022139160924501
1.025339273111908
1.028548182643849
1.031767303819105
1.03499686905501
1.038235141760067
1.041490030481712
1.044721141952699
1.022116011983326
1.025339273111908
1.028554080305775
1.031773599153096
1.035002759656831
1.03824257738582
1.041490417498195
1.04475812428126
1.047991002016633
1.025315120524429
1.028548182643849
1.031773599153096
1.03500310786059
1.038242259524022
1.041492232048033
1.044750071126474
1.048028512736601
1.051271096376024
1.028524241916654
1.031767303819105
1.035002759656831
1.038242259524022
1.041491279946219
1.044751365268457
1.048019410901965
1.051308103767675
1.054561457063071
1.031743407499103
1.03499686905501
1.038242577385819
1.041492232048032
1.044751365268457
1.048021567831454
1.051299721398152
1.054598464904112
1.057862116210227
1.034972648708965
1.038235141760067
1.041490417498195
1.044750071126474
1.048019410901965
1.051299721398152
1.054588526804593
1.057898453518801
1.06117310605052
1.038211997081825
1.041490030481712
1.04475812428126
1.048028512736601
1.051308103767675
1.054598464904112
1.057898453518801
1.061214465655138
1.064494458917859
1.04146148425197
1.044721141952699
1.047991002016633
1.051271096376024
1.054561457063071
1.057862116210227
1.06117310605052
1.064494458917859
1.067826207247359
1.018926885052026
1.022116011983326
1.025315120524429
1.028524241916654
1.031743407499103
1.034972648708965
1.038211997081825
1.04146148425197
1.044721141952699
1.022116011983326
1.025338227038833
1.02854818264385
1.031766760159933
1.034995860319852
1.038235541780181
1.041483868599501
1.044749131713257
1.047991002016633
1.025315120524429
1.02854818264385
1.031773599153096
1.03500310786059
1.038242259524023
1.041492232048033
1.044750071126474
1.048028512736601
1.051271096376024
1.028524241916654
1.031766760159933
1.03500310786059
1.038244049625715
1.041493600776848
1.0447538039383
1.048021630231819
1.051311085467922
1.054561457063071
1.031743407499103
1.034995860319852
1.038242259524022
1.041493600776848
1.044753129263949
1.048023444036626
1.051301487665673
1.054601280207524
1.057862116210227
1.034972648708965
1.038235541780181
1.041492232048032
1.0447538039383
1.048023444036627
1.051303811277275
1.054591953595062
1.0579017782417
1.06117310605052
1.038211997081825
1.041483868599501
1.044750071126474
1.048021630231819
1.051301487665673
1.054591953595062
1.057890776671096
1.061211871233876
1.064494458917859
1.04146148425197
1.044749131713257
1.048028512736601
1.051311085467922
1.054601280207525
1.0579017782417
1.061211871233876
1.064538883042946
1.067826207247359
1.044721141952699
1.047991002016633
1.051271096376024
1.054561457063071
1.057862116210227
1.06117310605052
1.064494458917859
1.067826207247359
1.071168383575651
1.022116011983326
1.025315120524429
1.028524241916654
1.031743407499103
1.034972648708965
1.038211997081825
1.04146148425197
1.044721141952699
1.047991002016633
1.025315120524429
1.028547357872978
1.031767303819105
1.034995860319852
1.038234991251089
1.041484811884196
1.04474332383295
1.048018785606931
1.051271096376024
1.028524241916654
1.031767303819105
1.035002759656831
1.038242259524023
1.041491279946219
1.044751365268457
1.048019410901965
1.051308103767675
1.054561457063071
1.031743407499103
1.034995860319852
1.038242259524022
1.041493600776848
1.044753129263949
1.048023444036626
1.051301487665673
1.054601280207524
1.057862116210227
1.034972648708965
1.038234991251089
1.041491279946219
1.044753129263949
1.048022817268078
1.051303274071516
1.054591548335662
1.057901732328578
1.06117310605052
1.038211997081825
1.041484811884196
1.044751365268457
1.048023444036626
1.051303274071516
1.054593739480516
1.057892096128367
1.061212298110378
1.064494458917859
1.04146148425197
1.044743323832951
1.048019410901965
1.051301487665673
1.054591548335662
1.057892096128367
1.061201120311934
1.064532573760525
1.067826207247359
1.044721141952699
1.048018785606931
1.051308103767675
1.054601280207525
1.057901732328578
1.061212298110378
1.064532573760525
1.067869970024818
1.071168383575651
1.047991002016633
1.051271096376024
1.054561457063071
1.057862116210227
1.06117310605052
1.064494458917859
1.067826207247359
1.071168383575651
1.074521020541201
1.025315120524429
1.028524241916654
1.031743407499103
1.034972648708965
1.038211997081825
1.04146148425197
1.044721141952699
1.047991002016633
1.051271096376024
1.028524241916654
1.031766770257859
1.03499686905501
1.038235541780181
1.041484811884196
1.044744772867162
1.048013402596377
1.051298978048558
1.054561457063071
1.031743407499103
1.03499686905501
1.038242577385819
1.041492232048033
1.044751365268457
1.048021567831453
1.051299721398152
1.054598464904112
1.057862116210227
1.034972648708965
1.038235541780181
1.041492232048032
1.0447538039383
1.048023444036627
1.051303811277275
1.054591953595062
1.0579017782417
1.06117310605052
1.038211997081825
1.041484811884196
1.044751365268456
1.048023444036627
1.051303274071516
1.054593739480516
1.057892096128367
1.061212298110378
1.064494458917859
1.04146148425197
1.044744772867161
1.048021567831453
1.051303811277276
1.054593739480516
1.057894164267032
1.061202597476241
1.06453280675685
1.067826207247359
1.044721141952699
1.048013402596377
1.051299721398152
1.054591953595062
1.057892096128367
1.061202597476241
1.06452173017592
1.06786320522237
1.071168383575651
1.047991002016633
1.051298978048558
1.054598464904112
1.0579017782417
1.061212298110378
1.06453280675685
1.067863205222369
1.071210783746723
1.074521020541201
1.051271096376024
1.054561457063071
1.057862116210227
1.06117310605052
1.064494458917859
1.067826207247359
1.071168383575651
1.074521020541201
1.077884150884632
1.028524241916654
1.031743407499103
1.034972648708965
1.038211997081825
1.04146148425197
1.044721141952699
1.047991002016633
1.051271096376024
1.054561457063071
1.031743407499103
1.034995267701779
1.038235141760067
1.0414838685995
1.04474332383295
1.048013402596377
1.05129258463446
1.054589023189176
1.057862116210227
1.034972648708965
1.038235141760067
1.041490417498195
1.044750071126474
1.048019410901965
1.051299721398152
1.054588526804594
1.057898453518801
1.06117310605052
1.038211997081825
1.0414838685995
1.044750071126474
1.048021630231819
1.051301487665673
1.054591953595063
1.057890776671096
1.061211871233876
1.064494458917859
1.04146148425197
1.04474332383295
1.048019410901965
1.051301487665673
1.054591548335662
1.057892096128367
1.061201120311934
1.064532573760525
1.067826207247359
1.044721141952699
1.048013402596377
1.051299721398152
1.054591953595062
1.057892096128367
1.061202597476241
1.06452173017592
1.067863205222369
1.071168383575651
1.047991002016633
1.05129258463446
1.054588526804593
1.057890776671096
1.061201120311934
1.06452173017592
1.06785149000531
1.071203987950529
1.074521020541201
1.051271096376024
1.054589023189175
1.057898453518801
1.061211871233876
1.064532573760525
1.06786320522237
1.07120398795053
1.074562195285341
1.077884150884632
1.054561457063071
1.057862116210227
1.06117310605052
1.064494458917859
1.067826207247359
1.071168383575651
1.074521020541201
1.077884150884632
1.08125780744904
1.031743407499103
1.034972648708965
1.038211997081825
1.04146148425197
1.044721141952699
1.047991002016633
1.051271096376024
1.054561457063071
1.057862116210227
1.034972648708965
1.03823860280721
1.041490030481712
1.044749131713257
1.048018785606931
1.051298978048558
1.054589023189175
1.057892452935915
1.06117310605052
1.038211997081825
1.041490030481712
1.04475812428126
1.048028512736601
1.051308103767675
1.054598464904112
1.057898453518801
1.061214465655138
1.064494458917859
1.04146148425197
1.044749131713257
1.048028512736601
1.051311085467922
1.054601280207524
1.0579017782417
1.061211871233876
1.064538883042946
1.067826207247359
1.044721141952699
1.048018785606931
1.051308103767675
1.054601280207524
1.057901732328578
1.061212298110378
1.064532573760525
1.067869970024818
1.071168383575651
1.047991002016633
1.051298978048558
1.054598464904112
1.0579017782417
1.061212298110378
1.06453280675685
1.067863205222369
1.071210783746723
1.074521020541201
1.051271096376024
1.054589023189175
1.057898453518801
1.061211871233876
1.064532573760525
1.06786320522237
1.07120398795053
1.074562195285341
1.077884150884632
1.054561457063071
1.057892452935915
1.061214465655138
1.064538883042945
1.067869970024818
1.071210783746723
1.074562195285341
1.077928346936244
1.08125780744904
1.057862116210227
1.06117310605052
1.064494458917859
1.067826207247359
1.071168383575651
1.074521020541201
1.077884150884632
1.08125780744904
1.084642023180317
1.034972648708965
1.038211997081825
1.04146148425197
1.044721141952699
1.047991002016633
1.051271096376024
1.054561457063071
1.057862116210227
1.06117310605052
1.038211997081825
1.04146148425197
1.044721141952699
1.047991002016633
1.051271096376024
1.054561457063071
1.057862116210227
1.06117310605052
1.064494458917859
1.04146148425197
1.044721141952699
1.047991002016633
1.051271096376024
1.054561457063071
1.057862116210227
1.06117310605052
1.064494458917859
1.067826207247359
1.044721141952699
1.047991002016633
1.051271096376024
1.054561457063071
1.057862116210227
1.06117310605052
1.064494458917859
1.067826207247359
1.071168383575651
1.047991002016633
1.051271096376024
1.054561457063071
1.057862116210227
1.06117310605052
1.064494458917859
1.067826207247359
1.071168383575651
1.074521020541201
1.051271096376024
1.054561457063071
1.057862116210227
1.06117310605052
1.064494458917859
1.067826207247359
1.071168383575651
1.074521020541201
1.077884150884632
1.054561457063071
1.057862116210227
1.06117310605052
1.064494458917859
1.067826207247359
1.071168383575651
1.074521020541201
1.077884150884632
1.08125780744904
1.057862116210227
1.06117310605052
1.064494458917859
1.067826207247359
1.071168383575651
1.074521020541201
1.077884150884632
1.08125780744904
1.084642023180317
1.06117310605052
1.064494458917859
1.067826207247359
1.071168383575651
1.074521020541201
1.077884150884632
1.08125780744904
1.084642023180317
1.088036831127471
1.012578451540634
1.015747708586686
1.018926885052026
1.022116011983326
1.025315120524429
1.028524241916654
1.031743407499103
1.034972648708965
1.038211997081825
1.015747708586686
1.018926885052026
1.022116011983326
1.025315120524429
1.028524241916654
1.031743407499103
1.034972648708965
1.038211997081825
1.04146148425197
1.018926885052026
1.022116011983326
1.025315120524429
1.028524241916654
1.031743407499103
1.034972648708965
1.038211997081825
1.04146148425197
1.044721141952699
1.022116011983326
1.025315120524429
1.028524241916654
1.031743407499103
1.034972648708965
1.038211997081825
1.04146148425197
1.044721141952699
1.047991002016633
1.025315120524429
1.028524241916654
1.031743407499103
1.034972648708965
1.038211997081825
1.04146148425197
1.044721141952699
1.047991002016633
1.051271096376024
1.028524241916654
1.031743407499103
1.034972648708965
1.038211997081825
1.04146148425197
1.044721141952699
1.047991002016633
1.051271096376024
1.054561457063071
1.031743407499103
1.034972648708965
1.038211997081825
1.04146148425197
1.044721141952699
1.047991002016633
1.051271096376024
1.054561457063071
1.057862116210227
1.034972648708965
1.038211997081825
1.04146148425197
1.044721141952699
1.047991002016633
1.051271096376024
1.054561457063071
1.057862116210227
1.06117310605052
1.038211997081825
1.04146148425197
1.044721141952699
1.047991002016633
1.051271096376024
1.054561457063071
1.057862116210227
1.06117310605052
1.064494458917859
1.015747708586686
1.018926885052026
1.022116011983326
1.025315120524429
1.028524241916654
1.031743407499103
1.034972648708965
1.038211997081825
1.04146148425197
1.018926885052026
1.022138402310395
1.02533829934774
1.028547357872978
1.03176652415688
1.034996021513565
1.038234635911902
1.041488128362269
1.044721141952699
1.022116011983326
1.02533829934774
1.028548403762535
1.031767303819105
1.0349964621009
1.038236142388395
1.041484566010566
1.044749642867701
1.047991002016633
1.025315120524429
1.028547357872978
1.031767303819105
1.034995860319852
1.038234991251089
1.041484811884196
1.04474332383295
1.048018785606932
1.051271096376024
1.028524241916654
1.03176652415688
1.0349964621009
1.038234991251089
1.041484152743727
1.044744133797406
1.048012865812546
1.051298528542116
1.054561457063071
1.031743407499103
1.034996021513565
1.038236142388396
1.041484811884196
1.044744133797406
1.048014278193773
1.051293159238586
1.054588944310495
1.057862116210227
1.034972648708965
1.038234635911902
1.041484566010566
1.04474332383295
1.048012865812546
1.051293159238586
1.05458261646876
1.057889280108863
1.06117310605052
1.038211997081825
1.041488128362269
1.0447496428677
1.048018785606931
1.051298528542117
1.054588944310495
1.057889280108863
1.061203019806958
1.064494458917859
1.04146148425197
1.044721141952699
1.047991002016633
1.051271096376024
1.054561457063071
1.057862116210227
1.06117310605052
1.064494458917859
1.067826207247359
1.018926885052026
1.022116011983326
1.025315120524429
1.028524241916654
1.031743407499103
1.034972648708965
1.038211997081825
1.04146148425197
1.044721141952699
1.022116011983326
1.02533829934774
1.028548403762535
1.031767303819105
1.0349964621009
1.038236142388396
1.041484566010566
1.0447496428677
1.047991002016633
1.025315120524429
1.028548403762535
1.031773268281236
1.035002759656831
1.038241869914044
1.041491810609804
1.044749831475154
1.048027767822485
1.051271096376024
1.028524241916654
1.031767303819105
1.035002759656832
1.038242259524022
1.041491279946219
1.044751365268457
1.048019410901965
1.051308103767675
1.054561457063071
1.031743407499103
1.0349964621009
1.038241869914044
1.041491279946219
1.044750088182057
1.048020263241986
1.051298541533249
1.054597477430943
1.057862116210227
1.034972648708965
1.038236142388396
1.041491810609804
1.044751365268457
1.048020263241986
1.051300536154655
1.054588941677078
1.057897908726444
1.06117310605052
1.038211997081825
1.041484566010566
1.044749831475154
1.048019410901965
1.051298541533248
1.054588941677078
1.057888016027516
1.061208162587963
1.064494458917859
1.04146148425197
1.0447496428677
1.048027767822485
1.051308103767675
1.054597477430943
1.057897908726443
1.061208162587962
1.064534503319944
1.067826207247359
1.044721141952699
1.047991002016633
1.051271096376024
1.054561457063071
1.057862116210227
1.06117310605052
1.064494458917859
1.067826207247359
1.071168383575651
1.022116011983326
1.025315120524429
1.028524241916654
1.031743407499103
1.034972648708965
1.038211997081825
1.04146148425197
1.044721141952699
1.047991002016633
1.025315120524429
1.028547357872978
1.031767303819105
1.034995860319853
1.038234991251089
1.041484811884196
1.04474332383295
1.048018785606931
1.051271096376024
1.028524241916654
1.031767303819105
1.035002759656831
1.038242259524023
1.041491279946219
1.044751365268457
1.048019410901965
1.051308103767675
1.054561457063071
1.031743407499103
1.034995860319853
1.038242259524023
1.041493600776848
1.044753129263949
1.048023444036627
1.051301487665673
1.054601280207525
1.057862116210227
1.034972648708965
1.038234991251089
1.041491279946219
1.044753129263949
1.048022817268078
1.051303274071516
1.054591548335662
1.057901732328578
1.06117310605052
1.038211997081825
1.041484811884196
1.044751365268456
1.048023444036627
1.051303274071516
1.054593739480516
1.057892096128367
1.061212298110378
1.064494458917859
1.04146148425197
1.044743323832951
1.048019410901965
1.051301487665673
1.054591548335662
1.057892096128367
1.061201120311934
1.064532573760525
1.067826207247359
1.044721141952699
1.048018785606931
1.051308103767675
1.054601280207525
1.057901732328578
1.061212298110378
1.064532573760525
1.067869970024818
1.071168383575651
1.047991002016633
1.051271096376024
1.054561457063071
1.057862116210227
1.06117310605052
1.064494458917859
1.067826207247359
1.071168383575651
1.074521020541201
1.025315120524429
1.028524241916654
1.031743407499103
1.034972648708965
1.038211997081825
1.04146148425197
1.044721141952699
1.047991002016633
1.051271096376024
1.028524241916654
1.03176652415688
1.0349964621009
1.038234991251089
1.041484152743727
1.044744133797406
1.048012865812546
1.051298528542116
1.054561457063071
1.031743407499103
1.0349964621009
1.038241869914044
1.041491279946219
1.044750088182058
1.048020263241986
1.051298541533249
1.054597477430943
1.057862116210227
1.034972648708965
1.038234991251089
1.041491279946219
1.044753129263949
1.048022817268078
1.051303274071516
1.054591548335662
1.057901732328578
1.06117310605052
1.038211997081825
1.041484152743727
1.044750088182058
1.048022817268078
1.051303495747098
1.054594410100971
1.05789295977492
1.061213695485312
1.064494458917859
1.04146148425197
1.044744133797406
1.048020263241986
1.051303274071516
1.054594410100971
1.057895472490118
1.061204100367018
1.064534897431086
1.067826207247359
1.044721141952699
1.048012865812546
1.051298541533249
1.054591548335662
1.05789295977492
1.061204100367018
1.064523348841505
1.067865377680576
1.071168383575651
1.047991002016633
1.051298528542116
1.054597477430943
1.057901732328578
1.061213695485312
1.064534897431086
1.067865377680576
1.071213227962347
1.074521020541201
1.051271096376024
1.054561457063071
1.057862116210227
1.06117310605052
1.064494458917859
1.067826207247359
1.071168383575651
1.074521020541201
1.077884150884632
1.028524241916654
1.031743407499103
1.034972648708965
1.038211997081825
1.04146148425197
1.044721141952699
1.047991002016633
1.051271096376024
1.054561457063071
1.031743407499103
1.034996021513565
1.038236142388395
1.041484811884196
1.044744133797406
1.048014278193773
1.051293159238586
1.054588944310495
1.057862116210227
1.034972648708965
1.038236142388396
1.041491810609803
1.044751365268456
1.048020263241986
1.051300536154655
1.054588941677078
1.057897908726444
1.06117310605052
1.038211997081825
1.041484811884196
1.044751365268456
1.048023444036627
1.051303274071516
1.054593739480516
1.057892096128367
1.061212298110378
1.064494458917859
1.04146148425197
1.044744133797406
1.048020263241986
1.051303274071516
1.054594410100971
1.057895472490119
1.061204100367018
1.064534897431086
1.067826207247359
1.044721141952699
1.048014278193773
1.051300536154655
1.054593739480516
1.057895472490119
1.061206857622383
1.064525610627105
1.067866518219087
1.071168383575651
1.047991002016633
1.051293159238586
1.054588941677078
1.057892096128367
1.061204100367018
1.064525610627105
1.067855015904487
1.071207178634511
1.074521020541201
1.051271096376024
1.054588944310495
1.057897908726444
1.061212298110378
1.064534897431086
1.067866518219087
1.071207178634511
1.074565224375514
1.077884150884632
1.054561457063071
1.057862116210227
1.06117310605052
1.064494458917859
1.067826207247359
1.071168383575651
1.074521020541201
1.077884150884632
1.08125780744904
1.031743407499103
1.034972648708965
1.038211997081825
1.04146148425197
1.044721141952699
1.047991002016633
1.051271096376024
1.054561457063071
1.057862116210227
1.034972648708965
1.038234635911902
1.041484566010566
1.044743323832951
1.048012865812546
1.051293159238586
1.05458261646876
1.057889280108863
1.06117310605052
1.038211997081825
1.041484566010566
1.044749831475154
1.048019410901965
1.051298541533249
1.054588941677078
1.057888016027515
1.061208162587962
1.064494458917859
1.04146148425197
1.044743323832951
1.048019410901965
1.051301487665673
1.054591548335662
1.057892096128367
1.061201120311934
1.064532573760525
1.067826207247359
1.044721141952699
1.048012865812546
1.051298541533249
1.054591548335662
1.05789295977492
1.061204100367018
1.064523348841505
1.067865377680576
1.071168383575651
1.047991002016633
1.051293159238586
1.054588941677078
1.057892096128367
1.061204100367018
1.064525610627105
1.067855015904487
1.071207178634511
1.074521020541201
1.051271096376024
1.05458261646876
1.057888016027515
1.061201120311934
1.064523348841505
1.067855015904487
1.071194985749734
1.074558139697438
1.077884150884632
1.054561457063071
1.057889280108863
1.061208162587962
1.064532573760525
1.067865377680576
1.071207178634511
1.074558139697438
1.077926727867735
1.08125780744904
1.057862116210227
1.06117310605052
1.064494458917859
1.067826207247359
1.071168383575651
1.074521020541201
1.077884150884632
1.08125780744904
1.084642023180317
1.034972648708965
1.038211997081825
1.04146148425197
1.044721141952699
1.047991002016633
1.051271096376024
1.054561457063071
1.057862116210227
1.06117310605052
1.038211997081825
1.041488128362269
1.0447496428677
1.048018785606931
1.051298528542117
1.054588944310495
1.057889280108863
1.061203019806958
1.064494458917859
1.04146148425197
1.0447496428677
1.048027767822485
1.051308103767675
1.054597477430943
1.057897908726444
1.061208162587963
1.064534503319944
1.067826207247359
1.044721141952699
1.048018785606932
1.051308103767675
1.054601280207525
1.057901732328578
1.061212298110378
1.064532573760525
1.067869970024818
1.071168383575651
1.047991002016633
1.051298528542116
1.054597477430943
1.057901732328578
1.061213695485312
1.064534897431086
1.067865377680576
1.071213227962347
1.074521020541201
1.051271096376024
1.054588944310495
1.057897908726444
1.061212298110378
1.064534897431086
1.067866518219087
1.071207178634511
1.074565224375514
1.077884150884632
1.054561457063071
1.057889280108862
1.061208162587963
1.064532573760525
1.067865377680576
1.071207178634511
1.074558139697438
1.077926727867735
1.08125780744904
1.057862116210227
1.061203019806958
1.064534503319944
1.067869970024818
1.071213227962347
1.074565224375515
1.077926727867735
1.08130304835654
1.084642023180317
1.06117310605052
1.064494458917859
1.067826207247359
1.071168383575651
1.074521020541201
1.077884150884632
1.08125780744904
1.084642023180317
1.088036831127471
1.038211997081825
1.04146148425197
1.044721141952699
1.047991002016633
1.051271096376024
1.054561457063071
1.057862116210227
1.06117310605052
1.064494458917859
1.04146148425197
1.044721141952699
1.047991002016633
1.051271096376024
1.054561457063071
1.057862116210227
1.06117310605052
1.064494458917859
1.067826207247359
1.044721141952699
1.047991002016633
1.051271096376024
1.054561457063071
1.057862116210227
1.06117310605052
1.064494458917859
1.067826207247359
1.071168383575651
1.047991002016633
1.051271096376024
1.054561457063071
1.057862116210227
1.06117310605052
1.064494458917859
1.067826207247359
1.071168383575651
1.074521020541201
1.051271096376024
1.054561457063071
1.057862116210227
1.06117310605052
1.064494458917859
1.067826207247359
1.071168383575651
1.074521020541201
1.077884150884632
1.054561457063071
1.057862116210227
1.06117310605052
1.064494458917859
1.067826207247359
1.071168383575651
1.074521020541201
1.077884150884632
1.08125780744904
1.057862116210227
1.06117310605052
1.064494458917859
1.067826207247359
1.071168383575651
1.074521020541201
1.077884150884632
1.08125780744904
1.084642023180317
1.06117310605052
1.064494458917859
1.067826207247359
1.071168383575651
1.074521020541201
1.077884150884632
1.08125780744904
1.084642023180317
1.088036831127471
1.064494458917859
1.067826207247359
1.071168383575651
1.074521020541201
1.077884150884632
1.08125780744904
1.084642023180317
1.088036831127471
1.091442264442952
1.015747708586686
1.018926885052026
1.022116011983326
1.025315120524429
1.028524241916654
1.031743407499103
1.034972648708965
1.038211997081825
1.04146148425197
1.018926885052026
1.022116011983326
1.025315120524429
1.028524241916654
1.031743407499103
1.034972648708965
1.038211997081825
1.04146148425197
1.044721141952699
1.022116011983326
1.025315120524429
1.028524241916654
1.031743407499103
1.034972648708965
1.038211997081825
1.04146148425197
1.044721141952699
1.047991002016633
1.025315120524429
1.028524241916654
1.031743407499103
1.034972648708965
1.038211997081825
1.04146148425197
1.044721141952699
1.047991002016633
1.051271096376024
1.028524241916654
1.031743407499103
1.034972648708965
1.038211997081825
1.04146148425197
1.044721141952699
1.047991002016633
1.051271096376024
1.054561457063071
1.031743407499103
1.034972648708965
1.038211997081825
1.04146148425197
1.044721141952699
1.047991002016633
1.051271096376024
1.054561457063071
1.057862116210227
1.034972648708965
1.038211997081825
1.04146148425197
1.044721141952699
1.047991002016633
1.051271096376024
1.054561457063071
1.057862116210227
1.06117310605052
1.038211997081825
1.04146148425197
1.044721141952699
1.047991002016633
1.051271096376024
1.054561457063071
1.057862116210227
1.06117310605052
1.064494458917859
1.04146148425197
1.044721141952699
1.047991002016633
1.051271096376024
1.054561457063071
1.057862116210227
1.06117310605052
1.064494458917859
1.067826207247359
1.018926885052026
1.022116011983326
1.025315120524429
1.028524241916654
1.031743407499103
1.034972648708965
1.038211997081825
1.04146148425197
1.044721141952699
1.022116011983326
1.02533770562444
1.028547660459419
1.031766770257859
1.034996021513565
1.038235605477958
1.041484294186936
1.044747897558093
1.047991002016633
1.025315120524429
1.028547660459419
1.031767881742429
1.03499686905501
1.038236142388396
1.041485935651205
1.04474444549593
1.048019627864193
1.051271096376024
1.028524241916654
1.031766770257859
1.03499686905501
1.038235541780181
1.041484811884196
1.044744772867161
1.048013402596377
1.051298978048558
1.054561457063071
1.031743407499103
1.034996021513565
1.038236142388396
1.041484811884196
1.044744133797406
1.048014278193773
1.051293159238586
1.054588944310495
1.057862116210227
1.034972648708965
1.038235605477958
1.041485935651205
1.044744772867161
1.048014278193773
1.051294611857984
1.054583685687279
1.057889624404281
1.06117310605052
1.038211997081825
1.041484294186937
1.04474444549593
1.048013402596377
1.051293159238586
1.054583685687279
1.057883399717153
1.061200271646366
1.064494458917859
1.04146148425197
1.044747897558093
1.048019627864192
1.051298978048558
1.054588944310495
1.057889624404281
1.061200271646366
1.06452431663335
1.067826207247359
1.044721141952699
1.047991002016633
1.051271096376024
1.054561457063071
1.057862116210227
1.06117310605052
1.064494458917859
1.067826207247359
1.071168383575651
1.022116011983326
1.025315120524429
1.028524241916654
1.031743407499103
1.034972648708965
1.038211997081825
1.04146148425197
1.044721141952699
1.047991002016633
1.025315120524429
1.028547660459419
1.031767881742429
1.03499686905501
1.038236142388396
1.041485935651205
1.04474444549593
1.048019627864192
1.051271096376024
1.028524241916654
1.031767881742429
1.035002958880314
1.03824257738582
1.041491810609804
1.044751875821117
1.04801998272523
1.051307985603157
1.054561457063071
1.031743407499103
1.03499686905501
1.03824257738582
1.041492232048033
1.044751365268457
1.048021567831454
1.051299721398152
1.054598464904112
1.057862116210227
1.034972648708965
1.038236142388396
1.041491810609804
1.044751365268456
1.048020263241986
1.051300536154655
1.054588941677078
1.057897908726444
1.06117310605052
1.038211997081825
1.041485935651204
1.044751875821117
1.048021567831453
1.051300536154655
1.054590894319995
1.057889460450702
1.06120846352076
1.064494458917859
1.04146148425197
1.04474444549593
1.04801998272523
1.051299721398153
1.054588941677078
1.057889460450702
1.061198762078819
1.064528988983272
1.067826207247359
1.044721141952699
1.048019627864192
1.051307985603157
1.054598464904112
1.057897908726444
1.06120846352076
1.064528988983272
1.067865574828204
1.071168383575651
1.047991002016633
1.051271096376024
1.054561457063071
1.057862116210227
1.06117310605052
1.064494458917859
1.067826207247359
1.071168383575651
1.074521020541201
1.025315120524429
1.028524241916654
1.031743407499103
1.034972648708965
1.038211997081825
1.04146148425197
1.044721141952699
1.047991002016633
1.051271096376024
1.028524241916654
1.031766770257859
1.03499686905501
1.038235541780181
1.041484811884196
1.044744772867161
1.048013402596377
1.051298978048558
1.054561457063071
1.031743407499103
1.03499686905501
1.038242577385819
1.041492232048033
1.044751365268457
1.048021567831454
1.051299721398152
1.054598464904112
1.057862116210227
1.034972648708965
1.038235541780181
1.041492232048033
1.0447538039383
1.048023444036627
1.051303811277276
1.054591953595063
1.0579017782417
1.06117310605052
1.038211997081825
1.041484811884196
1.044751365268457
1.048023444036627
1.051303274071516
1.054593739480517
1.057892096128367
1.061212298110378
1.064494458917859
1.04146148425197
1.044744772867162
1.048021567831453
1.051303811277275
1.054593739480517
1.057894164267033
1.061202597476241
1.06453280675685
1.067826207247359
1.044721141952699
1.048013402596377
1.051299721398152
1.054591953595062
1.057892096128367
1.061202597476241
1.06452173017592
1.067863205222369
1.071168383575651
1.047991002016633
1.051298978048558
1.054598464904112
1.0579017782417
1.061212298110378
1.06453280675685
1.067863205222369
1.071210783746723
1.074521020541201
1.051271096376024
1.054561457063071
1.057862116210227
1.06117310605052
1.064494458917859
1.067826207247359
1.071168383575651
1.074521020541201
1.077884150884632
1.028524241916654
1.031743407499103
1.034972648708965
1.038211997081825
1.04146148425197
1.044721141952699
1.047991002016633
1.051271096376024
1.054561457063071
1.031743407499103
1.034996021513565
1.038236142388396
1.041484811884196
1.044744133797406
1.048014278193773
1.051293159238586
1.054588944310495
1.057862116210227
1.034972648708965
1.038236142388396
1.041491810609804
1.044751365268457
1.048020263241986
1.051300536154655
1.054588941677078
1.057897908726444
1.06117310605052
1.038211997081825
1.041484811884196
1.044751365268456
1.048023444036626
1.051303274071516
1.054593739480517
1.057892096128367
1.061212298110378
1.064494458917859
1.04146148425197
1.044744133797406
1.048020263241986
1.051303274071516
1.054594410100971
1.057895472490119
1.061204100367019
1.064534897431086
1.067826207247359
1.044721141952699
1.048014278193773
1.051300536154655
1.054593739480516
1.057895472490119
1.061206857622383
1.064525610627105
1.067866518219087
1.071168383575651
1.047991002016633
1.051293159238586
1.054588941677078
1.057892096128367
1.061204100367019
1.064525610627105
1.067855015904487
1.071207178634511
1.074521020541201
1.051271096376024
1.054588944310495
1.057897908726444
1.061212298110378
1.064534897431086
1.067866518219087
1.071207178634511
1.074565224375514
1.077884150884632
1.054561457063071
1.057862116210227
1.06117310605052
1.064494458917859
1.067826207247359
1.071168383575651
1.074521020541201
1.077884150884632
1.08125780744904
1.031743407499103
1.034972648708965
1.038211997081825
1.04146148425197
1.044721141952699
1.047991002016633
1.051271096376024
1.054561457063071
1.057862116210227
1.034972648708965
1.038235605477958
1.041485935651205
1.044744772867161
1.048014278193773
1.051294611857984
1.054583685687279
1.057889624404281
1.06117310605052
1.038211997081825
1.041485935651205
1.044751875821117
1.048021567831453
1.051300536154655
1.054590894319995
1.057889460450702
1.061208463520759
1.064494458917859
1.04146148425197
1.044744772867161
1.048021567831454
1.051303811277275
1.054593739480516
1.057894164267033
1.061202597476241
1.06453280675685
1.067826207247359
1.044721141952699
1.048014278193773
1.051300536154655
1.054593739480516
1.057895472490119
1.061206857622384
1.064525610627105
1.067866518219087
1.071168383575651
1.047991002016633
1.051294611857984
1.054590894319995
1.057894164267033
1.061206857622384
1.064529167939833
1.067858301133624
1.071209504152155
1.074521020541201
1.051271096376024
1.054583685687279
1.057889460450702
1.061202597476241
1.064525610627105
1.067858301133624
1.071198261660721
1.074560843875319
1.077884150884632
1.054561457063071
1.057889624404281
1.06120846352076
1.06453280675685
1.067866518219087
1.071209504152155
1.074560843875319
1.077929275577336
1.08125780744904
1.057862116210227
1.06117310605052
1.064494458917859
1.067826207247359
1.071168383575651
1.074521020541201
1.077884150884632
1.08125780744904
1.084642023180317
1.034972648708965
1.038211997081825
1.04146148425197
1.044721141952699
1.047991002016633
1.051271096376024
1.054561457063071
1.057862116210227
1.06117310605052
1.038211997081825
1.041484294186936
1.04474444549593
1.048013402596377
1.051293159238586
1.054583685687279
1.057883399717153
1.061200271646366
1.064494458917859
1.04146148425197
1.04474444549593
1.04801998272523
1.051299721398152
1.054588941677078
1.057889460450703
1.061198762078819
1.064528988983272
1.067826207247359
1.044721141952699
1.048013402596377
1.051299721398152
1.054591953595062
1.057892096128367
1.061202597476241
1.06452173017592
1.067863205222369
1.071168383575651
1.047991002016633
1.051293159238586
1.054588941677078
1.057892096128367
1.061204100367018
1.064525610627105
1.067855015904487
1.071207178634511
1.074521020541201
1.051271096376024
1.054583685687279
1.057889460450702
1.061202597476241
1.064525610627105
1.067858301133624
1.071198261660722
1.074560843875319
1.077884150884632
1.054561457063071
1.057883399717153
1.061198762078819
1.06452173017592
1.067855015904487
1.071198261660721
1.074549114366671
1.077922926506871
1.08125780744904
1.057862116210227
1.061200271646366
1.064528988983272
1.06786320522237
1.071207178634511
1.07456084387532
1.077922926506871
1.081302109825415
1.084642023180317
1.06117310605052
1.064494458917859
1.067826207247359
1.071168383575651
1.074521020541201
1.077884150884632
1.08125780744904
1.084642023180317
1.088036831127471
1.038211997081825
1.04146148425197
1.044721141952699
1.047991002016633
1.051271096376024
1.054561457063071
1.057862116210227
1.06117310605052
1.064494458917859
1.04146148425197
1.044747897558093
1.048019627864193
1.051298978048558
1.054588944310495
1.057889624404281
1.061200271646366
1.06452431663335
1.067826207247359
1.044721141952699
1.048019627864193
1.051307985603157
1.054598464904112
1.057897908726444
1.06120846352076
1.064528988983272
1.067865574828204
1.071168383575651
1.047991002016633
1.051298978048558
1.054598464904112
1.0579017782417
1.061212298110378
1.06453280675685
1.06786320522237
1.071210783746723
1.074521020541201
1.051271096376024
1.054588944310495
1.057897908726444
1.061212298110378
1.064534897431086
1.067866518219087
1.071207178634511
1.074565224375515
1.077884150884632
1.054561457063071
1.057889624404281
1.06120846352076
1.06453280675685
1.067866518219087
1.071209504152155
1.074560843875319
1.077929275577336
1.08125780744904
1.057862116210227
1.061200271646366
1.064528988983272
1.06786320522237
1.071207178634511
1.074560843875319
1.077922926506871
1.081302109825415
1.084642023180317
1.06117310605052
1.06452431663335
1.067865574828203
1.071210783746723
1.074565224375515
1.077929275577336
1.081302109825415
1.084689004943384
1.088036831127471
1.064494458917859
1.067826207247359
1.071168383575651
1.074521020541201
1.077884150884632
1.08125780744904
1.084642023180317
1.088036831127471
1.091442264442952
1.04146148425197
1.044721141952699
1.047991002016633
1.051271096376024
1.054561457063071
1.057862116210227
1.06117310605052
1.064494458917859
1.067826207247359
1.044721141952699
1.047991002016633
1.051271096376024
1.054561457063071
1.057862116210227
1.06117310605052
1.064494458917859
1.067826207247359
1.071168383575651
1.047991002016633
1.051271096376024
1.054561457063071
1.057862116210227
1.06117310605052
1.064494458917859
1.067826207247359
1.071168383575651
1.074521020541201
1.051271096376024
1.054561457063071
1.057862116210227
1.06117310605052
1.064494458917859
1.067826207247359
1.071168383575651
1.074521020541201
1.077884150884632
1.054561457063071
1.057862116210227
1.06117310605052
1.064494458917859
1.067826207247359
1.071168383575651
1.074521020541201
1.077884150884632
1.08125780744904
1.057862116210227
1.06117310605052
1.064494458917859
1.067826207247359
1.071168383575651
1.074521020541201
1.077884150884632
1.08125780744904
1.084642023180317
1.06117310605052
1.064494458917859
1.067826207247359
1.071168383575651
1.074521020541201
1.077884150884632
1.08125780744904
1.084642023180317
1.088036831127471
1.064494458917859
1.067826207247359
1.071168383575651
1.074521020541201
1.077884150884632
1.08125780744904
1.084642023180317
1.088036831127471
1.091442264442952
1.067826207247359
1.071168383575651
1.074521020541201
1.077884150884632
1.08125780744904
1.084642023180317
1.088036831127471
1.091442264442952
1.09485835638297
1.018926885052026
1.022116011983326
1.025315120524429
1.028524241916654
1.031743407499103
1.034972648708965
1.038211997081825
1.04146148425197
1.044721141952699
1.022116011983326
1.025315120524429
1.028524241916654
1.031743407499103
1.034972648708965
1.038211997081825
1.04146148425197
1.044721141952699
1.047991002016633
1.025315120524429
1.028524241916654
1.031743407499103
1.034972648708965
1.038211997081825
1.04146148425197
1.044721141952699
1.047991002016633
1.051271096376024
1.028524241916654
1.031743407499103
1.034972648708965
1.038211997081825
1.04146148425197
1.044721141952699
1.047991002016633
1.051271096376024
1.054561457063071
1.031743407499103
1.034972648708965
1.038211997081825
1.04146148425197
1.044721141952699
1.047991002016633
1.051271096376024
1.054561457063071
1.057862116210227
1.034972648708965
1.038211997081825
1.04146148425197
1.044721141952699
1.047991002016633
1.051271096376024
1.054561457063071
1.057862116210227
1.06117310605052
1.038211997081825
1.04146148425197
1.044721141952699
1.047991002016633
1.051271096376024
1.054561457063071
1.057862116210227
1.06117310605052
1.064494458917859
1.04146148425197
1.044721141952699
1.047991002016633
1.051271096376024
1.054561457063071
1.057862116210227
1.06117310605052
1.064494458917859
1.067826207247359
1.044721141952699
1.047991002016633
1.051271096376024
1.054561457063071
1.057862116210227
1.06117310605052
1.064494458917859
1.067826207247359
1.071168383575651
1.022116011983326
1.025315120524429
1.028524241916654
1.031743407499103
1.034972648708965
1.038211997081825
1.04146148425197
1.044721141952699
1.047991002016633
1.025315120524429
1.028546305277626
1.031766121875906
1.034995267701779
1.038234635911901
1.041484294186937
1.044743412554739
1.048017628109024
1.051271096376024
1.028524241916654
1.031766121875906
1.034996119494726
1.038235141760067
1.041484566010566
1.04474444549593
1.04801346968081
1.051299455968944
1.054561457063071
1.031743407499103
1.034995267701779
1.038235141760067
1.0414838685995
1.044743323832951
1.048013402596377
1.05129258463446
1.054589023189176
1.057862116210227
1.034972648708965
1.038234635911901
1.041484566010566
1.044743323832951
1.048012865812546
1.051293159238586
1.05458261646876
1.057889280108863
1.06117310605052
1.038211997081825
1.041484294186936
1.04474444549593
1.048013402596377
1.051293159238586
1.054583685687279
1.057883399717153
1.061200271646366
1.064494458917859
1.04146148425197
1.044743412554739
1.04801346968081
1.05129258463446
1.05458261646876
1.057883399717153
1.061193724181099
1.064521392206255
1.067826207247359
1.044721141952699
1.048017628109024
1.051299455968944
1.054589023189175
1.057889280108862
1.061200271646366
1.064521392206255
1.067855983535976
1.071168383575651
1.047991002016633
1.051271096376024
1.054561457063071
1.057862116210227
1.06117310605052
1.064494458917859
1.067826207247359
1.071168383575651
1.074521020541201
1.025315120524429
1.028524241916654
1.031743407499103
1.034972648708965
1.038211997081825
1.04146148425197
1.044721141952699
1.047991002016633
1.051271096376024
1.028524241916654
1.031766121875906
1.034996119494726
1.038235141760067
1.041484566010566
1.04474444549593
1.04801346968081
1.051299455968944
1.054561457063071
1.031743407499103
1.034996119494727
1.038240799777524
1.041490417498195
1.044749831475154
1.04801998272523
1.051298700945572
1.054597805899731
1.057862116210227
1.034972648708965
1.038235141760067
1.041490417498195
1.044750071126474
1.048019410901965
1.051299721398153
1.054588526804594
1.057898453518801
1.06117310605052
1.038211997081825
1.041484566010566
1.044749831475154
1.048019410901965
1.051298541533249
1.054588941677078
1.057888016027516
1.061208162587962
1.064494458917859
1.04146148425197
1.04474444549593
1.04801998272523
1.051299721398152
1.054588941677078
1.057889460450703
1.06119876207882
1.064528988983272
1.067826207247359
1.044721141952699
1.04801346968081
1.051298700945572
1.054588526804594
1.057888016027515
1.061198762078819
1.064518763881846
1.067860025180003
1.071168383575651
1.047991002016633
1.051299455968944
1.054597805899731
1.057898453518801
1.061208162587962
1.064528988983272
1.067860025180003
1.071207283405184
1.074521020541201
1.051271096376024
1.054561457063071
1.057862116210227
1.06117310605052
1.064494458917859
1.067826207247359
1.071168383575651
1.074521020541201
1.077884150884632
1.028524241916654
1.031743407499103
1.034972648708965
1.038211997081825
1.04146148425197
1.044721141952699
1.047991002016633
1.051271096376024
1.054561457063071
1.031743407499103
1.034995267701779
1.038235141760067
1.0414838685995
1.044743323832951
1.048013402596377
1.05129258463446
1.054589023189176
1.057862116210227
1.034972648708965
1.038235141760067
1.041490417498195
1.044750071126474
1.048019410901965
1.051299721398152
1.054588526804593
1.057898453518801
1.06117310605052
1.038211997081825
1.0414838685995
1.044750071126474
1.048021630231819
1.051301487665673
1.054591953595062
1.057890776671096
1.061211871233876
1.064494458917859
1.04146148425197
1.044743323832951
1.048019410901965
1.051301487665673
1.054591548335662
1.057892096128367
1.061201120311934
1.064532573760525
1.067826207247359
1.044721141952699
1.048013402596377
1.051299721398152
1.054591953595063
1.057892096128367
1.061202597476241
1.06452173017592
1.06786320522237
1.071168383575651
1.047991002016633
1.05129258463446
1.054588526804594
1.057890776671096
1.061201120311934
1.06452173017592
1.06785149000531
1.07120398795053
1.074521020541201
1.051271096376024
1.054589023189175
1.057898453518801
1.061211871233876
1.064532573760525
1.06786320522237
1.07120398795053
1.074562195285341
1.077884150884632
1.054561457063071
1.057862116210227
1.06117310605052
1.064494458917859
1.067826207247359
1.071168383575651
1.074521020541201
1.077884150884632
1.08125780744904
1.031743407499103
1.034972648708965
1.038211997081825
1.04146148425197
1.044721141952699
1.047991002016633
1.051271096376024
1.054561457063071
1.057862116210227
1.034972648708965
1.038234635911901
1.041484566010566
1.04474332383295
1.048012865812546
1.051293159238586
1.05458261646876
1.057889280108862
1.06117310605052
1.038211997081825
1.041484566010566
1.044749831475154
1.048019410901965
1.051298541533249
1.054588941677078
1.057888016027515
1.061208162587962
1.064494458917859
1.04146148425197
1.044743323832951
1.048019410901965
1.051301487665673
1.054591548335662
1.057892096128367
1.061201120311934
1.064532573760524
1.067826207247359
1.044721141952699
1.048012865812546
1.051298541533248
1.054591548335662
1.05789295977492
1.061204100367018
1.064523348841505
1.067865377680576
1.071168383575651
1.047991002016633
1.051293159238586
1.054588941677078
1.057892096128367
1.061204100367018
1.064525610627105
1.067855015904487
1.071207178634511
1.074521020541201
1.051271096376024
1.05458261646876
1.057888016027516
1.061201120311934
1.064523348841505
1.067855015904487
1.071194985749734
1.074558139697438
1.077884150884632
1.054561457063071
1.057889280108863
1.061208162587963
1.064532573760524
1.067865377680576
1.071207178634511
1.074558139697438
1.077926727867735
1.08125780744904
1.057862116210227
1.06117310605052
1.064494458917859
1.067826207247359
1.071168383575651
1.074521020541201
1.077884150884632
1.08125780744904
1.084642023180317
1.034972648708965
1.038211997081825
1.04146148425197
1.044721141952699
1.047991002016633
1.051271096376024
1.054561457063071
1.057862116210227
1.06117310605052
1.038211997081825
1.041484294186937
1.04474444549593
1.048013402596377
1.051293159238586
1.054583685687279
1.057883399717153
1.061200271646366
1.064494458917859
1.04146148425197
1.04474444549593
1.04801998272523
1.051299721398152
1.054588941677078
1.057889460450702
1.06119876207882
1.064528988983272
1.067826207247359
1.044721141952699
1.048013402596377
1.051299721398152
1.054591953595062
1.057892096128367
1.061202597476241
1.06452173017592
1.06786320522237
1.071168383575651
1.047991002016633
1.051293159238586
1.054588941677078
1.057892096128367
1.061204100367018
1.064525610627105
1.067855015904487
1.071207178634511
1.074521020541201
1.051271096376024
1.054583685687279
1.057889460450702
1.061202597476241
1.064525610627105
1.067858301133624
1.071198261660722
1.07456084387532
1.077884150884632
1.054561457063071
1.057883399717153
1.061198762078819
1.06452173017592
1.067855015904487
1.071198261660721
1.074549114366671
1.077922926506871
1.08125780744904
1.057862116210227
1.061200271646366
1.064528988983272
1.067863205222369
1.07120717863451
1.07456084387532
1.077922926506871
1.081302109825415
1.084642023180317
1.06117310605052
1.064494458917859
1.067826207247359
1.071168383575651
1.074521020541201
1.077884150884632
1.08125780744904
1.084642023180317
1.088036831127471
1.038211997081825
1.04146148425197
1.044721141952699
1.047991002016633
1.051271096376024
1.054561457063071
1.057862116210227
1.06117310605052
1.064494458917859
1.04146148425197
1.044743412554739
1.04801346968081
1.05129258463446
1.05458261646876
1.057883399717153
1.061193724181099
1.064521392206255
1.067826207247359
1.044721141952699
1.04801346968081
1.051298700945572
1.054588526804593
1.057888016027515
1.061198762078819
1.064518763881846
1.067860025180003
1.071168383575651
1.047991002016633
1.05129258463446
1.054588526804594
1.057890776671096
1.061201120311934
1.06452173017592
1.06785149000531
1.07120398795053
1.074521020541201
1.051271096376024
1.05458261646876
1.057888016027516
1.061201120311934
1.064523348841504
1.067855015904487
1.071194985749734
1.074558139697438
1.077884150884632
1.054561457063071
1.057883399717153
1.06119876207882
1.06452173017592
1.067855015904487
1.071198261660721
1.074549114366671
1.077922926506871
1.08125780744904
1.057862116210227
1.061193724181099
1.064518763881847
1.06785149000531
1.071194985749734
1.074549114366671
1.077911220801846
1.081296433449793
1.084642023180317
1.06117310605052
1.064521392206255
1.067860025180003
1.07120398795053
1.074558139697438
1.077922926506871
1.081296433449793
1.084686801593062
1.088036831127471
1.064494458917859
1.067826207247359
1.071168383575651
1.074521020541201
1.077884150884632
1.08125780744904
1.084642023180317
1.088036831127471
1.091442264442952
1.04146148425197
1.044721141952699
1.047991002016633
1.051271096376024
1.054561457063071
1.057862116210227
1.06117310605052
1.064494458917859
1.067826207247359
1.044721141952699
1.048017628109024
1.051299455968944
1.054589023189176
1.057889280108863
1.061200271646366
1.064521392206255
1.067855983535976
1.071168383575651
1.047991002016633
1.051299455968944
1.054597805899731
1.057898453518801
1.061208162587963
1.064528988983272
1.067860025180003
1.071207283405184
1.074521020541201
1.051271096376024
1.054589023189175
1.057898453518801
1.061211871233876
1.064532573760525
1.06786320522237
1.07120398795053
1.074562195285341
1.077884150884632
1.054561457063071
1.057889280108863
1.061208162587963
1.064532573760525
1.067865377680576
1.071207178634511
1.074558139697438
1.077926727867735
1.08125780744904
1.057862116210227
1.061200271646366
1.064528988983272
1.06786320522237
1.071207178634511
1.074560843875319
1.077922926506871
1.081302109825415
1.084642023180317
1.06117310605052
1.064521392206255
1.067860025180003
1.07120398795053
1.074558139697438
1.077922926506871
1.081296433449793
1.084686801593062
1.088036831127471
1.064494458917859
1.067855983535976
1.071207283405184
1.074562195285341
1.077926727867735
1.081302109825415
1.084686801593062
1.088085100496279
1.091442264442952
1.067826207247359
1.071168383575651
1.074521020541201
1.077884150884632
1.08125780744904
1.084642023180317
1.088036831127471
1.091442264442952
1.09485835638297
1.044721141952699
1.047991002016633
1.051271096376024
1.054561457063071
1.057862116210227
1.06117310605052
1.064494458917859
1.067826207247359
1.071168383575651
1.047991002016633
1.051271096376024
1.054561457063071
1.057862116210227
1.06117310605052
1.064494458917859
1.067826207247359
1.071168383575651
1.074521020541201
1.051271096376024
1.054561457063071
1.057862116210227
1.06117310605052
1.064494458917859
1.067826207247359
1.071168383575651
1.074521020541201
1.077884150884632
1.054561457063071
1.057862116210227
1.06117310605052
1.064494458917859
1.067826207247359
1.071168383575651
1.074521020541201
1.077884150884632
1.08125780744904
1.057862116210227
1.06117310605052
1.064494458917859
1.067826207247359
1.071168383575651
1.074521020541201
1.077884150884632
1.08125780744904
1.084642023180317
1.06117310605052
1.064494458917859
1.067826207247359
1.071168383575651
1.074521020541201
1.077884150884632
1.08125780744904
1.084642023180317
1.088036831127471
1.064494458917859
1.067826207247359
1.071168383575651
1.074521020541201
1.077884150884632
1.08125780744904
1.084642023180317
1.088036831127471
1.091442264442952
1.067826207247359
1.071168383575651
1.074521020541201
1.077884150884632
1.08125780744904
1.084642023180317
1.088036831127471
1.091442264442952
1.09485835638297
1.071168383575651
1.074521020541201
1.077884150884632
1.08125780744904
1.084642023180317
1.088036831127471
1.091442264442952
1.09485835638297
1.098285140307826
1.022116011983326
1.025315120524429
1.028524241916654
1.031743407499103
1.034972648708965
1.038211997081825
1.04146148425197
1.044721141952699
1.047991002016633
1.025315120524429
1.028524241916654
1.031743407499103
1.034972648708965
1.038211997081825
1.04146148425197
1.044721141952699
1.047991002016633
1.051271096376024
1.028524241916654
1.031743407499103
1.034972648708965
1.038211997081825
1.04146148425197
1.044721141952699
1.047991002016633
1.051271096376024
1.054561457063071
1.031743407499103
1.034972648708965
1.038211997081825
1.04146148425197
1.044721141952699
1.047991002016633
1.051271096376024
1.054561457063071
1.057862116210227
1.034972648708965
1.038211997081825
1.04146148425197
1.044721141952699
1.047991002016633
1.051271096376024
1.054561457063071
1.057862116210227
1.06117310605052
1.038211997081825
1.04146148425197
1.044721141952699
1.047991002016633
1.051271096376024
1.054561457063071
1.057862116210227
1.06117310605052
1.064494458917859
1.04146148425197
1.044721141952699
1.047991002016633
1.051271096376024
1.054561457063071
1.057862116210227
1.06117310605052
1.064494458917859
1.067826207247359
1.044721141952699
1.047991002016633
1.051271096376024
1.054561457063071
1.057862116210227
1.06117310605052
1.064494458917859
1.067826207247359
1.071168383575651
1.047991002016633
1.051271096376024
1.054561457063071
1.057862116210227
1.06117310605052
1.064494458917859
1.067826207247359
1.071168383575651
1.074521020541201
1.025315120524429
1.028524241916654
1.031743407499103
1.034972648708965
1.038211997081825
1.04146148425197
1.044721141952699
1.047991002016633
1.051271096376024
1.028524241916654
1.031768605588544
1.034999256677633
1.03823860280721
1.041488128362269
1.044747897558093
1.048017628109024
1.051299355075601
1.054561457063071
1.031743407499103
1.034999256677634
1.038240687099289
1.041490030481712
1.0447496428677
1.048019627864192
1.051299455968944
1.054592403670887
1.057862116210227
1.034972648708965
1.03823860280721
1.041490030481712
1.044749131713256
1.048018785606931
1.051298978048558
1.054589023189175
1.057892452935915
1.06117310605052
1.038211997081825
1.041488128362269
1.0447496428677
1.048018785606931
1.051298528542117
1.054588944310495
1.057889280108863
1.061203019806958
1.064494458917859
1.04146148425197
1.044747897558093
1.048019627864193
1.051298978048558
1.054588944310495
1.057889624404281
1.061200271646366
1.06452431663335
1.067826207247359
1.044721141952699
1.048017628109024
1.051299455968944
1.054589023189175
1.057889280108863
1.061200271646366
1.064521392206255
1.067855983535975
1.071168383575651
1.047991002016633
1.051299355075601
1.054592403670887
1.057892452935915
1.061203019806958
1.06452431663335
1.067855983535976
1.071199293277152
1.074521020541201
1.051271096376024
1.054561457063071
1.057862116210227
1.06117310605052
1.064494458917859
1.067826207247359
1.071168383575651
1.074521020541201
1.077884150884632
1.028524241916654
1.031743407499103
1.034972648708965
1.038211997081825
1.04146148425197
1.044721141952699
1.047991002016633
1.051271096376024
1.054561457063071
1.031743407499103
1.034999256677633
1.038240687099289
1.041490030481712
1.0447496428677
1.048019627864192
1.051299455968944
1.054592403670887
1.057862116210227
1.034972648708965
1.038240687099289
1.041497924962975
1.04475812428126
1.048027767822485
1.051307985603157
1.054597805899731
1.057903035492607
1.06117310605052
1.038211997081825
1.041490030481712
1.04475812428126
1.048028512736601
1.051308103767675
1.054598464904112
1.057898453518801
1.061214465655138
1.064494458917859
1.04146148425197
1.0447496428677
1.048027767822485
1.051308103767675
1.054597477430943
1.057897908726444
1.061208162587963
1.064534503319944
1.067826207247359
1.044721141952699
1.048019627864192
1.051307985603157
1.054598464904112
1.057897908726444
1.06120846352076
1.064528988983272
1.067865574828204
1.071168383575651
1.047991002016633
1.051299455968944
1.054597805899731
1.057898453518801
1.061208162587963
1.064528988983272
1.067860025180003
1.071207283405184
1.074521020541201
1.051271096376024
1.054592403670887
1.057903035492607
1.061214465655138
1.064534503319944
1.067865574828204
1.071207283405184
1.074562670911389
1.077884150884632
1.054561457063071
1.057862116210227
1.06117310605052
1.064494458917859
1.067826207247359
1.071168383575651
1.074521020541201
1.077884150884632
1.08125780744904
1.031743407499103
1.034972648708965
1.038211997081825
1.04146148425197
1.044721141952699
1.047991002016633
1.051271096376024
1.054561457063071
1.057862116210227
1.034972648708965
1.03823860280721
1.041490030481712
1.044749131713256
1.048018785606931
1.051298978048558
1.054589023189175
1.057892452935915
1.06117310605052
1.038211997081825
1.041490030481712
1.04475812428126
1.048028512736601
1.051308103767675
1.054598464904112
1.057898453518801
1.061214465655138
1.064494458917859
1.04146148425197
1.044749131713257
1.048028512736601
1.051311085467922
1.054601280207525
1.0579017782417
1.061211871233876
1.064538883042946
1.067826207247359
1.044721141952699
1.048018785606931
1.051308103767675
1.054601280207525
1.057901732328578
1.061212298110378
1.064532573760525
1.067869970024817
1.071168383575651
1.047991002016633
1.051298978048558
1.054598464904112
1.0579017782417
1.061212298110378
1.06453280675685
1.067863205222369
1.071210783746723
1.074521020541201
1.051271096376024
1.054589023189175
1.057898453518801
1.061211871233876
1.064532573760525
1.067863205222369
1.07120398795053
1.074562195285341
1.077884150884632
1.054561457063071
1.057892452935915
1.061214465655138
1.064538883042946
1.067869970024818
1.071210783746723
1.074562195285341
1.077928346936244
1.08125780744904
1.057862116210227
1.06117310605052
1.064494458917859
1.067826207247359
1.071168383575651
1.074521020541201
1.077884150884632
1.08125780744904
1.084642023180317
1.034972648708965
1.038211997081825
1.04146148425197
1.044721141952699
1.047991002016633
1.051271096376024
1.054561457063071
1.057862116210227
1.06117310605052
1.038211997081825
1.041488128362269
1.0447496428677
1.048018785606931
1.051298528542117
1.054588944310495
1.057889280108863
1.061203019806958
1.064494458917859
1.04146148425197
1.0447496428677
1.048027767822485
1.051308103767675
1.054597477430943
1.057897908726444
1.061208162587963
1.064534503319944
1.067826207247359
1.044721141952699
1.048018785606931
1.051308103767675
1.054601280207525
1.057901732328578
1.061212298110378
1.064532573760525
1.067869970024818
1.071168383575651
1.047991002016633
1.051298528542117
1.054597477430943
1.057901732328578
1.061213695485312
1.064534897431086
1.067865377680576
1.071213227962347
1.074521020541201
1.051271096376024
1.054588944310495
1.057897908726444
1.061212298110378
1.064534897431086
1.067866518219087
1.071207178634511
1.074565224375515
1.077884150884632
1.054561457063071
1.057889280108863
1.061208162587963
1.064532573760525
1.067865377680576
1.071207178634511
1.074558139697438
1.077926727867735
1.08125780744904
1.057862116210227
1.061203019806958
1.064534503319944
1.067869970024817
1.071213227962347
1.074565224375515
1.077926727867735
1.08130304835654
1.084642023180317
1.06117310605052
1.064494458917859
1.067826207247359
1.071168383575651
1.074521020541201
1.077884150884632
1.08125780744904
1.084642023180317
1.088036831127471
1.038211997081825
1.04146148425197
1.044721141952699
1.047991002016633
1.051271096376024
1.054561457063071
1.057862116210227
1.06117310605052
1.064494458917859
1.04146148425197
1.044747897558093
1.048019627864192
1.051298978048558
1.054588944310495
1.057889624404281
1.061200271646366
1.06452431663335
1.067826207247359
1.044721141952699
1.048019627864192
1.051307985603157
1.054598464904112
1.057897908726444
1.06120846352076
1.064528988983272
1.067865574828204
1.071168383575651
1.047991002016633
1.051298978048558
1.054598464904112
1.0579017782417
1.061212298110378
1.06453280675685
1.067863205222369
1.071210783746723
1.074521020541201
1.051271096376024
1.054588944310495
1.057897908726444
1.061212298110378
1.064534897431086
1.067866518219087
1.071207178634511
1.074565224375515
1.077884150884632
1.054561457063071
1.057889624404281
1.06120846352076
1.06453280675685
1.067866518219087
1.071209504152155
1.07456084387532
1.077929275577336
1.08125780744904
1.057862116210227
1.061200271646366
1.064528988983272
1.067863205222369
1.071207178634511
1.07456084387532
1.077922926506871
1.081302109825415
1.084642023180317
1.06117310605052
1.06452431663335
1.067865574828204
1.071210783746723
1.074565224375514
1.077929275577336
1.081302109825415
1.084689004943384
1.088036831127471
1.064494458917859
1.067826207247359
1.071168383575651
1.074521020541201
1.077884150884632
1.08125780744904
1.084642023180317
1.088036831127471
1.091442264442952
1.04146148425197
1.044721141952699
1.047991002016633
1.051271096376024
1.054561457063071
1.057862116210227
1.06117310605052
1.064494458917859
1.067826207247359
1.044721141952699
1.048017628109024
1.051299455968944
1.054589023189175
1.057889280108862
1.061200271646366
1.064521392206255
1.067855983535976
1.071168383575651
1.047991002016633
1.051299455968944
1.054597805899731
1.057898453518801
1.061208162587963
1.064528988983272
1.067860025180003
1.071207283405184
1.074521020541201
1.051271096376024
1.054589023189175
1.057898453518801
1.061211871233876
1.064532573760525
1.067863205222369
1.07120398795053
1.074562195285341
1.077884150884632
1.054561457063071
1.057889280108863
1.061208162587963
1.064532573760525
1.067865377680576
1.071207178634511
1.074558139697438
1.077926727867735
1.08125780744904
1.057862116210227
1.061200271646366
1.064528988983272
1.06786320522237
1.071207178634511
1.074560843875319
1.077922926506871
1.081302109825415
1.084642023180317
1.06117310605052
1.064521392206255
1.067860025180003
1.07120398795053
1.074558139697438
1.077922926506871
1.081296433449793
1.084686801593062
1.088036831127471
1.064494458917859
1.067855983535976
1.071207283405184
1.074562195285341
1.077926727867734
1.081302109825415
1.084686801593062
1.088085100496278
1.091442264442952
1.067826207247359
1.071168383575651
1.074521020541201
1.077884150884632
1.08125780744904
1.084642023180317
1.088036831127471
1.091442264442952
1.09485835638297
1.044721141952699
1.047991002016633
1.051271096376024
1.054561457063071
1.057862116210227
1.06117310605052
1.064494458917859
1.067826207247359
1.071168383575651
1.047991002016633
1.0512993550756
1.054592403670887
1.057892452935915
1.061203019806958
1.06452431663335
1.067855983535976
1.071199293277152
1.074521020541201
1.051271096376024
1.054592403670887
1.057903035492607
1.061214465655138
1.064534503319944
1.067865574828204
1.071207283405184
1.07456267091139
1.077884150884632
1.054561457063071
1.057892452935915
1.061214465655138
1.064538883042946
1.067869970024818
1.071210783746723
1.074562195285341
1.077928346936244
1.08125780744904
1.057862116210227
1.061203019806958
1.064534503319944
1.067869970024818
1.071213227962347
1.074565224375514
1.077926727867735
1.08130304835654
1.084642023180317
1.06117310605052
1.06452431663335
1.067865574828204
1.071210783746723
1.074565224375514
1.077929275577336
1.081302109825415
1.084689004943384
1.088036831127471
1.064494458917859
1.067855983535975
1.071207283405184
1.074562195285341
1.077926727867735
1.081302109825415
1.084686801593062
1.088085100496278
1.091442264442952
1.067826207247359
1.071199293277152
1.074562670911389
1.077928346936244
1.08130304835654
1.084689004943384
1.088085100496278
1.091493137207945
1.09485835638297
1.071168383575651
1.074521020541201
1.077884150884632
1.08125780744904
1.084642023180317
1.088036831127471
1.091442264442952
1.09485835638297
1.098285140307826
1.047991002016633
1.051271096376024
1.054561457063071
1.057862116210227
1.06117310605052
1.064494458917859
1.067826207247359
1.071168383575651
1.074521020541201
1.051271096376024
1.054561457063071
1.057862116210227
1.06117310605052
1.064494458917859
1.067826207247359
1.071168383575651
1.074521020541201
1.077884150884632
1.054561457063071
1.057862116210227
1.06117310605052
1.064494458917859
1.067826207247359
1.071168383575651
1.074521020541201
1.077884150884632
1.08125780744904
1.057862116210227
1.06117310605052
1.064494458917859
1.067826207247359
1.071168383575651
1.074521020541201
1.077884150884632
1.08125780744904
1.084642023180317
1.06117310605052
1.064494458917859
1.067826207247359
1.071168383575651
1.074521020541201
1.077884150884632
1.08125780744904
1.084642023180317
1.088036831127471
1.064494458917859
1.067826207247359
1.071168383575651
1.074521020541201
1.077884150884632
1.08125780744904
1.084642023180317
1.088036831127471
1.091442264442952
1.067826207247359
1.071168383575651
1.074521020541201
1.077884150884632
1.08125780744904
1.084642023180317
1.088036831127471
1.091442264442952
1.09485835638297
1.071168383575651
1.074521020541201
1.077884150884632
1.08125780744904
1.084642023180317
1.088036831127471
1.091442264442952
1.09485835638297
1.098285140307826
1.074521020541201
1.077884150884632
1.08125780744904
1.084642023180317
1.088036831127471
1.091442264442952
1.09485835638297
1.098285140307826
1.101722649682233
1.025315120524429
1.028524241916654
1.031743407499103
1.034972648708965
1.038211997081825
1.04146148425197
1.044721141952699
1.047991002016633
1.051271096376024
1.028524241916654
1.031743407499103
1.034972648708965
1.038211997081825
1.04146148425197
1.044721141952699
1.047991002016633
1.051271096376024
1.054561457063071
1.031743407499103
1.034972648708965
1.038211997081825
1.04146148425197
1.044721141952699
1.047991002016633
1.051271096376024
1.054561457063071
1.057862116210227
1.034972648708965
1.038211997081825
1.04146148425197
1.044721141952699
1.047991002016633
1.051271096376024
1.054561457063071
1.057862116210227
1.06117310605052
1.038211997081825
1.04146148425197
1.044721141952699
1.047991002016633
1.051271096376024
1.054561457063071
1.057862116210227
1.06117310605052
1.064494458917859
1.04146148425197
1.044721141952699
1.047991002016633
1.051271096376024
1.054561457063071
1.057862116210227
1.06117310605052
1.064494458917859
1.067826207247359
1.044721141952699
1.047991002016633
1.051271096376024
1.054561457063071
1.057862116210227
1.06117310605052
1.064494458917859
1.067826207247359
1.071168383575651
1.047991002016633
1.051271096376024
1.054561457063071
1.057862116210227
1.06117310605052
1.064494458917859
1.067826207247359
1.071168383575651
1.074521020541201
1.051271096376024
1.054561457063071
1.057862116210227
1.06117310605052
1.064494458917859
1.067826207247359
1.071168383575651
1.074521020541201
1.077884150884632
1.028524241916654
1.031743407499103
1.034972648708965
1.038211997081825
1.04146148425197
1.044721141952699
1.047991002016633
1.051271096376024
1.054561457063071
1.031743407499103
1.034972648708965
1.038211997081825
1.04146148425197
1.044721141952699
1.047991002016633
1.051271096376024
1.054561457063071
1.057862116210227
1.034972648708965
1.038211997081825
1.04146148425197
1.044721141952699
1.047991002016633
1.051271096376024
1.054561457063071
1.057862116210227
1.06117310605052
1.038211997081825
1.04146148425197
1.044721141952699
1.047991002016633
1.051271096376024
1.054561457063071
1.057862116210227
1.06117310605052
1.064494458917859
1.04146148425197
1.044721141952699
1.047991002016633
1.051271096376024
1.054561457063071
1.057862116210227
1.06117310605052
1.064494458917859
1.067826207247359
1.044721141952699
1.047991002016633
1.051271096376024
1.054561457063071
1.057862116210227
1.06117310605052
1.064494458917859
1.067826207247359
1.071168383575651
1.047991002016633
1.051271096376024
1.054561457063071
1.057862116210227
1.06117310605052
1.064494458917859
1.067826207247359
1.071168383575651
1.074521020541201
1.051271096376024
1.054561457063071
1.057862116210227
1.06117310605052
1.064494458917859
1.067826207247359
1.071168383575651
1.074521020541201
1.077884150884632
1.054561457063071
1.057862116210227
1.06117310605052
1.064494458917859
1.067826207247359
1.071168383575651
1.074521020541201
1.077884150884632
1.08125780744904
1.031743407499103
1.034972648708965
1.038211997081825
1.04146148425197
1.044721141952699
1.047991002016633
1.051271096376024
1.054561457063071
1.057862116210227
1.034972648708965
1.038211997081825
1.04146148425197
1.044721141952699
1.047991002016633
1.051271096376024
1.054561457063071
1.057862116210227
1.06117310605052
1.038211997081825
1.04146148425197
1.044721141952699
1.047991002016633
1.051271096376024
1.054561457063071
1.057862116210227
1.06117310605052
1.064494458917859
1.04146148425197
1.044721141952699
1.047991002016633
1.051271096376024
1.054561457063071
1.057862116210227
1.06117310605052
1.064494458917859
1.067826207247359
1.044721141952699
1.047991002016633
1.051271096376024
1.054561457063071
1.057862116210227
1.06117310605052
1.064494458917859
1.067826207247359
1.071168383575651
1.047991002016633
1.051271096376024
1.054561457063071
1.057862116210227
1.06117310605052
1.064494458917859
1.067826207247359
1.071168383575651
1.074521020541201
1.051271096376024
1.054561457063071
1.057862116210227
1.06117310605052
1.064494458917859
1.067826207247359
1.071168383575651
1.074521020541201
1.077884150884632
1.054561457063071
1.057862116210227
1.06117310605052
1.064494458917859
1.067826207247359
1.071168383575651
1.074521020541201
1.077884150884632
1.08125780744904
1.057862116210227
1.06117310605052
1.064494458917859
1.067826207247359
1.071168383575651
1.074521020541201
1.077884150884632
1.08125780744904
1.084642023180317
1.034972648708965
1.038211997081825
1.04146148425197
1.044721141952699
1.047991002016633
1.051271096376024
1.054561457063071
1.057862116210227
1.06117310605052
1.038211997081825
1.04146148425197
1.044721141952699
1.047991002016633
1.051271096376024
1.054561457063071
1.057862116210227
1.06117310605052
1.064494458917859
1.04146148425197
1.044721141952699
1.047991002016633
1.051271096376024
1.054561457063071
1.057862116210227
1.06117310605052
1.064494458917859
1.067826207247359
1.044721141952699
1.047991002016633
1.051271096376024
1.054561457063071
1.057862116210227
1.06117310605052
1.064494458917859
1.067826207247359
1.071168383575651
1.047991002016633
1.051271096376024
1.054561457063071
1.057862116210227
1.06117310605052
1.064494458917859
1.067826207247359
1.071168383575651
1.074521020541201
1.051271096376024
1.054561457063071
1.057862116210227
1.06117310605052
1.064494458917859
1.067826207247359
1.071168383575651
1.074521020541201
1.077884150884632
1.054561457063071
1.057862116210227
1.06117310605052
1.064494458917859
1.067826207247359
1.071168383575651
1.074521020541201
1.077884150884632
1.08125780744904
1.057862116210227
1.06117310605052
1.064494458917859
1.067826207247359
1.071168383575651
1.074521020541201
1.077884150884632
1.08125780744904
1.084642023180317
1.06117310605052
1.064494458917859
1.067826207247359
1.071168383575651
1.074521020541201
1.077884150884632
1.08125780744904
1.084642023180317
1.088036831127471
1.038211997081825
1.04146148425197
1.044721141952699
1.047991002016633
1.051271096376024
1.054561457063071
1.057862116210227
1.06117310605052
1.064494458917859
1.04146148425197
1.044721141952699
1.047991002016633
1.051271096376024
1.054561457063071
1.057862116210227
1.06117310605052
1.064494458917859
1.067826207247359
1.044721141952699
1.047991002016633
1.051271096376024
1.054561457063071
1.057862116210227
1.06117310605052
1.064494458917859
1.067826207247359
1.071168383575651
1.047991002016633
1.051271096376024
1.054561457063071
1.057862116210227
1.06117310605052
1.064494458917859
1.067826207247359
1.071168383575651
1.074521020541201
1.051271096376024
1.054561457063071
1.057862116210227
1.06117310605052
1.064494458917859
1.067826207247359
1.071168383575651
1.074521020541201
1.077884150884632
1.054561457063071
1.057862116210227
1.06117310605052
1.064494458917859
1.067826207247359
1.071168383575651
1.074521020541201
1.077884150884632
1.08125780744904
1.057862116210227
1.06117310605052
1.064494458917859
1.067826207247359
1.071168383575651
1.074521020541201
1.077884150884632
1.08125780744904
1.084642023180317
1.06117310605052
1.064494458917859
1.067826207247359
1.071168383575651
1.074521020541201
1.077884150884632
1.08125780744904
1.084642023180317
1.088036831127471
1.064494458917859
1.067826207247359
1.071168383575651
1.074521020541201
1.077884150884632
1.08125780744904
1.084642023180317
1.088036831127471
1.091442264442952
1.04146148425197
1.044721141952699
1.047991002016633
1.051271096376024
1.054561457063071
1.057862116210227
1.06117310605052
1.064494458917859
1.067826207247359
1.044721141952699
1.047991002016633
1.051271096376024
1.054561457063071
1.057862116210227
1.06117310605052
1.064494458917859
1.067826207247359
1.071168383575651
1.047991002016633
1.051271096376024
1.054561457063071
1.057862116210227
1.06117310605052
1.064494458917859
1.067826207247359
1.071168383575651
1.074521020541201
1.051271096376024
1.054561457063071
1.057862116210227
1.06117310605052
1.064494458917859
1.067826207247359
1.071168383575651
1.074521020541201
1.077884150884632
1.054561457063071
1.057862116210227
1.06117310605052
1.064494458917859
1.067826207247359
1.071168383575651
1.074521020541201
1.077884150884632
1.08125780744904
1.057862116210227
1.06117310605052
1.064494458917859
1.067826207247359
1.071168383575651
1.074521020541201
1.077884150884632
1.08125780744904
1.084642023180317
1.06117310605052
1.064494458917859
1.067826207247359
1.071168383575651
1.074521020541201
1.077884150884632
1.08125780744904
1.084642023180317
1.088036831127471
1.064494458917859
1.067826207247359
1.071168383575651
1.074521020541201
1.077884150884632
1.08125780744904
1.084642023180317
1.088036831127471
1.091442264442952
1.067826207247359
1.071168383575651
1.074521020541201
1.077884150884632
1.08125780744904
1.084642023180317
1.088036831127471
1.091442264442952
1.09485835638297
1.044721141952699
1.047991002016633
1.051271096376024
1.054561457063071
1.057862116210227
1.06117310605052
1.064494458917859
1.067826207247359
1.071168383575651
1.047991002016633
1.051271096376024
1.054561457063071
1.057862116210227
1.06117310605052
1.064494458917859
1.067826207247359
1.071168383575651
1.074521020541201
1.051271096376024
1.054561457063071
1.057862116210227
1.06117310605052
1.064494458917859
1.067826207247359
1.071168383575651
1.074521020541201
1.077884150884632
1.054561457063071
1.057862116210227
1.06117310605052
1.064494458917859
1.067826207247359
1.071168383575651
1.074521020541201
1.077884150884632
1.08125780744904
1.057862116210227
1.06117310605052
1.064494458917859
1.067826207247359
1.071168383575651
1.074521020541201
1.077884150884632
1.08125780744904
1.084642023180317
1.06117310605052
1.064494458917859
1.067826207247359
1.071168383575651
1.074521020541201
1.077884150884632
1.08125780744904
1.084642023180317
1.088036831127471
1.064494458917859
1.067826207247359
1.071168383575651
1.074521020541201
1.077884150884632
1.08125780744904
1.084642023180317
1.088036831127471
1.091442264442952
1.067826207247359
1.071168383575651
1.074521020541201
1.077884150884632
1.08125780744904
1.084642023180317
1.088036831127471
1.091442264442952
1.09485835638297
1.071168383575651
1.074521020541201
1.077884150884632
1.08125780744904
1.084642023180317
1.088036831127471
1.091442264442952
1.09485835638297
1.098285140307826
1.047991002016633
1.051271096376024
1.054561457063071
1.057862116210227
1.06117310605052
1.064494458917859
1.067826207247359
1.071168383575651
1.074521020541201
1.051271096376024
1.054561457063071
1.057862116210227
1.06117310605052
1.064494458917859
1.067826207247359
1.071168383575651
1.074521020541201
1.077884150884632
1.054561457063071
1.057862116210227
1.06117310605052
1.064494458917859
1.067826207247359
1.071168383575651
1.074521020541201
1.077884150884632
1.08125780744904
1.057862116210227
1.06117310605052
1.064494458917859
1.067826207247359
1.071168383575651
1.074521020541201
1.077884150884632
1.08125780744904
1.084642023180317
1.06117310605052
1.064494458917859
1.067826207247359
1.071168383575651
1.074521020541201
1.077884150884632
1.08125780744904
1.084642023180317
1.088036831127471
1.064494458917859
1.067826207247359
1.071168383575651
1.074521020541201
1.077884150884632
1.08125780744904
1.084642023180317
1.088036831127471
1.091442264442952
1.067826207247359
1.071168383575651
1.074521020541201
1.077884150884632
1.08125780744904
1.084642023180317
1.088036831127471
1.091442264442952
1.09485835638297
1.071168383575651
1.074521020541201
1.077884150884632
1.08125780744904
1.084642023180317
1.088036831127471
1.091442264442952
1.09485835638297
1.098285140307826
1.074521020541201
1.077884150884632
1.08125780744904
1.084642023180317
1.088036831127471
1.091442264442952
1.09485835638297
1.098285140307826
1.101722649682233
1.051271096376024
1.054561457063071
1.057862116210227
1.06117310605052
1.064494458917859
1.067826207247359
1.071168383575651
1.074521020541201
1.077884150884632
1.054561457063071
1.057862116210227
1.06117310605052
1.064494458917859
1.067826207247359
1.071168383575651
1.074521020541201
1.077884150884632
1.08125780744904
1.057862116210227
1.06117310605052
1.064494458917859
1.067826207247359
1.071168383575651
1.074521020541201
1.077884150884632
1.08125780744904
1.084642023180317
1.06117310605052
1.064494458917859
1.067826207247359
1.071168383575651
1.074521020541201
1.077884150884632
1.08125780744904
1.084642023180317
1.088036831127471
1.064494458917859
1.067826207247359
1.071168383575651
1.074521020541201
1.077884150884632
1.08125780744904
1.084642023180317
1.088036831127471
1.091442264442952
1.067826207247359
1.071168383575651
1.074521020541201
1.077884150884632
1.08125780744904
1.084642023180317
1.088036831127471
1.091442264442952
1.09485835638297
1.071168383575651
1.074521020541201
1.077884150884632
1.08125780744904
1.084642023180317
1.088036831127471
1.091442264442952
1.09485835638297
1.098285140307826
1.074521020541201
1.077884150884632
1.08125780744904
1.084642023180317
1.088036831127471
1.091442264442952
1.09485835638297
1.098285140307826
1.101722649682233
1.077884150884632
1.08125780744904
1.084642023180317
1.088036831127471
1.091442264442952
1.09485835638297
1.098285140307826
1.101722649682233
1.105170918075648
